[Licensing::Module] Trying to connect to existing licensing client channel...
Built from '6000.4/staging' branch; Version is '6000.4.6f1 (0b051c2e5d54) revision 722204'; Using compiler version '194234433'; Build Type 'Release'
[Licensing::IpcConnector] Successfully connected to: "LicenseClient-15490" at "2026-08-12T23:04:22.8809273Z"
OS: 'Windows 11  (10.0.26200) CoreCountrySpecific' Language: 'zh' Physical Memory: 32212 MB
BatchMode: 1, IsHumanControllingUs: 0, StartBugReporterOnCrash: 0, Is64bit: 1
System  architecture: x64
Process architecture: x64
Date: 2026-08-12T23:04:22Z

COMMAND LINE ARGUMENTS:
D:\unity\Editor\Unity.exe
-adb2
-batchMode
-noUpm
-name
AssetImportWorker5
-projectPath
D:/Yin
-logFile
Logs/AssetImportWorker5.log
-srvPort
9633
-licensingIpc
LicenseClient-15490
-force-d3d12
-job-worker-count
11
-background-job-worker-count
8
-gc-helper-count
1
-name
AssetImport
Successfully changed project path to: D:/Yin
D:/Yin
[UnityMemory] Configuration Parameters - Can be set up in boot.config
    "memorysetup-temp-allocator-size-gi-baking-worker=262144"
    "memorysetup-temp-allocator-size-gi-baking-worker=262144"
    "memorysetup-temp-allocator-size-gi-baking-worker=262144"
    "memorysetup-temp-allocator-size-gi-baking-worker=262144"
    "memorysetup-temp-allocator-size-gi-baking-worker=262144"
    "memorysetup-temp-allocator-size-nav-mesh-worker=65536"
    "memorysetup-temp-allocator-size-audio-worker=65536"
    "memorysetup-temp-allocator-size-cloud-worker=32768"
    "memorysetup-temp-allocator-size-gfx=262144"
    "memorysetup-temp-allocator-size-preload-manager=33554432"
    "memorysetup-temp-allocator-size-job-worker=262144"
    "memorysetup-temp-allocator-size-background-worker=32768"
    "memorysetup-allocator-temp-initial-block-size-main=262144"
    "memorysetup-allocator-temp-initial-block-size-worker=262144"
    "memorysetup-bucket-allocator-granularity=16"
    "memorysetup-bucket-allocator-bucket-count=8"
    "memorysetup-bucket-allocator-block-size=33554432"
    "memorysetup-bucket-allocator-block-count=8"
    "memorysetup-main-allocator-block-size=16777216"
    "memorysetup-thread-allocator-block-size=16777216"
    "memorysetup-gfx-main-allocator-block-size=16777216"
    "memorysetup-gfx-thread-allocator-block-size=16777216"
    "memorysetup-cache-allocator-block-size=4194304"
    "memorysetup-typetree-allocator-block-size=2097152"
    "memorysetup-profiler-bucket-allocator-granularity=16"
    "memorysetup-profiler-bucket-allocator-bucket-count=8"
    "memorysetup-profiler-bucket-allocator-block-size=33554432"
    "memorysetup-profiler-bucket-allocator-block-count=8"
    "memorysetup-profiler-allocator-block-size=16777216"
    "memorysetup-profiler-editor-allocator-block-size=1048576"
    "memorysetup-temp-allocator-size-main=16777216"
    "memorysetup-job-temp-allocator-block-size=2097152"
    "memorysetup-job-temp-allocator-block-size-background=1048576"
    "memorysetup-job-temp-allocator-reduction-small-platforms=262144"
Player connection [13020]  Target information:

Player connection [13020]  * "[IP] 192.168.1.139 [Port] 0 [Flags] 2 [Guid] 758297355 [EditorId] 758297355 [Version] 1048832 [Id] WindowsEditor(7,9daY) [Debug] 1 [PackageName] WindowsEditor [ProjectName] Editor" 

Player connection [13020] Host joined multi-casting on [225.0.0.222:54997]...
Player connection [13020] Host joined alternative multi-casting on [225.0.0.222:34997]...
JobSystem: Creating JobQueue using job-worker-count value 11
Input System module state changed to: Initialized.
[Physics::Module] Initialized fallback backend.
[Physics::Module] Id: 0xdecafbad
Library Redirect Path: Library/
[Physics::Module] Selected backend.
[Physics::Module] Name: PhysX
[Physics::Module] Id: 0xf2b8ea05
[Physics::Module] SDK Version: 4.1.2
[Physics::Module] Integration Version: 1.0.0
[Physics::Module] Threading Mode: Multi-Threaded
Refreshing native plugins compatible for Editor in 23.43 ms, found 10 plugins.
Initialize engine version: 6000.4.6f1 (0b051c2e5d54)
[Subsystems] Discovering subsystems at path D:/unity/Editor/Data/Resources/UnitySubsystems
[Subsystems] Discovering subsystems at path D:/Yin/Assets
Forcing GfxDevice: Direct3D 12
GfxDevice: creating device client; kGfxThreadingModeNonThreaded
d3d12: failed to query info queue interface (0x80004002).
Direct3D:
    Version:         Direct3D 12 [level 12.2]
    Renderer:        NVIDIA GeForce RTX 5070 Laptop GPU (ID=0x2d58)
    Vendor:          NVIDIA
    VRAM:            7891 MB
    App VRAM Budget: 7123 MB
    Driver:          32.0.15.9608
Initialize mono
Mono path[0] = 'D:/unity/Editor/Data/Managed'
Mono path[1] = 'D:/unity/Editor/Data/MonoBleedingEdge/lib/mono/unityjit-win32'
Mono config path = 'D:/unity/Editor/Data/MonoBleedingEdge/etc'
Using monoOptions --debugger-agent=transport=dt_socket,embedding=1,server=y,suspend=n,address=127.0.0.1:56000
CodeReloadManager initialized
Begin MonoManager ReloadAssembly
Registering precompiled unity dll's ...
Register platform support module: D:/unity/Editor/Data/PlaybackEngines/WindowsStandaloneSupport/UnityEditor.WindowsStandalone.Extensions.dll
Registered in 0.000951 seconds.
[Licensing::Client] Error: HandshakeResponse reported an error:
	ResponseCode: 505
	ResponseStatus: Unsupported protocol version '1.18.1'.
[Licensing::Module] Error: Failed to handshake to channel: "LicenseClient-15490"
[Licensing::IpcConnector] LicenseClient-15490 channel disconnected successfully.
[Licensing::IpcConnector] Successfully connected to: "LicenseClient-15490-6000.4.6" at "2026-08-12T23:04:24.9903713Z"
[Licensing::Client] Code 10 while verifying Licensing Client signature (process Id: 35024, path: "D:/unity/Editor/Data/Resources/Licensing/Client/Unity.Licensing.Client.exe")
[Licensing::Module] LicensingClient has failed validation; ignoring
[Licensing::Client] Handshaking with LicensingClient:
  Version:                 1.18.1+9fbee8e
  Session Id:              c3be53a779494eb59eb75a1f550c2ad4
  Correlation Id:          cfff11d5d07d6708b66774ab2c5d5809
  External correlation Id: 494665920087609834
  Machine Id:              DJWBFtPZt+einrVuex0hynKXsRc=
[Licensing::Module] Successfully connected to LicensingClient on channel: "LicenseClient-15490-6000.4.6" (connect: 0.00s, validation: 0.00s, handshake: 0.01s)
[Licensing::IpcConnector] Successfully connected to: "LicenseClient-15490-6000.4.6-notifications" at "2026-08-12T23:04:25.0034016Z"
[Licensing::Module] Licensing Background thread has ended after 2.12s
Native extension for WindowsStandalone target not found
Package Manager log level set to [2]
[Package Manager] Failed to launch server process. Reason: Unity was launched with the -noUpm command-line argument
[Package Manager] Unable to send message (not connected to server process).
[Package Manager] Cannot connect to Unity Package Manager local server
ScheduleIndexationOnStartup MainProcess:False IndexOnStartup:True
Mono: successfully reloaded assembly
- Finished resetting the current domain, in  0.331 seconds
Domain Reload Profiling: 812ms
	BeginReloadAssembly (202ms)
	RebuildCommonClasses (36ms)
	RebuildNativeTypeToScriptingClass (11ms)
	initialDomainReloadingComplete (65ms)
	LoadAllAssembliesAndSetupDomain (165ms)
		LoadAssemblies (200ms)
		AnalyzeDomain (157ms)
			TypeCache.Refresh (156ms)
				TypeCache.ScanAssembly (142ms)
	FinalizeReload (332ms)
		SetupLoadedEditorAssemblies (0ms)
			InitializePlatformSupportModulesInManaged (35ms)
			BeforeProcessingInitializeOnLoad (68ms)
			ProcessInitializeOnLoadAttributes (82ms)
			ProcessInitializeOnLoadMethodAttributes (78ms)
========================================================================
Worker process is ready to serve import requests
Import Worker Mode flag is 0x00
Begin MonoManager ReloadAssembly
[Licensing::Client] Successfully resolved entitlement details
[Licensing::Module] License group:
  Id: 5773964460127-UnityPersXXXX
  Product: Unity Personal
  Type: Assigned
  Expiration: Unlimited
Assembly Assembly-CSharp-Editor-firstpass.dll at Library/ScriptAssemblies/Assembly-CSharp-Editor-firstpass.dll not valid. Loading of assembly skipped.
Assembly Assembly-CSharp-firstpass.dll at Library/ScriptAssemblies/Assembly-CSharp-firstpass.dll not valid. Loading of assembly skipped.
Assembly DocCodeExamples.dll at Library/ScriptAssemblies/DocCodeExamples.dll not valid. Loading of assembly skipped.
Assembly TestNewCustomAssembly.dll at Library/ScriptAssemblies/TestNewCustomAssembly.dll not valid. Loading of assembly skipped.
Assembly Unity.Collections.BurstCompatibilityGen.dll at Library/ScriptAssemblies/Unity.Collections.BurstCompatibilityGen.dll not valid. Loading of assembly skipped.
Assembly Unity.Collections.DocCodeSamples.dll at Library/ScriptAssemblies/Unity.Collections.DocCodeSamples.dll not valid. Loading of assembly skipped.
Assembly Unity.Collections.PerformanceTests.dll at Library/ScriptAssemblies/Unity.Collections.PerformanceTests.dll not valid. Loading of assembly skipped.
Assembly Unity.Collections.Tests.dll at Library/ScriptAssemblies/Unity.Collections.Tests.dll not valid. Loading of assembly skipped.
Assembly Unity.Collections.Tests.Playmode.dll at Library/ScriptAssemblies/Unity.Collections.Tests.Playmode.dll not valid. Loading of assembly skipped.
Assembly Unity.InputSystem.IntegrationTests.dll at Library/ScriptAssemblies/Unity.InputSystem.IntegrationTests.dll not valid. Loading of assembly skipped.
Assembly Unity.Mathematics.Tests.dll at Library/ScriptAssemblies/Unity.Mathematics.Tests.dll not valid. Loading of assembly skipped.
Assembly Unity.Multiplayer.Center.Editor.Tests.dll at Library/ScriptAssemblies/Unity.Multiplayer.Center.Editor.Tests.dll not valid. Loading of assembly skipped.
Assembly Unity.Multiplayer.Center.Tests.dll at Library/ScriptAssemblies/Unity.Multiplayer.Center.Tests.dll not valid. Loading of assembly skipped.
Assembly Unity.Nuget.Mono-Cecil.dll at Library/ScriptAssemblies/Unity.Nuget.Mono-Cecil.dll not valid. Loading of assembly skipped.
Assembly Unity.PathTracing.Editor.Tests.dll at Library/ScriptAssemblies/Unity.PathTracing.Editor.Tests.dll not valid. Loading of assembly skipped.
Assembly Unity.PathTracing.Runtime.Tests.dll at Library/ScriptAssemblies/Unity.PathTracing.Runtime.Tests.dll not valid. Loading of assembly skipped.
Assembly Unity.RenderPipelines.Core.Editor.Tests.dll at Library/ScriptAssemblies/Unity.RenderPipelines.Core.Editor.Tests.dll not valid. Loading of assembly skipped.
Assembly Unity.RenderPipelines.Core.Runtime.Tests.dll at Library/ScriptAssemblies/Unity.RenderPipelines.Core.Runtime.Tests.dll not valid. Loading of assembly skipped.
Assembly Unity.RenderPipelines.Universal.Config.Editor.Tests.dll at Library/ScriptAssemblies/Unity.RenderPipelines.Universal.Config.Editor.Tests.dll not valid. Loading of assembly skipped.
Assembly Unity.RenderPipelines.Universal.Editor.Tests.dll at Library/ScriptAssemblies/Unity.RenderPipelines.Universal.Editor.Tests.dll not valid. Loading of assembly skipped.
Assembly Unity.RenderPipelines.Universal.Runtime.Tests.dll at Library/ScriptAssemblies/Unity.RenderPipelines.Universal.Runtime.Tests.dll not valid. Loading of assembly skipped.
Assembly Unity.Searcher.EditorTests.dll at Library/ScriptAssemblies/Unity.Searcher.EditorTests.dll not valid. Loading of assembly skipped.
Assembly Unity.ShaderGraph.Editor.Tests.dll at Library/ScriptAssemblies/Unity.ShaderGraph.Editor.Tests.dll not valid. Loading of assembly skipped.
Assembly Unity.TextMeshPro.Editor.Tests.dll at Library/ScriptAssemblies/Unity.TextMeshPro.Editor.Tests.dll not valid. Loading of assembly skipped.
Assembly Unity.TextMeshPro.Tests.dll at Library/ScriptAssemblies/Unity.TextMeshPro.Tests.dll not valid. Loading of assembly skipped.
Assembly Unity.UnifiedRayTracing.Editor.Tests.dll at Library/ScriptAssemblies/Unity.UnifiedRayTracing.Editor.Tests.dll not valid. Loading of assembly skipped.
Assembly Unity.XR.CoreUtils.CodeSamples.Tests.dll at Library/ScriptAssemblies/Unity.XR.CoreUtils.CodeSamples.Tests.dll not valid. Loading of assembly skipped.
Assembly Unity.XR.CoreUtils.Editor.Tests.dll at Library/ScriptAssemblies/Unity.XR.CoreUtils.Editor.Tests.dll not valid. Loading of assembly skipped.
Assembly Unity.XR.CoreUtils.Tests.dll at Library/ScriptAssemblies/Unity.XR.CoreUtils.Tests.dll not valid. Loading of assembly skipped.
Assembly Unity.XR.Interaction.Toolkit.Editor.Tests.dll at Library/ScriptAssemblies/Unity.XR.Interaction.Toolkit.Editor.Tests.dll not valid. Loading of assembly skipped.
Assembly Unity.XR.Interaction.Toolkit.Tests.dll at Library/ScriptAssemblies/Unity.XR.Interaction.Toolkit.Tests.dll not valid. Loading of assembly skipped.
Assembly Unity.XR.Management.EditorTests.dll at Library/ScriptAssemblies/Unity.XR.Management.EditorTests.dll not valid. Loading of assembly skipped.
Assembly Unity.XR.Management.TestPackage.dll at Library/ScriptAssemblies/Unity.XR.Management.TestPackage.dll not valid. Loading of assembly skipped.
Assembly Unity.XR.Management.TestPackage.Editor.dll at Library/ScriptAssemblies/Unity.XR.Management.TestPackage.Editor.dll not valid. Loading of assembly skipped.
Assembly Unity.XR.Management.Tests.dll at Library/ScriptAssemblies/Unity.XR.Management.Tests.dll not valid. Loading of assembly skipped.
Assembly Unity.XR.Management.Tests.Standalone.dll at Library/ScriptAssemblies/Unity.XR.Management.Tests.Standalone.dll not valid. Loading of assembly skipped.
Assembly Unity.XR.OpenXR.Editor.Tests.dll at Library/ScriptAssemblies/Unity.XR.OpenXR.Editor.Tests.dll not valid. Loading of assembly skipped.
Assembly Unity.XR.OpenXR.Tests.dll at Library/ScriptAssemblies/Unity.XR.OpenXR.Tests.dll not valid. Loading of assembly skipped.
Assembly Unity.XR.OpenXR.Ubuntu.Tests.dll at Library/ScriptAssemblies/Unity.XR.OpenXR.Ubuntu.Tests.dll not valid. Loading of assembly skipped.
Assembly Unity.XR.TestSupport.dll at Library/ScriptAssemblies/Unity.XR.TestSupport.dll not valid. Loading of assembly skipped.
Assembly UnityEditor.UI.Common.Tests.dll at Library/ScriptAssemblies/UnityEditor.UI.Common.Tests.dll not valid. Loading of assembly skipped.
Assembly UnityEditor.UI.EditorTests.dll at Library/ScriptAssemblies/UnityEditor.UI.EditorTests.dll not valid. Loading of assembly skipped.
Assembly UnityEditor.XR.LegacyInputHelpers.Tests.dll at Library/ScriptAssemblies/UnityEditor.XR.LegacyInputHelpers.Tests.dll not valid. Loading of assembly skipped.
Assembly UnityEngine.SpatialTracking.Tests.dll at Library/ScriptAssemblies/UnityEngine.SpatialTracking.Tests.dll not valid. Loading of assembly skipped.
Assembly UnityEngine.UI.Tests.dll at Library/ScriptAssemblies/UnityEngine.UI.Tests.dll not valid. Loading of assembly skipped.
Assembly UnityEngine.XR.OpenXR.CodeSamples.Editor.Tests.dll at Library/ScriptAssemblies/UnityEngine.XR.OpenXR.CodeSamples.Editor.Tests.dll not valid. Loading of assembly skipped.
Refreshing native plugins compatible for Editor in 7.82 ms, found 10 plugins.
Native extension for WindowsStandalone target not found
[Package Manager] Failed to launch server process. Reason: Unity was launched with the -noUpm command-line argument
[Package Manager] Unable to send message (not connected to server process).
[Package Manager] Cannot connect to Unity Package Manager local server
Refreshing native plugins compatible for Editor in 6.15 ms, found 10 plugins.
[Package Manager] Failed to launch server process. Reason: Unity was launched with the -noUpm command-line argument
[Package Manager] Unable to send message (not connected to server process).
[Package Manager] Cannot connect to Unity Package Manager local server
ScheduleIndexationOnStartup MainProcess:False IndexOnStartup:True
Mono: successfully reloaded assembly
[Package Manager] Failed to launch server process. Reason: Unity was launched with the -noUpm command-line argument
[Package Manager] Unable to send message (not connected to server process).
[Package Manager] Cannot connect to Unity Package Manager local server
[Package Manager] Failed to launch server process. Reason: Unity was launched with the -noUpm command-line argument
[Package Manager] Unable to send message (not connected to server process).
[Package Manager] Cannot connect to Unity Package Manager local server
- Finished resetting the current domain, in  0.840 seconds
Domain Reload Profiling: 1649ms
	BeginReloadAssembly (198ms)
		DisableScriptedObjects (4ms)
		CreateAndSetChildDomain (34ms)
	RebuildCommonClasses (29ms)
	RebuildNativeTypeToScriptingClass (10ms)
	initialDomainReloadingComplete (71ms)
	LoadAllAssembliesAndSetupDomain (501ms)
		LoadAssemblies (389ms)
		AnalyzeDomain (234ms)
			TypeCache.Refresh (172ms)
				TypeCache.ScanAssembly (151ms)
			BuildScriptInfoCaches (48ms)
			ResolveRequiredComponents (12ms)
	FinalizeReload (840ms)
		SetupLoadedEditorAssemblies (0ms)
			BeforeProcessingInitializeOnLoad (118ms)
			ProcessInitializeOnLoadAttributes (398ms)
			ProcessInitializeOnLoadMethodAttributes (115ms)
		AwakeInstancesAfterBackupRestoration (5ms)
Launched and connected shader compiler UnityShaderCompiler.exe after 0.01 seconds
Refreshing native plugins compatible for Editor in 8.53 ms, found 10 plugins.
Unloading 24 Unused Serialized files (Serialized files now loaded: 0)
Unloading 7707 unused Assets / (5.9 MB). Loaded Objects now: 8549.
Memory consumption went from 186.0 MB to 180.2 MB.
Total: 10.076200 ms (FindLiveObjects: 1.011000 ms CreateObjectMapping: 0.887400 ms MarkObjects: 5.087200 ms  DeleteObjects: 3.088000 ms)

========================================================================
Received Import Request.
  Time since last request: 189159.382647 seconds.
  path: Assets/QuickOutline/Readme.txt
  importAddress: Guid(5933bfd39d7a5b843a0ed821f85bca19) Importer(2089858483,b0f066a214c2f5e87bad3c948f4d605d)
Start importing Assets/QuickOutline/Readme.txt using Guid(5933bfd39d7a5b843a0ed821f85bca19) Importer(2089858483,b0f066a214c2f5e87bad3c948f4d605d) (ScriptedImporter) -> (Import Result ID: 'd595fb4eecff8caf5e9bd081f9d5a5aa') in 0.0462827 seconds [static and dynamic dependencies]. Details - ImportResultOutputID=9773fa00a902b9798ecf215a4685cdf3 DependenciesID=66a5d0ea9bc5a635bf86defa216f84b3 StaticDependenciesID=c1ba738f8e8bb77ddc9ec91fbe24de71 
Number of updated asset objects reloaded before import = 0Number of asset objects unloaded after import = 1

========================================================================
Received Import Request.
  Time since last request: 0.000025 seconds.
  path: Assets/gallery/ea7e3e8d9047a06af37e4c9680984bf4.png
  importAddress: Guid(33cf0be35561571488d7782776213145) Importer(2089858483,b0f066a214c2f5e87bad3c948f4d605d)
Start importing Assets/gallery/ea7e3e8d9047a06af37e4c9680984bf4.png using Guid(33cf0be35561571488d7782776213145) Importer(2089858483,b0f066a214c2f5e87bad3c948f4d605d) (ScriptedImporter) -> (Import Result ID: '60ab88f9771a7032bf5a478618781166') in 0.0655125 seconds [static and dynamic dependencies]. Details - ImportResultOutputID=24bf4d7908dc8dbf16f0546a00dac82f DependenciesID=a9d81d21c4a978656a895be51ddba75d StaticDependenciesID=b17ece0f452dba79c2b3ee3f1e3dccc9 
Number of updated asset objects reloaded before import = 0Number of asset objects unloaded after import = 3

========================================================================
Received Import Request.
  Time since last request: 0.000026 seconds.
  path: Assets/animations/妇好循环走路.fbx
  importAddress: Guid(4c344f67dbcbb9d46a236cfce14df8cd) Importer(2089858483,b0f066a214c2f5e87bad3c948f4d605d)
Start importing Assets/animations/妇好循环走路.fbx using Guid(4c344f67dbcbb9d46a236cfce14df8cd) Importer(2089858483,b0f066a214c2f5e87bad3c948f4d605d) (ScriptedImporter) -> (Import Result ID: '36e7226961e80395459652e80b64c463') in 0.0275806 seconds [static and dynamic dependencies]. Details - ImportResultOutputID=d36ac0428548a1da4b41c0b352ecab3e DependenciesID=69c9cfe86fc6fd10aabc899caddb094a StaticDependenciesID=988a59ddf7f22a38c7abee2052cb2cbb 
Number of updated asset objects reloaded before import = 0Number of asset objects unloaded after import = 72

========================================================================
Received Import Request.
  Time since last request: 0.000024 seconds.
  path: Assets/Resources/Meshy_AI_Ritual_bronze_ding_0703085930_texture.fbx
  importAddress: Guid(b771ad3e13e563641bbccc97c157571d) Importer(2089858483,b0f066a214c2f5e87bad3c948f4d605d)
Start importing Assets/Resources/Meshy_AI_Ritual_bronze_ding_0703085930_texture.fbx using Guid(b771ad3e13e563641bbccc97c157571d) Importer(2089858483,b0f066a214c2f5e87bad3c948f4d605d) (ScriptedImporter) -> (Import Result ID: 'e46a34bdf7e1b1a72d79e86a7199cb0e') in 0.0883322 seconds [static and dynamic dependencies]. Details - ImportResultOutputID=4a7742605022c57c142603ad9f6d8d32 DependenciesID=5d45e8fadfad6e3d21c1deab5cb2851f StaticDependenciesID=002e41ce93eaab7a47d2f55418384373 
Number of updated asset objects reloaded before import = 0Number of asset objects unloaded after import = 8

========================================================================
Received Import Request.
  Time since last request: 0.000037 seconds.
  path: Assets/audio/end台词1.wav
  importAddress: Guid(c4000600911aeed43b5b1e246d3f9b6c) Importer(2089858483,b0f066a214c2f5e87bad3c948f4d605d)
Start importing Assets/audio/end台词1.wav using Guid(c4000600911aeed43b5b1e246d3f9b6c) Importer(2089858483,b0f066a214c2f5e87bad3c948f4d605d) (ScriptedImporter) -> (Import Result ID: '3dd57fcd45541ede47bdd4f72bca2ce6') in 0.0071155 seconds [static and dynamic dependencies]. Details - ImportResultOutputID=c3dbe57b8f079be0800060e22b2a54c0 DependenciesID=164cd6d07278672cc75170206051fe1b StaticDependenciesID=0214a0bcc2307be0259894c00b55b80c 
Number of updated asset objects reloaded before import = 0Number of asset objects unloaded after import = 1

========================================================================
Received Import Request.
  Time since last request: 0.000029 seconds.
  path: Assets/Settings/PC_RPAsset.asset
  importAddress: Guid(4b83569d67af61e458304325a23e5dfd) Importer(815301076,1909f56bfc062723c751e8b465ee728b)
Start importing Assets/Settings/PC_RPAsset.asset using Guid(4b83569d67af61e458304325a23e5dfd) Importer(815301076,1909f56bfc062723c751e8b465ee728b) (PreviewImporter) -> (Import Result ID: '364c99c873e5e5d1270c2078402a1871') in 0.0149124 seconds [static and dynamic dependencies]. Details - ImportResultOutputID=9a59067ea534325d44c5e3c476e23968 DependenciesID=2b39e736e369704bcbc8d109631dae00 StaticDependenciesID=5f1449df5ac1552ea11ec2b27649dd45 
Number of updated asset objects reloaded before import = 0Number of asset objects unloaded after import = 0

========================================================================
Received Import Request.
  Time since last request: 0.000020 seconds.
  path: Assets/gallery/66649d210189694b9fd17935b1eaf4c3.png
  importAddress: Guid(8249a1bccf922a54fa5a98f2514ada0b) Importer(2089858483,b0f066a214c2f5e87bad3c948f4d605d)
Start importing Assets/gallery/66649d210189694b9fd17935b1eaf4c3.png using Guid(8249a1bccf922a54fa5a98f2514ada0b) Importer(2089858483,b0f066a214c2f5e87bad3c948f4d605d) (ScriptedImporter) -> (Import Result ID: '80fa3fdb608ec3274fe6331b938f2b81') in 0.0073895 seconds [static and dynamic dependencies]. Details - ImportResultOutputID=93247678fcc1a4a253150383099c9e93 DependenciesID=71f5707b859644fc298f5a03b1b536b6 StaticDependenciesID=9ac56e77017c5da1cdab92f60ab67f1b 
Number of updated asset objects reloaded before import = 0Number of asset objects unloaded after import = 3

========================================================================
Received Import Request.
  Time since last request: 0.000029 seconds.
  path: Assets/gallery/c6b689030551bb6b87ba900e2e64531d.png
  importAddress: Guid(4dd493ab3e0a2cb4884052bbd312fcd3) Importer(2089858483,b0f066a214c2f5e87bad3c948f4d605d)
Start importing Assets/gallery/c6b689030551bb6b87ba900e2e64531d.png using Guid(4dd493ab3e0a2cb4884052bbd312fcd3) Importer(2089858483,b0f066a214c2f5e87bad3c948f4d605d) (ScriptedImporter) -> (Import Result ID: '1082f4609ba1a5b144ee76d57b863edf') in 0.0087388 seconds [static and dynamic dependencies]. Details - ImportResultOutputID=55c714713bb5a3c2e7011a6962df9d34 DependenciesID=b70bfea99a8316762e635f0ab07691a2 StaticDependenciesID=b885b10b15f235b7267cdd501d08fdba 
Number of updated asset objects reloaded before import = 0Number of asset objects unloaded after import = 3

========================================================================
Received Import Request.
  Time since last request: 0.000035 seconds.
  path: Assets/Scenes/intro.unity
  importAddress: Guid(5effcdf43ce09a44b8c134aa1d4ca86c) Importer(2089858483,e11c23a36db5f54750b8cd40eac0985b)
Start importing Assets/Scenes/intro.unity using Guid(5effcdf43ce09a44b8c134aa1d4ca86c) Importer(2089858483,e11c23a36db5f54750b8cd40eac0985b) (ScriptedImporter)Opening scene 'Assets/Scenes/intro.unity additively'
Loaded scene 'Assets/Scenes/intro.unity'
	Deserialize:            29.939 ms
	Integration:            91.005 ms
	Integration of assets:  1.589 ms
	Thread Wait Time:       0.013 ms
	Total Operation Time:   122.546 ms
 -> (Import Result ID: '50665b7d85c1d6b78e3578b0de14fe4a') in 0.6030104 seconds [static and dynamic dependencies]. Details - ImportResultOutputID=642edc0c226354e43dffd3205aaf7cc1 DependenciesID=9f6b6c868aab2067f6c8e36b67c8c8a7 StaticDependenciesID=47c39e6ecb00ee0b88c3239cabae5afe 
Number of updated asset objects reloaded before import = 0Number of asset objects unloaded after import = 940

========================================================================
Received Import Request.
  Time since last request: 0.000034 seconds.
  path: Assets/animations/New Material.mat
  importAddress: Guid(39c9d7517211e0d408de4c2632f7bdee) Importer(2089858483,b0f066a214c2f5e87bad3c948f4d605d)
Start importing Assets/animations/New Material.mat using Guid(39c9d7517211e0d408de4c2632f7bdee) Importer(2089858483,b0f066a214c2f5e87bad3c948f4d605d) (ScriptedImporter) -> (Import Result ID: '39da183b4a58c70f7b6bf07341a7d332') in 0.0070062 seconds [static and dynamic dependencies]. Details - ImportResultOutputID=a6681287769f162d3eda26b84d4d6907 DependenciesID=1b8041dac8ec86fa5d367179bd590262 StaticDependenciesID=a812832cb572072e56bc07ddf8450621 
Number of updated asset objects reloaded before import = 0Number of asset objects unloaded after import = 2

========================================================================
Received Import Request.
  Time since last request: 0.000035 seconds.
  path: Assets/audio/8月2日.wav
  importAddress: Guid(dc15fab6e7c0e7944a010c206d247914) Importer(2089858483,b0f066a214c2f5e87bad3c948f4d605d)
Start importing Assets/audio/8月2日.wav using Guid(dc15fab6e7c0e7944a010c206d247914) Importer(2089858483,b0f066a214c2f5e87bad3c948f4d605d) (ScriptedImporter) -> (Import Result ID: '73fc002228462cb68129c828463bd26b') in 0.0033712 seconds [static and dynamic dependencies]. Details - ImportResultOutputID=677c6ab4b0ab045214976b1313755ede DependenciesID=d18d27d12c471c47a2118a75d27c813d StaticDependenciesID=2b81c0bc51424aacf0a3c88bcce8d618 
Number of updated asset objects reloaded before import = 0Number of asset objects unloaded after import = 1

========================================================================
Received Import Request.
  Time since last request: 0.000021 seconds.
  path: Assets/sky.mat
  importAddress: Guid(05ebc012ea2481748b94645d11da76f2) Importer(2089858483,b0f066a214c2f5e87bad3c948f4d605d)
Start importing Assets/sky.mat using Guid(05ebc012ea2481748b94645d11da76f2) Importer(2089858483,b0f066a214c2f5e87bad3c948f4d605d) (ScriptedImporter) -> (Import Result ID: '88365a792a66bc988dc1e264eea34ae9') in 0.004166 seconds [static and dynamic dependencies]. Details - ImportResultOutputID=f3a9e6efd404d1acf36e521424f0ed32 DependenciesID=60b5422ed43f603a1428c05b58de28a4 StaticDependenciesID=deba9a645ac66e76c60b29daafb288dc 
Number of updated asset objects reloaded before import = 0Number of asset objects unloaded after import = 1

========================================================================
Received Import Request.
  Time since last request: 0.000020 seconds.
  path: Assets/audio/妇好12（2）.wav
  importAddress: Guid(5afaf1c41d8f41647914daa79e47f510) Importer(2089858483,b0f066a214c2f5e87bad3c948f4d605d)
Start importing Assets/audio/妇好12（2）.wav using Guid(5afaf1c41d8f41647914daa79e47f510) Importer(2089858483,b0f066a214c2f5e87bad3c948f4d605d) (ScriptedImporter) -> (Import Result ID: '2ae53d0e41d2a63edf23eede83316db9') in 0.0035571 seconds [static and dynamic dependencies]. Details - ImportResultOutputID=4ed7d367c02965854eb1cc800e293b82 DependenciesID=f3228cf27df8d232c6c8429b781c5713 StaticDependenciesID=9b4ff3aff3ae02d4f3cd9e4851034668 
Number of updated asset objects reloaded before import = 0Number of asset objects unloaded after import = 1

========================================================================
Received Import Request.
  Time since last request: 0.000022 seconds.
  path: Assets/Scripts/LanternFlyController.cs
  importAddress: Guid(1de6df92c1a6de54a8e40e6ace296467) Importer(2089858483,b0f066a214c2f5e87bad3c948f4d605d)
Start importing Assets/Scripts/LanternFlyController.cs using Guid(1de6df92c1a6de54a8e40e6ace296467) Importer(2089858483,b0f066a214c2f5e87bad3c948f4d605d) (ScriptedImporter) -> (Import Result ID: 'f1ce42e51a47dfa54c15ef72fc502629') in 0.0046056 seconds [static and dynamic dependencies]. Details - ImportResultOutputID=ce3c68ccf2c3ff9df55b345a03236205 DependenciesID=abcd67d107f1b6350821398ef2f29a63 StaticDependenciesID=a2b094de368ee69f9b10202adcdc4978 
Number of updated asset objects reloaded before import = 0Number of asset objects unloaded after import = 0

========================================================================
Received Import Request.
  Time since last request: 0.000019 seconds.
  path: Assets/Scripts/OracleBoneCrack.cs
  importAddress: Guid(29c03f0e0b00367469a1bc0701cc89f1) Importer(2089858483,b0f066a214c2f5e87bad3c948f4d605d)
Start importing Assets/Scripts/OracleBoneCrack.cs using Guid(29c03f0e0b00367469a1bc0701cc89f1) Importer(2089858483,b0f066a214c2f5e87bad3c948f4d605d) (ScriptedImporter) -> (Import Result ID: 'cf196c8b9d048faf26037ecf91504cb4') in 0.0028897 seconds [static and dynamic dependencies]. Details - ImportResultOutputID=1ae45400769811473be295980f40c228 DependenciesID=30987a8cee09838c692f62fd0f9822cc StaticDependenciesID=0cd004c4e7a43577df69dab51709cef9 
Number of updated asset objects reloaded before import = 0Number of asset objects unloaded after import = 0

========================================================================
Received Import Request.
  Time since last request: 0.000024 seconds.
  path: Assets/Scripts/GazeSceneIntroController.cs
  importAddress: Guid(dd8cdb762c82896449d4edc72b918def) Importer(2089858483,b0f066a214c2f5e87bad3c948f4d605d)
Start importing Assets/Scripts/GazeSceneIntroController.cs using Guid(dd8cdb762c82896449d4edc72b918def) Importer(2089858483,b0f066a214c2f5e87bad3c948f4d605d) (ScriptedImporter) -> (Import Result ID: '6b6653e0035d8e10deefe0b4b3d33696') in 0.003946 seconds [static and dynamic dependencies]. Details - ImportResultOutputID=5bfbf3c98f1d45d4d9d6c007861d0ac3 DependenciesID=07c56d60857552c3d35f05858b1f6dab StaticDependenciesID=0e14ecb87fab08f57b3baeee7f05b72f 
Number of updated asset objects reloaded before import = 0Number of asset objects unloaded after import = 0

========================================================================
Received Import Request.
  Time since last request: 0.000022 seconds.
  path: Assets/Scripts/LanternIgniteTrigger.cs
  importAddress: Guid(7da4262b2eba9b5478a195f20e6478c9) Importer(2089858483,b0f066a214c2f5e87bad3c948f4d605d)
Start importing Assets/Scripts/LanternIgniteTrigger.cs using Guid(7da4262b2eba9b5478a195f20e6478c9) Importer(2089858483,b0f066a214c2f5e87bad3c948f4d605d) (ScriptedImporter) -> (Import Result ID: 'a4cab4ec437c08149df663103397cd84') in 0.0031835 seconds [static and dynamic dependencies]. Details - ImportResultOutputID=b504b25b6f5e0c2df7d27e8d8ab2e845 DependenciesID=9c91df6477eecd9af52a80083e708b5a StaticDependenciesID=362d96eac2d6d4d76cc10ecacc234339 
Number of updated asset objects reloaded before import = 0Number of asset objects unloaded after import = 0

========================================================================
Received Import Request.
  Time since last request: 0.000031 seconds.
  path: Assets/Scripts/NPCController.cs
  importAddress: Guid(f093270b30777ef4c9cf7ac1aecb136c) Importer(2089858483,b0f066a214c2f5e87bad3c948f4d605d)
Start importing Assets/Scripts/NPCController.cs using Guid(f093270b30777ef4c9cf7ac1aecb136c) Importer(2089858483,b0f066a214c2f5e87bad3c948f4d605d) (ScriptedImporter) -> (Import Result ID: '49f9c6817c5c52e47509c4db9bf7a60a') in 0.0029267 seconds [static and dynamic dependencies]. Details - ImportResultOutputID=b3cbe148be6d60b9a4e76ef32ac382f3 DependenciesID=7b1bb80f48736665a8eb8425c852fb00 StaticDependenciesID=7a4900b2c51410355bb6b142f498589c 
Number of updated asset objects reloaded before import = 0Number of asset objects unloaded after import = 0

========================================================================
Received Import Request.
  Time since last request: 0.000017 seconds.
  path: Assets/Scripts/FireCrackTrigger.cs
  importAddress: Guid(400d06a5975d32a4b8870f1dffd8de24) Importer(2089858483,b0f066a214c2f5e87bad3c948f4d605d)
Start importing Assets/Scripts/FireCrackTrigger.cs using Guid(400d06a5975d32a4b8870f1dffd8de24) Importer(2089858483,b0f066a214c2f5e87bad3c948f4d605d) (ScriptedImporter) -> (Import Result ID: 'f76e0e67af404d6b03ad193691e662e8') in 0.0031342 seconds [static and dynamic dependencies]. Details - ImportResultOutputID=3298fec8c12a4d00e8b95323ed7f3cdd DependenciesID=24fdc23ccf2b8028f37ee884cfd8248f StaticDependenciesID=39a7c42285738d23c3bdcb0269cee5c9 
Number of updated asset objects reloaded before import = 0Number of asset objects unloaded after import = 0

========================================================================
Received Import Request.
  Time since last request: 0.000019 seconds.
  path: Assets/Settings/SampleSceneProfile.asset
  importAddress: Guid(10fc4df2da32a41aaa32d77bc913491c) Importer(2089858483,b0f066a214c2f5e87bad3c948f4d605d)
Start importing Assets/Settings/SampleSceneProfile.asset using Guid(10fc4df2da32a41aaa32d77bc913491c) Importer(2089858483,b0f066a214c2f5e87bad3c948f4d605d) (ScriptedImporter) -> (Import Result ID: '0f3364d16f859deae37582d591f62119') in 0.0044086 seconds [static and dynamic dependencies]. Details - ImportResultOutputID=0b0b61b85ea0a391795865a5ad2fc1da DependenciesID=0e70338bbed36b9ded0ba16b5015ea39 StaticDependenciesID=86e3ab624df47bc93621d2a05b042c79 
Number of updated asset objects reloaded before import = 0Number of asset objects unloaded after import = 1

========================================================================
Received Import Request.
  Time since last request: 0.000024 seconds.
  path: Assets/audio/甲骨前对话1.wav
  importAddress: Guid(3f532a700e3d71f4796f7079313f87f9) Importer(2089858483,b0f066a214c2f5e87bad3c948f4d605d)
Start importing Assets/audio/甲骨前对话1.wav using Guid(3f532a700e3d71f4796f7079313f87f9) Importer(2089858483,b0f066a214c2f5e87bad3c948f4d605d) (ScriptedImporter) -> (Import Result ID: '04d1325e72b4bbba1d03be29a6ae657d') in 0.0033523 seconds [static and dynamic dependencies]. Details - ImportResultOutputID=b323a6845f6f7d3bf5eb7355d8e49ef1 DependenciesID=d1e6a40ce05ee5235da51f6476e4c3b3 StaticDependenciesID=1d7c16fccec8d222be4e55f46943bbcd 
Number of updated asset objects reloaded before import = 0Number of asset objects unloaded after import = 1

========================================================================
Received Import Request.
  Time since last request: 0.000019 seconds.
  path: Assets/gallery/7b19aec1d9caff86946739b186c2d628.png
  importAddress: Guid(77def4010b2d19949b833b5808fa1b7e) Importer(2089858483,b0f066a214c2f5e87bad3c948f4d605d)
Start importing Assets/gallery/7b19aec1d9caff86946739b186c2d628.png using Guid(77def4010b2d19949b833b5808fa1b7e) Importer(2089858483,b0f066a214c2f5e87bad3c948f4d605d) (ScriptedImporter) -> (Import Result ID: '73825906e91061514cfa5421d2c99aee') in 0.0066576 seconds [static and dynamic dependencies]. Details - ImportResultOutputID=8fe1671aa5297b9791a496b3e52385f4 DependenciesID=f026229ad97f3e1178997939beef32a9 StaticDependenciesID=e995563a1d9735906797312f5daf4a75 
Number of updated asset objects reloaded before import = 0Number of asset objects unloaded after import = 3

========================================================================
Received Import Request.
  Time since last request: 0.000030 seconds.
  path: Assets/materials/walls.mat
  importAddress: Guid(0384473a1b5b16b44a8d688751e64477) Importer(2089858483,b0f066a214c2f5e87bad3c948f4d605d)
Start importing Assets/materials/walls.mat using Guid(0384473a1b5b16b44a8d688751e64477) Importer(2089858483,b0f066a214c2f5e87bad3c948f4d605d) (ScriptedImporter) -> (Import Result ID: '71be19f7a88eba377e80271c5cae96c9') in 0.0191494 seconds [static and dynamic dependencies]. Details - ImportResultOutputID=6613a429c87db6f92eb38aaf251cdfff DependenciesID=4bd1457a7139a0d9c93debc2531cf969 StaticDependenciesID=0e6b66e3e2f6edf81d0d77decc627a58 
Number of updated asset objects reloaded before import = 0Number of asset objects unloaded after import = 4

========================================================================
Received Import Request.
  Time since last request: 0.000028 seconds.
  path: Assets/materials/maocao.mat
  importAddress: Guid(4e548d3675b25694cbada4d110e3fd93) Importer(2089858483,b0f066a214c2f5e87bad3c948f4d605d)
Start importing Assets/materials/maocao.mat using Guid(4e548d3675b25694cbada4d110e3fd93) Importer(2089858483,b0f066a214c2f5e87bad3c948f4d605d) (ScriptedImporter) -> (Import Result ID: '40e802c1dc5b926a23fa96fd6ad43f88') in 0.0049176 seconds [static and dynamic dependencies]. Details - ImportResultOutputID=d2b0532b9c0d8a2be045f8f8dd697ca6 DependenciesID=64cc6e69118c1624530f28274abeb6d0 StaticDependenciesID=fec0c7bce12c50a71e093005824be30e 
Number of updated asset objects reloaded before import = 0Number of asset objects unloaded after import = 1

========================================================================
Received Import Request.
  Time since last request: 0.000035 seconds.
  path: Assets/Settings/Mobile_RPAsset.asset
  importAddress: Guid(5e6cbd92db86f4b18aec3ed561671858) Importer(2089858483,b0f066a214c2f5e87bad3c948f4d605d)
Start importing Assets/Settings/Mobile_RPAsset.asset using Guid(5e6cbd92db86f4b18aec3ed561671858) Importer(2089858483,b0f066a214c2f5e87bad3c948f4d605d) (ScriptedImporter) -> (Import Result ID: '51b23d3633cd8eb09e722f048a0a3cf5') in 0.031469 seconds [static and dynamic dependencies]. Details - ImportResultOutputID=7a4ada87bc25562d7400576e90299fb1 DependenciesID=32dc805b2d34ecc1892cab8a4bf3a39b StaticDependenciesID=bc4a32a7951a716226846dd7a25156a3 
Number of updated asset objects reloaded before import = 0Number of asset objects unloaded after import = 2

========================================================================
Received Import Request.
  Time since last request: 0.000018 seconds.
  path: Assets/Scripts/gallerycontroller.cs
  importAddress: Guid(ce352d6764a7fb546977cd71bc8be1fe) Importer(2089858483,b0f066a214c2f5e87bad3c948f4d605d)
Start importing Assets/Scripts/gallerycontroller.cs using Guid(ce352d6764a7fb546977cd71bc8be1fe) Importer(2089858483,b0f066a214c2f5e87bad3c948f4d605d) (ScriptedImporter) -> (Import Result ID: 'c5a9930e7f8a25d0c6d988e8119931ef') in 0.0040418 seconds [static and dynamic dependencies]. Details - ImportResultOutputID=d825258a326c06087b0aa4161763f355 DependenciesID=c41b8842b1997be6129bb1ed2c05fae9 StaticDependenciesID=06c5728415838d2f6f833b633b045bfe 
Number of updated asset objects reloaded before import = 0Number of asset objects unloaded after import = 0

========================================================================
Received Import Request.
  Time since last request: 0.000019 seconds.
  path: Assets/materials/New Material 5.mat
  importAddress: Guid(14897e45742d77b4bbdd2d967609ab9f) Importer(2089858483,b0f066a214c2f5e87bad3c948f4d605d)
Start importing Assets/materials/New Material 5.mat using Guid(14897e45742d77b4bbdd2d967609ab9f) Importer(2089858483,b0f066a214c2f5e87bad3c948f4d605d) (ScriptedImporter) -> (Import Result ID: 'bf1e1343e86c8fd0b93d88ade591ba0e') in 0.004073 seconds [static and dynamic dependencies]. Details - ImportResultOutputID=ca0e62f0f15ed015b8d74458413120d9 DependenciesID=7b1a791930161d46979e2462981dc82a StaticDependenciesID=12462d1e6c1c029b36b3ca4595b30704 
Number of updated asset objects reloaded before import = 0Number of asset objects unloaded after import = 1

========================================================================
Received Import Request.
  Time since last request: 0.000019 seconds.
  path: Assets/animations/妇好站着.fbx
  importAddress: Guid(3701281dae25df440a577cca3652c894) Importer(2089858483,b0f066a214c2f5e87bad3c948f4d605d)
Start importing Assets/animations/妇好站着.fbx using Guid(3701281dae25df440a577cca3652c894) Importer(2089858483,b0f066a214c2f5e87bad3c948f4d605d) (ScriptedImporter) -> (Import Result ID: '70b702e1ee69e63b546ec4bddbcd1dac') in 0.0075026 seconds [static and dynamic dependencies]. Details - ImportResultOutputID=cef65d9a846f412139cc329e2347918e DependenciesID=848586db6024fa28a3017fea61f3181b StaticDependenciesID=171ea3fd500075539f121fb3929fa052 
Number of updated asset objects reloaded before import = 0Number of asset objects unloaded after import = 72

========================================================================
Received Import Request.
  Time since last request: 0.000019 seconds.
  path: Assets/prefab/XR Origin (VR).prefab
  importAddress: Guid(bcabf8a6dcd275f4b904532d4db90114) Importer(2089858483,e11c23a36db5f54750b8cd40eac0985b)
Start importing Assets/prefab/XR Origin (VR).prefab using Guid(bcabf8a6dcd275f4b904532d4db90114) Importer(2089858483,e11c23a36db5f54750b8cd40eac0985b) (ScriptedImporter) -> (Import Result ID: 'efb244d31a497538051e4625126f2687') in 0.0809009 seconds [static and dynamic dependencies]. Details - ImportResultOutputID=ee46e475db5bcf3160dec921ab1a9d8d DependenciesID=8c0ebb038cbbaa5a9e257c5665054121 StaticDependenciesID=3c98b30f69b7b8fbeb0427c9a4e01614 
Number of updated asset objects reloaded before import = 0Number of asset objects unloaded after import = 182

========================================================================
Received Import Request.
  Time since last request: 0.000026 seconds.
  path: Assets/Settings/DefaultVolumeProfile.asset
  importAddress: Guid(ab09877e2e707104187f6f83e2f62510) Importer(2089858483,b0f066a214c2f5e87bad3c948f4d605d)
Start importing Assets/Settings/DefaultVolumeProfile.asset using Guid(ab09877e2e707104187f6f83e2f62510) Importer(2089858483,b0f066a214c2f5e87bad3c948f4d605d) (ScriptedImporter) -> (Import Result ID: 'e130695a435bd8119e13007aa3a2075e') in 0.0052347 seconds [static and dynamic dependencies]. Details - ImportResultOutputID=9aacfff86be54a879108f35e70d4fc8d DependenciesID=251e79430a6073ac9fbd9bd5ecb76de0 StaticDependenciesID=8c385e7c5b969a03d4cd2456362bfa67 
Number of updated asset objects reloaded before import = 0Number of asset objects unloaded after import = 0

========================================================================
Received Import Request.
  Time since last request: 0.000034 seconds.
  path: Assets/materials/Sand_2.mat
  importAddress: Guid(17bb4dc3ff262c5429603646aea15970) Importer(2089858483,b0f066a214c2f5e87bad3c948f4d605d)
Start importing Assets/materials/Sand_2.mat using Guid(17bb4dc3ff262c5429603646aea15970) Importer(2089858483,b0f066a214c2f5e87bad3c948f4d605d) (ScriptedImporter) -> (Import Result ID: '145831acf559925488a66b423b31ada1') in 0.0136715 seconds [static and dynamic dependencies]. Details - ImportResultOutputID=21605add7b5f46bebc888fe87f6b24cd DependenciesID=b85ba7187307f62dd55e768a721f121e StaticDependenciesID=a1323699fe181207436b841fc3373e37 
Number of updated asset objects reloaded before import = 0Number of asset objects unloaded after import = 5

========================================================================
Received Import Request.
  Time since last request: 0.000023 seconds.
  path: Assets/audio/wu1对话2.wav
  importAddress: Guid(cfd12baa981489f40b89e81930883faa) Importer(2089858483,b0f066a214c2f5e87bad3c948f4d605d)
Start importing Assets/audio/wu1对话2.wav using Guid(cfd12baa981489f40b89e81930883faa) Importer(2089858483,b0f066a214c2f5e87bad3c948f4d605d) (ScriptedImporter) -> (Import Result ID: '89482a961917d8d118048dad547dc94e') in 0.0035315 seconds [static and dynamic dependencies]. Details - ImportResultOutputID=22fee259996b3a286b03d54d5efee327 DependenciesID=49feea7e01d1e73b746e5b657c98a376 StaticDependenciesID=8ac797b5522c70fb94cac148b90897d6 
Number of updated asset objects reloaded before import = 0Number of asset objects unloaded after import = 1

========================================================================
Received Import Request.
  Time since last request: 0.000020 seconds.
  path: Assets/Scripts/GazeBurn.cs
  importAddress: Guid(47c5b0b2b4d74544aaa3c9b26010de60) Importer(2089858483,b0f066a214c2f5e87bad3c948f4d605d)
Start importing Assets/Scripts/GazeBurn.cs using Guid(47c5b0b2b4d74544aaa3c9b26010de60) Importer(2089858483,b0f066a214c2f5e87bad3c948f4d605d) (ScriptedImporter) -> (Import Result ID: '6be676e9ae8f5dc2d6c87a4438092d80') in 0.0032827 seconds [static and dynamic dependencies]. Details - ImportResultOutputID=6166a84be6b9f4f615cb363dc5c55625 DependenciesID=077dc60af3005805dabb54efa289fd32 StaticDependenciesID=9112bff518caa087dbbff4ff8e7d6b7c 
Number of updated asset objects reloaded before import = 0Number of asset objects unloaded after import = 0

========================================================================
Received Import Request.
  Time since last request: 0.000022 seconds.
  path: Assets/Scripts/IgnitableObject.cs
  importAddress: Guid(5349d0d7948d8d54397352ba0e265439) Importer(2089858483,b0f066a214c2f5e87bad3c948f4d605d)
Start importing Assets/Scripts/IgnitableObject.cs using Guid(5349d0d7948d8d54397352ba0e265439) Importer(2089858483,b0f066a214c2f5e87bad3c948f4d605d) (ScriptedImporter) -> (Import Result ID: 'fb7f79dc0cda600396d5be34007f2087') in 0.0026363 seconds [static and dynamic dependencies]. Details - ImportResultOutputID=c61461c48eb3085e535e07d42e23e697 DependenciesID=13d9aa5980bb5e162f09a4ff36014748 StaticDependenciesID=a513b3f29c24b80f513282d49736cd55 
Number of updated asset objects reloaded before import = 0Number of asset objects unloaded after import = 0

========================================================================
Received Import Request.
  Time since last request: 0.000019 seconds.
  path: Assets/Scenes/end 0.unity
  importAddress: Guid(745acdb3c27a6ac46b0ac44294941e73) Importer(2089858483,e11c23a36db5f54750b8cd40eac0985b)
Start importing Assets/Scenes/end 0.unity using Guid(745acdb3c27a6ac46b0ac44294941e73) Importer(2089858483,e11c23a36db5f54750b8cd40eac0985b) (ScriptedImporter)Opening scene 'Assets/Scenes/end 0.unity additively'
Loaded scene 'Assets/Scenes/end 0.unity'
	Deserialize:            9.230 ms
	Integration:            23.843 ms
	Integration of assets:  1.702 ms
	Thread Wait Time:       0.030 ms
	Total Operation Time:   34.804 ms
 -> (Import Result ID: 'ce275f9e17716375188d6084ead53755') in 0.2039613 seconds [static and dynamic dependencies]. Details - ImportResultOutputID=585beae5b4f3182ae56dc0137e7d47ca DependenciesID=ce053962662c935f293d408d87db7a8c StaticDependenciesID=c9b1f4bbec9526d9519da68a20f4eb34 
Number of updated asset objects reloaded before import = 0Number of asset objects unloaded after import = 325

========================================================================
Received Import Request.
  Time since last request: 0.000029 seconds.
  path: Assets/audio/end台词2.wav
  importAddress: Guid(36effa8bf18ce0a449dc9cd8aed22f18) Importer(2089858483,b0f066a214c2f5e87bad3c948f4d605d)
Start importing Assets/audio/end台词2.wav using Guid(36effa8bf18ce0a449dc9cd8aed22f18) Importer(2089858483,b0f066a214c2f5e87bad3c948f4d605d) (ScriptedImporter) -> (Import Result ID: 'e9ab6c1b7a95abe51f4e568677fe4bd7') in 0.0048668 seconds [static and dynamic dependencies]. Details - ImportResultOutputID=bec47a540412bd7af9981db7a66bbd45 DependenciesID=71de174aa22e811347556e55f65ff265 StaticDependenciesID=a16c9516287f8c3d08e10875a5d80fa3 
Number of updated asset objects reloaded before import = 0Number of asset objects unloaded after import = 1

========================================================================
Received Import Request.
  Time since last request: 0.000034 seconds.
  path: Assets/Settings/PC_Renderer.asset
  importAddress: Guid(f288ae1f4751b564a96ac7587541f7a2) Importer(2089858483,b0f066a214c2f5e87bad3c948f4d605d)
Start importing Assets/Settings/PC_Renderer.asset using Guid(f288ae1f4751b564a96ac7587541f7a2) Importer(2089858483,b0f066a214c2f5e87bad3c948f4d605d) (ScriptedImporter) -> (Import Result ID: '5c178536d98d3c6da72554b464a1ce91') in 0.0287024 seconds [static and dynamic dependencies]. Details - ImportResultOutputID=3068c65eaf1052f9b8829479832492a1 DependenciesID=d5cfdacaabc4db8f6a971442b7bbc0ef StaticDependenciesID=6a30327c57e05233faf76d883d45019f 
Number of updated asset objects reloaded before import = 0Number of asset objects unloaded after import = 1

========================================================================
Received Import Request.
  Time since last request: 0.000022 seconds.
  path: Assets/Scripts/SenceFlowController.cs
  importAddress: Guid(56be4bcac766bfa4cb752dc3b6548a27) Importer(2089858483,b0f066a214c2f5e87bad3c948f4d605d)
Start importing Assets/Scripts/SenceFlowController.cs using Guid(56be4bcac766bfa4cb752dc3b6548a27) Importer(2089858483,b0f066a214c2f5e87bad3c948f4d605d) (ScriptedImporter) -> (Import Result ID: '763599621c246dd9d004e239c685075c') in 0.0030379 seconds [static and dynamic dependencies]. Details - ImportResultOutputID=d1f6df833d32279f7dae02cd2dfa6b37 DependenciesID=6d044c0b709bb4129f76e9889effcd02 StaticDependenciesID=01cc580352c4debe7dd9c07192bd0da2 
Number of updated asset objects reloaded before import = 0Number of asset objects unloaded after import = 0

========================================================================
Received Import Request.
  Time since last request: 0.000017 seconds.
  path: Assets/materials/butiao.mat
  importAddress: Guid(232b898a098051f41964a6f560516112) Importer(2089858483,b0f066a214c2f5e87bad3c948f4d605d)
Start importing Assets/materials/butiao.mat using Guid(232b898a098051f41964a6f560516112) Importer(2089858483,b0f066a214c2f5e87bad3c948f4d605d) (ScriptedImporter) -> (Import Result ID: '79d5e1277a41682bd1a971215173898b') in 0.0039133 seconds [static and dynamic dependencies]. Details - ImportResultOutputID=126aaaa6fb8c67764aabd659825252f3 DependenciesID=410f848c868723ba42bc9572e14511c8 StaticDependenciesID=d5565d9e2e078604a830676e44ee7121 
Number of updated asset objects reloaded before import = 0Number of asset objects unloaded after import = 1

========================================================================
Received Import Request.
  Time since last request: 0.000021 seconds.
  path: Assets/animations/npc (2)@Standard Idle.fbx
  importAddress: Guid(a277e8a50e2a12948b4fc09aa59fa6b5) Importer(2089858483,b0f066a214c2f5e87bad3c948f4d605d)
Start importing Assets/animations/npc (2)@Standard Idle.fbx using Guid(a277e8a50e2a12948b4fc09aa59fa6b5) Importer(2089858483,b0f066a214c2f5e87bad3c948f4d605d) (ScriptedImporter) -> (Import Result ID: '536d3dc334541ab69667508fc283aa93') in 0.0085464 seconds [static and dynamic dependencies]. Details - ImportResultOutputID=30d25c73a41612f20cda1416b93a533d DependenciesID=eb96272c437e8d61134d25370de69155 StaticDependenciesID=deadef409bd0c9605f8fcee3357ca75a 
Number of updated asset objects reloaded before import = 0Number of asset objects unloaded after import = 72

========================================================================
Received Import Request.
  Time since last request: 0.000020 seconds.
  path: Assets/Scripts/ObjectFade.cs
  importAddress: Guid(8baf536398fd7da44a1a20514835a688) Importer(2089858483,b0f066a214c2f5e87bad3c948f4d605d)
Start importing Assets/Scripts/ObjectFade.cs using Guid(8baf536398fd7da44a1a20514835a688) Importer(2089858483,b0f066a214c2f5e87bad3c948f4d605d) (ScriptedImporter) -> (Import Result ID: '767fc6526edec7ca69c44212a3fbcd79') in 0.0032137 seconds [static and dynamic dependencies]. Details - ImportResultOutputID=1afd9a6f7d3caf5b433d243cdbb82f93 DependenciesID=6ced7ba9ea5a393724f7b3f6725c35b3 StaticDependenciesID=5f9cbf01a63cd5aa6102eb49a05e768e 
Number of updated asset objects reloaded before import = 0Number of asset objects unloaded after import = 0

========================================================================
Received Import Request.
  Time since last request: 0.000020 seconds.
  path: Assets/audio/结尾旁白 老奶奶.mp3
  importAddress: Guid(a7d7ab94ebab7eb468151dce41922685) Importer(2089858483,b0f066a214c2f5e87bad3c948f4d605d)
Start importing Assets/audio/结尾旁白 老奶奶.mp3 using Guid(a7d7ab94ebab7eb468151dce41922685) Importer(2089858483,b0f066a214c2f5e87bad3c948f4d605d) (ScriptedImporter) -> (Import Result ID: 'cbbdb558fa3e6dd3e43e93c8ad9bc67c') in 0.0031974 seconds [static and dynamic dependencies]. Details - ImportResultOutputID=232397a2b8d1aaa19a460aca0716e4c4 DependenciesID=c1aa1a29629d0b7cbbe56071dc0c486e StaticDependenciesID=b2cda6a79269a80cbba8b536c7b48ad1 
Number of updated asset objects reloaded before import = 0Number of asset objects unloaded after import = 1

========================================================================
Received Import Request.
  Time since last request: 0.000036 seconds.
  path: Assets/audio/The Name Remains.wav
  importAddress: Guid(463d064929ead2041aacb8a89cdd8200) Importer(2089858483,b0f066a214c2f5e87bad3c948f4d605d)
Start importing Assets/audio/The Name Remains.wav using Guid(463d064929ead2041aacb8a89cdd8200) Importer(2089858483,b0f066a214c2f5e87bad3c948f4d605d) (ScriptedImporter) -> (Import Result ID: 'bb13f179a0d9c6b1350004a0bf7bf6c0') in 0.0036297 seconds [static and dynamic dependencies]. Details - ImportResultOutputID=9d7ddd8896afe6f2312e35571c129f25 DependenciesID=b6a30dcc90f3347ffeb835e646d2f80a StaticDependenciesID=724543cee7c074de771db62b4930c866 
Number of updated asset objects reloaded before import = 0Number of asset objects unloaded after import = 1

========================================================================
Received Import Request.
  Time since last request: 0.000019 seconds.
  path: Assets/Scripts/FireController.cs
  importAddress: Guid(90ced22ac8620d1408252afd3e4aa3b9) Importer(2089858483,b0f066a214c2f5e87bad3c948f4d605d)
Start importing Assets/Scripts/FireController.cs using Guid(90ced22ac8620d1408252afd3e4aa3b9) Importer(2089858483,b0f066a214c2f5e87bad3c948f4d605d) (ScriptedImporter) -> (Import Result ID: '6fd6eff6313d96cc29d50ab445d9c21e') in 0.0026338 seconds [static and dynamic dependencies]. Details - ImportResultOutputID=1d6e3a1760a7717e4004c90e4d6097f0 DependenciesID=c7012454dbd19f28f6633d958dba7b0b StaticDependenciesID=f6677188354c27dffb29a04cdea24800 
Number of updated asset objects reloaded before import = 0Number of asset objects unloaded after import = 0

========================================================================
Received Import Request.
  Time since last request: 0.000021 seconds.
  path: Assets/Settings/UniversalRenderPipelineGlobalSettings.asset
  importAddress: Guid(18dc0cd2c080841dea60987a38ce93fa) Importer(2089858483,b0f066a214c2f5e87bad3c948f4d605d)
Start importing Assets/Settings/UniversalRenderPipelineGlobalSettings.asset using Guid(18dc0cd2c080841dea60987a38ce93fa) Importer(2089858483,b0f066a214c2f5e87bad3c948f4d605d) (ScriptedImporter) -> (Import Result ID: 'bf0d53522db191a8d3d78b7be95fa841') in 0.0521273 seconds [static and dynamic dependencies]. Details - ImportResultOutputID=d98a8bf2a483230eea50342a8fb2d951 DependenciesID=cacf3e64ae9032bc2217f980776143b9 StaticDependenciesID=9c754e4c3f3621016d413ff0d5df2c2a 
Number of updated asset objects reloaded before import = 0Number of asset objects unloaded after import = 0

========================================================================
Received Import Request.
  Time since last request: 0.000019 seconds.
  path: Assets/audio 1/space_sound/手挖沙子.wav
  importAddress: Guid(c90fafe8ca5708f4fbc918281a611416) Importer(2089858483,b0f066a214c2f5e87bad3c948f4d605d)
Start importing Assets/audio 1/space_sound/手挖沙子.wav using Guid(c90fafe8ca5708f4fbc918281a611416) Importer(2089858483,b0f066a214c2f5e87bad3c948f4d605d) (ScriptedImporter) -> (Import Result ID: '056f670a596a8b2b0a4405af725c6317') in 0.0037375 seconds [static and dynamic dependencies]. Details - ImportResultOutputID=3e1fc120bbe1fba2ddcf006e863764ba DependenciesID=95f1bd99a211006bdf8e686723533f9e StaticDependenciesID=b584cb86accaadee5bf21df9cc220434 
Number of updated asset objects reloaded before import = 0Number of asset objects unloaded after import = 1

========================================================================
Received Import Request.
  Time since last request: 0.000019 seconds.
  path: Assets/audio 1/tomb/2第二章bgm.wav
  importAddress: Guid(4e3356ed1f6c7134196ab172d3e73b0c) Importer(2089858483,b0f066a214c2f5e87bad3c948f4d605d)
Start importing Assets/audio 1/tomb/2第二章bgm.wav using Guid(4e3356ed1f6c7134196ab172d3e73b0c) Importer(2089858483,b0f066a214c2f5e87bad3c948f4d605d) (ScriptedImporter) -> (Import Result ID: 'be240880f345268f37d7d040142c829f') in 0.0034649 seconds [static and dynamic dependencies]. Details - ImportResultOutputID=4590bdcd0884e7d49b26ab871059c993 DependenciesID=255bc64ef2befc918bc66a79bd27c6f4 StaticDependenciesID=c6620d0b6cb0daabb3d4d643fa24e0be 
Number of updated asset objects reloaded before import = 0Number of asset objects unloaded after import = 1

========================================================================
Received Import Request.
  Time since last request: 0.000022 seconds.
  path: Assets/audio 1/shenmiao/独白13（3）.wav
  importAddress: Guid(f264c0376258ed442a533adacf2fcb23) Importer(2089858483,b0f066a214c2f5e87bad3c948f4d605d)
Start importing Assets/audio 1/shenmiao/独白13（3）.wav using Guid(f264c0376258ed442a533adacf2fcb23) Importer(2089858483,b0f066a214c2f5e87bad3c948f4d605d) (ScriptedImporter) -> (Import Result ID: '1d40cd85a68e315ee11f8350b26a7ac1') in 0.0043399 seconds [static and dynamic dependencies]. Details - ImportResultOutputID=794077e03a4fbd3c1868e99e5626f1f2 DependenciesID=f39f9fd7946fa7a722ee38468f201181 StaticDependenciesID=475cd4c2d8c34b7bbbc4f8f126fb3253 
Number of updated asset objects reloaded before import = 0Number of asset objects unloaded after import = 1

========================================================================
Received Import Request.
  Time since last request: 0.000034 seconds.
  path: Assets/timeline/Timeline_character2Timeline.playable
  importAddress: Guid(1387d21e7d57f6547823b106f5d31096) Importer(2089858483,b0f066a214c2f5e87bad3c948f4d605d)
Start importing Assets/timeline/Timeline_character2Timeline.playable using Guid(1387d21e7d57f6547823b106f5d31096) Importer(2089858483,b0f066a214c2f5e87bad3c948f4d605d) (ScriptedImporter) -> (Import Result ID: 'e0811aab5bcd7fde2aede8efdaf15072') in 0.0085434 seconds [static and dynamic dependencies]. Details - ImportResultOutputID=4b3d0703394711f53f2981bab2b00b3d DependenciesID=3d932ea23fd0777ecf49b87c4fb5a9e7 StaticDependenciesID=d998e4758b8dd30ef750e7b09e4ff1b9 
Number of updated asset objects reloaded before import = 0Number of asset objects unloaded after import = 6

========================================================================
Received Import Request.
  Time since last request: 0.000016 seconds.
  path: Assets/animation/1_Talking/CharacterAnimator_Talking.controller
  importAddress: Guid(5b8b0da28791df640a829156d023e5fb) Importer(2089858483,b0f066a214c2f5e87bad3c948f4d605d)
Start importing Assets/animation/1_Talking/CharacterAnimator_Talking.controller using Guid(5b8b0da28791df640a829156d023e5fb) Importer(2089858483,b0f066a214c2f5e87bad3c948f4d605d) (ScriptedImporter) -> (Import Result ID: '9534c4376736e85f5889282b778fdad1') in 0.004729 seconds [static and dynamic dependencies]. Details - ImportResultOutputID=03879864700d135ce6a9c483b1294d67 DependenciesID=eb3d21fc40e2e4d253ee0e8794f0669d StaticDependenciesID=83b4a239cd1948c2940d36e5c1bb4996 
Number of updated asset objects reloaded before import = 0Number of asset objects unloaded after import = 4

========================================================================
Received Import Request.
  Time since last request: 0.000016 seconds.
  path: Assets/Textures/Meshy_AI_Ritual_bronze_ding_0703085930_texture_roughness.png
  importAddress: Guid(6c3ce35ccef65b342b03166dbb746f74) Importer(2089858483,b0f066a214c2f5e87bad3c948f4d605d)
Start importing Assets/Textures/Meshy_AI_Ritual_bronze_ding_0703085930_texture_roughness.png using Guid(6c3ce35ccef65b342b03166dbb746f74) Importer(2089858483,b0f066a214c2f5e87bad3c948f4d605d) (ScriptedImporter) -> (Import Result ID: 'eea7ace9de965cb2847938971ad4f59b') in 0.0065395 seconds [static and dynamic dependencies]. Details - ImportResultOutputID=abb3841c6c2df51eedba293ec96970c2 DependenciesID=0313885fc6a01f0e1a16492f0acf976a StaticDependenciesID=d8f5a95358cd0cd4d41e1e9dfba00625 
Number of updated asset objects reloaded before import = 0Number of asset objects unloaded after import = 1

========================================================================
Received Import Request.
  Time since last request: 0.000016 seconds.
  path: Assets/audio 1/character_voicec/男5（3）.wav
  importAddress: Guid(1f5bdf6ce7bf6fc47aef6e6c3bbd56e6) Importer(2089858483,b0f066a214c2f5e87bad3c948f4d605d)
Start importing Assets/audio 1/character_voicec/男5（3）.wav using Guid(1f5bdf6ce7bf6fc47aef6e6c3bbd56e6) Importer(2089858483,b0f066a214c2f5e87bad3c948f4d605d) (ScriptedImporter) -> (Import Result ID: '0ab890b3059c45d0fc1877edc32d504b') in 0.0031211 seconds [static and dynamic dependencies]. Details - ImportResultOutputID=91321d30ce9c643d5779eb2bccfda550 DependenciesID=4137c596cb79d9dff10fd07e93bdf76b StaticDependenciesID=81655f10d9117534e4726ad180ac70b5 
Number of updated asset objects reloaded before import = 0Number of asset objects unloaded after import = 1

========================================================================
Received Import Request.
  Time since last request: 0.000022 seconds.
  path: Assets/audio 1/space_sound/挖土.wav
  importAddress: Guid(0698b5d8199b7094cbface800473f79a) Importer(2089858483,b0f066a214c2f5e87bad3c948f4d605d)
Start importing Assets/audio 1/space_sound/挖土.wav using Guid(0698b5d8199b7094cbface800473f79a) Importer(2089858483,b0f066a214c2f5e87bad3c948f4d605d) (ScriptedImporter) -> (Import Result ID: 'fa4161f86ff2f8462d8ca793f89ab6e9') in 0.0034055 seconds [static and dynamic dependencies]. Details - ImportResultOutputID=af7990885034fc9be3dda7cc192bf032 DependenciesID=b97fa0fba3edd53bcb9e4cc2d8873f9b StaticDependenciesID=f62759a781259ca8293986cbc423f081 
Number of updated asset objects reloaded before import = 0Number of asset objects unloaded after import = 1

========================================================================
Received Import Request.
  Time since last request: 0.000019 seconds.
  path: Assets/Textures/Mat3d66_15132010_7_24668.jpg
  importAddress: Guid(dc449fb52f589334cab966cdede3e367) Importer(2089858483,b0f066a214c2f5e87bad3c948f4d605d)
Start importing Assets/Textures/Mat3d66_15132010_7_24668.jpg using Guid(dc449fb52f589334cab966cdede3e367) Importer(2089858483,b0f066a214c2f5e87bad3c948f4d605d) (ScriptedImporter) -> (Import Result ID: 'e75308dabf60e3fa753adf699e10b36a') in 0.0091236 seconds [static and dynamic dependencies]. Details - ImportResultOutputID=2b9331955c99a376bbad98b3c404e438 DependenciesID=aff3cc11cbc83fff4c3e95d1b0e7e086 StaticDependenciesID=a6726c9013b50fa146d4bddc46d914ff 
Number of updated asset objects reloaded before import = 0Number of asset objects unloaded after import = 1

========================================================================
Received Import Request.
  Time since last request: 0.000024 seconds.
  path: Assets/audio 1/space_sound/挖掘石头树叶.mp3
  importAddress: Guid(bf61d36e71b0f854fb6ba1e1c683daf9) Importer(2089858483,b0f066a214c2f5e87bad3c948f4d605d)
Start importing Assets/audio 1/space_sound/挖掘石头树叶.mp3 using Guid(bf61d36e71b0f854fb6ba1e1c683daf9) Importer(2089858483,b0f066a214c2f5e87bad3c948f4d605d) (ScriptedImporter) -> (Import Result ID: '9b6a3b6880638888fa1a75b0ac7346cb') in 0.0045207 seconds [static and dynamic dependencies]. Details - ImportResultOutputID=4391083176e6f29371cfe7a25ea2d4c2 DependenciesID=7e5eb875106086a531ea1ade3a025a84 StaticDependenciesID=cef1d5a415806ca666ce8488cb4c6794 
Number of updated asset objects reloaded before import = 0Number of asset objects unloaded after import = 1

========================================================================
Received Import Request.
  Time since last request: 0.000034 seconds.
  path: Assets/audio 1/space_sound/交谈声推土声.mp3
  importAddress: Guid(639dc702a97cfa348b0cd05d0fd7f594) Importer(2089858483,b0f066a214c2f5e87bad3c948f4d605d)
Start importing Assets/audio 1/space_sound/交谈声推土声.mp3 using Guid(639dc702a97cfa348b0cd05d0fd7f594) Importer(2089858483,b0f066a214c2f5e87bad3c948f4d605d) (ScriptedImporter) -> (Import Result ID: 'cac5455434051eafbc145ec1a7002cfa') in 0.0036184 seconds [static and dynamic dependencies]. Details - ImportResultOutputID=b01ffe6cf4963a731f55928bd6f34d8a DependenciesID=e6b8c753f386b42256de4ea191fd13fa StaticDependenciesID=d77bf72ab75eaab143e2499ca44df179 
Number of updated asset objects reloaded before import = 0Number of asset objects unloaded after import = 1

========================================================================
Received Import Request.
  Time since last request: 0.000021 seconds.
  path: Assets/Textures/Meshy_AI_Ritual_bronze_ding_0703085930_texture.png
  importAddress: Guid(e30c6509678b7a9499116cbf3a36fd7d) Importer(2089858483,b0f066a214c2f5e87bad3c948f4d605d)
Start importing Assets/Textures/Meshy_AI_Ritual_bronze_ding_0703085930_texture.png using Guid(e30c6509678b7a9499116cbf3a36fd7d) Importer(2089858483,b0f066a214c2f5e87bad3c948f4d605d) (ScriptedImporter) -> (Import Result ID: '1cb7c074a8991ef19a33f3148f2c291d') in 0.0072025 seconds [static and dynamic dependencies]. Details - ImportResultOutputID=063a4be9cbb56a04a23e40ff1eece4f4 DependenciesID=ade087478cb826d1c37b0ec3cf1abcfd StaticDependenciesID=a8e4d76edba70f1dc6e1dd25317db3dd 
Number of updated asset objects reloaded before import = 0Number of asset objects unloaded after import = 1

========================================================================
Received Import Request.
  Time since last request: 0.000018 seconds.
  path: Assets/Textures/dead_tree_trunk_diff_4k.jpg
  importAddress: Guid(5f05695475d77f2498c05839d7000acc) Importer(2089858483,b0f066a214c2f5e87bad3c948f4d605d)
Start importing Assets/Textures/dead_tree_trunk_diff_4k.jpg using Guid(5f05695475d77f2498c05839d7000acc) Importer(2089858483,b0f066a214c2f5e87bad3c948f4d605d) (ScriptedImporter) -> (Import Result ID: 'ece12d3c1cc3cd0f59618d344243ebc8') in 0.007522 seconds [static and dynamic dependencies]. Details - ImportResultOutputID=07fc5719d664ad4013ae41b87b0dc9f5 DependenciesID=6f56ce9cec4d28808625aa4254fc2999 StaticDependenciesID=32bdd70ef2a5c980646a883998a268ac 
Number of updated asset objects reloaded before import = 0Number of asset objects unloaded after import = 1

========================================================================
Received Import Request.
  Time since last request: 0.000018 seconds.
  path: Assets/TutorialInfo/Layout.wlt
  importAddress: Guid(eabc9546105bf4accac1fd62a63e88e6) Importer(2089858483,b0f066a214c2f5e87bad3c948f4d605d)
Start importing Assets/TutorialInfo/Layout.wlt using Guid(eabc9546105bf4accac1fd62a63e88e6) Importer(2089858483,b0f066a214c2f5e87bad3c948f4d605d) (ScriptedImporter) -> (Import Result ID: '8e906290b10b675c1f19afe6413814c1') in 0.0025347 seconds [static and dynamic dependencies]. Details - ImportResultOutputID=4d3737497c0e583f4829293a3ab432be DependenciesID=7727a2ae2d5e5898abd39aebb57d9dbd StaticDependenciesID=8fc76c5d890840b1ecd6a3fa413f5d98 
Number of updated asset objects reloaded before import = 0Number of asset objects unloaded after import = 1

========================================================================
Received Import Request.
  Time since last request: 0.000019 seconds.
  path: Assets/Textures/Mat3d66_15132010_3_59572.jpg
  importAddress: Guid(203c5773096677b46bf3a8fd394b5068) Importer(2089858483,b0f066a214c2f5e87bad3c948f4d605d)
Start importing Assets/Textures/Mat3d66_15132010_3_59572.jpg using Guid(203c5773096677b46bf3a8fd394b5068) Importer(2089858483,b0f066a214c2f5e87bad3c948f4d605d) (ScriptedImporter) -> (Import Result ID: 'fabc5fbed1a9b26ee06dc4b4c4b485c0') in 0.007176 seconds [static and dynamic dependencies]. Details - ImportResultOutputID=d57478a4808f1de1714051d60f6063de DependenciesID=0d744090138a8168f66ef884872bba5c StaticDependenciesID=36e6329def2c7c23d328bb60b4440317 
Number of updated asset objects reloaded before import = 0Number of asset objects unloaded after import = 1

========================================================================
Received Import Request.
  Time since last request: 0.000021 seconds.
  path: Assets/timeline/shengmiaotimeline1Timeline.playable
  importAddress: Guid(bab3ed8e9200bf747a22190c4460fca6) Importer(2089858483,b0f066a214c2f5e87bad3c948f4d605d)
Start importing Assets/timeline/shengmiaotimeline1Timeline.playable using Guid(bab3ed8e9200bf747a22190c4460fca6) Importer(2089858483,b0f066a214c2f5e87bad3c948f4d605d) (ScriptedImporter) -> (Import Result ID: 'acea75a310dbb061d37440e483a13ef6') in 0.0038922 seconds [static and dynamic dependencies]. Details - ImportResultOutputID=1f8191ee68844eb59fc3ba1537717c96 DependenciesID=7a07e6c44810c8ace5031f6cc573e62c StaticDependenciesID=63d967fc0eb88b3de57f1d359b8d6429 
Number of updated asset objects reloaded before import = 0Number of asset objects unloaded after import = 4

========================================================================
Received Import Request.
  Time since last request: 0.000019 seconds.
  path: Assets/audio 1/character_voicec/w3.wav
  importAddress: Guid(f2fa023f33b107b448bb215244351dee) Importer(2089858483,b0f066a214c2f5e87bad3c948f4d605d)
Start importing Assets/audio 1/character_voicec/w3.wav using Guid(f2fa023f33b107b448bb215244351dee) Importer(2089858483,b0f066a214c2f5e87bad3c948f4d605d) (ScriptedImporter) -> (Import Result ID: '36fecd47f172b65e42fa943238bfce8a') in 0.0038448 seconds [static and dynamic dependencies]. Details - ImportResultOutputID=13ccec2899b7a5179314a6c4194daa7b DependenciesID=f6814cb8c610482ddc1cb58f46037add StaticDependenciesID=67487da48459dc8f7e6ef6119ab39f7f 
Number of updated asset objects reloaded before import = 0Number of asset objects unloaded after import = 1

========================================================================
Received Import Request.
  Time since last request: 0.000027 seconds.
  path: Assets/Textures/Mat3d66_15132010_13_22806.jpg
  importAddress: Guid(0ff1120a6a4a72344ac8456f5367c630) Importer(2089858483,b0f066a214c2f5e87bad3c948f4d605d)
Start importing Assets/Textures/Mat3d66_15132010_13_22806.jpg using Guid(0ff1120a6a4a72344ac8456f5367c630) Importer(2089858483,b0f066a214c2f5e87bad3c948f4d605d) (ScriptedImporter) -> (Import Result ID: '4c40d4664f4734758273f7e4cc4e6806') in 0.0068272 seconds [static and dynamic dependencies]. Details - ImportResultOutputID=5a92b18462e1980620a16bff8dc4119b DependenciesID=d986728cab67757f873473798bdf15b0 StaticDependenciesID=ab4ef2d7efafd171a600105155a9b9c2 
Number of updated asset objects reloaded before import = 0Number of asset objects unloaded after import = 1

========================================================================
Received Import Request.
  Time since last request: 0.000019 seconds.
  path: Assets/animation/3_Idle/New Animator Controller.controller
  importAddress: Guid(ff111a9120bce4a44b58bf7d244e62ca) Importer(2089858483,b0f066a214c2f5e87bad3c948f4d605d)
Start importing Assets/animation/3_Idle/New Animator Controller.controller using Guid(ff111a9120bce4a44b58bf7d244e62ca) Importer(2089858483,b0f066a214c2f5e87bad3c948f4d605d) (ScriptedImporter) -> (Import Result ID: '0e129a0c162110dbdd074e686b809482') in 0.0040113 seconds [static and dynamic dependencies]. Details - ImportResultOutputID=6bce4722e533ceeb47aea4b24d9d19e8 DependenciesID=39c2ba05cb52958997d84a06993303c8 StaticDependenciesID=ffe25c2258e5760094ff7fb035c4ea8a 
Number of updated asset objects reloaded before import = 0Number of asset objects unloaded after import = 4

========================================================================
Received Import Request.
  Time since last request: 0.000018 seconds.
  path: Assets/audio 1/character_voicec/女独白4（2）.wav
  importAddress: Guid(806637464a6f2394d869fcd58f86f12b) Importer(2089858483,b0f066a214c2f5e87bad3c948f4d605d)
Start importing Assets/audio 1/character_voicec/女独白4（2）.wav using Guid(806637464a6f2394d869fcd58f86f12b) Importer(2089858483,b0f066a214c2f5e87bad3c948f4d605d) (ScriptedImporter) -> (Import Result ID: 'c1d6e01fd285642a1cad7f1b57fe931e') in 0.0032738 seconds [static and dynamic dependencies]. Details - ImportResultOutputID=0a646b76ae8c95eb49d6d652143d8ecc DependenciesID=b604d883f9bc102329d48e81ed7676b8 StaticDependenciesID=c355396f1ff3e7db8844c68320a87805 
Number of updated asset objects reloaded before import = 0Number of asset objects unloaded after import = 1

========================================================================
Received Import Request.
  Time since last request: 0.000019 seconds.
  path: Assets/audio 1/shenmiao/The Jade Silence.mp3
  importAddress: Guid(bb716578d20eae14a8873ef03518b174) Importer(2089858483,b0f066a214c2f5e87bad3c948f4d605d)
Start importing Assets/audio 1/shenmiao/The Jade Silence.mp3 using Guid(bb716578d20eae14a8873ef03518b174) Importer(2089858483,b0f066a214c2f5e87bad3c948f4d605d) (ScriptedImporter) -> (Import Result ID: '71b816f0a445a309bb29486f9635e0e9') in 0.0046093 seconds [static and dynamic dependencies]. Details - ImportResultOutputID=9a39a79ce3dd031ad8f638b7d6f6baf5 DependenciesID=ebb632538e4624da184531e5345f2467 StaticDependenciesID=9d345c0346a3caa858ce285d63c6e972 
Number of updated asset objects reloaded before import = 0Number of asset objects unloaded after import = 1

========================================================================
Received Import Request.
  Time since last request: 0.000022 seconds.
  path: Assets/Textures/Mat3d66_15132010_11_43945.jpg
  importAddress: Guid(607db9a0789c42a458da9007d1515a9a) Importer(2089858483,b0f066a214c2f5e87bad3c948f4d605d)
Start importing Assets/Textures/Mat3d66_15132010_11_43945.jpg using Guid(607db9a0789c42a458da9007d1515a9a) Importer(2089858483,b0f066a214c2f5e87bad3c948f4d605d) (ScriptedImporter) -> (Import Result ID: '8d4e6eee0f07d274c8158ccf6ca4490a') in 0.007622 seconds [static and dynamic dependencies]. Details - ImportResultOutputID=63ce4dfdb2c6ecc177869fdd29fa9fbc DependenciesID=42e3d1b6fef2cf24e480a5ea8ef42fd2 StaticDependenciesID=1a286c44fdb3491afc1dacc854bdfbcf 
Number of updated asset objects reloaded before import = 0Number of asset objects unloaded after import = 1

========================================================================
Received Import Request.
  Time since last request: 0.000021 seconds.
  path: Assets/audio 1/space_sound/两把刷子刷毛 短.wav
  importAddress: Guid(f2e69e467272d2f4c9cccf1ec96b3fef) Importer(2089858483,b0f066a214c2f5e87bad3c948f4d605d)
Start importing Assets/audio 1/space_sound/两把刷子刷毛 短.wav using Guid(f2e69e467272d2f4c9cccf1ec96b3fef) Importer(2089858483,b0f066a214c2f5e87bad3c948f4d605d) (ScriptedImporter) -> (Import Result ID: '9cb6f7abb2361d301acc01da633584d2') in 0.0037511 seconds [static and dynamic dependencies]. Details - ImportResultOutputID=79dd3d34f7668a304137430cd0f4064f DependenciesID=78a6fda34a14e672906e2a9a6d25274c StaticDependenciesID=29e3b5a56c74fe72b8cdf2a7e42f3ea0 
Number of updated asset objects reloaded before import = 0Number of asset objects unloaded after import = 1

========================================================================
Received Import Request.
  Time since last request: 0.000021 seconds.
  path: Assets/audio 1/space_sound/低频音1分20.wav
  importAddress: Guid(e049f5412bab36f4db436e6a8183698e) Importer(2089858483,b0f066a214c2f5e87bad3c948f4d605d)
Start importing Assets/audio 1/space_sound/低频音1分20.wav using Guid(e049f5412bab36f4db436e6a8183698e) Importer(2089858483,b0f066a214c2f5e87bad3c948f4d605d) (ScriptedImporter) -> (Import Result ID: 'c729035f1a433d58b5afcc9ce259fb6a') in 0.0033994 seconds [static and dynamic dependencies]. Details - ImportResultOutputID=0e0c06dbfb5ebfdb28993825853ddaab DependenciesID=5a7eb350d48af6e3661c9170882effd4 StaticDependenciesID=92c9d6fb6d79a9d007329ad788745724 
Number of updated asset objects reloaded before import = 0Number of asset objects unloaded after import = 1

========================================================================
Received Import Request.
  Time since last request: 0.000036 seconds.
  path: Assets/Shader Graph/SkyboxGradient.shader
  importAddress: Guid(6b28e3aae66db624d9f10de7867aa3ed) Importer(2089858483,b0f066a214c2f5e87bad3c948f4d605d)
Start importing Assets/Shader Graph/SkyboxGradient.shader using Guid(6b28e3aae66db624d9f10de7867aa3ed) Importer(2089858483,b0f066a214c2f5e87bad3c948f4d605d) (ScriptedImporter) -> (Import Result ID: '2928e8adb9a8110a5846dc2980146a05') in 0.0075132 seconds [static and dynamic dependencies]. Details - ImportResultOutputID=6ba2cea802541d63db93cbcfa6d8392f DependenciesID=8be34229e4d0cbb25327f615aedd47a2 StaticDependenciesID=1ca82e2108d9a70ad4ef57a25460a8e8 
Number of updated asset objects reloaded before import = 0Number of asset objects unloaded after import = 1

========================================================================
Received Import Request.
  Time since last request: 0.000017 seconds.
  path: Assets/timeline/Timeline_character3.2Timeline.playable
  importAddress: Guid(3b93bdc60609d7048b877522b13383f0) Importer(2089858483,b0f066a214c2f5e87bad3c948f4d605d)
Start importing Assets/timeline/Timeline_character3.2Timeline.playable using Guid(3b93bdc60609d7048b877522b13383f0) Importer(2089858483,b0f066a214c2f5e87bad3c948f4d605d) (ScriptedImporter) -> (Import Result ID: '93a1d0e88de64bd79abda17c99757e4a') in 0.0045066 seconds [static and dynamic dependencies]. Details - ImportResultOutputID=f0826aa05a4f5833ae9247948811b001 DependenciesID=32f1ff238d19ed7ecf1a0d139ac2dcd0 StaticDependenciesID=823392530088c69fb3423125bb49283f 
Number of updated asset objects reloaded before import = 0Number of asset objects unloaded after import = 4

========================================================================
Received Import Request.
  Time since last request: 0.000017 seconds.
  path: Assets/timeline/ShengmiaoTimeline.playable
  importAddress: Guid(585d79253af903142b723c543697b509) Importer(2089858483,b0f066a214c2f5e87bad3c948f4d605d)
Start importing Assets/timeline/ShengmiaoTimeline.playable using Guid(585d79253af903142b723c543697b509) Importer(2089858483,b0f066a214c2f5e87bad3c948f4d605d) (ScriptedImporter) -> (Import Result ID: 'f5c009a763a71d2641565c200a4d774e') in 0.0054336 seconds [static and dynamic dependencies]. Details - ImportResultOutputID=d7d7ad8e2033ea7ff1278558fabe497b DependenciesID=c3f394e4d90683a700a6c6945873cfb1 StaticDependenciesID=9fd33eb0137502231f0613b1394783ca 
Number of updated asset objects reloaded before import = 0Number of asset objects unloaded after import = 20

========================================================================
Received Import Request.
  Time since last request: 0.000018 seconds.
  path: Assets/audio 1/space_sound/铲泥土 快1分钟.wav
  importAddress: Guid(4c7fb40684eda1841ba870e6aecd12e4) Importer(2089858483,b0f066a214c2f5e87bad3c948f4d605d)
Start importing Assets/audio 1/space_sound/铲泥土 快1分钟.wav using Guid(4c7fb40684eda1841ba870e6aecd12e4) Importer(2089858483,b0f066a214c2f5e87bad3c948f4d605d) (ScriptedImporter) -> (Import Result ID: 'd17044f2658027f97658badc5fefc05d') in 0.0033491 seconds [static and dynamic dependencies]. Details - ImportResultOutputID=bfe643d37847bd3ccbb2430ee0cb04ca DependenciesID=898c968604c0a6c051067696c783b14d StaticDependenciesID=c9bc34a0cbf959ae35a2dfcb05be14ca 
Number of updated asset objects reloaded before import = 0Number of asset objects unloaded after import = 1

========================================================================
Received Import Request.
  Time since last request: 0.000021 seconds.
  path: Assets/Textures/Mat3d66_15132010_5_38916.jpg
  importAddress: Guid(9ca1c962a3b60d94199206fedf300c51) Importer(2089858483,b0f066a214c2f5e87bad3c948f4d605d)
Start importing Assets/Textures/Mat3d66_15132010_5_38916.jpg using Guid(9ca1c962a3b60d94199206fedf300c51) Importer(2089858483,b0f066a214c2f5e87bad3c948f4d605d) (ScriptedImporter) -> (Import Result ID: '63a0d00bb153ad5801a6779e58a21487') in 0.0074788 seconds [static and dynamic dependencies]. Details - ImportResultOutputID=dc152323e57f16401a3afbfaf0bf2687 DependenciesID=45f05c6d20b9b3642d8859b6cb46990f StaticDependenciesID=2cfcfbed41d7ef43dd9f43f5b63b03e3 
Number of updated asset objects reloaded before import = 0Number of asset objects unloaded after import = 1

========================================================================
Received Import Request.
  Time since last request: 0.000019 seconds.
  path: Assets/animation/1_Talking/Talking.fbx
  importAddress: Guid(a2fbcdf9bca8c7744a20c133752d306f) Importer(2089858483,b0f066a214c2f5e87bad3c948f4d605d)
Start importing Assets/animation/1_Talking/Talking.fbx using Guid(a2fbcdf9bca8c7744a20c133752d306f) Importer(2089858483,b0f066a214c2f5e87bad3c948f4d605d) (ScriptedImporter) -> (Import Result ID: '40917d3d4563e1bda3f8d55946d5b047') in 0.016282 seconds [static and dynamic dependencies]. Details - ImportResultOutputID=74c6964387417bb039537101efd0e940 DependenciesID=dbe60f21ad7820078c7ff56ce9b4e2f6 StaticDependenciesID=00e0d9a9beb03c5a60aaa8234e05d20a 
Number of updated asset objects reloaded before import = 0Number of asset objects unloaded after import = 175

========================================================================
Received Import Request.
  Time since last request: 0.000022 seconds.
  path: Assets/audio 1/shenmiao/独白13（2）.wav
  importAddress: Guid(4a0c61617bed9254fb0cd508b3b42501) Importer(2089858483,b0f066a214c2f5e87bad3c948f4d605d)
Start importing Assets/audio 1/shenmiao/独白13（2）.wav using Guid(4a0c61617bed9254fb0cd508b3b42501) Importer(2089858483,b0f066a214c2f5e87bad3c948f4d605d) (ScriptedImporter) -> (Import Result ID: '99bfffc487dccff53bcdf8b4226630d2') in 0.0046827 seconds [static and dynamic dependencies]. Details - ImportResultOutputID=cf7aaefc2e3a61d25d2c4450920859d9 DependenciesID=6ead435abae8c0973e2e52a0d87e6fc6 StaticDependenciesID=8765c21fa9766305608143b4de523757 
Number of updated asset objects reloaded before import = 0Number of asset objects unloaded after import = 1

========================================================================
Received Import Request.
  Time since last request: 0.000039 seconds.
  path: Assets/audio 1/tomb/3洞穴环境音.wav
  importAddress: Guid(2b97b349fc8c2634796eb4e09b0544dd) Importer(2089858483,b0f066a214c2f5e87bad3c948f4d605d)
Start importing Assets/audio 1/tomb/3洞穴环境音.wav using Guid(2b97b349fc8c2634796eb4e09b0544dd) Importer(2089858483,b0f066a214c2f5e87bad3c948f4d605d) (ScriptedImporter) -> (Import Result ID: 'ac656318ebe30b7f4ff929d3e07ee7d4') in 0.003737 seconds [static and dynamic dependencies]. Details - ImportResultOutputID=f857fffbfd55a52e7ff9dc62f11fb1d0 DependenciesID=d7a26bfee0d1c11b09d0b5400618863f StaticDependenciesID=6abf06faab5e494d30e532e251176c42 
Number of updated asset objects reloaded before import = 0Number of asset objects unloaded after import = 1

========================================================================
Received Import Request.
  Time since last request: 0.000023 seconds.
  path: Assets/audio 1/tomb/4灰尘 带噼啪声.wav
  importAddress: Guid(196497283a9dd8f4db8c9a6ae9fb347c) Importer(2089858483,b0f066a214c2f5e87bad3c948f4d605d)
Start importing Assets/audio 1/tomb/4灰尘 带噼啪声.wav using Guid(196497283a9dd8f4db8c9a6ae9fb347c) Importer(2089858483,b0f066a214c2f5e87bad3c948f4d605d) (ScriptedImporter) -> (Import Result ID: '59517d708c1cf158dbc4cc2933834921') in 0.0046291 seconds [static and dynamic dependencies]. Details - ImportResultOutputID=8e14e6c96145f8ddec4ff1119978135b DependenciesID=6505df046f6ad4ba262029dd716114f3 StaticDependenciesID=e2dbfe916bcd91b7462c09e4c41abc69 
Number of updated asset objects reloaded before import = 0Number of asset objects unloaded after import = 1

========================================================================
Received Import Request.
  Time since last request: 0.000021 seconds.
  path: Assets/audio 1/character_voicec/女独白4（1）.wav
  importAddress: Guid(18ef0490c75843642ae95b509e2c67c3) Importer(2089858483,b0f066a214c2f5e87bad3c948f4d605d)
Start importing Assets/audio 1/character_voicec/女独白4（1）.wav using Guid(18ef0490c75843642ae95b509e2c67c3) Importer(2089858483,b0f066a214c2f5e87bad3c948f4d605d) (ScriptedImporter) -> (Import Result ID: 'b47141c5e083cff80db86e34a0ef9184') in 0.0035114 seconds [static and dynamic dependencies]. Details - ImportResultOutputID=2b65d429280f65adf0b6289e14e1d54c DependenciesID=d804d5060dbad2d2f492e8111c9422cf StaticDependenciesID=1d0490fe0f7d81d16bc7b35487691d94 
Number of updated asset objects reloaded before import = 0Number of asset objects unloaded after import = 1

========================================================================
Received Import Request.
  Time since last request: 0.000018 seconds.
  path: Assets/timeline/secquenceTimeline.playable
  importAddress: Guid(52782cfc719eebd4081c6eee8d50f9e2) Importer(2089858483,b0f066a214c2f5e87bad3c948f4d605d)
Start importing Assets/timeline/secquenceTimeline.playable using Guid(52782cfc719eebd4081c6eee8d50f9e2) Importer(2089858483,b0f066a214c2f5e87bad3c948f4d605d) (ScriptedImporter) -> (Import Result ID: '7133a8b68e61f6e481c2c5540722eda6') in 0.0087252 seconds [static and dynamic dependencies]. Details - ImportResultOutputID=86fdd3bddd4d0c980a5fdb3d814b569d DependenciesID=0b81ef4fa90d5e5f0059bb109c0f3d23 StaticDependenciesID=5843b902607b85b362c5110afacd69b9 
Number of updated asset objects reloaded before import = 0Number of asset objects unloaded after import = 48

========================================================================
Received Import Request.
  Time since last request: 0.000019 seconds.
  path: Assets/animation/2_Idle/CharacterAnimator_Idle.controller
  importAddress: Guid(3fbff8007539d0e4e80ee171e67d58c0) Importer(2089858483,b0f066a214c2f5e87bad3c948f4d605d)
Start importing Assets/animation/2_Idle/CharacterAnimator_Idle.controller using Guid(3fbff8007539d0e4e80ee171e67d58c0) Importer(2089858483,b0f066a214c2f5e87bad3c948f4d605d) (ScriptedImporter) -> (Import Result ID: '6f89c4afb5bcc7da70ef5c0b794cdb1a') in 0.0038389 seconds [static and dynamic dependencies]. Details - ImportResultOutputID=f1d8f26bee0b6dba3b3176e9cb157728 DependenciesID=d8ad9395fb473486cc7e879c0b421791 StaticDependenciesID=e0c51bb9dc8d750c1b3083f9671090af 
Number of updated asset objects reloaded before import = 0Number of asset objects unloaded after import = 4

========================================================================
Received Import Request.
  Time since last request: 0.000018 seconds.
  path: Assets/Textures/Mat3d66_15132010_10_47782.jpg
  importAddress: Guid(d0e2911b88306874b91d213427d82df4) Importer(2089858483,b0f066a214c2f5e87bad3c948f4d605d)
Start importing Assets/Textures/Mat3d66_15132010_10_47782.jpg using Guid(d0e2911b88306874b91d213427d82df4) Importer(2089858483,b0f066a214c2f5e87bad3c948f4d605d) (ScriptedImporter) -> (Import Result ID: '4db4951fcd12f0e210d4d1f323e050c4') in 0.0104902 seconds [static and dynamic dependencies]. Details - ImportResultOutputID=f1b70474590b3fdc33ebfa2ddcea43d0 DependenciesID=162d76aa4f7b1777afa3c239bdb99d91 StaticDependenciesID=e77eea3ec0623a980a41edb46810d1e4 
Number of updated asset objects reloaded before import = 0Number of asset objects unloaded after import = 1

========================================================================
Received Import Request.
  Time since last request: 0.000022 seconds.
  path: Assets/audio 1/zoulang/1第五章bgm.wav
  importAddress: Guid(941af899a90f0c644aa2cfe244043c64) Importer(2089858483,b0f066a214c2f5e87bad3c948f4d605d)
Start importing Assets/audio 1/zoulang/1第五章bgm.wav using Guid(941af899a90f0c644aa2cfe244043c64) Importer(2089858483,b0f066a214c2f5e87bad3c948f4d605d) (ScriptedImporter) -> (Import Result ID: 'e0de1fe59e5c1f6f59ed9b16fa930f01') in 0.0041807 seconds [static and dynamic dependencies]. Details - ImportResultOutputID=4a5dbdfe138a9059de2e9388438cb3d2 DependenciesID=b97ae932d149d2127b633f462a520c32 StaticDependenciesID=884c77aa92820304e63e26fc3ebb79fe 
Number of updated asset objects reloaded before import = 0Number of asset objects unloaded after import = 1

========================================================================
Received Import Request.
  Time since last request: 0.000037 seconds.
  path: Assets/materials/Meshy_AI_Fragmented_Runic_Tabl_0801055010_texture_fbx/Meshy_AI_Fragmented_Runic_Tabl_0801055010_texture.fbx
  importAddress: Guid(b6b6f96c47cf53d40bb7ff36164066a9) Importer(2089858483,b0f066a214c2f5e87bad3c948f4d605d)
Start importing Assets/materials/Meshy_AI_Fragmented_Runic_Tabl_0801055010_texture_fbx/Meshy_AI_Fragmented_Runic_Tabl_0801055010_texture.fbx using Guid(b6b6f96c47cf53d40bb7ff36164066a9) Importer(2089858483,b0f066a214c2f5e87bad3c948f4d605d) (ScriptedImporter) -> (Import Result ID: '01a031e33eebe72072bf5821ce0076f6') in 0.0167354 seconds [static and dynamic dependencies]. Details - ImportResultOutputID=7789fd7ddc0778cffe168449f72d33d3 DependenciesID=98b11300036dbb7c91db0df9ed2eb80a StaticDependenciesID=7e80a1e46a9b16e4075b085d558a7515 
Number of updated asset objects reloaded before import = 0Number of asset objects unloaded after import = 8

========================================================================
Received Import Request.
  Time since last request: 0.000016 seconds.
  path: Assets/Ian's Fire Pack Universal/Textures/Torch_Normal.png
  importAddress: Guid(eef49cf9079f54a6db0286dbb4a95d5e) Importer(2089858483,b0f066a214c2f5e87bad3c948f4d605d)
Start importing Assets/Ian's Fire Pack Universal/Textures/Torch_Normal.png using Guid(eef49cf9079f54a6db0286dbb4a95d5e) Importer(2089858483,b0f066a214c2f5e87bad3c948f4d605d) (ScriptedImporter) -> (Import Result ID: '2c29b4f4100268af61bc1c1d1e313877') in 0.0075197 seconds [static and dynamic dependencies]. Details - ImportResultOutputID=1a95edab19dacbfb3dfe310f96618d29 DependenciesID=27348609bc6e77dea2f5dfad8093b53b StaticDependenciesID=a6a79c70358f08e359cabce048b85b19 
Number of updated asset objects reloaded before import = 0Number of asset objects unloaded after import = 1

========================================================================
Received Import Request.
  Time since last request: 0.000021 seconds.
  path: Assets/audio 1/tomb/7数量少轻 坠落.wav
  importAddress: Guid(6315f1bd7e9b4b548b838b516daa6359) Importer(2089858483,b0f066a214c2f5e87bad3c948f4d605d)
Start importing Assets/audio 1/tomb/7数量少轻 坠落.wav using Guid(6315f1bd7e9b4b548b838b516daa6359) Importer(2089858483,b0f066a214c2f5e87bad3c948f4d605d) (ScriptedImporter) -> (Import Result ID: 'db335abce9063f5c7842cd59fed55e0e') in 0.0046105 seconds [static and dynamic dependencies]. Details - ImportResultOutputID=9f9e27215be56c55c3805261c20a8742 DependenciesID=8c5f5590da88add17c6c216fc171cd7f StaticDependenciesID=1bea7bcf62078aec20bae99b1bd59045 
Number of updated asset objects reloaded before import = 0Number of asset objects unloaded after import = 1

========================================================================
Received Import Request.
  Time since last request: 0.000018 seconds.
  path: Assets/materials/Oracle Bones/Mat3d66_15132010_4_32655.mat
  importAddress: Guid(1db0470d6e5fe8e4185d7301eb191be5) Importer(2089858483,b0f066a214c2f5e87bad3c948f4d605d)
Start importing Assets/materials/Oracle Bones/Mat3d66_15132010_4_32655.mat using Guid(1db0470d6e5fe8e4185d7301eb191be5) Importer(2089858483,b0f066a214c2f5e87bad3c948f4d605d) (ScriptedImporter) -> (Import Result ID: '1f928b0589810fcabcb1ae879b826f94') in 0.0068557 seconds [static and dynamic dependencies]. Details - ImportResultOutputID=8c7abbb4c85f24d9a218ed38f4950c97 DependenciesID=2bc170fe3a0d040991b51d4d1a639ad7 StaticDependenciesID=0a0870c982937f64b4a3435af93e2f46 
Number of updated asset objects reloaded before import = 0Number of asset objects unloaded after import = 2

========================================================================
Received Import Request.
  Time since last request: 0.000024 seconds.
  path: Assets/Ian's Fire Pack Universal/Textures/CandleStickNormal.png
  importAddress: Guid(db89c11d92d5048ecba06492aa95d492) Importer(2089858483,b0f066a214c2f5e87bad3c948f4d605d)
Start importing Assets/Ian's Fire Pack Universal/Textures/CandleStickNormal.png using Guid(db89c11d92d5048ecba06492aa95d492) Importer(2089858483,b0f066a214c2f5e87bad3c948f4d605d) (ScriptedImporter) -> (Import Result ID: 'd54057049b9a0765bec9b1b28b98a500') in 0.0087513 seconds [static and dynamic dependencies]. Details - ImportResultOutputID=2fd1550ba4a2c8c3ba5fe6c010af9943 DependenciesID=1bfeacca9602a6716fdcba263c82d976 StaticDependenciesID=a1b51ca31b119273bf64b95bd66e00a6 
Number of updated asset objects reloaded before import = 0Number of asset objects unloaded after import = 1

========================================================================
Received Import Request.
  Time since last request: 0.000027 seconds.
  path: Assets/Ian's Fire Pack Universal/Textures/Torch_Mask.png
  importAddress: Guid(1f54f22e85edb4a818cb9ad0e89553b2) Importer(2089858483,b0f066a214c2f5e87bad3c948f4d605d)
Start importing Assets/Ian's Fire Pack Universal/Textures/Torch_Mask.png using Guid(1f54f22e85edb4a818cb9ad0e89553b2) Importer(2089858483,b0f066a214c2f5e87bad3c948f4d605d) (ScriptedImporter) -> (Import Result ID: 'e08ccb36e65a87b59c5072c78f1fbdc7') in 0.005785 seconds [static and dynamic dependencies]. Details - ImportResultOutputID=8505a83716ee18c4985a2c896c3f67d4 DependenciesID=a979678eef76da3ddfb8f72d9592105f StaticDependenciesID=4dc1e948df574895137931d630308e08 
Number of updated asset objects reloaded before import = 0Number of asset objects unloaded after import = 1

========================================================================
Received Import Request.
  Time since last request: 0.000033 seconds.
  path: Assets/Ian's Fire Pack Universal/Scripts/TileAnimation.cs
  importAddress: Guid(648143e2c7db84ef192fcfa75816ec6c) Importer(2089858483,b0f066a214c2f5e87bad3c948f4d605d)
Start importing Assets/Ian's Fire Pack Universal/Scripts/TileAnimation.cs using Guid(648143e2c7db84ef192fcfa75816ec6c) Importer(2089858483,b0f066a214c2f5e87bad3c948f4d605d) (ScriptedImporter) -> (Import Result ID: '0076d248d240cbe316ca5c8d24f90b9e') in 0.0026105 seconds [static and dynamic dependencies]. Details - ImportResultOutputID=4b3738d662601cab6e06b98d129aec36 DependenciesID=6e9e33ea1cb56f01bc5adb5ae65f87a9 StaticDependenciesID=28d4b8cd2539b64de4a902970fa55fb8 
Number of updated asset objects reloaded before import = 0Number of asset objects unloaded after import = 0

========================================================================
Received Import Request.
  Time since last request: 0.000021 seconds.
  path: Assets/materials/burn/burn1 2.mat
  importAddress: Guid(6ccc20a6ebd8f9c44af37d4e9728bad2) Importer(2089858483,b0f066a214c2f5e87bad3c948f4d605d)
Start importing Assets/materials/burn/burn1 2.mat using Guid(6ccc20a6ebd8f9c44af37d4e9728bad2) Importer(2089858483,b0f066a214c2f5e87bad3c948f4d605d) (ScriptedImporter) -> (Import Result ID: '237776a7dc77122a94ae3104238f095c') in 0.0129251 seconds [static and dynamic dependencies]. Details - ImportResultOutputID=1ef4b47158d0a8c5b13c47039e4bd551 DependenciesID=88f272caaf66fe1d933e939d9723a3aa StaticDependenciesID=8a7ac959ccbe17b9b7c316869f31e04c 
Number of updated asset objects reloaded before import = 0Number of asset objects unloaded after import = 8

========================================================================
Received Import Request.
  Time since last request: 0.000023 seconds.
  path: Assets/materials/Oracle Bones/Mat3d66_15132010_10_47782.mat
  importAddress: Guid(9a16594bae8d1d24089636d20284d7ef) Importer(2089858483,b0f066a214c2f5e87bad3c948f4d605d)
Start importing Assets/materials/Oracle Bones/Mat3d66_15132010_10_47782.mat using Guid(9a16594bae8d1d24089636d20284d7ef) Importer(2089858483,b0f066a214c2f5e87bad3c948f4d605d) (ScriptedImporter) -> (Import Result ID: '0a59cc0c6d55ed30bbd476b37994992a') in 0.00671 seconds [static and dynamic dependencies]. Details - ImportResultOutputID=679848fbf0b71ed440bd8b4c7e8f0b87 DependenciesID=3c88229bcd30e94868f46d88c221ee86 StaticDependenciesID=ff9b730820efa4d0372b9255d4ab29ba 
Number of updated asset objects reloaded before import = 0Number of asset objects unloaded after import = 2

========================================================================
Received Import Request.
  Time since last request: 0.000024 seconds.
  path: Assets/audio 1/tomb/8刷子声 长.wav
  importAddress: Guid(1a087318f008a8641bb6ccec9e87bfa8) Importer(2089858483,b0f066a214c2f5e87bad3c948f4d605d)
Start importing Assets/audio 1/tomb/8刷子声 长.wav using Guid(1a087318f008a8641bb6ccec9e87bfa8) Importer(2089858483,b0f066a214c2f5e87bad3c948f4d605d) (ScriptedImporter) -> (Import Result ID: 'af3d125e13e3b61bcb6d9a2b289e61c4') in 0.0065464 seconds [static and dynamic dependencies]. Details - ImportResultOutputID=04eea92705edd807edaf1601d57293d7 DependenciesID=bee8bac602af252afb59764982844e4e StaticDependenciesID=6716bb98a3e0876f95394895e01447fb 
Number of updated asset objects reloaded before import = 0Number of asset objects unloaded after import = 1

========================================================================
Received Import Request.
  Time since last request: 0.000028 seconds.
  path: Assets/materials/Materials/Meshy_AI_Ritual_bronze_ding_0703085930_texture_emission.mat
  importAddress: Guid(9c18027826a9cc4499ec1758a6fb8a65) Importer(2089858483,b0f066a214c2f5e87bad3c948f4d605d)
Start importing Assets/materials/Materials/Meshy_AI_Ritual_bronze_ding_0703085930_texture_emission.mat using Guid(9c18027826a9cc4499ec1758a6fb8a65) Importer(2089858483,b0f066a214c2f5e87bad3c948f4d605d) (ScriptedImporter) -> (Import Result ID: '43c13f554ef8a1f0e68823875e940175') in 0.0086518 seconds [static and dynamic dependencies]. Details - ImportResultOutputID=f1b938a73af65a9c6cf54146b578bcb6 DependenciesID=5ca2f6960c18b15131bb4688ec9c9bde StaticDependenciesID=c0ce81208eaea787b4de076746c3598c 
Number of updated asset objects reloaded before import = 0Number of asset objects unloaded after import = 2

========================================================================
Received Import Request.
  Time since last request: 0.000028 seconds.
  path: Assets/materials/Oracle Bones/Mat3d66_15132010_11_43945.mat
  importAddress: Guid(9376bbb7e2e5ceb45802af4a2751b108) Importer(2089858483,b0f066a214c2f5e87bad3c948f4d605d)
Start importing Assets/materials/Oracle Bones/Mat3d66_15132010_11_43945.mat using Guid(9376bbb7e2e5ceb45802af4a2751b108) Importer(2089858483,b0f066a214c2f5e87bad3c948f4d605d) (ScriptedImporter) -> (Import Result ID: '1148ee6cdd244685c83804979409c317') in 0.0058535 seconds [static and dynamic dependencies]. Details - ImportResultOutputID=6a435c7725fb88bc3493645c5fd61d68 DependenciesID=b420858d41fec4abe8754c7ac7ad02af StaticDependenciesID=1bf54c65e429311b1fa1ff6f31d95a19 
Number of updated asset objects reloaded before import = 0Number of asset objects unloaded after import = 2

========================================================================
Received Import Request.
  Time since last request: 0.000050 seconds.
  path: Assets/materials/Meshy_AI_Fragmented_Clay_Table_0801055023_texture_fbx/Meshy_AI_Fragmented_Clay_Table_0801055023_texture.fbx
  importAddress: Guid(fb562b30378901f4d8efa58a49b49a50) Importer(2089858483,b0f066a214c2f5e87bad3c948f4d605d)
Start importing Assets/materials/Meshy_AI_Fragmented_Clay_Table_0801055023_texture_fbx/Meshy_AI_Fragmented_Clay_Table_0801055023_texture.fbx using Guid(fb562b30378901f4d8efa58a49b49a50) Importer(2089858483,b0f066a214c2f5e87bad3c948f4d605d) (ScriptedImporter) -> (Import Result ID: '10573fdc3d9c37e135a2e7564769a779') in 0.0113105 seconds [static and dynamic dependencies]. Details - ImportResultOutputID=5a6ea3f8a4084b9a0680825a49713a21 DependenciesID=57a47444fd149ebdca4686fe6ccff50e StaticDependenciesID=84dc9b406d64583ccdcaf88f0b65e249 
Number of updated asset objects reloaded before import = 0Number of asset objects unloaded after import = 8

========================================================================
Received Import Request.
  Time since last request: 0.000019 seconds.
  path: Assets/materials/reuv/1.mat
  importAddress: Guid(88cd0ece542e3db4bbe97086a20b8a3e) Importer(2089858483,b0f066a214c2f5e87bad3c948f4d605d)
Start importing Assets/materials/reuv/1.mat using Guid(88cd0ece542e3db4bbe97086a20b8a3e) Importer(2089858483,b0f066a214c2f5e87bad3c948f4d605d) (ScriptedImporter) -> (Import Result ID: '00e040e3fd2c13a70abf550db67974c0') in 0.0102519 seconds [static and dynamic dependencies]. Details - ImportResultOutputID=d24c0171d625c324f9ff434ec6acddae DependenciesID=1e30a9a273ff4c1efcfce9454c6f1465 StaticDependenciesID=84612811b742b42e6275625b09ca4f7c 
Number of updated asset objects reloaded before import = 0Number of asset objects unloaded after import = 8

========================================================================
Received Import Request.
  Time since last request: 0.000024 seconds.
  path: Assets/Ian's Fire Pack Universal/Sounds/Hiss.wav
  importAddress: Guid(ecac36b17f9bd4a83ae14c638544e33a) Importer(2089858483,b0f066a214c2f5e87bad3c948f4d605d)
Start importing Assets/Ian's Fire Pack Universal/Sounds/Hiss.wav using Guid(ecac36b17f9bd4a83ae14c638544e33a) Importer(2089858483,b0f066a214c2f5e87bad3c948f4d605d) (ScriptedImporter) -> (Import Result ID: 'dc5fab3631ce63e2bb13d43b0fe54a84') in 0.0112719 seconds [static and dynamic dependencies]. Details - ImportResultOutputID=8d7f5ca36dbaa1af35e2e3a2a6a9eb64 DependenciesID=295eba84228a80b3c70624f087cdbcc2 StaticDependenciesID=3cbc02ba94637219beb749bc91aa127d 
Number of updated asset objects reloaded before import = 0Number of asset objects unloaded after import = 1

========================================================================
Received Import Request.
  Time since last request: 0.000020 seconds.
  path: Assets/materials/reuv/3.fbx
  importAddress: Guid(339e6908f91c4a340aab0be08c6a9ef7) Importer(2089858483,b0f066a214c2f5e87bad3c948f4d605d)
Start importing Assets/materials/reuv/3.fbx using Guid(339e6908f91c4a340aab0be08c6a9ef7) Importer(2089858483,b0f066a214c2f5e87bad3c948f4d605d) (ScriptedImporter) -> (Import Result ID: 'b78ff4d2b55357f316826488313bb0e8') in 0.0079977 seconds [static and dynamic dependencies]. Details - ImportResultOutputID=a6214b4a3e74c7f35ecb543fc609302d DependenciesID=ffa49c917798a088d66b9840da7e19dd StaticDependenciesID=4c211e1606877d2bbbe67df91d0525cc 
Number of updated asset objects reloaded before import = 0Number of asset objects unloaded after import = 8

========================================================================
Received Import Request.
  Time since last request: 0.000019 seconds.
  path: Assets/materials/burn/burn1.mat
  importAddress: Guid(7695820ebf6639f48b7883d52293b239) Importer(2089858483,b0f066a214c2f5e87bad3c948f4d605d)
Start importing Assets/materials/burn/burn1.mat using Guid(7695820ebf6639f48b7883d52293b239) Importer(2089858483,b0f066a214c2f5e87bad3c948f4d605d) (ScriptedImporter) -> (Import Result ID: 'edef84990d1570b410e21261f902de8c') in 0.0109973 seconds [static and dynamic dependencies]. Details - ImportResultOutputID=02660c98de8a654e5d4f12fa861449b9 DependenciesID=eee4f1f34be85d28979a70e2476e6f00 StaticDependenciesID=3c46acac261ae7153b79d620ea755151 
Number of updated asset objects reloaded before import = 0Number of asset objects unloaded after import = 8

========================================================================
Received Import Request.
  Time since last request: 0.000024 seconds.
  path: Assets/audio 1/tomb/9转头掉落在泥土上.wav
  importAddress: Guid(81aead2d50e44ab4998b818e9605b431) Importer(2089858483,b0f066a214c2f5e87bad3c948f4d605d)
Start importing Assets/audio 1/tomb/9转头掉落在泥土上.wav using Guid(81aead2d50e44ab4998b818e9605b431) Importer(2089858483,b0f066a214c2f5e87bad3c948f4d605d) (ScriptedImporter) -> (Import Result ID: 'a34cbf6d6628a73f8dbb11ce3374f0b6') in 0.0044418 seconds [static and dynamic dependencies]. Details - ImportResultOutputID=70f6d203346fdc8ebaf7d1653e0baf69 DependenciesID=f2def44f66f0fbb9ad3c237ba6ba8013 StaticDependenciesID=62a8d9d0a11d5764a256e30fab0cb63b 
Number of updated asset objects reloaded before import = 0Number of asset objects unloaded after import = 1

========================================================================
Received Import Request.
  Time since last request: 0.000033 seconds.
  path: Assets/materials/reuv/3.mat
  importAddress: Guid(e5227f6e0f2f6bc48823ac0d708cc1b0) Importer(2089858483,b0f066a214c2f5e87bad3c948f4d605d)
Start importing Assets/materials/reuv/3.mat using Guid(e5227f6e0f2f6bc48823ac0d708cc1b0) Importer(2089858483,b0f066a214c2f5e87bad3c948f4d605d) (ScriptedImporter) -> (Import Result ID: '30b25787563cdc48d3de234a99f0bad5') in 0.0113951 seconds [static and dynamic dependencies]. Details - ImportResultOutputID=c7bfd4ea3ed285e0bce108d594e9d10f DependenciesID=71d5f236e3974cf99d4de5cc0c32496e StaticDependenciesID=3ae6bbebc055b23fb92a6f1a16523ce1 
Number of updated asset objects reloaded before import = 0Number of asset objects unloaded after import = 8

========================================================================
Received Import Request.
  Time since last request: 0.000021 seconds.
  path: Assets/Ian's Fire Pack Universal/Scripts/LightFlicker.cs
  importAddress: Guid(af5d4a9da84f6475893ff9d9894d4a4a) Importer(2089858483,b0f066a214c2f5e87bad3c948f4d605d)
Start importing Assets/Ian's Fire Pack Universal/Scripts/LightFlicker.cs using Guid(af5d4a9da84f6475893ff9d9894d4a4a) Importer(2089858483,b0f066a214c2f5e87bad3c948f4d605d) (ScriptedImporter) -> (Import Result ID: '4e15bb2093336710245380a97faef61f') in 0.0032403 seconds [static and dynamic dependencies]. Details - ImportResultOutputID=766b05dc77c2e9bb176c05b0ebfd1fe8 DependenciesID=0c4b0eec40cac402aec8b834958170c6 StaticDependenciesID=f652242441f18b2905eb9a576ae1f743 
Number of updated asset objects reloaded before import = 0Number of asset objects unloaded after import = 0

========================================================================
Received Import Request.
  Time since last request: 0.000066 seconds.
  path: Assets/audio 1/character_voicec/w2.wav
  importAddress: Guid(008734bee3efb8c4d9d91a0db548e56e) Importer(2089858483,b0f066a214c2f5e87bad3c948f4d605d)
Start importing Assets/audio 1/character_voicec/w2.wav using Guid(008734bee3efb8c4d9d91a0db548e56e) Importer(2089858483,b0f066a214c2f5e87bad3c948f4d605d) (ScriptedImporter) -> (Import Result ID: '2cbbb9a3b5ef4cbb38a75bce8dec82e4') in 0.0044883 seconds [static and dynamic dependencies]. Details - ImportResultOutputID=98cc11d0ead9f38863aa5a30fafbc6b3 DependenciesID=3fd82ce2add6734ec903cde9b71d04b8 StaticDependenciesID=f874cfd351c43d1776d083fe02bcf90f 
Number of updated asset objects reloaded before import = 0Number of asset objects unloaded after import = 1

========================================================================
Received Import Request.
  Time since last request: 0.000019 seconds.
  path: Assets/Textures/rock_moss_set_02_nor_gl_4k.exr
  importAddress: Guid(7b2ac004a71e83545841e6e949c32866) Importer(2089858483,b0f066a214c2f5e87bad3c948f4d605d)
Start importing Assets/Textures/rock_moss_set_02_nor_gl_4k.exr using Guid(7b2ac004a71e83545841e6e949c32866) Importer(2089858483,b0f066a214c2f5e87bad3c948f4d605d) (ScriptedImporter) -> (Import Result ID: 'ee80e056d56e1831d8823338aca4a8c0') in 0.0083166 seconds [static and dynamic dependencies]. Details - ImportResultOutputID=3bcc35c0862068c03baaa110274937c9 DependenciesID=6a47dc8d671647659ca9e03b06ffbe3d StaticDependenciesID=2ccf3d1e91618e525e39eb161359eab8 
Number of updated asset objects reloaded before import = 0Number of asset objects unloaded after import = 1

========================================================================
Received Import Request.
  Time since last request: 0.000021 seconds.
  path: Assets/gallery/fde1eb3358f9d63c061f6f65db1c3557.png
  importAddress: Guid(22532354737876140a3915555223b125) Importer(2089858483,b0f066a214c2f5e87bad3c948f4d605d)
Start importing Assets/gallery/fde1eb3358f9d63c061f6f65db1c3557.png using Guid(22532354737876140a3915555223b125) Importer(2089858483,b0f066a214c2f5e87bad3c948f4d605d) (ScriptedImporter) -> (Import Result ID: '711093d93efdc2cc51abcb2d19319262') in 0.0100433 seconds [static and dynamic dependencies]. Details - ImportResultOutputID=cbd70e869aa75014f39855d1a7c4bcdc DependenciesID=5f6f9caeb15742cf4ae71ab0ba0b67ad StaticDependenciesID=f222a8a6e483eb521ab70cf45fb27801 
Number of updated asset objects reloaded before import = 0Number of asset objects unloaded after import = 3

========================================================================
Received Import Request.
  Time since last request: 0.000020 seconds.
  path: Assets/gallery/68f8cbf60f2902cb453340d0dd181b4b.png
  importAddress: Guid(e3ec978bcd2deb34494eccdbaad56e55) Importer(2089858483,b0f066a214c2f5e87bad3c948f4d605d)
Start importing Assets/gallery/68f8cbf60f2902cb453340d0dd181b4b.png using Guid(e3ec978bcd2deb34494eccdbaad56e55) Importer(2089858483,b0f066a214c2f5e87bad3c948f4d605d) (ScriptedImporter) -> (Import Result ID: '8c23856b203f1b2dd54f6cf920cef49b') in 0.0076227 seconds [static and dynamic dependencies]. Details - ImportResultOutputID=7db28be477e2b63e29117b3edd27c212 DependenciesID=7393f30da6408bfad7443d486fb1cf48 StaticDependenciesID=5dbc5eaaf25c04cb7f39fd1b718e32c1 
Number of updated asset objects reloaded before import = 0Number of asset objects unloaded after import = 3

========================================================================
Received Import Request.
  Time since last request: 0.000035 seconds.
  path: Assets/timeline/Timeline_bgmTimeline.playable
  importAddress: Guid(a1453ab93e7ea4840bd3cfd3565e5839) Importer(2089858483,b0f066a214c2f5e87bad3c948f4d605d)
Start importing Assets/timeline/Timeline_bgmTimeline.playable using Guid(a1453ab93e7ea4840bd3cfd3565e5839) Importer(2089858483,b0f066a214c2f5e87bad3c948f4d605d) (ScriptedImporter) -> (Import Result ID: '7031eb2912a618b98d86ff31e4429630') in 0.0060873 seconds [static and dynamic dependencies]. Details - ImportResultOutputID=42bd8f7b68355bd3f3e2e6eb7c15cba7 DependenciesID=b5e1ee6b393e488e3376b6b238d84cf3 StaticDependenciesID=337d13c91b5e68780c18031ecbcc6a6a 
Number of updated asset objects reloaded before import = 0Number of asset objects unloaded after import = 22

========================================================================
Received Import Request.
  Time since last request: 0.000018 seconds.
  path: Assets/gallery/e8062f0a8994621ce439cf0bb1b589dc.png
  importAddress: Guid(ed26d263776f946469344017765b215f) Importer(2089858483,b0f066a214c2f5e87bad3c948f4d605d)
Start importing Assets/gallery/e8062f0a8994621ce439cf0bb1b589dc.png using Guid(ed26d263776f946469344017765b215f) Importer(2089858483,b0f066a214c2f5e87bad3c948f4d605d) (ScriptedImporter) -> (Import Result ID: 'fcfac07472953ba04ce96f89fdf43890') in 0.0064906 seconds [static and dynamic dependencies]. Details - ImportResultOutputID=2fc70014399930ddb4109f7cc797fc0b DependenciesID=8fbd261656685cc54d0be59d3274b00b StaticDependenciesID=a9803ed8418b59344adbb23d6e35dc78 
Number of updated asset objects reloaded before import = 0Number of asset objects unloaded after import = 3

========================================================================
Received Import Request.
  Time since last request: 0.000027 seconds.
  path: Assets/Settings/PC_RPAsset.asset
  importAddress: Guid(4b83569d67af61e458304325a23e5dfd) Importer(2089858483,b0f066a214c2f5e87bad3c948f4d605d)
Start importing Assets/Settings/PC_RPAsset.asset using Guid(4b83569d67af61e458304325a23e5dfd) Importer(2089858483,b0f066a214c2f5e87bad3c948f4d605d) (ScriptedImporter) -> (Import Result ID: 'fc3a8a2a1658f5d4dabc561acce903ed') in 0.0072041 seconds [static and dynamic dependencies]. Details - ImportResultOutputID=6bf13afc66f625cebfa0d72c18d57b8a DependenciesID=95af7024de2042a28521b57d1bb21759 StaticDependenciesID=3d573e0ff48bf7ed421285a4f7e866a0 
Number of updated asset objects reloaded before import = 0Number of asset objects unloaded after import = 1

========================================================================
Received Import Request.
  Time since last request: 0.000017 seconds.
  path: Assets/materials/reuv/4.fbx
  importAddress: Guid(87189ba63049b9e43b25c35ed2039330) Importer(2089858483,b0f066a214c2f5e87bad3c948f4d605d)
Start importing Assets/materials/reuv/4.fbx using Guid(87189ba63049b9e43b25c35ed2039330) Importer(2089858483,b0f066a214c2f5e87bad3c948f4d605d) (ScriptedImporter) -> (Import Result ID: 'e31801a40329194e6ccca230e56ddbca') in 0.0079894 seconds [static and dynamic dependencies]. Details - ImportResultOutputID=e3e497902af2ec2877d46b83ce022c8a DependenciesID=c8a8a743f95d2276d1ac7c1df2da3c9b StaticDependenciesID=d0418eb6107afef2c27632f44578e108 
Number of updated asset objects reloaded before import = 0Number of asset objects unloaded after import = 8

========================================================================
Received Import Request.
  Time since last request: 0.124237 seconds.
  path: Assets/materials/reuv/newBase3.png
  importAddress: Guid(b26666377f2bc31418c4144ae162b886) Importer(2089858483,b0f066a214c2f5e87bad3c948f4d605d)
Start importing Assets/materials/reuv/newBase3.png using Guid(b26666377f2bc31418c4144ae162b886) Importer(2089858483,b0f066a214c2f5e87bad3c948f4d605d) (ScriptedImporter) -> (Import Result ID: '89bced889f6120bb0645518cc4d6d1c2') in 0.0065937 seconds [static and dynamic dependencies]. Details - ImportResultOutputID=11cfb6706c7b8ced3806e120a8841897 DependenciesID=313116cec621e1929ea82c0bea2234a3 StaticDependenciesID=c252669d5219582257c92f699fb89dab 
Number of updated asset objects reloaded before import = 0Number of asset objects unloaded after import = 1

========================================================================
Received Import Request.
  Time since last request: 0.000021 seconds.
  path: Assets/materials/reuv/newNormal1.png
  importAddress: Guid(3e49e1f208315f74d988d7077aff2b26) Importer(2089858483,b0f066a214c2f5e87bad3c948f4d605d)
Start importing Assets/materials/reuv/newNormal1.png using Guid(3e49e1f208315f74d988d7077aff2b26) Importer(2089858483,b0f066a214c2f5e87bad3c948f4d605d) (ScriptedImporter) -> (Import Result ID: 'e41a660ca8a12a2bb32b9e128d27136c') in 0.0090557 seconds [static and dynamic dependencies]. Details - ImportResultOutputID=47be967f1658e695bed0eec845b7cd34 DependenciesID=dcbdc5a26eb4596ace1e4dff0779d95c StaticDependenciesID=4c9c5a14b34002b3e4e32d0dbff15d2f 
Number of updated asset objects reloaded before import = 0Number of asset objects unloaded after import = 1

========================================================================
Received Import Request.
  Time since last request: 0.000022 seconds.
  path: Assets/TextMesh Pro/Shaders/TMP_SDF-Surface.shader
  importAddress: Guid(f7ada0af4f174f0694ca6a487b8f543d) Importer(2089858483,b0f066a214c2f5e87bad3c948f4d605d)
Start importing Assets/TextMesh Pro/Shaders/TMP_SDF-Surface.shader using Guid(f7ada0af4f174f0694ca6a487b8f543d) Importer(2089858483,b0f066a214c2f5e87bad3c948f4d605d) (ScriptedImporter) -> (Import Result ID: 'd8fd071376204882f596940f34614454') in 0.0035605 seconds [static and dynamic dependencies]. Details - ImportResultOutputID=68592d3c7e2e75abd027d7680d8ad9ca DependenciesID=fdacfda39366ab1b6fa3f40c20a9a1c8 StaticDependenciesID=4be9fe2bc8c8a5e12a808b7d050f93d3 
Number of updated asset objects reloaded before import = 0Number of asset objects unloaded after import = 1

========================================================================
Received Import Request.
  Time since last request: 0.000020 seconds.
  path: Assets/materials/reuv/newNormal2.png
  importAddress: Guid(75dc58be4281b9848bf52e82f6506a22) Importer(2089858483,b0f066a214c2f5e87bad3c948f4d605d)
Start importing Assets/materials/reuv/newNormal2.png using Guid(75dc58be4281b9848bf52e82f6506a22) Importer(2089858483,b0f066a214c2f5e87bad3c948f4d605d) (ScriptedImporter) -> (Import Result ID: '1f7c97d0d4e31493a191d5e97c32807f') in 0.0062249 seconds [static and dynamic dependencies]. Details - ImportResultOutputID=79a8c84f01a83e1190e355dbb8e0f037 DependenciesID=66259b60f070e95001cd1944c6507ec0 StaticDependenciesID=75915272b2e0bfa7be8e3ceed960a9c1 
Number of updated asset objects reloaded before import = 0Number of asset objects unloaded after import = 1

========================================================================
Received Import Request.
  Time since last request: 0.000029 seconds.
  path: Assets/TripoModels/chinese_scholar_statue_3d_model/chinese_scholar_statue_3d_model.fbx
  importAddress: Guid(af997906648985447894d166325d9456) Importer(2089858483,b0f066a214c2f5e87bad3c948f4d605d)
Start importing Assets/TripoModels/chinese_scholar_statue_3d_model/chinese_scholar_statue_3d_model.fbx using Guid(af997906648985447894d166325d9456) Importer(2089858483,b0f066a214c2f5e87bad3c948f4d605d) (ScriptedImporter)MaterialLocation.External is obsolete. External Material Location is no longer supported. (Assets/TripoModels/chinese_scholar_statue_3d_model/chinese_scholar_statue_3d_model.fbx)
 -> (Import Result ID: 'acb97edeccd0aa56ee72733441f872d2') in 0.0105071 seconds [static and dynamic dependencies]. Details - ImportResultOutputID=eb3bef19bedc7f7adfe6161dce2cf9fc DependenciesID=62d3a6bb5d4c7104b528c8eaa1ce6406 StaticDependenciesID=f9557f49a8a698afb50565cc3718ba33 
Number of updated asset objects reloaded before import = 0Number of asset objects unloaded after import = 8

========================================================================
Received Import Request.
  Time since last request: 0.000019 seconds.
  path: Assets/TripoModels/stone_sculpture_prop_3d_model/stone_sculpture_prop_3d_model.fbx
  importAddress: Guid(c8a0d9fca1d9e484d9d2495a288f934d) Importer(2089858483,b0f066a214c2f5e87bad3c948f4d605d)
Start importing Assets/TripoModels/stone_sculpture_prop_3d_model/stone_sculpture_prop_3d_model.fbx using Guid(c8a0d9fca1d9e484d9d2495a288f934d) Importer(2089858483,b0f066a214c2f5e87bad3c948f4d605d) (ScriptedImporter) -> (Import Result ID: '87b03c1c61df75fdef47da49801f4849') in 0.0151208 seconds [static and dynamic dependencies]. Details - ImportResultOutputID=6b2d3570aa94ee12a445b0e9026f874e DependenciesID=7bfcb872f9e31e243c7cc492bec4d9b7 StaticDependenciesID=fafbb3b494cb0cd4bd759763aa8a880d 
Number of updated asset objects reloaded before import = 0Number of asset objects unloaded after import = 10

========================================================================
Received Import Request.
  Time since last request: 0.000024 seconds.
  path: Assets/Textures/Sand_3/Sand_3_AlbedoSmoothness.png
  importAddress: Guid(fa2df09dd04a8be40b2b479d0cb6ba35) Importer(2089858483,b0f066a214c2f5e87bad3c948f4d605d)
Start importing Assets/Textures/Sand_3/Sand_3_AlbedoSmoothness.png using Guid(fa2df09dd04a8be40b2b479d0cb6ba35) Importer(2089858483,b0f066a214c2f5e87bad3c948f4d605d) (ScriptedImporter) -> (Import Result ID: '44312f013be270328e12230abf28ada8') in 0.0072778 seconds [static and dynamic dependencies]. Details - ImportResultOutputID=342271ab83a1215c740808221ab17751 DependenciesID=805735ab55761f914f1b97288feee165 StaticDependenciesID=18e4b2300f9054f181ddb5da16e1df86 
Number of updated asset objects reloaded before import = 0Number of asset objects unloaded after import = 1

========================================================================
Received Import Request.
  Time since last request: 0.000042 seconds.
  path: Assets/TextMesh Pro/Shaders/TMPro_Mobile.cginc
  importAddress: Guid(c334973cef89a9840b0b0c507e0377ab) Importer(2089858483,b0f066a214c2f5e87bad3c948f4d605d)
Start importing Assets/TextMesh Pro/Shaders/TMPro_Mobile.cginc using Guid(c334973cef89a9840b0b0c507e0377ab) Importer(2089858483,b0f066a214c2f5e87bad3c948f4d605d) (ScriptedImporter) -> (Import Result ID: 'c2a04953ede96ef81bf794f9be64eb6a') in 0.0042147 seconds [static and dynamic dependencies]. Details - ImportResultOutputID=85a2c69b4f784efc2e56fab9f3294f9a DependenciesID=4fa22ae5160e3f9bb3b5046934542524 StaticDependenciesID=3c52ead75c0407d07f24c091d109dded 
Number of updated asset objects reloaded before import = 0Number of asset objects unloaded after import = 1

========================================================================
Received Import Request.
  Time since last request: 0.000021 seconds.
  path: Assets/Textures/Sand_2/Sand_2_Normal.png
  importAddress: Guid(56c426f896c60d04cac1709c6c1c68e1) Importer(2089858483,b0f066a214c2f5e87bad3c948f4d605d)
Start importing Assets/Textures/Sand_2/Sand_2_Normal.png using Guid(56c426f896c60d04cac1709c6c1c68e1) Importer(2089858483,b0f066a214c2f5e87bad3c948f4d605d) (ScriptedImporter) -> (Import Result ID: '379be2cce9b07b89709d38c4810682c6') in 0.0069611 seconds [static and dynamic dependencies]. Details - ImportResultOutputID=4cdadce9e81bac248a66bb9142f279a7 DependenciesID=34128ed4f41c154db38da7d639bbe79f StaticDependenciesID=bed20dfef283e0c01a38779be43c510d 
Number of updated asset objects reloaded before import = 0Number of asset objects unloaded after import = 1

========================================================================
Received Import Request.
  Time since last request: 0.000023 seconds.
  path: Assets/materials/reuv/重uv-1.fbx
  importAddress: Guid(92810762bce1e0343ba34321b639dfcb) Importer(2089858483,b0f066a214c2f5e87bad3c948f4d605d)
Start importing Assets/materials/reuv/重uv-1.fbx using Guid(92810762bce1e0343ba34321b639dfcb) Importer(2089858483,b0f066a214c2f5e87bad3c948f4d605d) (ScriptedImporter) -> (Import Result ID: '5aa53485248ebfb04bf02dcab32b2d3e') in 0.0111407 seconds [static and dynamic dependencies]. Details - ImportResultOutputID=cb099b6a13c38268081d8a8c3b63e079 DependenciesID=f2de597bad852a93872db1c52508aafe StaticDependenciesID=eafc897049fa0ba7f8a924c809622b4c 
Number of updated asset objects reloaded before import = 0Number of asset objects unloaded after import = 8

========================================================================
Received Import Request.
  Time since last request: 0.000032 seconds.
  path: Assets/Textures/Sand_3/Sand_3_MetallicSmoothness.png
  importAddress: Guid(b399f971c0d5248469121fceaeeb6cff) Importer(2089858483,b0f066a214c2f5e87bad3c948f4d605d)
Start importing Assets/Textures/Sand_3/Sand_3_MetallicSmoothness.png using Guid(b399f971c0d5248469121fceaeeb6cff) Importer(2089858483,b0f066a214c2f5e87bad3c948f4d605d) (ScriptedImporter) -> (Import Result ID: 'e635bc4df4c77143dc1968f69a964ff1') in 0.0064589 seconds [static and dynamic dependencies]. Details - ImportResultOutputID=48c98b3ec7d948b50ee1de65f302dc44 DependenciesID=13999d5ed9bd73339832ece898c32a1b StaticDependenciesID=f6dfcddaa6954c52f4f2328028ded500 
Number of updated asset objects reloaded before import = 0Number of asset objects unloaded after import = 1

========================================================================
Received Import Request.
  Time since last request: 0.000021 seconds.
  path: Assets/Textures/Mud_1/Mud_1_AlbedoSmoothness.png
  importAddress: Guid(345e8018ea86f5040857eca41c75ff32) Importer(2089858483,b0f066a214c2f5e87bad3c948f4d605d)
Start importing Assets/Textures/Mud_1/Mud_1_AlbedoSmoothness.png using Guid(345e8018ea86f5040857eca41c75ff32) Importer(2089858483,b0f066a214c2f5e87bad3c948f4d605d) (ScriptedImporter) -> (Import Result ID: '639c898ee5b51f177eee180c875ac314') in 0.0065038 seconds [static and dynamic dependencies]. Details - ImportResultOutputID=3b2560acfcae767a08fbccf95f75a726 DependenciesID=29a6f511c399d23459823cf598f5c2ae StaticDependenciesID=e15c6453952d1cd7f022c749ae89d12a 
Number of updated asset objects reloaded before import = 0Number of asset objects unloaded after import = 1

========================================================================
Received Import Request.
  Time since last request: 0.000021 seconds.
  path: Assets/TripoModels/ornate_crown_statue_3d_model/ornate_crown_statue_3d_model.fbx
  importAddress: Guid(eb95967db51914b4983700496b3d386f) Importer(2089858483,b0f066a214c2f5e87bad3c948f4d605d)
Start importing Assets/TripoModels/ornate_crown_statue_3d_model/ornate_crown_statue_3d_model.fbx using Guid(eb95967db51914b4983700496b3d386f) Importer(2089858483,b0f066a214c2f5e87bad3c948f4d605d) (ScriptedImporter)MaterialLocation.External is obsolete. External Material Location is no longer supported. (Assets/TripoModels/ornate_crown_statue_3d_model/ornate_crown_statue_3d_model.fbx)
 -> (Import Result ID: '8020fa3d46cb9bc4e3159a6c86ceca2e') in 0.0076275 seconds [static and dynamic dependencies]. Details - ImportResultOutputID=107a63cdc4d197440c93f626a41c0204 DependenciesID=99b73d4bb1c721aab2af33c89632cbdc StaticDependenciesID=737ca0a65bfe56038788d929f9a9d4bb 
Number of updated asset objects reloaded before import = 0Number of asset objects unloaded after import = 8

========================================================================
Received Import Request.
  Time since last request: 0.000020 seconds.
  path: Assets/TextMesh Pro/Shaders/TMP_SDF-Mobile Masking.shader
  importAddress: Guid(bc1ede39bf3643ee8e493720e4259791) Importer(2089858483,b0f066a214c2f5e87bad3c948f4d605d)
Start importing Assets/TextMesh Pro/Shaders/TMP_SDF-Mobile Masking.shader using Guid(bc1ede39bf3643ee8e493720e4259791) Importer(2089858483,b0f066a214c2f5e87bad3c948f4d605d) (ScriptedImporter) -> (Import Result ID: '5f53cc9f71d4afcdc520eb0b264f26ee') in 0.0040276 seconds [static and dynamic dependencies]. Details - ImportResultOutputID=4c22459e5f108b64b574e9f209f984b1 DependenciesID=9880e2cc8581c004e12a1775f90cb063 StaticDependenciesID=b2e4bad493ac3537cb302ac08a5c77f9 
Number of updated asset objects reloaded before import = 0Number of asset objects unloaded after import = 1

========================================================================
Received Import Request.
  Time since last request: 0.000019 seconds.
  path: Assets/materials/reuv/newBase4.png
  importAddress: Guid(388f46ae9e2b1444489b1b4466f9f04b) Importer(2089858483,b0f066a214c2f5e87bad3c948f4d605d)
Start importing Assets/materials/reuv/newBase4.png using Guid(388f46ae9e2b1444489b1b4466f9f04b) Importer(2089858483,b0f066a214c2f5e87bad3c948f4d605d) (ScriptedImporter) -> (Import Result ID: '6662121f9652a493c955b0dac8c893ac') in 0.0058042 seconds [static and dynamic dependencies]. Details - ImportResultOutputID=504f4c18adb797069afc125f2c926e97 DependenciesID=8abcba2d89dbfc9aa07751c037a6156e StaticDependenciesID=c1ad61b25e1bf952be9edb5a873255ef 
Number of updated asset objects reloaded before import = 0Number of asset objects unloaded after import = 1

========================================================================
Received Import Request.
  Time since last request: 0.000020 seconds.
  path: Assets/materials/textures/Meshy_AI_Ritual_bronze_ding_0703085930_texture.png
  importAddress: Guid(01b982c28311ce243bc58bcec7acb3e1) Importer(2089858483,b0f066a214c2f5e87bad3c948f4d605d)
Start importing Assets/materials/textures/Meshy_AI_Ritual_bronze_ding_0703085930_texture.png using Guid(01b982c28311ce243bc58bcec7acb3e1) Importer(2089858483,b0f066a214c2f5e87bad3c948f4d605d) (ScriptedImporter) -> (Import Result ID: '040a9a390db50cf05587fc291ebcabec') in 0.0070892 seconds [static and dynamic dependencies]. Details - ImportResultOutputID=d4029874f395fddd429118168ad411e4 DependenciesID=16d467367defdd9c0993924e515d1e05 StaticDependenciesID=a00caa60908821a97dbfca3b13724ff8 
Number of updated asset objects reloaded before import = 0Number of asset objects unloaded after import = 1

========================================================================
Received Import Request.
  Time since last request: 0.000024 seconds.
  path: Assets/TextMesh Pro/Shaders/TMP_Bitmap-Mobile.shader
  importAddress: Guid(1e3b057af24249748ff873be7fafee47) Importer(2089858483,b0f066a214c2f5e87bad3c948f4d605d)
Start importing Assets/TextMesh Pro/Shaders/TMP_Bitmap-Mobile.shader using Guid(1e3b057af24249748ff873be7fafee47) Importer(2089858483,b0f066a214c2f5e87bad3c948f4d605d) (ScriptedImporter) -> (Import Result ID: 'b7aba6b6c0532d4e2bf1b7062b966e7e') in 0.0033414 seconds [static and dynamic dependencies]. Details - ImportResultOutputID=0f9502fe704a17702efff87909bf0bc0 DependenciesID=bb78558fe1c79297f1713e000b39bc75 StaticDependenciesID=ba05bf65226584121c1346f54df493db 
Number of updated asset objects reloaded before import = 0Number of asset objects unloaded after import = 1

========================================================================
Received Import Request.
  Time since last request: 0.000036 seconds.
  path: Assets/materials/reuv/newNormal4.png
  importAddress: Guid(6a39ebb0c87604a4585a8c0209c77d94) Importer(2089858483,b0f066a214c2f5e87bad3c948f4d605d)
Start importing Assets/materials/reuv/newNormal4.png using Guid(6a39ebb0c87604a4585a8c0209c77d94) Importer(2089858483,b0f066a214c2f5e87bad3c948f4d605d) (ScriptedImporter) -> (Import Result ID: '588b2187ebd9ae516db8c9fbf8f9fc52') in 0.0059601 seconds [static and dynamic dependencies]. Details - ImportResultOutputID=969c82ca89c1a98ad4463b3dcedacdb7 DependenciesID=7b9eeed5f551176020a91cdc11503c6f StaticDependenciesID=0f520bdf63ea629595a2f92770f6d183 
Number of updated asset objects reloaded before import = 0Number of asset objects unloaded after import = 1

========================================================================
Received Import Request.
  Time since last request: 0.000020 seconds.
  path: Assets/TextMesh Pro/Shaders/TMPro.cginc
  importAddress: Guid(407bc68d299748449bbf7f48ee690f8d) Importer(2089858483,b0f066a214c2f5e87bad3c948f4d605d)
Start importing Assets/TextMesh Pro/Shaders/TMPro.cginc using Guid(407bc68d299748449bbf7f48ee690f8d) Importer(2089858483,b0f066a214c2f5e87bad3c948f4d605d) (ScriptedImporter) -> (Import Result ID: 'b7b6c6b4ded64ce37b2f41e94b17d8dc') in 0.0040479 seconds [static and dynamic dependencies]. Details - ImportResultOutputID=797aae477bae748db41f41cd91dfd016 DependenciesID=ddf0e0bb782239c71e88184cf31ab7f6 StaticDependenciesID=5392e794b82f768427ad6b171babacf0 
Number of updated asset objects reloaded before import = 0Number of asset objects unloaded after import = 1

========================================================================
Received Import Request.
  Time since last request: 0.000020 seconds.
  path: Assets/Textures/Sand_3/Sand_3_Height.png
  importAddress: Guid(30b8c03274863a247824ffa200f20385) Importer(2089858483,b0f066a214c2f5e87bad3c948f4d605d)
Start importing Assets/Textures/Sand_3/Sand_3_Height.png using Guid(30b8c03274863a247824ffa200f20385) Importer(2089858483,b0f066a214c2f5e87bad3c948f4d605d) (ScriptedImporter) -> (Import Result ID: '5f0a6f43301f24f5cb9dcbbfea3fec9c') in 0.0121026 seconds [static and dynamic dependencies]. Details - ImportResultOutputID=73502834d37c69ad9d7c9d580fb87730 DependenciesID=bf898d9fc791162cd3f1ddf2454f8573 StaticDependenciesID=55c957bf85a18116f47539958073b495 
Number of updated asset objects reloaded before import = 0Number of asset objects unloaded after import = 1

========================================================================
Received Import Request.
  Time since last request: 0.000023 seconds.
  path: Assets/Textures/Sand_2/Sand_2_AlbedoSmoothness.png
  importAddress: Guid(7a4ca84bc2dea6e47a90282403c64db7) Importer(2089858483,b0f066a214c2f5e87bad3c948f4d605d)
Start importing Assets/Textures/Sand_2/Sand_2_AlbedoSmoothness.png using Guid(7a4ca84bc2dea6e47a90282403c64db7) Importer(2089858483,b0f066a214c2f5e87bad3c948f4d605d) (ScriptedImporter) -> (Import Result ID: '816c1b3c27e73daca74eb06d11b82127') in 0.0077969 seconds [static and dynamic dependencies]. Details - ImportResultOutputID=6c3d6c98be27e339486b43418881f94f DependenciesID=0e27ae2f4d5bf8672aec93dd9ccec26e StaticDependenciesID=261b142dfe8b60d4d77608d8c88b6e59 
Number of updated asset objects reloaded before import = 0Number of asset objects unloaded after import = 1

========================================================================
Received Import Request.
  Time since last request: 0.415151 seconds.
  path: Assets/XR/Settings/OpenXRPackageSettings.asset
  importAddress: Guid(828c6a0cf1e784444b473687d9c5a97d) Importer(2089858483,b0f066a214c2f5e87bad3c948f4d605d)
Start importing Assets/XR/Settings/OpenXRPackageSettings.asset using Guid(828c6a0cf1e784444b473687d9c5a97d) Importer(2089858483,b0f066a214c2f5e87bad3c948f4d605d) (ScriptedImporter) -> (Import Result ID: 'a1928fa8d3a16fc565ee23b36720883b') in 0.0325609 seconds [static and dynamic dependencies]. Details - ImportResultOutputID=af798b3f76b2448997410ad40f55a87d DependenciesID=4d2c22ef83409e742ea18aaaa200ff3f StaticDependenciesID=f9061e012a0696c12c77395dae1b5b3c 
Number of updated asset objects reloaded before import = 0Number of asset objects unloaded after import = 1

========================================================================
Received Import Request.
  Time since last request: 0.000021 seconds.
  path: Assets/SunboxGames/ModularDungeonCaves/Models/Stones_01.fbx
  importAddress: Guid(76600826f96133347a70d0d3d0b97228) Importer(2089858483,b0f066a214c2f5e87bad3c948f4d605d)
Start importing Assets/SunboxGames/ModularDungeonCaves/Models/Stones_01.fbx using Guid(76600826f96133347a70d0d3d0b97228) Importer(2089858483,b0f066a214c2f5e87bad3c948f4d605d) (ScriptedImporter) -> (Import Result ID: '3224740f568e777fff4a0a5aa12cef9f') in 0.0204195 seconds [static and dynamic dependencies]. Details - ImportResultOutputID=59e6d0272e72da0a3fcd30fa3dfa82a2 DependenciesID=8bba56ac60728faae834b494e4a724fd StaticDependenciesID=fe18cad47c45d04b81a97d96f4606b9c 
Number of updated asset objects reloaded before import = 0Number of asset objects unloaded after import = 144

========================================================================
Received Import Request.
  Time since last request: 0.000036 seconds.
  path: Assets/TextMesh Pro/Resources/Fonts & Materials/LiberationSans SDF - Outline.mat
  importAddress: Guid(79459efec17a4d00a321bdcc27bbc385) Importer(2089858483,b0f066a214c2f5e87bad3c948f4d605d)
Start importing Assets/TextMesh Pro/Resources/Fonts & Materials/LiberationSans SDF - Outline.mat using Guid(79459efec17a4d00a321bdcc27bbc385) Importer(2089858483,b0f066a214c2f5e87bad3c948f4d605d) (ScriptedImporter) -> (Import Result ID: '3c973c6ab44e77a292ddc4e476731e3d') in 0.0111491 seconds [static and dynamic dependencies]. Details - ImportResultOutputID=e1514d29d4daabd0f4f58a9f66ef6625 DependenciesID=605ea2213ca3bb1f4d99fd6bc5e55f86 StaticDependenciesID=f2f0736f3a5db41089dc2de22e52e727 
Number of updated asset objects reloaded before import = 0Number of asset objects unloaded after import = 2

========================================================================
Received Import Request.
  Time since last request: 0.000024 seconds.
  path: Assets/TripoModels/ancient_statue_3d_model_1/ancient_statue_3d_model_1.fbm/ancient_statue_3d_model_metallic_Smoothness.png
  importAddress: Guid(add22a6e0ca3da640927ad764072ebef) Importer(2089858483,b0f066a214c2f5e87bad3c948f4d605d)
Start importing Assets/TripoModels/ancient_statue_3d_model_1/ancient_statue_3d_model_1.fbm/ancient_statue_3d_model_metallic_Smoothness.png using Guid(add22a6e0ca3da640927ad764072ebef) Importer(2089858483,b0f066a214c2f5e87bad3c948f4d605d) (ScriptedImporter) -> (Import Result ID: '68b1c271d82d381c3d9dca62231c135f') in 0.0105178 seconds [static and dynamic dependencies]. Details - ImportResultOutputID=8d84254119bb1f30646917c6f654ce3f DependenciesID=01f7d68ab9e2c41f90df0fc44b50356f StaticDependenciesID=add9979b09c3c8e7d8e8c5f4b0055bf2 
Number of updated asset objects reloaded before import = 0Number of asset objects unloaded after import = 1

========================================================================
Received Import Request.
  Time since last request: 0.000018 seconds.
  path: Assets/materials/Meshy_AI_Cracked_ancient_bottl_0801055100_texture_fbx/Materials/Meshy_AI_Cracked_ancient_bottl_0801055100_texture.mat
  importAddress: Guid(45b397c9122765d48951542bebf08302) Importer(2089858483,b0f066a214c2f5e87bad3c948f4d605d)
Start importing Assets/materials/Meshy_AI_Cracked_ancient_bottl_0801055100_texture_fbx/Materials/Meshy_AI_Cracked_ancient_bottl_0801055100_texture.mat using Guid(45b397c9122765d48951542bebf08302) Importer(2089858483,b0f066a214c2f5e87bad3c948f4d605d) (ScriptedImporter) -> (Import Result ID: 'ef967061dd497046472950814f59eefc') in 0.0064031 seconds [static and dynamic dependencies]. Details - ImportResultOutputID=7bac34584134ec85c1e79035da58cf98 DependenciesID=ca0fdfba55e5d7a0b2359172f1c1a767 StaticDependenciesID=32356f08a5fb6a6a1ddffc895d854e90 
Number of updated asset objects reloaded before import = 0Number of asset objects unloaded after import = 2

========================================================================
Received Import Request.
  Time since last request: 0.000026 seconds.
  path: Assets/SunboxGames/ModularDungeonCaves/Models/DungeonProps04.fbx
  importAddress: Guid(3883d7e7ecdf63d49b4c0b34288399bd) Importer(2089858483,b0f066a214c2f5e87bad3c948f4d605d)
Start importing Assets/SunboxGames/ModularDungeonCaves/Models/DungeonProps04.fbx using Guid(3883d7e7ecdf63d49b4c0b34288399bd) Importer(2089858483,b0f066a214c2f5e87bad3c948f4d605d) (ScriptedImporter) -> (Import Result ID: 'c0bb01764a78c46358c729a641332a0c') in 0.0138602 seconds [static and dynamic dependencies]. Details - ImportResultOutputID=7f3d738818173db349540c02072c649f DependenciesID=d81bc40804ba4b68dcf7d1aff3ff7190 StaticDependenciesID=103e3145f2799faf4799c078e056ba29 
Number of updated asset objects reloaded before import = 0Number of asset objects unloaded after import = 75

========================================================================
Received Import Request.
  Time since last request: 0.000020 seconds.
  path: Assets/SunboxGames/ModularDungeonCaves/Models/Mushrooms.fbx
  importAddress: Guid(35e29f74a688a6e4c902bfa79d6f7cca) Importer(2089858483,b0f066a214c2f5e87bad3c948f4d605d)
Start importing Assets/SunboxGames/ModularDungeonCaves/Models/Mushrooms.fbx using Guid(35e29f74a688a6e4c902bfa79d6f7cca) Importer(2089858483,b0f066a214c2f5e87bad3c948f4d605d) (ScriptedImporter) -> (Import Result ID: 'bc6bf8ac47ffc1b39197dd3581380c88') in 0.0087586 seconds [static and dynamic dependencies]. Details - ImportResultOutputID=4e6f3548c476978da22825202d0cc7d2 DependenciesID=1f2cc3a569ad235759e5c2088cad7d1b StaticDependenciesID=d8863a09c97f003c1e86cb3e00423084 
Number of updated asset objects reloaded before import = 0Number of asset objects unloaded after import = 39

========================================================================
Received Import Request.
  Time since last request: 0.000036 seconds.
  path: Assets/SunboxGames/ModularDungeonCaves/Materials/DungeonProps05.mat
  importAddress: Guid(03acc9347e037aa48902027ad10c4886) Importer(2089858483,b0f066a214c2f5e87bad3c948f4d605d)
Start importing Assets/SunboxGames/ModularDungeonCaves/Materials/DungeonProps05.mat using Guid(03acc9347e037aa48902027ad10c4886) Importer(2089858483,b0f066a214c2f5e87bad3c948f4d605d) (ScriptedImporter) -> (Import Result ID: 'd1d92bb9366acfa1519ae177eb787aeb') in 0.1072767 seconds [static and dynamic dependencies]. Details - ImportResultOutputID=4031ae788319e2eea5b514c2936f03f7 DependenciesID=ba50daca8bd560d2a6260482821cbc01 StaticDependenciesID=8d41656000a2175ffdcaeda9c758e4cf 
Number of updated asset objects reloaded before import = 0Number of asset objects unloaded after import = 5

========================================================================
Received Import Request.
  Time since last request: 0.000039 seconds.
  path: Assets/Ian's Fire Pack Universal/_URP Specific/Materials/TorchURP.mat
  importAddress: Guid(eb81e34137edb4b9aab390f922906848) Importer(2089858483,b0f066a214c2f5e87bad3c948f4d605d)
Start importing Assets/Ian's Fire Pack Universal/_URP Specific/Materials/TorchURP.mat using Guid(eb81e34137edb4b9aab390f922906848) Importer(2089858483,b0f066a214c2f5e87bad3c948f4d605d) (ScriptedImporter) -> (Import Result ID: '8fd350624b253e58d38f0ec86b86d34b') in 0.0094506 seconds [static and dynamic dependencies]. Details - ImportResultOutputID=92879b92f131a0f7328c72922e9f7bda DependenciesID=61c40b4bf44ef12acf46d3cab21482b7 StaticDependenciesID=0b3baff82cda1e519f7cc2c241cc4863 
Number of updated asset objects reloaded before import = 0Number of asset objects unloaded after import = 10

========================================================================
Received Import Request.
  Time since last request: 0.000021 seconds.
  path: Assets/TripoModels/ancient_statue_3d_model_2/ancient_statue_3d_model_2.fbm/ancient_statue_3d_model_metallic_Smoothness.png
  importAddress: Guid(20718f66fdef1364a8ec2ff976b6fd65) Importer(2089858483,b0f066a214c2f5e87bad3c948f4d605d)
Start importing Assets/TripoModels/ancient_statue_3d_model_2/ancient_statue_3d_model_2.fbm/ancient_statue_3d_model_metallic_Smoothness.png using Guid(20718f66fdef1364a8ec2ff976b6fd65) Importer(2089858483,b0f066a214c2f5e87bad3c948f4d605d) (ScriptedImporter) -> (Import Result ID: 'bdbce1a750c55fdad89e42550a1a1eed') in 0.0096706 seconds [static and dynamic dependencies]. Details - ImportResultOutputID=e7b8fbf19aa87eb2718f7653f94333be DependenciesID=ecb34842af0e5de5819c2ab5bf9f04d8 StaticDependenciesID=1cdaf8dc11060c82b0554ec1232b06f5 
Number of updated asset objects reloaded before import = 0Number of asset objects unloaded after import = 1

========================================================================
Received Import Request.
  Time since last request: 0.000023 seconds.
  path: Assets/SunboxGames/ModularDungeonCaves/Models/Roots_01.fbx
  importAddress: Guid(6040fd44f8da8dc4cb42d0d452f01fab) Importer(2089858483,b0f066a214c2f5e87bad3c948f4d605d)
Start importing Assets/SunboxGames/ModularDungeonCaves/Models/Roots_01.fbx using Guid(6040fd44f8da8dc4cb42d0d452f01fab) Importer(2089858483,b0f066a214c2f5e87bad3c948f4d605d) (ScriptedImporter) -> (Import Result ID: '7fa61d16190ab470a54a8922895dcbf5') in 0.009036 seconds [static and dynamic dependencies]. Details - ImportResultOutputID=dd518b96338a12aac1cafdaa0da7ce2e DependenciesID=c622b98c292e56d012601f172477e616 StaticDependenciesID=8f4ee39695ca496f01cbee8a6a3431dc 
Number of updated asset objects reloaded before import = 0Number of asset objects unloaded after import = 44

========================================================================
Received Import Request.
  Time since last request: 0.000027 seconds.
  path: Assets/TripoModels/ancient_chinese_statue_3d_model/Materials/ancient_chinese_statue_3d_model_basecolor.mat
  importAddress: Guid(b11511cf7a2a507489b42d0179caacda) Importer(2089858483,b0f066a214c2f5e87bad3c948f4d605d)
Start importing Assets/TripoModels/ancient_chinese_statue_3d_model/Materials/ancient_chinese_statue_3d_model_basecolor.mat using Guid(b11511cf7a2a507489b42d0179caacda) Importer(2089858483,b0f066a214c2f5e87bad3c948f4d605d) (ScriptedImporter) -> (Import Result ID: '5e50804e76691aa18bf0b211c98ff764') in 0.0181937 seconds [static and dynamic dependencies]. Details - ImportResultOutputID=0f75dd2366ea76bd4d3833ed8d8a43c0 DependenciesID=3bb2c36f87e48a07e3ee5c360074d315 StaticDependenciesID=10eb99950e4dd51555d43f9d3ab398e1 
Number of updated asset objects reloaded before import = 0Number of asset objects unloaded after import = 4

========================================================================
Received Import Request.
  Time since last request: 0.000027 seconds.
  path: Assets/TripoModels/ancient_statue_3d_model_2/ancient_statue_3d_model_2.fbm/ancient_statue_3d_model_normal.JPEG
  importAddress: Guid(7dec71b75d3a7f54b8724727bee5ad9f) Importer(2089858483,b0f066a214c2f5e87bad3c948f4d605d)
Start importing Assets/TripoModels/ancient_statue_3d_model_2/ancient_statue_3d_model_2.fbm/ancient_statue_3d_model_normal.JPEG using Guid(7dec71b75d3a7f54b8724727bee5ad9f) Importer(2089858483,b0f066a214c2f5e87bad3c948f4d605d) (ScriptedImporter) -> (Import Result ID: '8aed751d3651f337a3903c1f3047fdfd') in 0.0072829 seconds [static and dynamic dependencies]. Details - ImportResultOutputID=97559c8f12f09b124e0ce4a1f9fd64a4 DependenciesID=75e16aac129b32eaf5685a245ba90f6c StaticDependenciesID=d2745d7a478de453fe25c7aab4dafcba 
Number of updated asset objects reloaded before import = 0Number of asset objects unloaded after import = 1

========================================================================
Received Import Request.
  Time since last request: 0.000023 seconds.
  path: Assets/materials/Meshy_AI_Fragmented_Runic_Tabl_0801055010_texture_fbx/Materials/Meshy_AI_Fragmented_Runic_Tabl_0801055010_texture.mat
  importAddress: Guid(321660432a2f27f4d9ae1702f59e5bfe) Importer(2089858483,b0f066a214c2f5e87bad3c948f4d605d)
Start importing Assets/materials/Meshy_AI_Fragmented_Runic_Tabl_0801055010_texture_fbx/Materials/Meshy_AI_Fragmented_Runic_Tabl_0801055010_texture.mat using Guid(321660432a2f27f4d9ae1702f59e5bfe) Importer(2089858483,b0f066a214c2f5e87bad3c948f4d605d) (ScriptedImporter) -> (Import Result ID: '31c2725cabd06c480a981923d4af9827') in 0.0074756 seconds [static and dynamic dependencies]. Details - ImportResultOutputID=852f31c178ee3409cb1460462a578f2d DependenciesID=e749d631faf07f53eadaba104c31229a StaticDependenciesID=b9e6d9e7c5fb082c9516b40d78725406 
Number of updated asset objects reloaded before import = 0Number of asset objects unloaded after import = 2

========================================================================
Received Import Request.
  Time since last request: 0.000041 seconds.
  path: Assets/TripoModels/ancient_chinese_queen_3d_model/ancient_chinese_queen_3d_model.fbm/ancient_chinese_queen_3d_model_normal.JPEG
  importAddress: Guid(abe4b317e9ffff145ab95136be476f68) Importer(2089858483,b0f066a214c2f5e87bad3c948f4d605d)
Start importing Assets/TripoModels/ancient_chinese_queen_3d_model/ancient_chinese_queen_3d_model.fbm/ancient_chinese_queen_3d_model_normal.JPEG using Guid(abe4b317e9ffff145ab95136be476f68) Importer(2089858483,b0f066a214c2f5e87bad3c948f4d605d) (ScriptedImporter) -> (Import Result ID: '24660b8475c6cf9c98d435f78e4050f8') in 0.0082913 seconds [static and dynamic dependencies]. Details - ImportResultOutputID=f00b8fb666e0d0c80c94917d16ef597a DependenciesID=5d8e16768a90b17b337004f95edd7936 StaticDependenciesID=988313358d8f88e655b2c0b476b4189f 
Number of updated asset objects reloaded before import = 0Number of asset objects unloaded after import = 1

========================================================================
Received Import Request.
  Time since last request: 0.000020 seconds.
  path: Assets/mesh/烧裂甲骨/Meshy_AI_Cracked_Marble_Bust_0801173147_texture_fbx/Meshy_AI_Cracked_Marble_Bust_0801173147_texture_roughness.png
  importAddress: Guid(7ddfefe18a6f7f144a9ca25038d7ff48) Importer(2089858483,b0f066a214c2f5e87bad3c948f4d605d)
Start importing Assets/mesh/烧裂甲骨/Meshy_AI_Cracked_Marble_Bust_0801173147_texture_fbx/Meshy_AI_Cracked_Marble_Bust_0801173147_texture_roughness.png using Guid(7ddfefe18a6f7f144a9ca25038d7ff48) Importer(2089858483,b0f066a214c2f5e87bad3c948f4d605d) (ScriptedImporter) -> (Import Result ID: '1d3d2c40e4fd130075cae775de37ce5f') in 0.0086955 seconds [static and dynamic dependencies]. Details - ImportResultOutputID=8c0993b8f99e83b76df42ed8f06a1b97 DependenciesID=bcb42a305ea2ef6fa31f469501a4f474 StaticDependenciesID=ed91ae03eaacd7ebef27a40a794af06e 
Number of updated asset objects reloaded before import = 0Number of asset objects unloaded after import = 1

========================================================================
Received Import Request.
  Time since last request: 0.000020 seconds.
  path: Assets/TripoModels/ancient_chinese_queen_3d_model/ancient_chinese_queen_3d_model.fbm/ancient_chinese_queen_3d_model_metallic_Smoothness.png
  importAddress: Guid(f6750697fdb31884285071e5dd289639) Importer(2089858483,b0f066a214c2f5e87bad3c948f4d605d)
Start importing Assets/TripoModels/ancient_chinese_queen_3d_model/ancient_chinese_queen_3d_model.fbm/ancient_chinese_queen_3d_model_metallic_Smoothness.png using Guid(f6750697fdb31884285071e5dd289639) Importer(2089858483,b0f066a214c2f5e87bad3c948f4d605d) (ScriptedImporter) -> (Import Result ID: '5ee9125277498182283998023c017c96') in 0.0084694 seconds [static and dynamic dependencies]. Details - ImportResultOutputID=f439ca1e887501154465eb25ec8158ea DependenciesID=8848fb8192895d37d5e1886d10d69200 StaticDependenciesID=01ce8cf7204c8efee3f5369ba94c75eb 
Number of updated asset objects reloaded before import = 0Number of asset objects unloaded after import = 1

========================================================================
Received Import Request.
  Time since last request: 0.000022 seconds.
  path: Assets/TripoModels/ancient_statue_3d_model_3/ancient_statue_3d_model_3.fbm/ancient_statue_3d_model_basecolor.JPEG
  importAddress: Guid(829bacad0b485a8439e0b445cb712957) Importer(2089858483,b0f066a214c2f5e87bad3c948f4d605d)
Start importing Assets/TripoModels/ancient_statue_3d_model_3/ancient_statue_3d_model_3.fbm/ancient_statue_3d_model_basecolor.JPEG using Guid(829bacad0b485a8439e0b445cb712957) Importer(2089858483,b0f066a214c2f5e87bad3c948f4d605d) (ScriptedImporter) -> (Import Result ID: '5be9e365a0b9d3f35a00d740bf7bc90a') in 0.0110388 seconds [static and dynamic dependencies]. Details - ImportResultOutputID=e17cf558b57c751e9c39b8ec66001427 DependenciesID=1250a6e35dda63098fad93b884cc577c StaticDependenciesID=ef91541d7297eff7adf9654672a15ed0 
Number of updated asset objects reloaded before import = 0Number of asset objects unloaded after import = 1

========================================================================
Received Import Request.
  Time since last request: 0.000023 seconds.
  path: Assets/SunboxGames/ModularDungeonCaves/Models/MediumCorridor_03.fbx
  importAddress: Guid(0dee0a2deb774aa4c8ee893fc0ccd404) Importer(2089858483,b0f066a214c2f5e87bad3c948f4d605d)
Start importing Assets/SunboxGames/ModularDungeonCaves/Models/MediumCorridor_03.fbx using Guid(0dee0a2deb774aa4c8ee893fc0ccd404) Importer(2089858483,b0f066a214c2f5e87bad3c948f4d605d) (ScriptedImporter) -> (Import Result ID: 'dcdb6b6c799f7ec224ec929c8c30ddc4') in 0.0105241 seconds [static and dynamic dependencies]. Details - ImportResultOutputID=28942dba0d7d73fd19853af438b6fd41 DependenciesID=beb6fff7fad21dfa4da4ba2745bb089b StaticDependenciesID=8bdfc220d0cf35d03e835aad87faaeeb 
Number of updated asset objects reloaded before import = 0Number of asset objects unloaded after import = 28

========================================================================
Received Import Request.
  Time since last request: 0.000021 seconds.
  path: Assets/SunboxGames/ModularDungeonCaves/Models/DungeonProps01.fbx
  importAddress: Guid(ac5102e34f4169142a6671f63ddc59d9) Importer(2089858483,b0f066a214c2f5e87bad3c948f4d605d)
Start importing Assets/SunboxGames/ModularDungeonCaves/Models/DungeonProps01.fbx using Guid(ac5102e34f4169142a6671f63ddc59d9) Importer(2089858483,b0f066a214c2f5e87bad3c948f4d605d) (ScriptedImporter) -> (Import Result ID: 'adf9993bf5f328882c9887086251ea53') in 0.0133616 seconds [static and dynamic dependencies]. Details - ImportResultOutputID=20868a18792689822c61f4fee8f532a6 DependenciesID=2dc465e207c09641347d09f151787a53 StaticDependenciesID=af00fbac1cfda2b182e587d18a28c303 
Number of updated asset objects reloaded before import = 0Number of asset objects unloaded after import = 44

========================================================================
Received Import Request.
  Time since last request: 0.000026 seconds.
  path: Assets/SunboxGames/ModularDungeonCaves/Materials/Mushrooms_Red.mat
  importAddress: Guid(e529aedfab317c24fab327bc1456200b) Importer(2089858483,b0f066a214c2f5e87bad3c948f4d605d)
Start importing Assets/SunboxGames/ModularDungeonCaves/Materials/Mushrooms_Red.mat using Guid(e529aedfab317c24fab327bc1456200b) Importer(2089858483,b0f066a214c2f5e87bad3c948f4d605d) (ScriptedImporter) -> (Import Result ID: 'c3b72fd9c472cf079c0b1d45d37d4c3c') in 0.0341637 seconds [static and dynamic dependencies]. Details - ImportResultOutputID=31736862e3ff61adbf2fb83950ed3603 DependenciesID=8c63c90ff81498c92188ebb89841736b StaticDependenciesID=8b7d357572cd4cb601f9470228a44edf 
Number of updated asset objects reloaded before import = 0Number of asset objects unloaded after import = 9

========================================================================
Received Import Request.
  Time since last request: 0.000023 seconds.
  path: Assets/materials/rock_wall_02_4k.blend/textures/rock_wall_02_nor_gl_4k.exr
  importAddress: Guid(bb427a3552a87b440a12517c9d29b7cb) Importer(2089858483,b0f066a214c2f5e87bad3c948f4d605d)
Start importing Assets/materials/rock_wall_02_4k.blend/textures/rock_wall_02_nor_gl_4k.exr using Guid(bb427a3552a87b440a12517c9d29b7cb) Importer(2089858483,b0f066a214c2f5e87bad3c948f4d605d) (ScriptedImporter) -> (Import Result ID: 'dbdb5933019a0c54f76e71eaf373008c') in 0.0079326 seconds [static and dynamic dependencies]. Details - ImportResultOutputID=d31b491a72a468ea24602ad0226e7557 DependenciesID=1c9b9094d8eac3d0afae7d3881fbaf95 StaticDependenciesID=d89d916f3b4a2117acc4ec8246e396b9 
Number of updated asset objects reloaded before import = 0Number of asset objects unloaded after import = 1

========================================================================
Received Import Request.
  Time since last request: 0.000022 seconds.
  path: Assets/QuickOutline/Resources/Shaders/OutlineFill.shader
  importAddress: Guid(4e76d4023d7e0411297c670f878973e2) Importer(2089858483,b0f066a214c2f5e87bad3c948f4d605d)
Start importing Assets/QuickOutline/Resources/Shaders/OutlineFill.shader using Guid(4e76d4023d7e0411297c670f878973e2) Importer(2089858483,b0f066a214c2f5e87bad3c948f4d605d) (ScriptedImporter) -> (Import Result ID: '8beb865eb15482ceb7f5ff4cab17bb60') in 0.0034793 seconds [static and dynamic dependencies]. Details - ImportResultOutputID=7116b06511e8c346f6e6eb829ce96928 DependenciesID=ef4b8153d6aea8c497c51493729318ec StaticDependenciesID=d070666bd5e206c0fcd4b77487ada5cf 
Number of updated asset objects reloaded before import = 0Number of asset objects unloaded after import = 1

========================================================================
Received Import Request.
  Time since last request: 0.000022 seconds.
  path: Assets/materials/rusty_metal_sheet_4k/textures/d96471b02dd8f09818b4edffb117674a.jpg
  importAddress: Guid(1f87c8aab940ade44819e140bdfd8ab1) Importer(2089858483,b0f066a214c2f5e87bad3c948f4d605d)
Start importing Assets/materials/rusty_metal_sheet_4k/textures/d96471b02dd8f09818b4edffb117674a.jpg using Guid(1f87c8aab940ade44819e140bdfd8ab1) Importer(2089858483,b0f066a214c2f5e87bad3c948f4d605d) (ScriptedImporter) -> (Import Result ID: '075a0d8ef70574431f84d535b0114e1d') in 0.0085712 seconds [static and dynamic dependencies]. Details - ImportResultOutputID=7b63e7264a211b90de5569ab520a65aa DependenciesID=15caad3c7f2dbd333b8d042c08a15151 StaticDependenciesID=5f79478bcb7fce4745673fa1fd3d3f88 
Number of updated asset objects reloaded before import = 0Number of asset objects unloaded after import = 1

========================================================================
Received Import Request.
  Time since last request: 0.000016 seconds.
  path: Assets/materials/Meshy_AI_Fragmented_Clay_Table_0801055023_texture_fbx/Materials/Meshy_AI_Fragmented_Clay_Table_0801055023_texture.mat
  importAddress: Guid(a5727baf648015f44aa3a23ca0f97a67) Importer(2089858483,b0f066a214c2f5e87bad3c948f4d605d)
Start importing Assets/materials/Meshy_AI_Fragmented_Clay_Table_0801055023_texture_fbx/Materials/Meshy_AI_Fragmented_Clay_Table_0801055023_texture.mat using Guid(a5727baf648015f44aa3a23ca0f97a67) Importer(2089858483,b0f066a214c2f5e87bad3c948f4d605d) (ScriptedImporter) -> (Import Result ID: '8f347a0be79bc64fbbbb4d89b246e10c') in 0.0082445 seconds [static and dynamic dependencies]. Details - ImportResultOutputID=ad0a388c75b238b19c74f8a6d7618e7f DependenciesID=92015c1a4134456f1870e4a074d5c17c StaticDependenciesID=98248a1349ef5de29a957e81d3f1737d 
Number of updated asset objects reloaded before import = 0Number of asset objects unloaded after import = 3

========================================================================
Received Import Request.
  Time since last request: 0.000022 seconds.
  path: Assets/TripoModels/ancient_chinese_statue_3d_model_4/ancient_chinese_statue_3d_model_4.fbm/ancient_chinese_statue_3d_model_metallic_Smoothness.png
  importAddress: Guid(3644abeca24e2134e8a688101f6c0737) Importer(2089858483,b0f066a214c2f5e87bad3c948f4d605d)
Start importing Assets/TripoModels/ancient_chinese_statue_3d_model_4/ancient_chinese_statue_3d_model_4.fbm/ancient_chinese_statue_3d_model_metallic_Smoothness.png using Guid(3644abeca24e2134e8a688101f6c0737) Importer(2089858483,b0f066a214c2f5e87bad3c948f4d605d) (ScriptedImporter) -> (Import Result ID: 'a55657637ffc06684532c093e5575f14') in 0.0077784 seconds [static and dynamic dependencies]. Details - ImportResultOutputID=18b60697459861cae44750bba3993680 DependenciesID=3749b8903ed81b59fabb7b9d63c12601 StaticDependenciesID=32d2f9b686dfbd9b6d165cdaf68db07a 
Number of updated asset objects reloaded before import = 0Number of asset objects unloaded after import = 1

========================================================================
Received Import Request.
  Time since last request: 0.000033 seconds.
  path: Assets/materials/Meshy_AI_Cracked_Runestone_0801054926_texture_fbx/Materials/Meshy_AI_Cracked_Runestone_0801054926_texture.mat
  importAddress: Guid(bcc453117f1e8fe4c97946f615b6dc13) Importer(2089858483,b0f066a214c2f5e87bad3c948f4d605d)
Start importing Assets/materials/Meshy_AI_Cracked_Runestone_0801054926_texture_fbx/Materials/Meshy_AI_Cracked_Runestone_0801054926_texture.mat using Guid(bcc453117f1e8fe4c97946f615b6dc13) Importer(2089858483,b0f066a214c2f5e87bad3c948f4d605d) (ScriptedImporter) -> (Import Result ID: '9472142217685a63b05f5cf2940a00a3') in 0.0088534 seconds [static and dynamic dependencies]. Details - ImportResultOutputID=8f2e4a3056285ccfbec9e2629d19877f DependenciesID=e238038f56442f733008f851527956a0 StaticDependenciesID=343cad4c59c7c8ca7e6ccf8c6b15d31c 
Number of updated asset objects reloaded before import = 0Number of asset objects unloaded after import = 3

========================================================================
Received Import Request.
  Time since last request: 0.000018 seconds.
  path: Assets/TripoModels/ancient_chinese_statue_3d_model_4/ancient_chinese_statue_3d_model_4.fbm/ancient_chinese_statue_3d_model_basecolor.JPEG
  importAddress: Guid(8be8194373f72a443a703060aaf83349) Importer(2089858483,b0f066a214c2f5e87bad3c948f4d605d)
Start importing Assets/TripoModels/ancient_chinese_statue_3d_model_4/ancient_chinese_statue_3d_model_4.fbm/ancient_chinese_statue_3d_model_basecolor.JPEG using Guid(8be8194373f72a443a703060aaf83349) Importer(2089858483,b0f066a214c2f5e87bad3c948f4d605d) (ScriptedImporter) -> (Import Result ID: '2088961315417bd714687183759f0292') in 0.0109116 seconds [static and dynamic dependencies]. Details - ImportResultOutputID=c9d3baffc708716baeda16bf84bffd9e DependenciesID=c9d48e8d5daa4abdf8b93ea4933c2ca8 StaticDependenciesID=f18090b8aae0d4f4cf24afd029988ba0 
Number of updated asset objects reloaded before import = 0Number of asset objects unloaded after import = 1

========================================================================
Received Import Request.
  Time since last request: 0.000019 seconds.
  path: Assets/SunboxGames/ModularDungeonCaves/Materials/DungeonProps04.mat
  importAddress: Guid(52df156b06585844bbe42946015112a6) Importer(2089858483,b0f066a214c2f5e87bad3c948f4d605d)
Start importing Assets/SunboxGames/ModularDungeonCaves/Materials/DungeonProps04.mat using Guid(52df156b06585844bbe42946015112a6) Importer(2089858483,b0f066a214c2f5e87bad3c948f4d605d) (ScriptedImporter) -> (Import Result ID: 'c9c554fac09ab918dc3410f3225da52f') in 0.1024411 seconds [static and dynamic dependencies]. Details - ImportResultOutputID=7c210a0a1d2d198099ced67f6ad2ba70 DependenciesID=b5ec9eaa652ae241e8c9f839f4b5ab9f StaticDependenciesID=98be1141d2677b4b71d118f34af66a9f 
Number of updated asset objects reloaded before import = 0Number of asset objects unloaded after import = 6

========================================================================
Received Import Request.
  Time since last request: 0.000043 seconds.
  path: Assets/TripoModels/stone_king_statue_3d_model/stone_king_statue_3d_model.fbm/stone_king_statue_3d_model_basecolor.JPEG
  importAddress: Guid(c9bf479b40df7424f9a185d033c16b4f) Importer(2089858483,b0f066a214c2f5e87bad3c948f4d605d)
Start importing Assets/TripoModels/stone_king_statue_3d_model/stone_king_statue_3d_model.fbm/stone_king_statue_3d_model_basecolor.JPEG using Guid(c9bf479b40df7424f9a185d033c16b4f) Importer(2089858483,b0f066a214c2f5e87bad3c948f4d605d) (ScriptedImporter) -> (Import Result ID: '8fbb49e9a4a8f9218b2b1b84b5b1f571') in 0.0120831 seconds [static and dynamic dependencies]. Details - ImportResultOutputID=744558d6a36bc2a0dcccfb7506c5d824 DependenciesID=d8ccd7b1761867adc24f51981f6d7e0f StaticDependenciesID=981fdd97f05e8de00ba19dbac73febed 
Number of updated asset objects reloaded before import = 0Number of asset objects unloaded after import = 1

========================================================================
Received Import Request.
  Time since last request: 0.000032 seconds.
  path: Assets/SunboxGames/ModularDungeonCaves/Materials/CavePieces/CavePlatforms_01 1.mat
  importAddress: Guid(b3d978e9eba0f444f84206ed44a3cc3b) Importer(2089858483,b0f066a214c2f5e87bad3c948f4d605d)
Start importing Assets/SunboxGames/ModularDungeonCaves/Materials/CavePieces/CavePlatforms_01 1.mat using Guid(b3d978e9eba0f444f84206ed44a3cc3b) Importer(2089858483,b0f066a214c2f5e87bad3c948f4d605d) (ScriptedImporter) -> (Import Result ID: '1c57624fcfbc199994697ec54d338927') in 0.0382117 seconds [static and dynamic dependencies]. Details - ImportResultOutputID=ca147d06cd996ab519e7b2d2c1b2e384 DependenciesID=1ba8041b2a7f9c8e87d62dc085184908 StaticDependenciesID=8d64fd27f548cbec9f845056bbea67e4 
Number of updated asset objects reloaded before import = 0Number of asset objects unloaded after import = 8

========================================================================
Received Import Request.
  Time since last request: 0.000029 seconds.
  path: Assets/audio 1/tomb/Character/2/独白7（1）.wav
  importAddress: Guid(82360e2277caaac49a8578432a4cb66d) Importer(2089858483,b0f066a214c2f5e87bad3c948f4d605d)
Start importing Assets/audio 1/tomb/Character/2/独白7（1）.wav using Guid(82360e2277caaac49a8578432a4cb66d) Importer(2089858483,b0f066a214c2f5e87bad3c948f4d605d) (ScriptedImporter) -> (Import Result ID: '0ec4cf2d93ff8caae7faa23885950c98') in 0.0037606 seconds [static and dynamic dependencies]. Details - ImportResultOutputID=a5e322ff1319335683bd594e8d6ea162 DependenciesID=36773d0ef50dd5e8a6ef60382c9e05ff StaticDependenciesID=4433b33070ee8d1959a37b4733d5569f 
Number of updated asset objects reloaded before import = 0Number of asset objects unloaded after import = 1

========================================================================
Received Import Request.
  Time since last request: 0.000025 seconds.
  path: Assets/mesh/烧裂甲骨/Meshy_AI_Cracked_Marble_Bust_0801173147_texture_fbx/Materials/Meshy_AI_Cracked_Marble_Bust_0801173147_texture_normal.mat
  importAddress: Guid(7792028f2e5c0eb4d821af9361f24dfe) Importer(2089858483,b0f066a214c2f5e87bad3c948f4d605d)
Start importing Assets/mesh/烧裂甲骨/Meshy_AI_Cracked_Marble_Bust_0801173147_texture_fbx/Materials/Meshy_AI_Cracked_Marble_Bust_0801173147_texture_normal.mat using Guid(7792028f2e5c0eb4d821af9361f24dfe) Importer(2089858483,b0f066a214c2f5e87bad3c948f4d605d) (ScriptedImporter) -> (Import Result ID: 'b9c522dcb097c08c85986bb338fcb5f8') in 0.0565219 seconds [static and dynamic dependencies]. Details - ImportResultOutputID=e8f04300725847a0b49404711e7b9ca4 DependenciesID=983cb168a25574f80f2b8caed8ec140c StaticDependenciesID=e6925ed5285f34ed464516219c85d495 
Number of updated asset objects reloaded before import = 0Number of asset objects unloaded after import = 2

========================================================================
Received Import Request.
  Time since last request: 0.000046 seconds.
  path: Assets/TripoModels/ancient_warrior_statue_3d_model/Materials/ancient_warrior_statue_3d_model_basecolor.mat
  importAddress: Guid(37bafbd908b585a4a926431963e2b2f5) Importer(2089858483,b0f066a214c2f5e87bad3c948f4d605d)
Start importing Assets/TripoModels/ancient_warrior_statue_3d_model/Materials/ancient_warrior_statue_3d_model_basecolor.mat using Guid(37bafbd908b585a4a926431963e2b2f5) Importer(2089858483,b0f066a214c2f5e87bad3c948f4d605d) (ScriptedImporter) -> (Import Result ID: '2ff8e7b8e9d1612e4a00b2bbc745eb13') in 0.029679 seconds [static and dynamic dependencies]. Details - ImportResultOutputID=72d319fcd208545b2af55cc724aa33fd DependenciesID=5cd219a1303ab61035e8a5e6a026434a StaticDependenciesID=2f64c2268ed7817e92fac21c071fef90 
Number of updated asset objects reloaded before import = 0Number of asset objects unloaded after import = 4

========================================================================
Received Import Request.
  Time since last request: 0.000047 seconds.
  path: Assets/BefourStudios/AsianDynastyEnvironment/Art/Materials/M_BazaarProps.mat
  importAddress: Guid(f3cc72c0d5c587740a2b2f1e5c3f29f9) Importer(2089858483,b0f066a214c2f5e87bad3c948f4d605d)
Start importing Assets/BefourStudios/AsianDynastyEnvironment/Art/Materials/M_BazaarProps.mat using Guid(f3cc72c0d5c587740a2b2f1e5c3f29f9) Importer(2089858483,b0f066a214c2f5e87bad3c948f4d605d) (ScriptedImporter) -> (Import Result ID: '4bd02b208875f34ab5c5995fa1cf3d4d') in 0.0580855 seconds [static and dynamic dependencies]. Details - ImportResultOutputID=9c19e867ed19cf64b8939787dba2591c DependenciesID=ab4e2ae4ce954424a8e621b9bec94193 StaticDependenciesID=7b8d350f704642c29e151e27a2c958f6 
Number of updated asset objects reloaded before import = 0Number of asset objects unloaded after import = 9

========================================================================
Received Import Request.
  Time since last request: 0.000042 seconds.
  path: Assets/TripoModels/ancient_statue_3d_model_4/Materials/ancient_statue_3d_model_basecolor.mat
  importAddress: Guid(1a904bc540c1467459b7f3867072c39a) Importer(2089858483,b0f066a214c2f5e87bad3c948f4d605d)
Start importing Assets/TripoModels/ancient_statue_3d_model_4/Materials/ancient_statue_3d_model_basecolor.mat using Guid(1a904bc540c1467459b7f3867072c39a) Importer(2089858483,b0f066a214c2f5e87bad3c948f4d605d) (ScriptedImporter) -> (Import Result ID: 'e332c36c4e395f4df29fc8496fa89305') in 0.0234086 seconds [static and dynamic dependencies]. Details - ImportResultOutputID=f36f17b93624515e1a0959f96308d0ee DependenciesID=e23c2f0b897be10cb8fbf9c97590c985 StaticDependenciesID=352a453ad27fa4fca018bc1b051b1746 
Number of updated asset objects reloaded before import = 0Number of asset objects unloaded after import = 4

========================================================================
Received Import Request.
  Time since last request: 0.000044 seconds.
  path: Assets/TripoModels/stone_goddess_statue_3d_model/stone_goddess_statue_3d_model.fbm/stone_goddess_statue_3d_model_basecolor.JPEG
  importAddress: Guid(4287910a9848b55479f40feaa0d6e839) Importer(2089858483,b0f066a214c2f5e87bad3c948f4d605d)
Start importing Assets/TripoModels/stone_goddess_statue_3d_model/stone_goddess_statue_3d_model.fbm/stone_goddess_statue_3d_model_basecolor.JPEG using Guid(4287910a9848b55479f40feaa0d6e839) Importer(2089858483,b0f066a214c2f5e87bad3c948f4d605d) (ScriptedImporter) -> (Import Result ID: 'a0b6284176b5071465073e9116b11813') in 0.0141591 seconds [static and dynamic dependencies]. Details - ImportResultOutputID=b7922805279cee0f573112f28bed6b80 DependenciesID=7ec859654563cdf5d282a08ebba3f696 StaticDependenciesID=89df593198337fc571039acaa688dec3 
Number of updated asset objects reloaded before import = 0Number of asset objects unloaded after import = 1

========================================================================
Received Import Request.
  Time since last request: 0.000046 seconds.
  path: Assets/BefourStudios/AsianDynastyEnvironment/Art/Textures/T_BazaarProps_BaseColor.png
  importAddress: Guid(abc00000000015061052087827552816) Importer(2089858483,b0f066a214c2f5e87bad3c948f4d605d)
Start importing Assets/BefourStudios/AsianDynastyEnvironment/Art/Textures/T_BazaarProps_BaseColor.png using Guid(abc00000000015061052087827552816) Importer(2089858483,b0f066a214c2f5e87bad3c948f4d605d) (ScriptedImporter) -> (Import Result ID: '0c523b9c6b95444b34be449458498c59') in 0.0212375 seconds [static and dynamic dependencies]. Details - ImportResultOutputID=0bb555678b3023112cf52356fe74f907 DependenciesID=192abddc686cf4b210cb654ebf500547 StaticDependenciesID=a68cec2a069b49dc47cf62ea7b60b38f 
Number of updated asset objects reloaded before import = 0Number of asset objects unloaded after import = 1

========================================================================
Received Import Request.
  Time since last request: 0.000028 seconds.
  path: Assets/TripoModels/bodhisattva_statue_3d_model_2/bodhisattva_statue_3d_model_2.fbm/bodhisattva_statue_3d_model_basecolor.JPEG
  importAddress: Guid(4f9983235e079074abdcc57934d89108) Importer(2089858483,b0f066a214c2f5e87bad3c948f4d605d)
Start importing Assets/TripoModels/bodhisattva_statue_3d_model_2/bodhisattva_statue_3d_model_2.fbm/bodhisattva_statue_3d_model_basecolor.JPEG using Guid(4f9983235e079074abdcc57934d89108) Importer(2089858483,b0f066a214c2f5e87bad3c948f4d605d) (ScriptedImporter) -> (Import Result ID: '49fae2db862c9216a704ec391715364c') in 0.0135925 seconds [static and dynamic dependencies]. Details - ImportResultOutputID=cf8970bd51560a7a44be4c4c53753b21 DependenciesID=1f2f2fae9ee90251c2a611101c33955a StaticDependenciesID=ff76cf50c81a24164b784ff632a09865 
Number of updated asset objects reloaded before import = 0Number of asset objects unloaded after import = 1

========================================================================
Received Import Request.
  Time since last request: 0.000024 seconds.
  path: Assets/TripoModels/stone_king_statue_3d_model/stone_king_statue_3d_model.fbm/stone_king_statue_3d_model_metallic_Smoothness.png
  importAddress: Guid(8889ba67d7a2ed84faa1a1dba27a8845) Importer(2089858483,b0f066a214c2f5e87bad3c948f4d605d)
Start importing Assets/TripoModels/stone_king_statue_3d_model/stone_king_statue_3d_model.fbm/stone_king_statue_3d_model_metallic_Smoothness.png using Guid(8889ba67d7a2ed84faa1a1dba27a8845) Importer(2089858483,b0f066a214c2f5e87bad3c948f4d605d) (ScriptedImporter) -> (Import Result ID: '3f8a778fa525737cb4e5df1e0b72bd6f') in 0.016066 seconds [static and dynamic dependencies]. Details - ImportResultOutputID=0737f3637ebdde4e68d47696677b4210 DependenciesID=1df0f555e3b0c90e1b55ddd7d5014e0a StaticDependenciesID=a8632fa3f1f91709223e10443ec179b4 
Number of updated asset objects reloaded before import = 0Number of asset objects unloaded after import = 1

========================================================================
Received Import Request.
  Time since last request: 0.000028 seconds.
  path: Assets/BefourStudios/AsianDynastyEnvironment/Art/Shaders/S_Master.shadergraph
  importAddress: Guid(cde3ea9863a64904ca2d44c47884cf50) Importer(2089858483,b0f066a214c2f5e87bad3c948f4d605d)
Start importing Assets/BefourStudios/AsianDynastyEnvironment/Art/Shaders/S_Master.shadergraph using Guid(cde3ea9863a64904ca2d44c47884cf50) Importer(2089858483,b0f066a214c2f5e87bad3c948f4d605d) (ScriptedImporter) -> (Import Result ID: '3210e3acc03876157b13e06252e5e1ba') in 0.012178 seconds [static and dynamic dependencies]. Details - ImportResultOutputID=446369ce18a70dff1c4974ae8bae2119 DependenciesID=aae82e5ea969204239012917c8030d4c StaticDependenciesID=be0a61be9c2ae80d1242647612dcc32e 
Number of updated asset objects reloaded before import = 0Number of asset objects unloaded after import = 5

========================================================================
Received Import Request.
  Time since last request: 0.000121 seconds.
  path: Assets/BefourStudios/AsianDynastyEnvironment/Art/Textures/T_TreeBark_Basecolor.png
  importAddress: Guid(abc00000000001801636942908686803) Importer(2089858483,b0f066a214c2f5e87bad3c948f4d605d)
Start importing Assets/BefourStudios/AsianDynastyEnvironment/Art/Textures/T_TreeBark_Basecolor.png using Guid(abc00000000001801636942908686803) Importer(2089858483,b0f066a214c2f5e87bad3c948f4d605d) (ScriptedImporter) -> (Import Result ID: 'cdd9e98e84d7fafad8e4701ef0fd145f') in 0.0129733 seconds [static and dynamic dependencies]. Details - ImportResultOutputID=43567780589e71fa866c5e5cb0c7f6c4 DependenciesID=91e4b654a212781a101b48c9274c4c24 StaticDependenciesID=159df13435a37f4549a16244802c9ead 
Number of updated asset objects reloaded before import = 0Number of asset objects unloaded after import = 1

========================================================================
Received Import Request.
  Time since last request: 0.000038 seconds.
  path: Assets/SunboxGames/ModularDungeonCaves/Prefabs/Vines/Vine_04.prefab
  importAddress: Guid(17c3aee1c249fad4ea389a98b02e4476) Importer(2089858483,e11c23a36db5f54750b8cd40eac0985b)
Start importing Assets/SunboxGames/ModularDungeonCaves/Prefabs/Vines/Vine_04.prefab using Guid(17c3aee1c249fad4ea389a98b02e4476) Importer(2089858483,e11c23a36db5f54750b8cd40eac0985b) (ScriptedImporter) -> (Import Result ID: 'a7296b1e2f8bb3c576b20ff178cbb7bf') in 0.0115504 seconds [static and dynamic dependencies]. Details - ImportResultOutputID=8ed8fd5a4b1256a3fd32befa4ab8be5a DependenciesID=c8e437583d15e343e66fe5933cf860da StaticDependenciesID=bcfc7a34140de0d77d85acb71a7f9301 
Number of updated asset objects reloaded before import = 0Number of asset objects unloaded after import = 9

========================================================================
Received Import Request.
  Time since last request: 0.000026 seconds.
  path: Assets/SunboxGames/ModularDungeonCaves/Prefabs/Various/Cobweb01.prefab
  importAddress: Guid(98945804144ce5240a85dd601f81ff81) Importer(2089858483,e11c23a36db5f54750b8cd40eac0985b)
Start importing Assets/SunboxGames/ModularDungeonCaves/Prefabs/Various/Cobweb01.prefab using Guid(98945804144ce5240a85dd601f81ff81) Importer(2089858483,e11c23a36db5f54750b8cd40eac0985b) (ScriptedImporter) -> (Import Result ID: 'c2262bedd0108994532a385e6584212b') in 0.0100834 seconds [static and dynamic dependencies]. Details - ImportResultOutputID=69b739fbdb019899e9f10afc9ae1208c DependenciesID=e038c4fb97e8453a7cea6818f7ac9c52 StaticDependenciesID=6c645619e3ad7c95b4b85b4b148c7dc3 
Number of updated asset objects reloaded before import = 0Number of asset objects unloaded after import = 8

========================================================================
Received Import Request.
  Time since last request: 0.000034 seconds.
  path: Assets/Samples/XR Interaction Toolkit/3.2.1/Starter Assets/XRI Default Input Actions.inputactions
  importAddress: Guid(c348712bda248c246b8c49b3db54643f) Importer(2089858483,b0f066a214c2f5e87bad3c948f4d605d)
Start importing Assets/Samples/XR Interaction Toolkit/3.2.1/Starter Assets/XRI Default Input Actions.inputactions using Guid(c348712bda248c246b8c49b3db54643f) Importer(2089858483,b0f066a214c2f5e87bad3c948f4d605d) (ScriptedImporter) -> (Import Result ID: '1d9c0668b981fa717c4e7f47d4c7ecbb') in 0.0614903 seconds [static and dynamic dependencies]. Details - ImportResultOutputID=6798473930618c1f9c33fcdc90717153 DependenciesID=22792d921440bca37df11037d9f0934f StaticDependenciesID=4baba7b372616f4764f8fef819fb17ac 
Number of updated asset objects reloaded before import = 0Number of asset objects unloaded after import = 95

========================================================================
Received Import Request.
  Time since last request: 0.000040 seconds.
  path: Assets/materials/TextureHaven/wood_4k/wood_4k_materials/plywood.mat
  importAddress: Guid(6c2e8932192383d4b98056699c215775) Importer(2089858483,b0f066a214c2f5e87bad3c948f4d605d)
Start importing Assets/materials/TextureHaven/wood_4k/wood_4k_materials/plywood.mat using Guid(6c2e8932192383d4b98056699c215775) Importer(2089858483,b0f066a214c2f5e87bad3c948f4d605d) (ScriptedImporter) -> (Import Result ID: 'a2ca0d515dd0b128419da4c672e5675f') in 0.019917 seconds [static and dynamic dependencies]. Details - ImportResultOutputID=313c81d0a221b111f0070e3d1304e7c7 DependenciesID=57cd35b0a1b5b2dbeb7842847af2fcb7 StaticDependenciesID=b02fe8d87514c5314148761f8d818b35 
Number of updated asset objects reloaded before import = 0Number of asset objects unloaded after import = 4

========================================================================
Received Import Request.
  Time since last request: 0.000028 seconds.
  path: Assets/audio 1/tomb/Character/2/独白7（2）.wav
  importAddress: Guid(62eae2bfc1c1a4d41a2ffe39e9e672e1) Importer(2089858483,b0f066a214c2f5e87bad3c948f4d605d)
Start importing Assets/audio 1/tomb/Character/2/独白7（2）.wav using Guid(62eae2bfc1c1a4d41a2ffe39e9e672e1) Importer(2089858483,b0f066a214c2f5e87bad3c948f4d605d) (ScriptedImporter) -> (Import Result ID: '9a95431c43f0c806af070c25b89b350e') in 0.0096334 seconds [static and dynamic dependencies]. Details - ImportResultOutputID=7ef9c17f159e30593c8755eaf05824ba DependenciesID=dbe459564c8a2319be3a9caa89b5ee86 StaticDependenciesID=f088ebfc7b77547359fdc25b1ed11688 
Number of updated asset objects reloaded before import = 0Number of asset objects unloaded after import = 1

========================================================================
Received Import Request.
  Time since last request: 0.000023 seconds.
  path: Assets/SunboxGames/ModularDungeonCaves/Prefabs/Rocks/Dripstone_02.prefab
  importAddress: Guid(7cb400e5adf4bcc46b3487d67217fe73) Importer(2089858483,e11c23a36db5f54750b8cd40eac0985b)
Start importing Assets/SunboxGames/ModularDungeonCaves/Prefabs/Rocks/Dripstone_02.prefab using Guid(7cb400e5adf4bcc46b3487d67217fe73) Importer(2089858483,e11c23a36db5f54750b8cd40eac0985b) (ScriptedImporter) -> (Import Result ID: 'a75adaa19e2cdcee06742f150857b13d') in 0.0110157 seconds [static and dynamic dependencies]. Details - ImportResultOutputID=48d0cb61d1dc464e8581a34b0f203212 DependenciesID=c7971b79a3734337722ac5dbebcf8ab7 StaticDependenciesID=c306cb2587f3b073b35544388259ec3e 
Number of updated asset objects reloaded before import = 0Number of asset objects unloaded after import = 11

========================================================================
Received Import Request.
  Time since last request: 0.000024 seconds.
  path: Assets/TripoModels/xiugai1/shengxiang4/pregnant_goddess_statue_3d_model.fbx
  importAddress: Guid(6f2dbfec2066c0a4298488402710960e) Importer(2089858483,b0f066a214c2f5e87bad3c948f4d605d)
Start importing Assets/TripoModels/xiugai1/shengxiang4/pregnant_goddess_statue_3d_model.fbx using Guid(6f2dbfec2066c0a4298488402710960e) Importer(2089858483,b0f066a214c2f5e87bad3c948f4d605d) (ScriptedImporter)MaterialLocation.External is obsolete. External Material Location is no longer supported. (Assets/TripoModels/xiugai1/shengxiang4/pregnant_goddess_statue_3d_model.fbx)
 -> (Import Result ID: '2a0a352b9f3ac7c0e2e6f833f11bc42f') in 0.01366 seconds [static and dynamic dependencies]. Details - ImportResultOutputID=0785551627ef7d1e291ca86e3b9bda76 DependenciesID=2bea563c0a14e78c2e58d4c0becf3582 StaticDependenciesID=8d158dacc0d73a1319e2d4f9e97e81f1 
Number of updated asset objects reloaded before import = 0Number of asset objects unloaded after import = 9

========================================================================
Received Import Request.
  Time since last request: 0.000028 seconds.
  path: Assets/TripoModels/stone_fire_pit_3d_model/stone_fire_pit_3d_model.fbm/stone_fire_pit_3d_model_normal.JPEG
  importAddress: Guid(04866004ed8a3364c9bf41cf6e2c6a27) Importer(2089858483,b0f066a214c2f5e87bad3c948f4d605d)
Start importing Assets/TripoModels/stone_fire_pit_3d_model/stone_fire_pit_3d_model.fbm/stone_fire_pit_3d_model_normal.JPEG using Guid(04866004ed8a3364c9bf41cf6e2c6a27) Importer(2089858483,b0f066a214c2f5e87bad3c948f4d605d) (ScriptedImporter) -> (Import Result ID: '5865e554e99ea17b7c950c61cb99d61e') in 0.0110901 seconds [static and dynamic dependencies]. Details - ImportResultOutputID=86d7298fd38c1669ebdf606d7828645e DependenciesID=f8812fb56805e87ad3c553c06b58aba2 StaticDependenciesID=3891c2909a05bc84a2903062c82cb16c 
Number of updated asset objects reloaded before import = 0Number of asset objects unloaded after import = 1

========================================================================
Received Import Request.
  Time since last request: 0.000035 seconds.
  path: Assets/XR/Animated Hands/Animations/l_hand_fist_anim.fbx
  importAddress: Guid(7cb2e1480bb51ce4282f540ea3f41d4f) Importer(2089858483,b0f066a214c2f5e87bad3c948f4d605d)
Start importing Assets/XR/Animated Hands/Animations/l_hand_fist_anim.fbx using Guid(7cb2e1480bb51ce4282f540ea3f41d4f) Importer(2089858483,b0f066a214c2f5e87bad3c948f4d605d) (ScriptedImporter) -> (Import Result ID: '73a0fc85e23095747235031a13eb8cf7') in 0.0096046 seconds [static and dynamic dependencies]. Details - ImportResultOutputID=4af887152336786a6c0944e915efe0ff DependenciesID=0b004f201bf65cd5628f4de352c4b85b StaticDependenciesID=bea8163e4a9d6d419c9a9456e065f57a 
Number of updated asset objects reloaded before import = 0Number of asset objects unloaded after import = 55

========================================================================
Received Import Request.
  Time since last request: 0.000024 seconds.
  path: Assets/SunboxGames/ModularDungeonCaves/Scenes/CaveDemoScene02/LightingData.asset
  importAddress: Guid(36e942fe8c52d2541875575557b82d58) Importer(2089858483,b0f066a214c2f5e87bad3c948f4d605d)
Start importing Assets/SunboxGames/ModularDungeonCaves/Scenes/CaveDemoScene02/LightingData.asset using Guid(36e942fe8c52d2541875575557b82d58) Importer(2089858483,b0f066a214c2f5e87bad3c948f4d605d) (ScriptedImporter) -> (Import Result ID: '07810c1331f7862b5572f8533322a46e') in 0.0084783 seconds [static and dynamic dependencies]. Details - ImportResultOutputID=cebf2f73b32c377638a13b42b96e0ad9 DependenciesID=b3c42ee3ef46a1d327308dc90623baaa StaticDependenciesID=939435b839c11a9d991a56655bcb828f 
Number of updated asset objects reloaded before import = 0Number of asset objects unloaded after import = 2

========================================================================
Received Import Request.
  Time since last request: 0.000028 seconds.
  path: Assets/SunboxGames/ModularDungeonCaves/Scenes/CaveDemoScene02/ReflectionProbe-4.exr
  importAddress: Guid(fa095b3dbe9926e48a4829489eb04ac5) Importer(2089858483,b0f066a214c2f5e87bad3c948f4d605d)
Start importing Assets/SunboxGames/ModularDungeonCaves/Scenes/CaveDemoScene02/ReflectionProbe-4.exr using Guid(fa095b3dbe9926e48a4829489eb04ac5) Importer(2089858483,b0f066a214c2f5e87bad3c948f4d605d) (ScriptedImporter) -> (Import Result ID: 'f9699e057a2d5f77062cf9a8f85f4276') in 0.0114324 seconds [static and dynamic dependencies]. Details - ImportResultOutputID=50802c4d4d443b914a84371663badaed DependenciesID=a657bdd231dacd1ffa4db320a562820c StaticDependenciesID=fa8f3d7211bb0b4d9897320c58cd9981 
Number of updated asset objects reloaded before import = 0Number of asset objects unloaded after import = 1

========================================================================
Received Import Request.
  Time since last request: 0.000031 seconds.
  path: Assets/BefourStudios/AsianDynastyEnvironment/Art/Prefabs/SM_Tree_02.prefab
  importAddress: Guid(abc00000000007745438520670240082) Importer(2089858483,e11c23a36db5f54750b8cd40eac0985b)
Start importing Assets/BefourStudios/AsianDynastyEnvironment/Art/Prefabs/SM_Tree_02.prefab using Guid(abc00000000007745438520670240082) Importer(2089858483,e11c23a36db5f54750b8cd40eac0985b) (ScriptedImporter) -> (Import Result ID: '8c289d7444cd155de84d22f11c4f45f8') in 0.0281515 seconds [static and dynamic dependencies]. Details - ImportResultOutputID=64d7ee7e23e39f51c12dde60d7f581e7 DependenciesID=ea85fcf44b03f2c9b1d600fabb9fe130 StaticDependenciesID=091eff0a4a88b6f03f9d71e29cd2328f 
Number of updated asset objects reloaded before import = 0Number of asset objects unloaded after import = 33

========================================================================
Received Import Request.
  Time since last request: 0.000028 seconds.
  path: Assets/SunboxGames/ModularDungeonCaves/Prefabs/Ferns/FlufflyFern_01.prefab
  importAddress: Guid(096f4c42c39c431468ab01103c210357) Importer(2089858483,e11c23a36db5f54750b8cd40eac0985b)
Start importing Assets/SunboxGames/ModularDungeonCaves/Prefabs/Ferns/FlufflyFern_01.prefab using Guid(096f4c42c39c431468ab01103c210357) Importer(2089858483,e11c23a36db5f54750b8cd40eac0985b) (ScriptedImporter) -> (Import Result ID: 'b51e3abfaedd8a49f323ee3644910ab7') in 0.0087507 seconds [static and dynamic dependencies]. Details - ImportResultOutputID=547d710b7e831810aeb5f9732e117438 DependenciesID=65c59f22de0e53d7c14aba529aa8f755 StaticDependenciesID=a8a56bf265fafcb78829e45729054a01 
Number of updated asset objects reloaded before import = 0Number of asset objects unloaded after import = 8

========================================================================
Received Import Request.
  Time since last request: 0.000039 seconds.
  path: Assets/TripoModels/ancient_statue_3d_model_5/ancient_statue_3d_model_5.fbm/ancient_statue_3d_model_basecolor.JPEG
  importAddress: Guid(784c54fb1afdb2d448526f3e924c1c0c) Importer(2089858483,b0f066a214c2f5e87bad3c948f4d605d)
Start importing Assets/TripoModels/ancient_statue_3d_model_5/ancient_statue_3d_model_5.fbm/ancient_statue_3d_model_basecolor.JPEG using Guid(784c54fb1afdb2d448526f3e924c1c0c) Importer(2089858483,b0f066a214c2f5e87bad3c948f4d605d) (ScriptedImporter) -> (Import Result ID: '309a897052a4105413514b788263cc20') in 0.008684 seconds [static and dynamic dependencies]. Details - ImportResultOutputID=dd0c9b74eb7c58c4cc83297961a6a4a9 DependenciesID=6f54aa6881a67c679a0889a5a30daa24 StaticDependenciesID=b5b4faefeb2adb8ce2ee156bbc9b1ff2 
Number of updated asset objects reloaded before import = 0Number of asset objects unloaded after import = 1

========================================================================
Received Import Request.
  Time since last request: 0.000025 seconds.
  path: Assets/SunboxGames/ModularDungeonCaves/Textures/Mushrooms/Mushrooms_Diffuse_Brown.png
  importAddress: Guid(a1c44835dea41b04ba127e0008ceecda) Importer(2089858483,b0f066a214c2f5e87bad3c948f4d605d)
Start importing Assets/SunboxGames/ModularDungeonCaves/Textures/Mushrooms/Mushrooms_Diffuse_Brown.png using Guid(a1c44835dea41b04ba127e0008ceecda) Importer(2089858483,b0f066a214c2f5e87bad3c948f4d605d) (ScriptedImporter) -> (Import Result ID: 'bd6f1a705ffa8c140d763a8306883aca') in 0.014332 seconds [static and dynamic dependencies]. Details - ImportResultOutputID=33cb5f216e7decdbd62b07c6d972d327 DependenciesID=e17a446ea9e56fbd640a0d774ba1af7e StaticDependenciesID=c8fe636b0acbe81a19a2dc2861434037 
Number of updated asset objects reloaded before import = 0Number of asset objects unloaded after import = 1

========================================================================
Received Import Request.
  Time since last request: 0.000023 seconds.
  path: Assets/SunboxGames/ModularDungeonCaves/Textures/MediumCorridor_03/MediumCorridor_03_paint_MediumCorridor_03_Normal.png
  importAddress: Guid(6db119df58e44764f82eb282a3dff7f7) Importer(2089858483,b0f066a214c2f5e87bad3c948f4d605d)
Start importing Assets/SunboxGames/ModularDungeonCaves/Textures/MediumCorridor_03/MediumCorridor_03_paint_MediumCorridor_03_Normal.png using Guid(6db119df58e44764f82eb282a3dff7f7) Importer(2089858483,b0f066a214c2f5e87bad3c948f4d605d) (ScriptedImporter) -> (Import Result ID: '8e804e8246d201c30e6635dd3ecdb90d') in 0.0256597 seconds [static and dynamic dependencies]. Details - ImportResultOutputID=7937d9ee149c69c9ac14db479b40b091 DependenciesID=e77cdfbf9cb03291daccc20d40699ca7 StaticDependenciesID=33e0d15ca8f83dd3fd46ff6288fdad7b 
Number of updated asset objects reloaded before import = 0Number of asset objects unloaded after import = 1

========================================================================
Received Import Request.
  Time since last request: 0.000026 seconds.
  path: Assets/SunboxGames/ModularDungeonCaves/Textures/DungeonProps01/DungeonProps01_MetallicSmoothness.png
  importAddress: Guid(179b68d615d74344ebfba49fa62be34f) Importer(2089858483,b0f066a214c2f5e87bad3c948f4d605d)
Start importing Assets/SunboxGames/ModularDungeonCaves/Textures/DungeonProps01/DungeonProps01_MetallicSmoothness.png using Guid(179b68d615d74344ebfba49fa62be34f) Importer(2089858483,b0f066a214c2f5e87bad3c948f4d605d) (ScriptedImporter) -> (Import Result ID: 'bb2b66ce4735f5504e96f59634ab4528') in 0.0245115 seconds [static and dynamic dependencies]. Details - ImportResultOutputID=d04479037f1c6f6c5aeabfcf7cf85e8b DependenciesID=434e55099401218c6eb93fdfcdc63e42 StaticDependenciesID=58b43cae5b5e5fc14016b46dd593cc82 
Number of updated asset objects reloaded before import = 0Number of asset objects unloaded after import = 1

========================================================================
Received Import Request.
  Time since last request: 0.000027 seconds.
  path: Assets/SunboxGames/ModularDungeonCaves/Textures/RootsSmall/Roots_01_RootsSmall_Normal.png
  importAddress: Guid(9ce4a2240ca6e0b46b496ae12bf724f8) Importer(2089858483,b0f066a214c2f5e87bad3c948f4d605d)
Start importing Assets/SunboxGames/ModularDungeonCaves/Textures/RootsSmall/Roots_01_RootsSmall_Normal.png using Guid(9ce4a2240ca6e0b46b496ae12bf724f8) Importer(2089858483,b0f066a214c2f5e87bad3c948f4d605d) (ScriptedImporter) -> (Import Result ID: 'a62695c6a2ffef5f9d5a8cd4c898e1b5') in 0.0232385 seconds [static and dynamic dependencies]. Details - ImportResultOutputID=10eb96b518f830df4138e32f1ebcaab4 DependenciesID=e9664246bc6ec7a904bff7e428b37e65 StaticDependenciesID=b82b827f331c7a0275f6b5aafa30ca9d 
Number of updated asset objects reloaded before import = 0Number of asset objects unloaded after import = 1

========================================================================
Received Import Request.
  Time since last request: 0.000039 seconds.
  path: Assets/SunboxGames/ModularDungeonCaves/Textures/RootsLarge/Roots_01_RootsLarge_SpecularSmoothness.png
  importAddress: Guid(c43ae0d4a955861439f7f58b4cce3bbb) Importer(2089858483,b0f066a214c2f5e87bad3c948f4d605d)
Start importing Assets/SunboxGames/ModularDungeonCaves/Textures/RootsLarge/Roots_01_RootsLarge_SpecularSmoothness.png using Guid(c43ae0d4a955861439f7f58b4cce3bbb) Importer(2089858483,b0f066a214c2f5e87bad3c948f4d605d) (ScriptedImporter) -> (Import Result ID: 'bba38d2a55356ae439bef2d09af7706c') in 0.0255785 seconds [static and dynamic dependencies]. Details - ImportResultOutputID=4bd5a39e7931b0f8681b95ac585ca3a2 DependenciesID=276b5856e48b92d0f343d82da39a0f65 StaticDependenciesID=af4074a627dfcc1ed3cd50772fd6b019 
Number of updated asset objects reloaded before import = 0Number of asset objects unloaded after import = 1

========================================================================
Received Import Request.
  Time since last request: 0.000036 seconds.
  path: Assets/SunboxGames/ModularDungeonCaves/Materials/CavePieces/CavePlatforms_01.mat
  importAddress: Guid(c12e9ece4b2d25b4dba243a683c8b1c5) Importer(2089858483,b0f066a214c2f5e87bad3c948f4d605d)
Start importing Assets/SunboxGames/ModularDungeonCaves/Materials/CavePieces/CavePlatforms_01.mat using Guid(c12e9ece4b2d25b4dba243a683c8b1c5) Importer(2089858483,b0f066a214c2f5e87bad3c948f4d605d) (ScriptedImporter) -> (Import Result ID: '72c9d8ec8fd109c9d5c944cb6ff913dd') in 0.0456243 seconds [static and dynamic dependencies]. Details - ImportResultOutputID=6eabb7392b28489f72ab774e933e3521 DependenciesID=6e70ab4f80cc120dc320a310fe7f5983 StaticDependenciesID=c98304637655774f015b7d5b695b2604 
Number of updated asset objects reloaded before import = 0Number of asset objects unloaded after import = 4

========================================================================
Received Import Request.
  Time since last request: 0.000055 seconds.
  path: Assets/SunboxGames/ModularDungeonCaves/Prefabs/Various/ClayPot01.prefab
  importAddress: Guid(13adfb60b4f1a42408dec51086c05283) Importer(2089858483,e11c23a36db5f54750b8cd40eac0985b)
Start importing Assets/SunboxGames/ModularDungeonCaves/Prefabs/Various/ClayPot01.prefab using Guid(13adfb60b4f1a42408dec51086c05283) Importer(2089858483,e11c23a36db5f54750b8cd40eac0985b) (ScriptedImporter) -> (Import Result ID: '2d4fb44f8c58c1dd98f7a9e46eec4a14') in 0.0117572 seconds [static and dynamic dependencies]. Details - ImportResultOutputID=11232a298ad86b956a0c10173ff7cfda DependenciesID=05de52558db324c76cdd1e077ac3b871 StaticDependenciesID=d6407a27b42796586d56890995adc406 
Number of updated asset objects reloaded before import = 0Number of asset objects unloaded after import = 10

========================================================================
Received Import Request.
  Time since last request: 0.000025 seconds.
  path: Assets/SunboxGames/ModularDungeonCaves/Prefabs/Vines/Vine_03.prefab
  importAddress: Guid(ce6957e64aba77349a40a0063942f64c) Importer(2089858483,e11c23a36db5f54750b8cd40eac0985b)
Start importing Assets/SunboxGames/ModularDungeonCaves/Prefabs/Vines/Vine_03.prefab using Guid(ce6957e64aba77349a40a0063942f64c) Importer(2089858483,e11c23a36db5f54750b8cd40eac0985b) (ScriptedImporter) -> (Import Result ID: '879f785e14f438e73a75daddc0ca4936') in 0.0094826 seconds [static and dynamic dependencies]. Details - ImportResultOutputID=b5dcb4713974668776d571b8cdfc50c2 DependenciesID=5ff489472e9e46627fb3d899bf4db011 StaticDependenciesID=b0c76fab1fc66edf41992f2e8c9997df 
Number of updated asset objects reloaded before import = 0Number of asset objects unloaded after import = 9

========================================================================
Received Import Request.
  Time since last request: 0.000046 seconds.
  path: Assets/SunboxGames/ModularDungeonCaves/Prefabs/ModularPieces/MediumChamber_01.prefab
  importAddress: Guid(70ca14d1b901f7e4dbf94c8355078762) Importer(2089858483,e11c23a36db5f54750b8cd40eac0985b)
Start importing Assets/SunboxGames/ModularDungeonCaves/Prefabs/ModularPieces/MediumChamber_01.prefab using Guid(70ca14d1b901f7e4dbf94c8355078762) Importer(2089858483,e11c23a36db5f54750b8cd40eac0985b) (ScriptedImporter) -> (Import Result ID: '8d421fb91befbded77bdd7cf4982023c') in 0.018579 seconds [static and dynamic dependencies]. Details - ImportResultOutputID=6a7685d32075152f07aa99b5cb6dbaa2 DependenciesID=f44cfe2d3eda694e5091bf0f49804fc7 StaticDependenciesID=243a42d83055b928a8495b4b572deacf 
Number of updated asset objects reloaded before import = 0Number of asset objects unloaded after import = 29

========================================================================
Received Import Request.
  Time since last request: 0.000026 seconds.
  path: Assets/SunboxGames/ModularDungeonCaves/Textures/RootsSmall/Roots_01_RootsSmall_SpecularSmoothness.png
  importAddress: Guid(7c53eaa176f46794ab0b6890a093bfcc) Importer(2089858483,b0f066a214c2f5e87bad3c948f4d605d)
Start importing Assets/SunboxGames/ModularDungeonCaves/Textures/RootsSmall/Roots_01_RootsSmall_SpecularSmoothness.png using Guid(7c53eaa176f46794ab0b6890a093bfcc) Importer(2089858483,b0f066a214c2f5e87bad3c948f4d605d) (ScriptedImporter) -> (Import Result ID: '3aa75a2054a8f6e7052be0d110574325') in 0.0257059 seconds [static and dynamic dependencies]. Details - ImportResultOutputID=24887a7416cda0114d052fe019ca0ddf DependenciesID=277e0e0f815b6914eee9efb764d7b682 StaticDependenciesID=bb4bcbdee9f4e4428f79b8298817448d 
Number of updated asset objects reloaded before import = 0Number of asset objects unloaded after import = 1

========================================================================
Received Import Request.
  Time since last request: 0.000040 seconds.
  path: Assets/SunboxGames/ModularDungeonCaves/Prefabs/Vines/Vine_02.prefab
  importAddress: Guid(0a29de72192891d488fc56bdccaecb6f) Importer(2089858483,e11c23a36db5f54750b8cd40eac0985b)
Start importing Assets/SunboxGames/ModularDungeonCaves/Prefabs/Vines/Vine_02.prefab using Guid(0a29de72192891d488fc56bdccaecb6f) Importer(2089858483,e11c23a36db5f54750b8cd40eac0985b) (ScriptedImporter) -> (Import Result ID: 'b4d61fc0d5376728d01f91bdd00c8f8d') in 0.0091212 seconds [static and dynamic dependencies]. Details - ImportResultOutputID=0e6fe7d8f360d3ab3938ec7926f09b28 DependenciesID=1b1d41cd9f815f892e6b6ced4dcf5b3c StaticDependenciesID=75fed5038563584d28f81a8a513937d5 
Number of updated asset objects reloaded before import = 0Number of asset objects unloaded after import = 9

========================================================================
Received Import Request.
  Time since last request: 0.000025 seconds.
  path: Assets/SunboxGames/ModularDungeonCaves/Textures/MediumChamber_01/MediumChamber_01_Paint_MediumChamber_01_SpecularSmoothness.png
  importAddress: Guid(ba820a4efa597cd428dbf118fe307ac1) Importer(2089858483,b0f066a214c2f5e87bad3c948f4d605d)
Start importing Assets/SunboxGames/ModularDungeonCaves/Textures/MediumChamber_01/MediumChamber_01_Paint_MediumChamber_01_SpecularSmoothness.png using Guid(ba820a4efa597cd428dbf118fe307ac1) Importer(2089858483,b0f066a214c2f5e87bad3c948f4d605d) (ScriptedImporter) -> (Import Result ID: 'b13ad1295e48f3ce3d498bf69d05d524') in 0.0270594 seconds [static and dynamic dependencies]. Details - ImportResultOutputID=f860c5b5897a567fdfed4452aefa3c07 DependenciesID=8e97d03cce25c113fb2e33aa4554554c StaticDependenciesID=ee7b0606f0c8b58213581abc29b7cfe3 
Number of updated asset objects reloaded before import = 0Number of asset objects unloaded after import = 1

========================================================================
Received Import Request.
  Time since last request: 0.000025 seconds.
  path: Assets/SunboxGames/ModularDungeonCaves/Prefabs/Particles/TorchFlame.prefab
  importAddress: Guid(dcf762f7ec1701e49bf5077af2823068) Importer(2089858483,e11c23a36db5f54750b8cd40eac0985b)
Start importing Assets/SunboxGames/ModularDungeonCaves/Prefabs/Particles/TorchFlame.prefab using Guid(dcf762f7ec1701e49bf5077af2823068) Importer(2089858483,e11c23a36db5f54750b8cd40eac0985b) (ScriptedImporter) -> (Import Result ID: '16218c6b4e4fa930a9bf28d0751c2026') in 0.0216642 seconds [static and dynamic dependencies]. Details - ImportResultOutputID=82852958f432a4cd1c08ba2b4a9c28f8 DependenciesID=b4df7d1e1cee90685bd02f38e14feffb StaticDependenciesID=2bebbd5ef153db846450b867de1f7a80 
Number of updated asset objects reloaded before import = 0Number of asset objects unloaded after import = 6

========================================================================
Received Import Request.
  Time since last request: 0.000043 seconds.
  path: Assets/SunboxGames/ModularDungeonCaves/Prefabs/Various/Sack01.prefab
  importAddress: Guid(e9c701ebcc7818b4287bee1dea3de7a1) Importer(2089858483,e11c23a36db5f54750b8cd40eac0985b)
Start importing Assets/SunboxGames/ModularDungeonCaves/Prefabs/Various/Sack01.prefab using Guid(e9c701ebcc7818b4287bee1dea3de7a1) Importer(2089858483,e11c23a36db5f54750b8cd40eac0985b) (ScriptedImporter) -> (Import Result ID: 'b732e31b8058484240540e2d1c3b7919') in 0.0078438 seconds [static and dynamic dependencies]. Details - ImportResultOutputID=3166f5890abaab8e53e44e80c3a40631 DependenciesID=cf08a680ac3e4af1a1b02e199c019343 StaticDependenciesID=ed54c3f17e56adbf63d7ade15cd86488 
Number of updated asset objects reloaded before import = 0Number of asset objects unloaded after import = 10

========================================================================
Received Import Request.
  Time since last request: 0.000025 seconds.
  path: Assets/TripoModels/xiugai1/shengxiang4/pregnant_goddess_statue_3d_model.fbm/pregnant_goddess_statue_3d_model_roughness.JPEG
  importAddress: Guid(3173bc27b9cf09d4094f2ae7a0f4644f) Importer(2089858483,b0f066a214c2f5e87bad3c948f4d605d)
Start importing Assets/TripoModels/xiugai1/shengxiang4/pregnant_goddess_statue_3d_model.fbm/pregnant_goddess_statue_3d_model_roughness.JPEG using Guid(3173bc27b9cf09d4094f2ae7a0f4644f) Importer(2089858483,b0f066a214c2f5e87bad3c948f4d605d) (ScriptedImporter) -> (Import Result ID: '877f5c74a1e4dbc28e8020971ca4688f') in 0.0097418 seconds [static and dynamic dependencies]. Details - ImportResultOutputID=e092b3eab0cd2f02a8dc608562c1fc42 DependenciesID=8940d2ef69263f4661144ecafa55b558 StaticDependenciesID=735a5bc89358d0f831acd3df78b79dc5 
Number of updated asset objects reloaded before import = 0Number of asset objects unloaded after import = 1

========================================================================
Received Import Request.
  Time since last request: 0.000023 seconds.
  path: Assets/TripoModels/xiugai1/shengxiang5/Materials/tripo_image_bbd8e1b1-eb08-4404-989a-3a2f6490a0a3_0_0.mat
  importAddress: Guid(53cbe60efc9c0f94abe927ec8ec60e37) Importer(2089858483,b0f066a214c2f5e87bad3c948f4d605d)
Start importing Assets/TripoModels/xiugai1/shengxiang5/Materials/tripo_image_bbd8e1b1-eb08-4404-989a-3a2f6490a0a3_0_0.mat using Guid(53cbe60efc9c0f94abe927ec8ec60e37) Importer(2089858483,b0f066a214c2f5e87bad3c948f4d605d) (ScriptedImporter) -> (Import Result ID: '1b22152985096793b5362648b97c95d5') in 0.017223 seconds [static and dynamic dependencies]. Details - ImportResultOutputID=25a8c30ebef9291b2c0cdec5963fa79b DependenciesID=11813b7685a6b6de6221e655cd535edf StaticDependenciesID=31ad759f691a6ee367e91bc9abc15b58 
Number of updated asset objects reloaded before import = 0Number of asset objects unloaded after import = 9

========================================================================
Received Import Request.
  Time since last request: 0.000026 seconds.
  path: Assets/TripoModels/xiugai1/stone_fire_pit_3d_model/stone_fire_pit_3d_model.fbm/tripo_node_dcf200b2-6b0d-4833-9d17-21ac2f01cdf8_Normal_Bake.jpg
  importAddress: Guid(228fa8b2c3665874caa6d5fc6cccc9f4) Importer(2089858483,b0f066a214c2f5e87bad3c948f4d605d)
Start importing Assets/TripoModels/xiugai1/stone_fire_pit_3d_model/stone_fire_pit_3d_model.fbm/tripo_node_dcf200b2-6b0d-4833-9d17-21ac2f01cdf8_Normal_Bake.jpg using Guid(228fa8b2c3665874caa6d5fc6cccc9f4) Importer(2089858483,b0f066a214c2f5e87bad3c948f4d605d) (ScriptedImporter) -> (Import Result ID: '1c76f96847e10c33a9fd8d0949ddb049') in 0.009247 seconds [static and dynamic dependencies]. Details - ImportResultOutputID=8118508cc804b3b73a670401f46b5174 DependenciesID=417e329fdf0e5a4f15a34b928287a7b2 StaticDependenciesID=4a05fdf96d46f33313db9a8bdf00c872 
Number of updated asset objects reloaded before import = 0Number of asset objects unloaded after import = 1

========================================================================
Received Import Request.
  Time since last request: 0.000036 seconds.
  path: Assets/TripoModels/xiugai1/shengxiang1/bodhisattva_statue_3d_model.fbm/tripo_image_669d373f-fde6-463a-9758-8356cf1f334a_0_0.jpg
  importAddress: Guid(962ab23d1b8ea8f468ab0ff476a9fd54) Importer(2089858483,b0f066a214c2f5e87bad3c948f4d605d)
Start importing Assets/TripoModels/xiugai1/shengxiang1/bodhisattva_statue_3d_model.fbm/tripo_image_669d373f-fde6-463a-9758-8356cf1f334a_0_0.jpg using Guid(962ab23d1b8ea8f468ab0ff476a9fd54) Importer(2089858483,b0f066a214c2f5e87bad3c948f4d605d) (ScriptedImporter) -> (Import Result ID: 'b47796bc35592403628f472de867ce3e') in 0.0114086 seconds [static and dynamic dependencies]. Details - ImportResultOutputID=d28562ead29c80c325cd355769b95003 DependenciesID=2f17a46eac980a850583cf61a8c93dc8 StaticDependenciesID=710ecaf0184708e62f82d5d547cf84a4 
Number of updated asset objects reloaded before import = 0Number of asset objects unloaded after import = 1

========================================================================
Received Import Request.
  Time since last request: 0.000041 seconds.
  path: Assets/SunboxGames/ModularDungeonCaves/Textures/VineLeaves/VineLeaves_Paint_VineLeaves_SpecularSmoothness.png
  importAddress: Guid(1ac6eafe78dd01c49ac2e7bd2fb7c9d7) Importer(2089858483,b0f066a214c2f5e87bad3c948f4d605d)
Start importing Assets/SunboxGames/ModularDungeonCaves/Textures/VineLeaves/VineLeaves_Paint_VineLeaves_SpecularSmoothness.png using Guid(1ac6eafe78dd01c49ac2e7bd2fb7c9d7) Importer(2089858483,b0f066a214c2f5e87bad3c948f4d605d) (ScriptedImporter) -> (Import Result ID: '831ec059ff42c4c041a7992cf3aac69d') in 0.024874 seconds [static and dynamic dependencies]. Details - ImportResultOutputID=e33e06b7cba9686396e4aa74d5cd0713 DependenciesID=a6f6b0eff595a16ade7cfbecac3d77eb StaticDependenciesID=703dc6b9c5ad5a945f15f33c48092552 
Number of updated asset objects reloaded before import = 0Number of asset objects unloaded after import = 1

========================================================================
Received Import Request.
  Time since last request: 0.000042 seconds.
  path: Assets/TripoModels/xiugai1/shengxiang2/bodhisattva_statue_3d_model_1.fbm/bodhisattva_statue_3d_model_roughness.JPEG
  importAddress: Guid(f743440013fa18a4584fc03305fa4c8c) Importer(2089858483,b0f066a214c2f5e87bad3c948f4d605d)
Start importing Assets/TripoModels/xiugai1/shengxiang2/bodhisattva_statue_3d_model_1.fbm/bodhisattva_statue_3d_model_roughness.JPEG using Guid(f743440013fa18a4584fc03305fa4c8c) Importer(2089858483,b0f066a214c2f5e87bad3c948f4d605d) (ScriptedImporter) -> (Import Result ID: 'b89c97ae1ab8964a833a6f20bee5baff') in 0.0118697 seconds [static and dynamic dependencies]. Details - ImportResultOutputID=b7e96f270a7e4c9b61b685c0c8000452 DependenciesID=cbe97c9d27c8b172e1d325121b45e46f StaticDependenciesID=1cd9b3cba1d9b49fcff3bd8e3c28d957 
Number of updated asset objects reloaded before import = 0Number of asset objects unloaded after import = 1

========================================================================
Received Import Request.
  Time since last request: 0.000027 seconds.
  path: Assets/SunboxGames/ModularDungeonCaves/Textures/VineLeaves/VineLeaves_Paint_VineLeaves_AlbedoTransparency.png
  importAddress: Guid(c7740bc46ce13034e94e1b907341e56a) Importer(2089858483,b0f066a214c2f5e87bad3c948f4d605d)
Start importing Assets/SunboxGames/ModularDungeonCaves/Textures/VineLeaves/VineLeaves_Paint_VineLeaves_AlbedoTransparency.png using Guid(c7740bc46ce13034e94e1b907341e56a) Importer(2089858483,b0f066a214c2f5e87bad3c948f4d605d) (ScriptedImporter) -> (Import Result ID: 'dcabf24debf79c0e9e6a65c1ef78ba7f') in 0.0253081 seconds [static and dynamic dependencies]. Details - ImportResultOutputID=6216b5f2c9f219f6305341c9fa77f2c2 DependenciesID=9f8c7b08d77d709c1add6ff40d5f8d46 StaticDependenciesID=cc5a61f07524b7b90a8eeaacf227bdcc 
Number of updated asset objects reloaded before import = 0Number of asset objects unloaded after import = 1

========================================================================
Received Import Request.
  Time since last request: 0.000019 seconds.
  path: Assets/TripoModels/xiugai1/shengxiang3/goddess_statue_3d_model.fbm/goddess_statue_3d_model_roughness.JPEG
  importAddress: Guid(d2fe47556f565ee4cbc86aac94cc55af) Importer(2089858483,b0f066a214c2f5e87bad3c948f4d605d)
Start importing Assets/TripoModels/xiugai1/shengxiang3/goddess_statue_3d_model.fbm/goddess_statue_3d_model_roughness.JPEG using Guid(d2fe47556f565ee4cbc86aac94cc55af) Importer(2089858483,b0f066a214c2f5e87bad3c948f4d605d) (ScriptedImporter) -> (Import Result ID: '5adcfc6982310ec6533d7298a3bc7d2d') in 0.0128135 seconds [static and dynamic dependencies]. Details - ImportResultOutputID=54180281856bc5983b3612bb04934a1a DependenciesID=21729570eb055d92d1a2cb4c1da2b119 StaticDependenciesID=2bf610c371823caaa6954d9ef4b2acc8 
Number of updated asset objects reloaded before import = 0Number of asset objects unloaded after import = 1

========================================================================
Received Import Request.
  Time since last request: 0.000028 seconds.
  path: Assets/SunboxGames/ModularDungeonCaves/Textures/CavePlatforms_01/CavePlatforms_01_Paint_CavePlatforms_01_Normal.png
  importAddress: Guid(49f33cdda4d1ce74d8f594fd2e074822) Importer(2089858483,b0f066a214c2f5e87bad3c948f4d605d)
Start importing Assets/SunboxGames/ModularDungeonCaves/Textures/CavePlatforms_01/CavePlatforms_01_Paint_CavePlatforms_01_Normal.png using Guid(49f33cdda4d1ce74d8f594fd2e074822) Importer(2089858483,b0f066a214c2f5e87bad3c948f4d605d) (ScriptedImporter) -> (Import Result ID: '81c80e4dc77fd49dd08cced5c62bcb8a') in 0.0276982 seconds [static and dynamic dependencies]. Details - ImportResultOutputID=a16d9d85a2c82a7cad8254d4b06c99db DependenciesID=d8c815118993b85bb51d497a28f41228 StaticDependenciesID=aa05dd11fd6693d91c0d4a6f86f4a38c 
Number of updated asset objects reloaded before import = 0Number of asset objects unloaded after import = 1

========================================================================
Received Import Request.
  Time since last request: 0.000029 seconds.
  path: Assets/TripoModels/xiugai1/shengxiang6/stone_sculpture_prop_3d_model.fbm/stone_sculpture_prop_3d_model_metallic.JPEG
  importAddress: Guid(ca6355d46c8e86d4fa82f9e61ffea728) Importer(2089858483,b0f066a214c2f5e87bad3c948f4d605d)
Start importing Assets/TripoModels/xiugai1/shengxiang6/stone_sculpture_prop_3d_model.fbm/stone_sculpture_prop_3d_model_metallic.JPEG using Guid(ca6355d46c8e86d4fa82f9e61ffea728) Importer(2089858483,b0f066a214c2f5e87bad3c948f4d605d) (ScriptedImporter) -> (Import Result ID: '8e2b53a8122fcf1f44153c310a849e04') in 0.0112724 seconds [static and dynamic dependencies]. Details - ImportResultOutputID=87ea74b293b5c1e7ae660260910315ae DependenciesID=ec7e195d163f724a80df91f3817c0cb9 StaticDependenciesID=4844464d4d1db8483b1d894fc803b8de 
Number of updated asset objects reloaded before import = 0Number of asset objects unloaded after import = 1

========================================================================
Received Import Request.
  Time since last request: 0.000028 seconds.
  path: Assets/TripoModels/xiugai1/shengxiang1/bodhisattva_statue_3d_model.fbm/bodhisattva_statue_3d_model_roughness.JPEG
  importAddress: Guid(e2602c5532d3554488120ffc295eadbd) Importer(2089858483,b0f066a214c2f5e87bad3c948f4d605d)
Start importing Assets/TripoModels/xiugai1/shengxiang1/bodhisattva_statue_3d_model.fbm/bodhisattva_statue_3d_model_roughness.JPEG using Guid(e2602c5532d3554488120ffc295eadbd) Importer(2089858483,b0f066a214c2f5e87bad3c948f4d605d) (ScriptedImporter) -> (Import Result ID: '1060cdb632484850204c81eaaf4e4837') in 0.0102722 seconds [static and dynamic dependencies]. Details - ImportResultOutputID=50ac6b64e6fd231dce01ba80d469e4ad DependenciesID=b30f3875595c48f3af94790729149c65 StaticDependenciesID=b5e7a80621513d1d49de53643a7effa5 
Number of updated asset objects reloaded before import = 0Number of asset objects unloaded after import = 1

========================================================================
Received Import Request.
  Time since last request: 0.000023 seconds.
  path: Assets/BefourStudios/AsianDynastyEnvironment/Art/Shaders/S_Foliage.shadergraph
  importAddress: Guid(f466a61af05081647a0192c38ca20ca8) Importer(2089858483,b0f066a214c2f5e87bad3c948f4d605d)
Start importing Assets/BefourStudios/AsianDynastyEnvironment/Art/Shaders/S_Foliage.shadergraph using Guid(f466a61af05081647a0192c38ca20ca8) Importer(2089858483,b0f066a214c2f5e87bad3c948f4d605d) (ScriptedImporter) -> (Import Result ID: '841dd3c43d0315e8db6407347a7b325e') in 0.0096004 seconds [static and dynamic dependencies]. Details - ImportResultOutputID=c5e5d27bf7df9bbe5249402a75982f3a DependenciesID=b01bda240ccde3e9fe017ed47ad11679 StaticDependenciesID=86e4f221b478a85a79ac79dc0046fe4e 
Number of updated asset objects reloaded before import = 0Number of asset objects unloaded after import = 5

========================================================================
Received Import Request.
  Time since last request: 0.000024 seconds.
  path: Assets/SunboxGames/ModularDungeonCaves/Prefabs/Roots/RootLarge_04.prefab
  importAddress: Guid(416115ce8af5a244c9b155d4c7b11d35) Importer(2089858483,e11c23a36db5f54750b8cd40eac0985b)
Start importing Assets/SunboxGames/ModularDungeonCaves/Prefabs/Roots/RootLarge_04.prefab using Guid(416115ce8af5a244c9b155d4c7b11d35) Importer(2089858483,e11c23a36db5f54750b8cd40eac0985b) (ScriptedImporter) -> (Import Result ID: '3b880b76b1c6a716e1b8233ac4f8d7fa') in 0.0088809 seconds [static and dynamic dependencies]. Details - ImportResultOutputID=8f2eeb3fe93ee006aebd09346798fa64 DependenciesID=1f7f65e76511c83028e43b05ce66eef1 StaticDependenciesID=ec049a66fbe7b8a329ac69ca598f81df 
Number of updated asset objects reloaded before import = 0Number of asset objects unloaded after import = 9

========================================================================
Received Import Request.
  Time since last request: 0.000028 seconds.
  path: Assets/SunboxGames/ModularDungeonCaves/Prefabs/Various/Cobweb04.prefab
  importAddress: Guid(77725c709c7be0e4f9dd93a253ce0e54) Importer(2089858483,e11c23a36db5f54750b8cd40eac0985b)
Start importing Assets/SunboxGames/ModularDungeonCaves/Prefabs/Various/Cobweb04.prefab using Guid(77725c709c7be0e4f9dd93a253ce0e54) Importer(2089858483,e11c23a36db5f54750b8cd40eac0985b) (ScriptedImporter) -> (Import Result ID: 'cc573f8d315a6ac083b4541206a77e60') in 0.0066547 seconds [static and dynamic dependencies]. Details - ImportResultOutputID=9acf17ebef9c44fcccf5fd8724fb7eeb DependenciesID=382c4abf6b53f6d65654c30bdc823f28 StaticDependenciesID=1be0404529b74d2045786ad16463d758 
Number of updated asset objects reloaded before import = 0Number of asset objects unloaded after import = 8

========================================================================
Received Import Request.
  Time since last request: 0.000042 seconds.
  path: Assets/TripoModels/bodhisattva_statue_3d_model_1/bodhisattva_statue_3d_model_1.fbm/bodhisattva_statue_3d_model_basecolor.JPEG
  importAddress: Guid(fa62675f83d8fc14786b76482868bc99) Importer(2089858483,b0f066a214c2f5e87bad3c948f4d605d)
Start importing Assets/TripoModels/bodhisattva_statue_3d_model_1/bodhisattva_statue_3d_model_1.fbm/bodhisattva_statue_3d_model_basecolor.JPEG using Guid(fa62675f83d8fc14786b76482868bc99) Importer(2089858483,b0f066a214c2f5e87bad3c948f4d605d) (ScriptedImporter) -> (Import Result ID: 'd5e60137f8d0ad26e14b9d008b807532') in 0.0095977 seconds [static and dynamic dependencies]. Details - ImportResultOutputID=1cd473e94085949cae2cc332055ab0be DependenciesID=20b5f21a72624dfb50e356b0437761db StaticDependenciesID=3686ca963541dff3659addf1ed9d5b69 
Number of updated asset objects reloaded before import = 0Number of asset objects unloaded after import = 1

========================================================================
Received Import Request.
  Time since last request: 0.000023 seconds.
  path: Assets/HIVEMIND/CaveOfHiddenTomb/HDRP (Default)/Art/AllTextures1K/T_EuropeanBeechDetail_02_N.png
  importAddress: Guid(abc00000000007114856216992896668) Importer(2089858483,b0f066a214c2f5e87bad3c948f4d605d)
Start importing Assets/HIVEMIND/CaveOfHiddenTomb/HDRP (Default)/Art/AllTextures1K/T_EuropeanBeechDetail_02_N.png using Guid(abc00000000007114856216992896668) Importer(2089858483,b0f066a214c2f5e87bad3c948f4d605d) (ScriptedImporter) -> (Import Result ID: 'fcbe959e36c05fb22922193e60dffd64') in 0.01047 seconds [static and dynamic dependencies]. Details - ImportResultOutputID=ef09f38f6eaf6ad7f155b244e08d5daa DependenciesID=a6e1e8587c423db244caa22a2880e40e StaticDependenciesID=d8abfcc7a061ed5209131e4a75051ce6 
Number of updated asset objects reloaded before import = 0Number of asset objects unloaded after import = 1

========================================================================
Received Import Request.
  Time since last request: 0.000025 seconds.
  path: Assets/fog/Post Processing Assets/Common/Subgraphs/Particles/CameraFading.shadersubgraph
  importAddress: Guid(86bb21324ccc04547bc5afe1394874ac) Importer(2089858483,b0f066a214c2f5e87bad3c948f4d605d)
Start importing Assets/fog/Post Processing Assets/Common/Subgraphs/Particles/CameraFading.shadersubgraph using Guid(86bb21324ccc04547bc5afe1394874ac) Importer(2089858483,b0f066a214c2f5e87bad3c948f4d605d) (ScriptedImporter) -> (Import Result ID: '6e42f670bdab0ccd285dcd9cfcce2e2e') in 0.0085574 seconds [static and dynamic dependencies]. Details - ImportResultOutputID=6605a097342319172f01474fa13dc41e DependenciesID=c6d3d7c0d04c9eb5da86eb6d4df8c637 StaticDependenciesID=57968bf646f7d01b5e05757697b4d6f9 
Number of updated asset objects reloaded before import = 0Number of asset objects unloaded after import = 1

========================================================================
Received Import Request.
  Time since last request: 0.000023 seconds.
  path: Assets/HIVEMIND/CaveOfHiddenTomb/HDRP (Default)/Art/AllTextures1K/T_Ivy_MASK.png
  importAddress: Guid(abc00000000013666156394615876620) Importer(2089858483,b0f066a214c2f5e87bad3c948f4d605d)
Start importing Assets/HIVEMIND/CaveOfHiddenTomb/HDRP (Default)/Art/AllTextures1K/T_Ivy_MASK.png using Guid(abc00000000013666156394615876620) Importer(2089858483,b0f066a214c2f5e87bad3c948f4d605d) (ScriptedImporter) -> (Import Result ID: '04a59080fe0effbf516e24e3504e26d2') in 0.0104951 seconds [static and dynamic dependencies]. Details - ImportResultOutputID=b1fe809ff57e51ad2c96790cbf131027 DependenciesID=6fcf6ca6f5882e57ff848610a33d8b03 StaticDependenciesID=488daacf75918056318df6850ff3cf69 
Number of updated asset objects reloaded before import = 0Number of asset objects unloaded after import = 1

========================================================================
Received Import Request.
  Time since last request: 0.000022 seconds.
  path: Assets/HIVEMIND/CaveOfHiddenTomb/HDRP (Default)/Art/AllTextures1K/T_MI_Arch_A_BC.png
  importAddress: Guid(abc00000000016756689217887268497) Importer(2089858483,b0f066a214c2f5e87bad3c948f4d605d)
Start importing Assets/HIVEMIND/CaveOfHiddenTomb/HDRP (Default)/Art/AllTextures1K/T_MI_Arch_A_BC.png using Guid(abc00000000016756689217887268497) Importer(2089858483,b0f066a214c2f5e87bad3c948f4d605d) (ScriptedImporter) -> (Import Result ID: '50997158595a7aee82d75a9603057d3b') in 0.0091636 seconds [static and dynamic dependencies]. Details - ImportResultOutputID=6f82103441a3577279e0e846fb8862fd DependenciesID=aae77bf41c7d0d1c88f364cbbf84ea43 StaticDependenciesID=09b27e7cc2ecc0b341955a64d9dd41b3 
Number of updated asset objects reloaded before import = 0Number of asset objects unloaded after import = 1

========================================================================
Received Import Request.
  Time since last request: 0.000036 seconds.
  path: Assets/fog/Demo Assets/Unity Companion License/Particle Pack/Materials/Flame.mat
  importAddress: Guid(b25dd701bdc692249907c8b4e4b784b2) Importer(2089858483,b0f066a214c2f5e87bad3c948f4d605d)
Start importing Assets/fog/Demo Assets/Unity Companion License/Particle Pack/Materials/Flame.mat using Guid(b25dd701bdc692249907c8b4e4b784b2) Importer(2089858483,b0f066a214c2f5e87bad3c948f4d605d) (ScriptedImporter) -> (Import Result ID: 'a3d46a5b52e905210c3dff247f3e65e7') in 0.2119714 seconds [static and dynamic dependencies]. Details - ImportResultOutputID=65556ff69af62c0ad8ba8e9b9405900d DependenciesID=d639bf73df81a52d0982cc72e2275746 StaticDependenciesID=43740b51277f21efa695d7bcb61d5a2f 
Number of updated asset objects reloaded before import = 0Number of asset objects unloaded after import = 9

========================================================================
Received Import Request.
  Time since last request: 0.000029 seconds.
  path: Assets/fog/Post Processing Assets/Common/Subgraphs/Particles/FlipBookBlending.shadersubgraph
  importAddress: Guid(f78365f4af7127842b743c48e038d333) Importer(2089858483,b0f066a214c2f5e87bad3c948f4d605d)
Start importing Assets/fog/Post Processing Assets/Common/Subgraphs/Particles/FlipBookBlending.shadersubgraph using Guid(f78365f4af7127842b743c48e038d333) Importer(2089858483,b0f066a214c2f5e87bad3c948f4d605d) (ScriptedImporter) -> (Import Result ID: '41dfc9de663f674b9c8c755d70e0b578') in 0.0068657 seconds [static and dynamic dependencies]. Details - ImportResultOutputID=9ca0b2e497d60def83c3001ad91abd37 DependenciesID=8b1ef1791990717201d3b29210cc220d StaticDependenciesID=633f595c72ed7ae7da6dde19bf88f7da 
Number of updated asset objects reloaded before import = 0Number of asset objects unloaded after import = 1

========================================================================
Received Import Request.
  Time since last request: 0.000036 seconds.
  path: Assets/HIVEMIND/CaveOfHiddenTomb/HDRP (Default)/Art/AllTextures1K/T_AztecWall_Trim_N.png
  importAddress: Guid(abc00000000011719931429844740162) Importer(2089858483,b0f066a214c2f5e87bad3c948f4d605d)
Start importing Assets/HIVEMIND/CaveOfHiddenTomb/HDRP (Default)/Art/AllTextures1K/T_AztecWall_Trim_N.png using Guid(abc00000000011719931429844740162) Importer(2089858483,b0f066a214c2f5e87bad3c948f4d605d) (ScriptedImporter) -> (Import Result ID: '534c4e2998345a7d179f91bb497023a7') in 0.0100128 seconds [static and dynamic dependencies]. Details - ImportResultOutputID=771ed97b206623f7f3613f10e4425cd5 DependenciesID=26e0e0880a59fdbd7ed91dde02158fa9 StaticDependenciesID=d1cbe27586ead39a01210478e47dc280 
Number of updated asset objects reloaded before import = 0Number of asset objects unloaded after import = 1

========================================================================
Received Import Request.
  Time since last request: 0.000023 seconds.
  path: Assets/SunboxGames/ModularDungeonCaves/Prefabs/Rocks/Pillar_01.prefab
  importAddress: Guid(13fff4e3a16e59749aa30dc97bf77aed) Importer(2089858483,e11c23a36db5f54750b8cd40eac0985b)
Start importing Assets/SunboxGames/ModularDungeonCaves/Prefabs/Rocks/Pillar_01.prefab using Guid(13fff4e3a16e59749aa30dc97bf77aed) Importer(2089858483,e11c23a36db5f54750b8cd40eac0985b) (ScriptedImporter) -> (Import Result ID: '321973da67af772c460049813d3eb6d0') in 0.0104255 seconds [static and dynamic dependencies]. Details - ImportResultOutputID=68a1ac51e735ddb6c3c4ebb8433e04b5 DependenciesID=5c56db4717be3312c1670880cb0d178a StaticDependenciesID=2d7a22d7100cb83227ba56e255de6b5b 
Number of updated asset objects reloaded before import = 0Number of asset objects unloaded after import = 11

========================================================================
Received Import Request.
  Time since last request: 0.000026 seconds.
  path: Assets/SunboxGames/ModularDungeonCaves/Prefabs/Mushrooms/Mushroom07_Red.prefab
  importAddress: Guid(b0b4f348c2edc214db68c096b4876e46) Importer(2089858483,e11c23a36db5f54750b8cd40eac0985b)
Start importing Assets/SunboxGames/ModularDungeonCaves/Prefabs/Mushrooms/Mushroom07_Red.prefab using Guid(b0b4f348c2edc214db68c096b4876e46) Importer(2089858483,e11c23a36db5f54750b8cd40eac0985b) (ScriptedImporter) -> (Import Result ID: '7e3322696224a323ea8e6be271a61664') in 0.0092031 seconds [static and dynamic dependencies]. Details - ImportResultOutputID=332e699c0035097ce3102276d514c247 DependenciesID=5e4021d372d377c9b51acfacc686dee3 StaticDependenciesID=d2b1e4b7c3b753d3285746c39d0ee5a0 
Number of updated asset objects reloaded before import = 0Number of asset objects unloaded after import = 9

========================================================================
Received Import Request.
  Time since last request: 0.000022 seconds.
  path: Assets/TripoModels/goddess_statue_3d_model/goddess_statue_3d_model.fbm/goddess_statue_3d_model_normal.JPEG
  importAddress: Guid(504aa5799b3d11d42b16cf958f57efca) Importer(2089858483,b0f066a214c2f5e87bad3c948f4d605d)
Start importing Assets/TripoModels/goddess_statue_3d_model/goddess_statue_3d_model.fbm/goddess_statue_3d_model_normal.JPEG using Guid(504aa5799b3d11d42b16cf958f57efca) Importer(2089858483,b0f066a214c2f5e87bad3c948f4d605d) (ScriptedImporter) -> (Import Result ID: '20cc3a31064ca2e98fe985e9379e5292') in 0.0116786 seconds [static and dynamic dependencies]. Details - ImportResultOutputID=33948cd32bb81161e230e08afd87a073 DependenciesID=4d56921f50fc61957d33c08ce02395d7 StaticDependenciesID=35bc1df9aa338a4e4ac4a0a915b5d949 
Number of updated asset objects reloaded before import = 0Number of asset objects unloaded after import = 1

========================================================================
Received Import Request.
  Time since last request: 0.000025 seconds.
  path: Assets/SunboxGames/ModularDungeonCaves/Prefabs/Various/Cobweb02.prefab
  importAddress: Guid(ad542402817f3284db232f408fa92d36) Importer(2089858483,e11c23a36db5f54750b8cd40eac0985b)
Start importing Assets/SunboxGames/ModularDungeonCaves/Prefabs/Various/Cobweb02.prefab using Guid(ad542402817f3284db232f408fa92d36) Importer(2089858483,e11c23a36db5f54750b8cd40eac0985b) (ScriptedImporter) -> (Import Result ID: 'd93adfaf8837cd1e74fb93b4415e2a23') in 0.008208 seconds [static and dynamic dependencies]. Details - ImportResultOutputID=7c905db37a48727aabba07dd173d30bc DependenciesID=25aea0f4eadd56c812bf660f97236c7c StaticDependenciesID=a9fc4d80982b53b75193bce0fca3f43c 
Number of updated asset objects reloaded before import = 0Number of asset objects unloaded after import = 8

========================================================================
Received Import Request.
  Time since last request: 0.000036 seconds.
  path: Assets/HIVEMIND/CaveOfHiddenTomb/HDRP (Default)/Art/AllTextures1K/T_MI_Stalacite_BC04.png
  importAddress: Guid(abc00000000011079764954126595154) Importer(2089858483,b0f066a214c2f5e87bad3c948f4d605d)
Start importing Assets/HIVEMIND/CaveOfHiddenTomb/HDRP (Default)/Art/AllTextures1K/T_MI_Stalacite_BC04.png using Guid(abc00000000011079764954126595154) Importer(2089858483,b0f066a214c2f5e87bad3c948f4d605d) (ScriptedImporter) -> (Import Result ID: 'aeae1ca9b120e4700caf963cdae9a103') in 0.0084859 seconds [static and dynamic dependencies]. Details - ImportResultOutputID=df8739def5f9216dcc1ed3ddc557905c DependenciesID=0162a4ceb872b45fe57425dbb785e2af StaticDependenciesID=6e10c0811f9f317d704c80dd489ed3f3 
Number of updated asset objects reloaded before import = 0Number of asset objects unloaded after import = 1

========================================================================
Received Import Request.
  Time since last request: 0.000023 seconds.
  path: Assets/HIVEMIND/CaveOfHiddenTomb/HDRP (Default)/Art/AllTextures1K/T_MI_Wall_Aztec_N.png
  importAddress: Guid(abc00000000008153424696890339963) Importer(2089858483,b0f066a214c2f5e87bad3c948f4d605d)
Start importing Assets/HIVEMIND/CaveOfHiddenTomb/HDRP (Default)/Art/AllTextures1K/T_MI_Wall_Aztec_N.png using Guid(abc00000000008153424696890339963) Importer(2089858483,b0f066a214c2f5e87bad3c948f4d605d) (ScriptedImporter) -> (Import Result ID: 'd80487b793e6396da832433802936bba') in 0.0139137 seconds [static and dynamic dependencies]. Details - ImportResultOutputID=1a8b3e8bd2969f7d9e118c58f023a721 DependenciesID=ad34514d991a7e100ec0b8132aed2943 StaticDependenciesID=c5093a4c90fcc7c1453d9d54feba1650 
Number of updated asset objects reloaded before import = 0Number of asset objects unloaded after import = 1

========================================================================
Received Import Request.
  Time since last request: 0.000026 seconds.
  path: Assets/HIVEMIND/CaveOfHiddenTomb/HDRP (Default)/Art/AllTextures1K/T_MI_Stalacite_ORD.png
  importAddress: Guid(abc00000000014201865439641719703) Importer(2089858483,b0f066a214c2f5e87bad3c948f4d605d)
Start importing Assets/HIVEMIND/CaveOfHiddenTomb/HDRP (Default)/Art/AllTextures1K/T_MI_Stalacite_ORD.png using Guid(abc00000000014201865439641719703) Importer(2089858483,b0f066a214c2f5e87bad3c948f4d605d) (ScriptedImporter) -> (Import Result ID: 'ca0880890ef1fd2e12aef62ab9596cc7') in 0.013096 seconds [static and dynamic dependencies]. Details - ImportResultOutputID=a936066151a52cef6e6770feee54f9b6 DependenciesID=b16c576f4b65cce40254671f45fa8017 StaticDependenciesID=478615fd086a98fc0a4c8ab98b5d4d3d 
Number of updated asset objects reloaded before import = 0Number of asset objects unloaded after import = 1

========================================================================
Received Import Request.
  Time since last request: 0.000023 seconds.
  path: Assets/HIVEMIND/CaveOfHiddenTomb/HDRP (Default)/Art/AllTextures1K/T_Moss_BC.png
  importAddress: Guid(abc00000000005358415048710124323) Importer(2089858483,b0f066a214c2f5e87bad3c948f4d605d)
Start importing Assets/HIVEMIND/CaveOfHiddenTomb/HDRP (Default)/Art/AllTextures1K/T_Moss_BC.png using Guid(abc00000000005358415048710124323) Importer(2089858483,b0f066a214c2f5e87bad3c948f4d605d) (ScriptedImporter) -> (Import Result ID: '895456346fbaa326cc3f8f5a4d527b92') in 0.0091596 seconds [static and dynamic dependencies]. Details - ImportResultOutputID=5565e1de1c442616bf28e5bf7b49e7d3 DependenciesID=42eb660ff4dc8c7aba05715292cf8e4a StaticDependenciesID=21ca7477dfc2c1a9bceb388ef3b4303b 
Number of updated asset objects reloaded before import = 0Number of asset objects unloaded after import = 1

========================================================================
Received Import Request.
  Time since last request: 0.000028 seconds.
  path: Assets/HIVEMIND/CaveOfHiddenTomb/HDRP (Default)/Art/AllTextures1K/T_Mud_M.png
  importAddress: Guid(abc00000000003035905751862428333) Importer(2089858483,b0f066a214c2f5e87bad3c948f4d605d)
Start importing Assets/HIVEMIND/CaveOfHiddenTomb/HDRP (Default)/Art/AllTextures1K/T_Mud_M.png using Guid(abc00000000003035905751862428333) Importer(2089858483,b0f066a214c2f5e87bad3c948f4d605d) (ScriptedImporter) -> (Import Result ID: '56b7f25f1b411f2744c40c597f8d11a8') in 0.0107167 seconds [static and dynamic dependencies]. Details - ImportResultOutputID=d2290750e4c53b83a257933739db1528 DependenciesID=5c5a2b16902fae4c0d0139756192bc47 StaticDependenciesID=e696a8b38dd2def8a203ccade65b3865 
Number of updated asset objects reloaded before import = 0Number of asset objects unloaded after import = 1

========================================================================
Received Import Request.
  Time since last request: 0.000044 seconds.
  path: Assets/HIVEMIND/CaveOfHiddenTomb/HDRP (Default)/Art/AllTextures1K/T_MI_Stalacite_N06.png
  importAddress: Guid(abc00000000007360107379367247193) Importer(2089858483,b0f066a214c2f5e87bad3c948f4d605d)
Start importing Assets/HIVEMIND/CaveOfHiddenTomb/HDRP (Default)/Art/AllTextures1K/T_MI_Stalacite_N06.png using Guid(abc00000000007360107379367247193) Importer(2089858483,b0f066a214c2f5e87bad3c948f4d605d) (ScriptedImporter) -> (Import Result ID: 'df81ad295d531363755860f2fb35baed') in 0.0098506 seconds [static and dynamic dependencies]. Details - ImportResultOutputID=89f008366ace17b0b8933af428e55c8e DependenciesID=f576585404aeb7f7a6cec0a983c00910 StaticDependenciesID=2d9a5233124214dd20d6885a990a7461 
Number of updated asset objects reloaded before import = 0Number of asset objects unloaded after import = 1

========================================================================
Received Import Request.
  Time since last request: 0.000024 seconds.
  path: Assets/HIVEMIND/CaveOfHiddenTomb/HDRP (Default)/Art/AllTextures1K/T_MI_Stalacite_ORD02.png
  importAddress: Guid(abc00000000010200367026365006536) Importer(2089858483,b0f066a214c2f5e87bad3c948f4d605d)
Start importing Assets/HIVEMIND/CaveOfHiddenTomb/HDRP (Default)/Art/AllTextures1K/T_MI_Stalacite_ORD02.png using Guid(abc00000000010200367026365006536) Importer(2089858483,b0f066a214c2f5e87bad3c948f4d605d) (ScriptedImporter) -> (Import Result ID: '7fa69b9608ff5fd6967c500e513dfad5') in 0.012511 seconds [static and dynamic dependencies]. Details - ImportResultOutputID=af7f20109c8d2266d5e9190e6b49f7fa DependenciesID=ecf92457ed816d1367e65f4f6e11e0e0 StaticDependenciesID=88d0c551e8f754aaae2f94ace59450aa 
Number of updated asset objects reloaded before import = 0Number of asset objects unloaded after import = 1

========================================================================
Received Import Request.
  Time since last request: 0.000025 seconds.
  path: Assets/HIVEMIND/CaveOfHiddenTomb/HDRP (Default)/Art/AllTextures1K/T_MI_Stalacite_N03.png
  importAddress: Guid(abc00000000016782150412389249004) Importer(2089858483,b0f066a214c2f5e87bad3c948f4d605d)
Start importing Assets/HIVEMIND/CaveOfHiddenTomb/HDRP (Default)/Art/AllTextures1K/T_MI_Stalacite_N03.png using Guid(abc00000000016782150412389249004) Importer(2089858483,b0f066a214c2f5e87bad3c948f4d605d) (ScriptedImporter) -> (Import Result ID: 'de3b4024a33ea984ca69396a8ab071f8') in 0.0104911 seconds [static and dynamic dependencies]. Details - ImportResultOutputID=5290f11e07f7ae08c7dee45e93b9d718 DependenciesID=65b72747f127f298110a2d9b1bdf6d1d StaticDependenciesID=8ef1ad6e21622a7d9ce06ca1a2852b4b 
Number of updated asset objects reloaded before import = 0Number of asset objects unloaded after import = 1

========================================================================
Received Import Request.
  Time since last request: 0.000024 seconds.
  path: Assets/HIVEMIND/CaveOfHiddenTomb/HDRP (Default)/Art/AllTextures1K/T_MI_Sculpt_B_ORD.png
  importAddress: Guid(abc00000000018212880579617354727) Importer(2089858483,b0f066a214c2f5e87bad3c948f4d605d)
Start importing Assets/HIVEMIND/CaveOfHiddenTomb/HDRP (Default)/Art/AllTextures1K/T_MI_Sculpt_B_ORD.png using Guid(abc00000000018212880579617354727) Importer(2089858483,b0f066a214c2f5e87bad3c948f4d605d) (ScriptedImporter) -> (Import Result ID: 'a41ae11c47702a6a2f8bc9189be6d699') in 0.0134234 seconds [static and dynamic dependencies]. Details - ImportResultOutputID=a0ab0379ca0da5dbefc43f47a98a49f7 DependenciesID=ae6ec2653b6791f23931f8bfba1f7a0f StaticDependenciesID=a5efc2144ba9333fb92384a86eccb049 
Number of updated asset objects reloaded before import = 0Number of asset objects unloaded after import = 1

========================================================================
Received Import Request.
  Time since last request: 0.000028 seconds.
  path: Assets/HIVEMIND/CaveOfHiddenTomb/HDRP (Default)/Art/AllTextures1K/T_MI_Stone_C_N.png
  importAddress: Guid(abc00000000004538502305455188322) Importer(2089858483,b0f066a214c2f5e87bad3c948f4d605d)
Start importing Assets/HIVEMIND/CaveOfHiddenTomb/HDRP (Default)/Art/AllTextures1K/T_MI_Stone_C_N.png using Guid(abc00000000004538502305455188322) Importer(2089858483,b0f066a214c2f5e87bad3c948f4d605d) (ScriptedImporter) -> (Import Result ID: '35490ae0bb0866e54306417566e65b17') in 0.0101318 seconds [static and dynamic dependencies]. Details - ImportResultOutputID=a536ac9937d21fb2a40f7386322b5d9f DependenciesID=91bd398d181121c6d5dffb2fb81fc66e StaticDependenciesID=1e565d27922bf9172ac3fa7f4d51912e 
Number of updated asset objects reloaded before import = 0Number of asset objects unloaded after import = 1

========================================================================
Received Import Request.
  Time since last request: 0.000041 seconds.
  path: Assets/HIVEMIND/CaveOfHiddenTomb/HDRP (Default)/Art/AllTextures1K/T_MI_StonePlate_H_N.png
  importAddress: Guid(abc00000000014992033734429665778) Importer(2089858483,b0f066a214c2f5e87bad3c948f4d605d)
Start importing Assets/HIVEMIND/CaveOfHiddenTomb/HDRP (Default)/Art/AllTextures1K/T_MI_StonePlate_H_N.png using Guid(abc00000000014992033734429665778) Importer(2089858483,b0f066a214c2f5e87bad3c948f4d605d) (ScriptedImporter) -> (Import Result ID: 'e7979ea83107e617b8bff061f2ef730e') in 0.0112136 seconds [static and dynamic dependencies]. Details - ImportResultOutputID=8f3c86a7f0de4f07b9438d5d9fba430b DependenciesID=21a84e562737c4e65cc5adfb5db44c28 StaticDependenciesID=aa794464fea2fe61d1949db64a86e5f6 
Number of updated asset objects reloaded before import = 0Number of asset objects unloaded after import = 1

========================================================================
Received Import Request.
  Time since last request: 0.000023 seconds.
  path: Assets/BefourStudios/AsianDynastyEnvironment/Art/Meshes/SM_Tree_02.fbx
  importAddress: Guid(abc00000000017552065482795166369) Importer(2089858483,b0f066a214c2f5e87bad3c948f4d605d)
Start importing Assets/BefourStudios/AsianDynastyEnvironment/Art/Meshes/SM_Tree_02.fbx using Guid(abc00000000017552065482795166369) Importer(2089858483,b0f066a214c2f5e87bad3c948f4d605d) (ScriptedImporter)MaterialLocation.External is obsolete. External Material Location is no longer supported. (Assets/BefourStudios/AsianDynastyEnvironment/Art/Meshes/SM_Tree_02.fbx)
 -> (Import Result ID: '97aaafad152c433609e126068d6aa73a') in 0.0140355 seconds [static and dynamic dependencies]. Details - ImportResultOutputID=e4716def1c62dd8eb19e8f02704ce226 DependenciesID=13a6064218bc15c8d51571bca3a9ca58 StaticDependenciesID=198be0c4ec2cc525db86f672b02c412c 
Number of updated asset objects reloaded before import = 0Number of asset objects unloaded after import = 32

========================================================================
Received Import Request.
  Time since last request: 0.000021 seconds.
  path: Assets/SunboxGames/ModularDungeonCaves/Textures/CavePlatforms_01/CavePlatforms_01_Paint_CavePlatforms_01_SpecularSmoothness.png
  importAddress: Guid(a5d42edb12d7b2b44bea684870c99010) Importer(2089858483,b0f066a214c2f5e87bad3c948f4d605d)
Start importing Assets/SunboxGames/ModularDungeonCaves/Textures/CavePlatforms_01/CavePlatforms_01_Paint_CavePlatforms_01_SpecularSmoothness.png using Guid(a5d42edb12d7b2b44bea684870c99010) Importer(2089858483,b0f066a214c2f5e87bad3c948f4d605d) (ScriptedImporter) -> (Import Result ID: 'f2ab4e2d4bc37744506a4c0d8c965262') in 0.0218589 seconds [static and dynamic dependencies]. Details - ImportResultOutputID=f4a4ac6ffeb78b04c22213120ee8c24e DependenciesID=ed79f715a3be7eaf0849fe8e1937664c StaticDependenciesID=c9a52aa49920f6b105232975326b01dc 
Number of updated asset objects reloaded before import = 0Number of asset objects unloaded after import = 1

========================================================================
Received Import Request.
  Time since last request: 0.000025 seconds.
  path: Assets/HIVEMIND/CaveOfHiddenTomb/HDRP (Default)/Art/AllTextures1K/T_stoneplate_g_BC.PNG
  importAddress: Guid(de7b514c592613d4d89d23cb47270fe8) Importer(2089858483,b0f066a214c2f5e87bad3c948f4d605d)
Start importing Assets/HIVEMIND/CaveOfHiddenTomb/HDRP (Default)/Art/AllTextures1K/T_stoneplate_g_BC.PNG using Guid(de7b514c592613d4d89d23cb47270fe8) Importer(2089858483,b0f066a214c2f5e87bad3c948f4d605d) (ScriptedImporter) -> (Import Result ID: '2efdb4c9165418ded1939aa70bef3355') in 0.0111016 seconds [static and dynamic dependencies]. Details - ImportResultOutputID=8926a228440f02f33f701360313f8794 DependenciesID=df0d97ba8cd5a5bafcd26442b5a8a88f StaticDependenciesID=e9f055a104e1b08f8c6b71df1b2a4a57 
Number of updated asset objects reloaded before import = 0Number of asset objects unloaded after import = 1

========================================================================
Received Import Request.
  Time since last request: 0.000023 seconds.
  path: Assets/HIVEMIND/CaveOfHiddenTomb/HDRP (Default)/Art/AllTextures1K/T_RockWall_ORD.png
  importAddress: Guid(abc00000000004708901192272988096) Importer(2089858483,b0f066a214c2f5e87bad3c948f4d605d)
Start importing Assets/HIVEMIND/CaveOfHiddenTomb/HDRP (Default)/Art/AllTextures1K/T_RockWall_ORD.png using Guid(abc00000000004708901192272988096) Importer(2089858483,b0f066a214c2f5e87bad3c948f4d605d) (ScriptedImporter) -> (Import Result ID: '7ba5ad9071bbea0c9b6c8c57e0606700') in 0.0129844 seconds [static and dynamic dependencies]. Details - ImportResultOutputID=9e8301d51340ea7a5802b6720ac5ace9 DependenciesID=e11f143d5ff6f410198f70e6b8b2447f StaticDependenciesID=18c24c5ac4d35aa4b00db9d3be1a7d3d 
Number of updated asset objects reloaded before import = 0Number of asset objects unloaded after import = 1

========================================================================
Received Import Request.
  Time since last request: 0.000031 seconds.
  path: Assets/HIVEMIND/CaveOfHiddenTomb/HDRP (Default)/Art/AllTextures1K/T_SwordShield_Mask01.TGA
  importAddress: Guid(5f60de88d49a12f44995003a37ed7516) Importer(2089858483,b0f066a214c2f5e87bad3c948f4d605d)
Start importing Assets/HIVEMIND/CaveOfHiddenTomb/HDRP (Default)/Art/AllTextures1K/T_SwordShield_Mask01.TGA using Guid(5f60de88d49a12f44995003a37ed7516) Importer(2089858483,b0f066a214c2f5e87bad3c948f4d605d) (ScriptedImporter) -> (Import Result ID: 'ea3f77f6055d3cb219e022f4d9530790') in 0.0114885 seconds [static and dynamic dependencies]. Details - ImportResultOutputID=f9fb2f958b38beb89c80d3f3c87402f0 DependenciesID=bb59a308c87a91c6d7286e5833461dfb StaticDependenciesID=61c9508a9de43766cd5ee6764a95d093 
Number of updated asset objects reloaded before import = 0Number of asset objects unloaded after import = 1

========================================================================
Received Import Request.
  Time since last request: 0.000022 seconds.
  path: Assets/HIVEMIND/CaveOfHiddenTomb/HDRP (Default)/Art/AllTextures1K/T_VineLeaf_N.png
  importAddress: Guid(abc00000000016785632136527885906) Importer(2089858483,b0f066a214c2f5e87bad3c948f4d605d)
Start importing Assets/HIVEMIND/CaveOfHiddenTomb/HDRP (Default)/Art/AllTextures1K/T_VineLeaf_N.png using Guid(abc00000000016785632136527885906) Importer(2089858483,b0f066a214c2f5e87bad3c948f4d605d) (ScriptedImporter) -> (Import Result ID: 'f16258e64f4f6d69bd2db41f74738b53') in 0.0094513 seconds [static and dynamic dependencies]. Details - ImportResultOutputID=448d84d380b1829b429ac8a0ede5ed54 DependenciesID=0ce0f43868a7bdb9d9b983f75116260c StaticDependenciesID=c4a617552b11147366bcbbac0edeef03 
Number of updated asset objects reloaded before import = 0Number of asset objects unloaded after import = 1

========================================================================
Received Import Request.
  Time since last request: 0.000017 seconds.
  path: Assets/HIVEMIND/CaveOfHiddenTomb/HDRP (Default)/Art/AllTextures1K/T_stoneplate_g_N.PNG
  importAddress: Guid(90985fa02878b864188584d2d9478d49) Importer(2089858483,b0f066a214c2f5e87bad3c948f4d605d)
Start importing Assets/HIVEMIND/CaveOfHiddenTomb/HDRP (Default)/Art/AllTextures1K/T_stoneplate_g_N.PNG using Guid(90985fa02878b864188584d2d9478d49) Importer(2089858483,b0f066a214c2f5e87bad3c948f4d605d) (ScriptedImporter) -> (Import Result ID: '5712d0f8f408dd028abf5223bafff1c5') in 0.0105777 seconds [static and dynamic dependencies]. Details - ImportResultOutputID=a8c6e864ea3f184d4dbe7da8d1797595 DependenciesID=878502081aa7fac3505241d4524bed48 StaticDependenciesID=ac93bec4314d62333b9a32e0ed8aa04e 
Number of updated asset objects reloaded before import = 0Number of asset objects unloaded after import = 1

========================================================================
Received Import Request.
  Time since last request: 0.000017 seconds.
  path: Assets/HIVEMIND/CaveOfHiddenTomb/HDRP (Default)/Art/AllTextures1K/T_stonepattern_g_BC.PNG
  importAddress: Guid(b00f55c4acddae5498d9422811f7b99c) Importer(2089858483,b0f066a214c2f5e87bad3c948f4d605d)
Start importing Assets/HIVEMIND/CaveOfHiddenTomb/HDRP (Default)/Art/AllTextures1K/T_stonepattern_g_BC.PNG using Guid(b00f55c4acddae5498d9422811f7b99c) Importer(2089858483,b0f066a214c2f5e87bad3c948f4d605d) (ScriptedImporter) -> (Import Result ID: '98ba136b21154f196ac7048a79bc4664') in 0.0119585 seconds [static and dynamic dependencies]. Details - ImportResultOutputID=b17285629772076b739e2f973a67519a DependenciesID=d1469e21f59d7d38f23ab6c9862e3eeb StaticDependenciesID=ae217855e85760a508e387610ab310fd 
Number of updated asset objects reloaded before import = 0Number of asset objects unloaded after import = 1

========================================================================
Received Import Request.
  Time since last request: 0.000022 seconds.
  path: Assets/HIVEMIND/CaveOfHiddenTomb/HDRP (Default)/Art/AllTextures1K/T_VineLeaf_BC.png
  importAddress: Guid(abc00000000013532189630073809321) Importer(2089858483,b0f066a214c2f5e87bad3c948f4d605d)
Start importing Assets/HIVEMIND/CaveOfHiddenTomb/HDRP (Default)/Art/AllTextures1K/T_VineLeaf_BC.png using Guid(abc00000000013532189630073809321) Importer(2089858483,b0f066a214c2f5e87bad3c948f4d605d) (ScriptedImporter) -> (Import Result ID: '9bb991b26e054ec078abb4415970ed92') in 0.0088261 seconds [static and dynamic dependencies]. Details - ImportResultOutputID=cd4d983317eb9df30681f3bb7227922e DependenciesID=3d7781333b04d80f27a1dbf1eb3841af StaticDependenciesID=c38e761727365ac3ff890f0c8b24dacc 
Number of updated asset objects reloaded before import = 0Number of asset objects unloaded after import = 1

========================================================================
Received Import Request.
  Time since last request: 0.000031 seconds.
  path: Assets/HIVEMIND/CaveOfHiddenTomb/HDRP (Default)/Art/AllTextures1K/T_StonePlate_Normal.png
  importAddress: Guid(abc00000000007131508370397048528) Importer(2089858483,b0f066a214c2f5e87bad3c948f4d605d)
Start importing Assets/HIVEMIND/CaveOfHiddenTomb/HDRP (Default)/Art/AllTextures1K/T_StonePlate_Normal.png using Guid(abc00000000007131508370397048528) Importer(2089858483,b0f066a214c2f5e87bad3c948f4d605d) (ScriptedImporter) -> (Import Result ID: '7ad55e4860f3c43288b64ab6efe93953') in 0.0101826 seconds [static and dynamic dependencies]. Details - ImportResultOutputID=449e389b03847c9643c5625864050208 DependenciesID=19b6f523d1ec94c7d8331b7be4778715 StaticDependenciesID=fbb817db9af658b801b4b7f1479c412b 
Number of updated asset objects reloaded before import = 0Number of asset objects unloaded after import = 1

========================================================================
Received Import Request.
  Time since last request: 0.000021 seconds.
  path: Assets/HIVEMIND/CaveOfHiddenTomb/HDRP (Default)/Art/AllTextures1K/T_StonePlate_AORD.png
  importAddress: Guid(abc00000000000333501260365233701) Importer(2089858483,b0f066a214c2f5e87bad3c948f4d605d)
Start importing Assets/HIVEMIND/CaveOfHiddenTomb/HDRP (Default)/Art/AllTextures1K/T_StonePlate_AORD.png using Guid(abc00000000000333501260365233701) Importer(2089858483,b0f066a214c2f5e87bad3c948f4d605d) (ScriptedImporter) -> (Import Result ID: '427a83fa143a3775ebad885e86611d30') in 0.0133519 seconds [static and dynamic dependencies]. Details - ImportResultOutputID=fbbd0e2a0b8cdb73eae5865f6ea16b2a DependenciesID=462c37e2422ad59b672aa7277804e4fc StaticDependenciesID=88f4567a981b2be2c249ec387843dc1c 
Number of updated asset objects reloaded before import = 0Number of asset objects unloaded after import = 1

========================================================================
Received Import Request.
  Time since last request: 0.000021 seconds.
  path: Assets/HIVEMIND/CaveOfHiddenTomb/HDRP (Default)/Art/AllTextures1K/T_StonePlate_Normal02.png
  importAddress: Guid(abc00000000015434369042604053109) Importer(2089858483,b0f066a214c2f5e87bad3c948f4d605d)
Start importing Assets/HIVEMIND/CaveOfHiddenTomb/HDRP (Default)/Art/AllTextures1K/T_StonePlate_Normal02.png using Guid(abc00000000015434369042604053109) Importer(2089858483,b0f066a214c2f5e87bad3c948f4d605d) (ScriptedImporter) -> (Import Result ID: '81127518822b0d06b629d61abd261894') in 0.0100178 seconds [static and dynamic dependencies]. Details - ImportResultOutputID=63e8a56c34e09f385161c741db4d0982 DependenciesID=617f5b057a6c8a3057d77c7a2bc447e9 StaticDependenciesID=c37827e59c3ff0faf36ffc1afcdce10b 
Number of updated asset objects reloaded before import = 0Number of asset objects unloaded after import = 1

========================================================================
Received Import Request.
  Time since last request: 0.000023 seconds.
  path: Assets/HIVEMIND/CaveOfHiddenTomb/HDRP (Default)/Art/AllTextures1K/T_Rock_ORD04.png
  importAddress: Guid(abc00000000002539524819836069337) Importer(2089858483,b0f066a214c2f5e87bad3c948f4d605d)
Start importing Assets/HIVEMIND/CaveOfHiddenTomb/HDRP (Default)/Art/AllTextures1K/T_Rock_ORD04.png using Guid(abc00000000002539524819836069337) Importer(2089858483,b0f066a214c2f5e87bad3c948f4d605d) (ScriptedImporter) -> (Import Result ID: '73fbbddd214b8a05a8f1ca36852e99d7') in 0.0142113 seconds [static and dynamic dependencies]. Details - ImportResultOutputID=4e9c19d9c58283f166c9f52be21ce2d5 DependenciesID=f4fca2b1a80dfbdd31e5bca0393ce376 StaticDependenciesID=a5490ffd12b92797776eb07989e914e4 
Number of updated asset objects reloaded before import = 0Number of asset objects unloaded after import = 1

========================================================================
Received Import Request.
  Time since last request: 0.000020 seconds.
  path: Assets/HIVEMIND/CaveOfHiddenTomb/HDRP (Default)/Art/AllTextures1K/T_StonePlate_Normal03.png
  importAddress: Guid(abc00000000008367757331107689282) Importer(2089858483,b0f066a214c2f5e87bad3c948f4d605d)
Start importing Assets/HIVEMIND/CaveOfHiddenTomb/HDRP (Default)/Art/AllTextures1K/T_StonePlate_Normal03.png using Guid(abc00000000008367757331107689282) Importer(2089858483,b0f066a214c2f5e87bad3c948f4d605d) (ScriptedImporter) -> (Import Result ID: '9f0a1c387754cbfd3fd28cf2a7dec6b0') in 0.0100887 seconds [static and dynamic dependencies]. Details - ImportResultOutputID=30eef2f95c4819701179696d70d44216 DependenciesID=e74c1c64b62881c947fd538332667e55 StaticDependenciesID=f8d753765c5d83dea9d4a8581a83442f 
Number of updated asset objects reloaded before import = 0Number of asset objects unloaded after import = 1

========================================================================
Received Import Request.
  Time since last request: 0.000026 seconds.
  path: Assets/HIVEMIND/CaveOfHiddenTomb/HDRP (Default)/Art/Prefabs/SM_EuropeanBeech_Log_01.prefab
  importAddress: Guid(abc00000000003769744192487942334) Importer(2089858483,e11c23a36db5f54750b8cd40eac0985b)
Start importing Assets/HIVEMIND/CaveOfHiddenTomb/HDRP (Default)/Art/Prefabs/SM_EuropeanBeech_Log_01.prefab using Guid(abc00000000003769744192487942334) Importer(2089858483,e11c23a36db5f54750b8cd40eac0985b) (ScriptedImporter) -> (Import Result ID: '7900f9c2266c55e402b2a23a7a73c651') in 0.0302742 seconds [static and dynamic dependencies]. Details - ImportResultOutputID=5c6918c8fe2c0382330d9b0330cb4204 DependenciesID=1ef89e8d101cc21657152d3f4b3fe9c2 StaticDependenciesID=c0800b07f1a0646e64b3152091d37b26 
Number of updated asset objects reloaded before import = 0Number of asset objects unloaded after import = 43

========================================================================
Received Import Request.
  Time since last request: 0.000021 seconds.
  path: Assets/HIVEMIND/CaveOfHiddenTomb/HDRP (Default)/Art/Prefabs/SM_Rock_G.prefab
  importAddress: Guid(abc00000000008089024361489229336) Importer(2089858483,e11c23a36db5f54750b8cd40eac0985b)
Start importing Assets/HIVEMIND/CaveOfHiddenTomb/HDRP (Default)/Art/Prefabs/SM_Rock_G.prefab using Guid(abc00000000008089024361489229336) Importer(2089858483,e11c23a36db5f54750b8cd40eac0985b) (ScriptedImporter) -> (Import Result ID: '233082d07b20859f06221039da0e5fb3') in 0.0237439 seconds [static and dynamic dependencies]. Details - ImportResultOutputID=12ed081ab41452230204d6b455be1c36 DependenciesID=d19501e1e0560e5cf664858f304365a5 StaticDependenciesID=387b3832b30f68fe248682e94399fd23 
Number of updated asset objects reloaded before import = 0Number of asset objects unloaded after import = 33

========================================================================
Received Import Request.
  Time since last request: 0.000023 seconds.
  path: Assets/HIVEMIND/CaveOfHiddenTomb/HDRP (Default)/Art/Prefabs/SM_EagleFern_M_01.prefab
  importAddress: Guid(abc00000000011039618699719396850) Importer(2089858483,e11c23a36db5f54750b8cd40eac0985b)
Start importing Assets/HIVEMIND/CaveOfHiddenTomb/HDRP (Default)/Art/Prefabs/SM_EagleFern_M_01.prefab using Guid(abc00000000011039618699719396850) Importer(2089858483,e11c23a36db5f54750b8cd40eac0985b) (ScriptedImporter) -> (Import Result ID: '6ae47ac3b89382e19e5f358af2a7d92e') in 0.0226109 seconds [static and dynamic dependencies]. Details - ImportResultOutputID=c59836a5500c3017651a68cffde5cfda DependenciesID=04a3b2ccba21c88ae5cecc26b77c768f StaticDependenciesID=86fa00830ed059db71747eabc0008d8f 
Number of updated asset objects reloaded before import = 0Number of asset objects unloaded after import = 32

========================================================================
Received Import Request.
  Time since last request: 0.000024 seconds.
  path: Assets/HIVEMIND/CaveOfHiddenTomb/HDRP (Default)/Art/Prefabs/SM_FireWood.prefab
  importAddress: Guid(abc00000000009532008561416526890) Importer(2089858483,e11c23a36db5f54750b8cd40eac0985b)
Start importing Assets/HIVEMIND/CaveOfHiddenTomb/HDRP (Default)/Art/Prefabs/SM_FireWood.prefab using Guid(abc00000000009532008561416526890) Importer(2089858483,e11c23a36db5f54750b8cd40eac0985b) (ScriptedImporter) -> (Import Result ID: '0c3c8f633eba94d3401470a2205bf0ee') in 0.0216221 seconds [static and dynamic dependencies]. Details - ImportResultOutputID=6c3e7503c76009203919bb45b70b8467 DependenciesID=ba84740342917a1f203e0ac71644ecce StaticDependenciesID=e41aed736ad71a382dd4c3e51e95fb59 
Number of updated asset objects reloaded before import = 0Number of asset objects unloaded after import = 34

========================================================================
Received Import Request.
  Time since last request: 0.000036 seconds.
  path: Assets/HIVEMIND/CaveOfHiddenTomb/HDRP (Default)/Art/Prefabs/SM_Boulder_C.prefab
  importAddress: Guid(abc00000000006899840013885382510) Importer(2089858483,e11c23a36db5f54750b8cd40eac0985b)
Start importing Assets/HIVEMIND/CaveOfHiddenTomb/HDRP (Default)/Art/Prefabs/SM_Boulder_C.prefab using Guid(abc00000000006899840013885382510) Importer(2089858483,e11c23a36db5f54750b8cd40eac0985b) (ScriptedImporter) -> (Import Result ID: '3ac24b97a97fa6a8ebacf813440ab933') in 0.0221852 seconds [static and dynamic dependencies]. Details - ImportResultOutputID=6efe12b57cc23a219722d61fe75002cb DependenciesID=5870bd3f765b548ad3a0dc124b425dfc StaticDependenciesID=7567f71bf13b7641e039868e3558dae2 
Number of updated asset objects reloaded before import = 0Number of asset objects unloaded after import = 35

========================================================================
Received Import Request.
  Time since last request: 0.000029 seconds.
  path: Assets/HIVEMIND/CaveOfHiddenTomb/HDRP (Default)/Art/Prefabs/SM_Boulder_A.prefab
  importAddress: Guid(abc00000000004956713312530703404) Importer(2089858483,e11c23a36db5f54750b8cd40eac0985b)
Start importing Assets/HIVEMIND/CaveOfHiddenTomb/HDRP (Default)/Art/Prefabs/SM_Boulder_A.prefab using Guid(abc00000000004956713312530703404) Importer(2089858483,e11c23a36db5f54750b8cd40eac0985b) (ScriptedImporter) -> (Import Result ID: '54d83b7f194ce03b429edea494e1e9da') in 0.0249645 seconds [static and dynamic dependencies]. Details - ImportResultOutputID=217dd4828ca55f2e09889a6227ec14d7 DependenciesID=1ff4253586440ae41a2957d8c19211e9 StaticDependenciesID=fe0ec80fec7700d135f190a7a07b799c 
Number of updated asset objects reloaded before import = 0Number of asset objects unloaded after import = 33

========================================================================
Received Import Request.
  Time since last request: 0.000021 seconds.
  path: Assets/HIVEMIND/CaveOfHiddenTomb/HDRP (Default)/Art/AllTextures1K/T_Water01_N.TGA
  importAddress: Guid(1da1b304098cb6547a58bab9c45ec8b6) Importer(2089858483,b0f066a214c2f5e87bad3c948f4d605d)
Start importing Assets/HIVEMIND/CaveOfHiddenTomb/HDRP (Default)/Art/AllTextures1K/T_Water01_N.TGA using Guid(1da1b304098cb6547a58bab9c45ec8b6) Importer(2089858483,b0f066a214c2f5e87bad3c948f4d605d) (ScriptedImporter) -> (Import Result ID: '10921ddfeda9db50ada7d9785068bee3') in 0.0126786 seconds [static and dynamic dependencies]. Details - ImportResultOutputID=e64fb2963ca2863fac1f5cc4b566e1c8 DependenciesID=d5600893bafa08c9c366dc434ee70b3b StaticDependenciesID=a76c14e4258ee3e091995b251e7fec13 
Number of updated asset objects reloaded before import = 0Number of asset objects unloaded after import = 1

========================================================================
Received Import Request.
  Time since last request: 0.000024 seconds.
  path: Assets/HIVEMIND/CaveOfHiddenTomb/HDRP (Default)/Art/Prefabs/SM_EuropeanBeech_XS_03.prefab
  importAddress: Guid(abc00000000004684204779908744011) Importer(2089858483,e11c23a36db5f54750b8cd40eac0985b)
Start importing Assets/HIVEMIND/CaveOfHiddenTomb/HDRP (Default)/Art/Prefabs/SM_EuropeanBeech_XS_03.prefab using Guid(abc00000000004684204779908744011) Importer(2089858483,e11c23a36db5f54750b8cd40eac0985b) (ScriptedImporter) -> (Import Result ID: '58fd4cbc2fa9ac6dcd5ec6a54f2e3df6') in 0.0234151 seconds [static and dynamic dependencies]. Details - ImportResultOutputID=5b12c144d318e0dac86f4581fd4b77a8 DependenciesID=1c0776c2a48c8e6acb9c39e6b0b8640b StaticDependenciesID=1a1fc12a03bbdb21a0d4f1d561297916 
Number of updated asset objects reloaded before import = 0Number of asset objects unloaded after import = 33

========================================================================
Received Import Request.
  Time since last request: 0.000030 seconds.
  path: Assets/HIVEMIND/CaveOfHiddenTomb/HDRP (Default)/Art/Prefabs/SM_EuropeanBeech_XL_02.prefab
  importAddress: Guid(abc00000000012231957801027281667) Importer(2089858483,e11c23a36db5f54750b8cd40eac0985b)
Start importing Assets/HIVEMIND/CaveOfHiddenTomb/HDRP (Default)/Art/Prefabs/SM_EuropeanBeech_XL_02.prefab using Guid(abc00000000012231957801027281667) Importer(2089858483,e11c23a36db5f54750b8cd40eac0985b) (ScriptedImporter) -> (Import Result ID: '5834cf0a8a4a07b5d4b2cabb6e35cf7b') in 0.0291424 seconds [static and dynamic dependencies]. Details - ImportResultOutputID=00b26376f96ed246f8b4d1a672374d1e DependenciesID=24366f857489148d57d1afcc09e1cc85 StaticDependenciesID=c8ce33c62c3df6b848c2869987fbb0ee 
Number of updated asset objects reloaded before import = 0Number of asset objects unloaded after import = 42

========================================================================
Received Import Request.
  Time since last request: 0.000032 seconds.
  path: Assets/HIVEMIND/CaveOfHiddenTomb/HDRP (Default)/Art/AllTextures1K/T_Rock_N04.png
  importAddress: Guid(abc00000000013504184054779967904) Importer(2089858483,b0f066a214c2f5e87bad3c948f4d605d)
Start importing Assets/HIVEMIND/CaveOfHiddenTomb/HDRP (Default)/Art/AllTextures1K/T_Rock_N04.png using Guid(abc00000000013504184054779967904) Importer(2089858483,b0f066a214c2f5e87bad3c948f4d605d) (ScriptedImporter) -> (Import Result ID: '2ee4ccaf691f8660a38cb89a323d4424') in 0.0091015 seconds [static and dynamic dependencies]. Details - ImportResultOutputID=b2c3af3a1f70298f0a272238dcad59b0 DependenciesID=e5243f9e046a0d42d5ca44e109dce834 StaticDependenciesID=b0567a229c0deca1030130c154352d68 
Number of updated asset objects reloaded before import = 0Number of asset objects unloaded after import = 1

========================================================================
Received Import Request.
  Time since last request: 0.000021 seconds.
  path: Assets/HIVEMIND/CaveOfHiddenTomb/HDRP (Default)/Art/Prefabs/SM_StonePlate_D.prefab
  importAddress: Guid(abc00000000005913207339799480365) Importer(2089858483,e11c23a36db5f54750b8cd40eac0985b)
Start importing Assets/HIVEMIND/CaveOfHiddenTomb/HDRP (Default)/Art/Prefabs/SM_StonePlate_D.prefab using Guid(abc00000000005913207339799480365) Importer(2089858483,e11c23a36db5f54750b8cd40eac0985b) (ScriptedImporter) -> (Import Result ID: '8c467689343cf07af09ff53351522e2f') in 0.0275735 seconds [static and dynamic dependencies]. Details - ImportResultOutputID=dcbe9fde5c650b24e9f30d1def3c409c DependenciesID=7de00ebea4fbc5cf3ed300324ab8c619 StaticDependenciesID=256ee16f834bfc7e0be3080e5d342474 
Number of updated asset objects reloaded before import = 0Number of asset objects unloaded after import = 35

========================================================================
Received Import Request.
  Time since last request: 0.000023 seconds.
  path: Assets/HIVEMIND/CaveOfHiddenTomb/HDRP (Default)/Art/Prefabs/SM_Vine_A.prefab
  importAddress: Guid(abc00000000012041427838679422469) Importer(2089858483,e11c23a36db5f54750b8cd40eac0985b)
Start importing Assets/HIVEMIND/CaveOfHiddenTomb/HDRP (Default)/Art/Prefabs/SM_Vine_A.prefab using Guid(abc00000000012041427838679422469) Importer(2089858483,e11c23a36db5f54750b8cd40eac0985b) (ScriptedImporter) -> (Import Result ID: '5ae40f99dc845b877202e1a6b713864b') in 0.0217145 seconds [static and dynamic dependencies]. Details - ImportResultOutputID=6b261286d1d966746b9f563f0015c8c0 DependenciesID=a904de78db25fa24ee703a22397cd5b0 StaticDependenciesID=6a7d2287046413ab929b804eca7a476f 
Number of updated asset objects reloaded before import = 0Number of asset objects unloaded after import = 34

========================================================================
Received Import Request.
  Time since last request: 0.000020 seconds.
  path: Assets/HIVEMIND/CaveOfHiddenTomb/HDRP (Default)/Art/Prefabs/SM_Vine_D.prefab
  importAddress: Guid(abc00000000016350324618432840944) Importer(2089858483,e11c23a36db5f54750b8cd40eac0985b)
Start importing Assets/HIVEMIND/CaveOfHiddenTomb/HDRP (Default)/Art/Prefabs/SM_Vine_D.prefab using Guid(abc00000000016350324618432840944) Importer(2089858483,e11c23a36db5f54750b8cd40eac0985b) (ScriptedImporter) -> (Import Result ID: '4385531bdcee69b255053b49d680cf6c') in 0.0239497 seconds [static and dynamic dependencies]. Details - ImportResultOutputID=84e10795392dc49f231e634b20b2ce65 DependenciesID=3f90f1da9ccac1b15436bc6ee69e9cee StaticDependenciesID=fb881e3860c312f0379aa8803f85d847 
Number of updated asset objects reloaded before import = 0Number of asset objects unloaded after import = 34

========================================================================
Received Import Request.
  Time since last request: 0.000025 seconds.
  path: Assets/HIVEMIND/CaveOfHiddenTomb/HDRP (Default)/Art/ShaderGraphs/S_Foliage.shadergraph
  importAddress: Guid(e46666baefee42d478dca37212f57b56) Importer(2089858483,b0f066a214c2f5e87bad3c948f4d605d)
Start importing Assets/HIVEMIND/CaveOfHiddenTomb/HDRP (Default)/Art/ShaderGraphs/S_Foliage.shadergraph using Guid(e46666baefee42d478dca37212f57b56) Importer(2089858483,b0f066a214c2f5e87bad3c948f4d605d) (ScriptedImporter) -> (Import Result ID: '9c4de16dc15ad2321a9a1d3f7ddd133c') in 0.0086042 seconds [static and dynamic dependencies]. Details - ImportResultOutputID=4e698f9f0a62e906f15cac57056353c9 DependenciesID=fcdd0efca5c5fcd2c442efd7a8104757 StaticDependenciesID=772a0ca6951b956c3cf9fcacc9a6f9c2 
Number of updated asset objects reloaded before import = 0Number of asset objects unloaded after import = 5

========================================================================
Received Import Request.
  Time since last request: 0.000033 seconds.
  path: Assets/HIVEMIND/CaveOfHiddenTomb/HDRP (Default)/Art/Prefabs/SM_StonePlate_C.prefab
  importAddress: Guid(abc00000000018350954911063316442) Importer(2089858483,e11c23a36db5f54750b8cd40eac0985b)
Start importing Assets/HIVEMIND/CaveOfHiddenTomb/HDRP (Default)/Art/Prefabs/SM_StonePlate_C.prefab using Guid(abc00000000018350954911063316442) Importer(2089858483,e11c23a36db5f54750b8cd40eac0985b) (ScriptedImporter) -> (Import Result ID: '11d2f39f6c72e86bc0ce62ce5c989341') in 0.0229605 seconds [static and dynamic dependencies]. Details - ImportResultOutputID=1d3f722b6868fb1fc57e1c1dc9cee090 DependenciesID=f92e5ce94bfa1c9113bab8bd073bab73 StaticDependenciesID=a715b2f5f710859f32128ce48a0b49eb 
Number of updated asset objects reloaded before import = 0Number of asset objects unloaded after import = 35

========================================================================
Received Import Request.
  Time since last request: 0.000021 seconds.
  path: Assets/HIVEMIND/CaveOfHiddenTomb/HDRP (Default)/Art/Prefabs/SM_Vine_Arch_Long.prefab
  importAddress: Guid(abc00000000010717107230574499117) Importer(2089858483,e11c23a36db5f54750b8cd40eac0985b)
Start importing Assets/HIVEMIND/CaveOfHiddenTomb/HDRP (Default)/Art/Prefabs/SM_Vine_Arch_Long.prefab using Guid(abc00000000010717107230574499117) Importer(2089858483,e11c23a36db5f54750b8cd40eac0985b) (ScriptedImporter) -> (Import Result ID: 'e6bda750e52fe9399f5c0446b57bbb0f') in 0.0275854 seconds [static and dynamic dependencies]. Details - ImportResultOutputID=b9c29085410c760eb27e2b9f21b39213 DependenciesID=321e313cc178da88164e88a69e0fb9a3 StaticDependenciesID=3b328ce25acf170ac8560b8fab403132 
Number of updated asset objects reloaded before import = 0Number of asset objects unloaded after import = 39

========================================================================
Received Import Request.
  Time since last request: 0.000023 seconds.
  path: Assets/HIVEMIND/CaveOfHiddenTomb/HDRP (Default)/Art/Prefabs/SM_Vine_E.prefab
  importAddress: Guid(abc00000000004964871340208691065) Importer(2089858483,e11c23a36db5f54750b8cd40eac0985b)
Start importing Assets/HIVEMIND/CaveOfHiddenTomb/HDRP (Default)/Art/Prefabs/SM_Vine_E.prefab using Guid(abc00000000004964871340208691065) Importer(2089858483,e11c23a36db5f54750b8cd40eac0985b) (ScriptedImporter) -> (Import Result ID: '827ce107e86b8b13da0f3f5ffc47d82a') in 0.0248439 seconds [static and dynamic dependencies]. Details - ImportResultOutputID=2406cbcbd901a5823c92c4de1a9280d5 DependenciesID=fafa928828a2276d462c4166463073f0 StaticDependenciesID=fcaf65d2535aaeafd2b95fb1bb7d861c 
Number of updated asset objects reloaded before import = 0Number of asset objects unloaded after import = 34

========================================================================
Received Import Request.
  Time since last request: 0.000025 seconds.
  path: Assets/HIVEMIND/CaveOfHiddenTomb/HDRP (Default)/Art/ShaderGraphs/S_DepthFade.shadersubgraph
  importAddress: Guid(dddf72fe66d7e224bb1d78bedc843a0b) Importer(2089858483,b0f066a214c2f5e87bad3c948f4d605d)
Start importing Assets/HIVEMIND/CaveOfHiddenTomb/HDRP (Default)/Art/ShaderGraphs/S_DepthFade.shadersubgraph using Guid(dddf72fe66d7e224bb1d78bedc843a0b) Importer(2089858483,b0f066a214c2f5e87bad3c948f4d605d) (ScriptedImporter) -> (Import Result ID: '4a372965b2c98b70496bd982d72e71e5') in 0.0062178 seconds [static and dynamic dependencies]. Details - ImportResultOutputID=c1173eaa03fd15c5cc341e4b51aa6669 DependenciesID=66ca89870dda97751e91e7a944bf86a4 StaticDependenciesID=6c262bbb2d768fafcec4a88814a6414f 
Number of updated asset objects reloaded before import = 0Number of asset objects unloaded after import = 1

========================================================================
Received Import Request.
  Time since last request: 0.000032 seconds.
  path: Assets/Samples/XR Interaction Toolkit/3.2.1/Starter Assets/Filters/AnyGazedAtTeleportAnchorFilter.asset
  importAddress: Guid(0f906c94e2aa0c3488832acc1db04295) Importer(2089858483,b0f066a214c2f5e87bad3c948f4d605d)
Start importing Assets/Samples/XR Interaction Toolkit/3.2.1/Starter Assets/Filters/AnyGazedAtTeleportAnchorFilter.asset using Guid(0f906c94e2aa0c3488832acc1db04295) Importer(2089858483,b0f066a214c2f5e87bad3c948f4d605d) (ScriptedImporter) -> (Import Result ID: '473567354a74a50749abfbc449f8a67f') in 0.0051534 seconds [static and dynamic dependencies]. Details - ImportResultOutputID=b38f82c327daadc8e40ce7bf364b2bd7 DependenciesID=e950d8a837515cfd0d22efcbc0ebf3f2 StaticDependenciesID=299d6adafbb429ae16b6496cad88f540 
Number of updated asset objects reloaded before import = 0Number of asset objects unloaded after import = 1

========================================================================
Received Import Request.
  Time since last request: 0.000021 seconds.
  path: Assets/Samples/XR Interaction Toolkit/3.2.1/Starter Assets/Materials/Telport Area.mat
  importAddress: Guid(be1e10ce8a6f8cc4fb08d11c7f722469) Importer(2089858483,b0f066a214c2f5e87bad3c948f4d605d)
Start importing Assets/Samples/XR Interaction Toolkit/3.2.1/Starter Assets/Materials/Telport Area.mat using Guid(be1e10ce8a6f8cc4fb08d11c7f722469) Importer(2089858483,b0f066a214c2f5e87bad3c948f4d605d) (ScriptedImporter) -> (Import Result ID: '7105e3388b3550be69f73238e93c0d64') in 0.0065676 seconds [static and dynamic dependencies]. Details - ImportResultOutputID=0dc20a9f3fb4acec03c70e0872820f68 DependenciesID=057e2be0186c64402d3e61f3d0538d42 StaticDependenciesID=2059555aaaa4362f490c20d530882221 
Number of updated asset objects reloaded before import = 0Number of asset objects unloaded after import = 2

========================================================================
Received Import Request.
  Time since last request: 0.000021 seconds.
  path: Assets/Samples/XR Interaction Toolkit/3.2.1/Starter Assets/Materials/Telport Anchor.mat
  importAddress: Guid(fd3c5d8fce991e04f9c11109dde95b3b) Importer(2089858483,b0f066a214c2f5e87bad3c948f4d605d)
Start importing Assets/Samples/XR Interaction Toolkit/3.2.1/Starter Assets/Materials/Telport Anchor.mat using Guid(fd3c5d8fce991e04f9c11109dde95b3b) Importer(2089858483,b0f066a214c2f5e87bad3c948f4d605d) (ScriptedImporter) -> (Import Result ID: 'fab093c4bda1522e871f3a175419217f') in 0.005144 seconds [static and dynamic dependencies]. Details - ImportResultOutputID=ffab479c251e1343bfce379a31049c72 DependenciesID=1e12bd37308d0fa941612e0dd9dc9b80 StaticDependenciesID=7ea7dea1f5e8bb9f41217878d121fd09 
Number of updated asset objects reloaded before import = 0Number of asset objects unloaded after import = 2

========================================================================
Received Import Request.
  Time since last request: 0.000023 seconds.
  path: Assets/Samples/XR Interaction Toolkit/3.2.1/Starter Assets/AffordanceThemes/ControllerPokeSphereScale.asset
  importAddress: Guid(fd784a23f6ef7774a8998adf6e979d04) Importer(2089858483,b0f066a214c2f5e87bad3c948f4d605d)
Start importing Assets/Samples/XR Interaction Toolkit/3.2.1/Starter Assets/AffordanceThemes/ControllerPokeSphereScale.asset using Guid(fd784a23f6ef7774a8998adf6e979d04) Importer(2089858483,b0f066a214c2f5e87bad3c948f4d605d) (ScriptedImporter) -> (Import Result ID: 'c26ef50eb7c1fa9378401f1ccb7f538b') in 0.0072071 seconds [static and dynamic dependencies]. Details - ImportResultOutputID=3de672629cb2e94027123b66b97b2608 DependenciesID=f6161afd4a14c1e476ad063be9e6638b StaticDependenciesID=88884513b137fd4551068302fdaa634f 
Number of updated asset objects reloaded before import = 0Number of asset objects unloaded after import = 1

========================================================================
Received Import Request.
  Time since last request: 0.000022 seconds.
  path: Assets/materials/TextureHaven/wood_4k/wood_4k_textures/plywood/plywood_diff_4k.png
  importAddress: Guid(768dfb3fceadf024a946ea8b1c9db008) Importer(2089858483,b0f066a214c2f5e87bad3c948f4d605d)
Start importing Assets/materials/TextureHaven/wood_4k/wood_4k_textures/plywood/plywood_diff_4k.png using Guid(768dfb3fceadf024a946ea8b1c9db008) Importer(2089858483,b0f066a214c2f5e87bad3c948f4d605d) (ScriptedImporter) -> (Import Result ID: '40c29a6e1f79057f03fe97fd6cdd25fe') in 0.0108359 seconds [static and dynamic dependencies]. Details - ImportResultOutputID=ca0a14dc0706097e941597eaa24b7bdb DependenciesID=7e1ceede5ba2d8903794ce5125870a41 StaticDependenciesID=794dd98b5110fcfe7353ce31ec924124 
Number of updated asset objects reloaded before import = 0Number of asset objects unloaded after import = 1

========================================================================
Received Import Request.
  Time since last request: 0.000032 seconds.
  path: Assets/Samples/XR Interaction Toolkit/3.2.1/Starter Assets/AffordanceThemes/HighlightInteractionColor.asset
  importAddress: Guid(8b0b5aede76faac438e02d2a468f4805) Importer(2089858483,b0f066a214c2f5e87bad3c948f4d605d)
Start importing Assets/Samples/XR Interaction Toolkit/3.2.1/Starter Assets/AffordanceThemes/HighlightInteractionColor.asset using Guid(8b0b5aede76faac438e02d2a468f4805) Importer(2089858483,b0f066a214c2f5e87bad3c948f4d605d) (ScriptedImporter) -> (Import Result ID: '6839e3c158b44f9c7792605aa8420363') in 0.0079163 seconds [static and dynamic dependencies]. Details - ImportResultOutputID=38c6748cc6f515980971acf4b214e2c2 DependenciesID=a9f31c839de0f877a2990963e8de4c03 StaticDependenciesID=2f3bd176edf1f6e4ab323bdfd5cb91d6 
Number of updated asset objects reloaded before import = 0Number of asset objects unloaded after import = 1

========================================================================
Received Import Request.
  Time since last request: 0.000021 seconds.
  path: Assets/materials/TextureHaven/wood_4k/wood_4k_textures/plywood/plywood_ao_4k.png
  importAddress: Guid(94b4bab11fac6ce4c94a04f73f131041) Importer(2089858483,b0f066a214c2f5e87bad3c948f4d605d)
Start importing Assets/materials/TextureHaven/wood_4k/wood_4k_textures/plywood/plywood_ao_4k.png using Guid(94b4bab11fac6ce4c94a04f73f131041) Importer(2089858483,b0f066a214c2f5e87bad3c948f4d605d) (ScriptedImporter) -> (Import Result ID: '3a7488850083fde38f06cf22189c2209') in 0.0110305 seconds [static and dynamic dependencies]. Details - ImportResultOutputID=0c99209867046d5436f2906806f63021 DependenciesID=bebdb087ee8b752d2c8f930eb3b64231 StaticDependenciesID=583792f93127fe7b7e7d71fd3a9f7afd 
Number of updated asset objects reloaded before import = 0Number of asset objects unloaded after import = 1

========================================================================
Received Import Request.
  Time since last request: 0.000023 seconds.
  path: Assets/HIVEMIND/CaveOfHiddenTomb/HDRP (Default)/Art/ShaderGraphs/S_Water.shadergraph
  importAddress: Guid(0eaae29f371926a4fb41ee2ce13d0bf3) Importer(2089858483,b0f066a214c2f5e87bad3c948f4d605d)
Start importing Assets/HIVEMIND/CaveOfHiddenTomb/HDRP (Default)/Art/ShaderGraphs/S_Water.shadergraph using Guid(0eaae29f371926a4fb41ee2ce13d0bf3) Importer(2089858483,b0f066a214c2f5e87bad3c948f4d605d) (ScriptedImporter) -> (Import Result ID: '713125299eea59c93020b6094ac19fed') in 0.0108751 seconds [static and dynamic dependencies]. Details - ImportResultOutputID=40cf5714f4053d46df93d15cd4f0e19e DependenciesID=3ec65de07d3dbc2a8608b6476f5d7b66 StaticDependenciesID=939b7bb7dc4875bbadbc938729559238 
Number of updated asset objects reloaded before import = 0Number of asset objects unloaded after import = 8

========================================================================
Received Import Request.
  Time since last request: 0.000029 seconds.
  path: Assets/Samples/XR Interaction Toolkit/3.2.1/Starter Assets/Models/UniversalController.fbx
  importAddress: Guid(147ae308eec018b40a7b312ae58f44c7) Importer(2089858483,b0f066a214c2f5e87bad3c948f4d605d)
Start importing Assets/Samples/XR Interaction Toolkit/3.2.1/Starter Assets/Models/UniversalController.fbx using Guid(147ae308eec018b40a7b312ae58f44c7) Importer(2089858483,b0f066a214c2f5e87bad3c948f4d605d) (ScriptedImporter) -> (Import Result ID: 'b67b2b5f79dba1b082a627e08de2449e') in 0.0127389 seconds [static and dynamic dependencies]. Details - ImportResultOutputID=31b7fb76bf74812c90e1be9f9ff5979f DependenciesID=ff708afb77999636f6928d52bde5563e StaticDependenciesID=b977762a8df53009f7f3c6a4137b32cf 
Number of updated asset objects reloaded before import = 0Number of asset objects unloaded after import = 51

========================================================================
Received Import Request.
  Time since last request: 0.000027 seconds.
  path: Assets/HIVEMIND/CaveOfHiddenTomb/HDRP (Default)/Art/Prefabs/SM_Vine_Mid.prefab
  importAddress: Guid(abc00000000006287128605415993138) Importer(2089858483,e11c23a36db5f54750b8cd40eac0985b)
Start importing Assets/HIVEMIND/CaveOfHiddenTomb/HDRP (Default)/Art/Prefabs/SM_Vine_Mid.prefab using Guid(abc00000000006287128605415993138) Importer(2089858483,e11c23a36db5f54750b8cd40eac0985b) (ScriptedImporter) -> (Import Result ID: '332c160c84765c57ea1ec28972247a65') in 0.0297089 seconds [static and dynamic dependencies]. Details - ImportResultOutputID=0a20cea468dbd0cf4f7edb82c11cc2c9 DependenciesID=1781ef6bbce59117c111a4b187257858 StaticDependenciesID=3f62cbb47740f34084db187487807369 
Number of updated asset objects reloaded before import = 0Number of asset objects unloaded after import = 39

========================================================================
Received Import Request.
  Time since last request: 0.000040 seconds.
  path: Assets/Samples/XR Interaction Toolkit/3.2.1/Starter Assets/Scripts/GazeInputManager.cs
  importAddress: Guid(6ef0e4723b64c884699a375196c13ac0) Importer(2089858483,b0f066a214c2f5e87bad3c948f4d605d)
Start importing Assets/Samples/XR Interaction Toolkit/3.2.1/Starter Assets/Scripts/GazeInputManager.cs using Guid(6ef0e4723b64c884699a375196c13ac0) Importer(2089858483,b0f066a214c2f5e87bad3c948f4d605d) (ScriptedImporter) -> (Import Result ID: '9d5e5fa2b6e44923e3039711694b0288') in 0.0043976 seconds [static and dynamic dependencies]. Details - ImportResultOutputID=0ab056e8417084fc3006915207df6d5d DependenciesID=a9417508d0026fbef53697e56382ff40 StaticDependenciesID=3edea918d627e9ab01f8a3f320a896c0 
Number of updated asset objects reloaded before import = 0Number of asset objects unloaded after import = 0

========================================================================
Received Import Request.
  Time since last request: 0.000044 seconds.
  path: Assets/Samples/XR Interaction Toolkit/3.2.1/Starter Assets/TunnelingVignette/TunnelingVignette.prefab
  importAddress: Guid(6c8af5c8012f01440af6cb2bc3eb987c) Importer(2089858483,e11c23a36db5f54750b8cd40eac0985b)
Start importing Assets/Samples/XR Interaction Toolkit/3.2.1/Starter Assets/TunnelingVignette/TunnelingVignette.prefab using Guid(6c8af5c8012f01440af6cb2bc3eb987c) Importer(2089858483,e11c23a36db5f54750b8cd40eac0985b) (ScriptedImporter) -> (Import Result ID: '79176c4032615d6dc18d1c2479e60d01') in 0.0116404 seconds [static and dynamic dependencies]. Details - ImportResultOutputID=6ac077741fceb3846015e5e057f28665 DependenciesID=6381ad74123d60bb71b2ae1f28655440 StaticDependenciesID=83ce811aea773e6744c3bea235909970 
Number of updated asset objects reloaded before import = 0Number of asset objects unloaded after import = 10

========================================================================
Received Import Request.
  Time since last request: 0.000024 seconds.
  path: Assets/Samples/XR Interaction Toolkit/3.2.1/Starter Assets/Shaders/Unlit_ShaderGraph.shadergraph
  importAddress: Guid(740445f1490c01e4b8feacf8d9ab5e7f) Importer(2089858483,b0f066a214c2f5e87bad3c948f4d605d)
Start importing Assets/Samples/XR Interaction Toolkit/3.2.1/Starter Assets/Shaders/Unlit_ShaderGraph.shadergraph using Guid(740445f1490c01e4b8feacf8d9ab5e7f) Importer(2089858483,b0f066a214c2f5e87bad3c948f4d605d) (ScriptedImporter) -> (Import Result ID: '7efe84e3e1d10073afeb2991199bf0a4') in 0.1751012 seconds [static and dynamic dependencies]. Details - ImportResultOutputID=7fadbdaca0bfa8c27a83680c53d6ad38 DependenciesID=2c6c6f963a2950894ce5e1436a787412 StaticDependenciesID=fbbcd63edf32438964fb3f5f57ae659d 
Number of updated asset objects reloaded before import = 0Number of asset objects unloaded after import = 6

========================================================================
Received Import Request.
  Time since last request: 0.000026 seconds.
  path: Assets/Samples/XR Interaction Toolkit/3.2.1/Starter Assets/Shaders/BiRP_Fresnel.shader
  importAddress: Guid(b24c216c4acb0094c892a61dfbbb76b4) Importer(2089858483,b0f066a214c2f5e87bad3c948f4d605d)
Start importing Assets/Samples/XR Interaction Toolkit/3.2.1/Starter Assets/Shaders/BiRP_Fresnel.shader using Guid(b24c216c4acb0094c892a61dfbbb76b4) Importer(2089858483,b0f066a214c2f5e87bad3c948f4d605d) (ScriptedImporter) -> (Import Result ID: '42ce4cb264b25db00805ee49aac18d0f') in 0.0062073 seconds [static and dynamic dependencies]. Details - ImportResultOutputID=3f29cea29c6a66a20e9dacc8ed33186a DependenciesID=bc9ca9e1a7e71a1d4eaf9ec1b03f4469 StaticDependenciesID=15d8e39dab8a5b75eb0930798d097f5a 
Number of updated asset objects reloaded before import = 0Number of asset objects unloaded after import = 1

========================================================================
Received Import Request.
  Time since last request: 0.000035 seconds.
  path: Assets/HIVEMIND/CaveOfHiddenTomb/HDRP (Default)/Art/Assets/BasicShapes/Plane.fbx
  importAddress: Guid(abc00000000017822585110962714169) Importer(2089858483,b0f066a214c2f5e87bad3c948f4d605d)
Start importing Assets/HIVEMIND/CaveOfHiddenTomb/HDRP (Default)/Art/Assets/BasicShapes/Plane.fbx using Guid(abc00000000017822585110962714169) Importer(2089858483,b0f066a214c2f5e87bad3c948f4d605d) (ScriptedImporter)MaterialLocation.External is obsolete. External Material Location is no longer supported. (Assets/HIVEMIND/CaveOfHiddenTomb/HDRP (Default)/Art/Assets/BasicShapes/Plane.fbx)
 -> (Import Result ID: '13f829498b0164b2482bb9451df7710c') in 0.0083574 seconds [static and dynamic dependencies]. Details - ImportResultOutputID=ded355fb6c23a443f7a7983548cf9f11 DependenciesID=3d93579595391770a3c2c1970fc4b102 StaticDependenciesID=1746b7433288aca1db3302d1dc245038 
Number of updated asset objects reloaded before import = 0Number of asset objects unloaded after import = 13

========================================================================
Received Import Request.
  Time since last request: 0.000024 seconds.
  path: Assets/Samples/XR Interaction Toolkit/3.2.1/Starter Assets/TunnelingVignette/TunnelingVignette.shader
  importAddress: Guid(e51b4af1e50be764e8de46e07d4e3f3f) Importer(2089858483,b0f066a214c2f5e87bad3c948f4d605d)
Start importing Assets/Samples/XR Interaction Toolkit/3.2.1/Starter Assets/TunnelingVignette/TunnelingVignette.shader using Guid(e51b4af1e50be764e8de46e07d4e3f3f) Importer(2089858483,b0f066a214c2f5e87bad3c948f4d605d) (ScriptedImporter) -> (Import Result ID: 'bf65854a9d68933795e2a7f10ece4262') in 0.0053403 seconds [static and dynamic dependencies]. Details - ImportResultOutputID=7048b8321ca521a135c894d7a6575fa3 DependenciesID=43be651e5a3973e7d7ca6dfd1c546d6d StaticDependenciesID=5a5cbe66cce9fd17203cb05fd253b92c 
Number of updated asset objects reloaded before import = 0Number of asset objects unloaded after import = 1

========================================================================
Received Import Request.
  Time since last request: 0.000023 seconds.
  path: Assets/HIVEMIND/CaveOfHiddenTomb/HDRP (Default)/Art/Assets/Ground/SM_Ground_B.fbx
  importAddress: Guid(abc00000000001174252938978032712) Importer(2089858483,b0f066a214c2f5e87bad3c948f4d605d)
Start importing Assets/HIVEMIND/CaveOfHiddenTomb/HDRP (Default)/Art/Assets/Ground/SM_Ground_B.fbx using Guid(abc00000000001174252938978032712) Importer(2089858483,b0f066a214c2f5e87bad3c948f4d605d) (ScriptedImporter)MaterialLocation.External is obsolete. External Material Location is no longer supported. (Assets/HIVEMIND/CaveOfHiddenTomb/HDRP (Default)/Art/Assets/Ground/SM_Ground_B.fbx)
 -> (Import Result ID: '69464704f4a649cab01800309c10ce7d') in 0.0187622 seconds [static and dynamic dependencies]. Details - ImportResultOutputID=3195b834fc4e9d908d917a7774b28fb8 DependenciesID=beaf68e95a5ee2a827282c3b5ec0b9fb StaticDependenciesID=ca8fcb905f187c77822d9122289c8399 
Number of updated asset objects reloaded before import = 0Number of asset objects unloaded after import = 32

========================================================================
Received Import Request.
  Time since last request: 0.000024 seconds.
  path: Assets/Samples/XR Interaction Toolkit/3.2.1/Starter Assets/DemoSceneAssets/Materials/Concrete Grey.mat
  importAddress: Guid(842f1b88643f1bb458ba6243088e344e) Importer(2089858483,b0f066a214c2f5e87bad3c948f4d605d)
Start importing Assets/Samples/XR Interaction Toolkit/3.2.1/Starter Assets/DemoSceneAssets/Materials/Concrete Grey.mat using Guid(842f1b88643f1bb458ba6243088e344e) Importer(2089858483,b0f066a214c2f5e87bad3c948f4d605d) (ScriptedImporter) -> (Import Result ID: '3a36c3ddcee773bb225622bd0e868d1b') in 0.0120303 seconds [static and dynamic dependencies]. Details - ImportResultOutputID=90c4dc68dbe93d88f185a9db81dcb00c DependenciesID=8223ed483650a25731815b8295e2bbde StaticDependenciesID=a93af3f1cb877b1d2e63e09d6853c28d 
Number of updated asset objects reloaded before import = 0Number of asset objects unloaded after import = 3

========================================================================
Received Import Request.
  Time since last request: 0.000028 seconds.
  path: Assets/HIVEMIND/CaveOfHiddenTomb/HDRP (Default)/Art/Assets/Vines/SM_Vine_Long.fbx
  importAddress: Guid(abc00000000010436270799304245313) Importer(2089858483,b0f066a214c2f5e87bad3c948f4d605d)
Start importing Assets/HIVEMIND/CaveOfHiddenTomb/HDRP (Default)/Art/Assets/Vines/SM_Vine_Long.fbx using Guid(abc00000000010436270799304245313) Importer(2089858483,b0f066a214c2f5e87bad3c948f4d605d) (ScriptedImporter)MaterialLocation.External is obsolete. External Material Location is no longer supported. (Assets/HIVEMIND/CaveOfHiddenTomb/HDRP (Default)/Art/Assets/Vines/SM_Vine_Long.fbx)
 -> (Import Result ID: 'b2f076975ed68d7b052e0d934445bc2c') in 0.0176165 seconds [static and dynamic dependencies]. Details - ImportResultOutputID=0db9e324a73648d5c5cbacd94d1face6 DependenciesID=afd7d71b8239286644ed1746d52840db StaticDependenciesID=5d3ead6cc1d7c1546fd4533a30d2c03e 
Number of updated asset objects reloaded before import = 0Number of asset objects unloaded after import = 37

========================================================================
Received Import Request.
  Time since last request: 0.000040 seconds.
  path: Assets/Samples/XR Interaction Toolkit/3.2.1/Starter Assets/DemoSceneAssets/Materials/MaterialPipelineHandler.asset
  importAddress: Guid(fcbe69f7b69204d43b67d30e2487c37c) Importer(2089858483,b0f066a214c2f5e87bad3c948f4d605d)
Start importing Assets/Samples/XR Interaction Toolkit/3.2.1/Starter Assets/DemoSceneAssets/Materials/MaterialPipelineHandler.asset using Guid(fcbe69f7b69204d43b67d30e2487c37c) Importer(2089858483,b0f066a214c2f5e87bad3c948f4d605d) (ScriptedImporter) -> (Import Result ID: '0864a60c3effdc21917dc691f169f5d7') in 0.0073216 seconds [static and dynamic dependencies]. Details - ImportResultOutputID=886df31eb076e9ba523d5d4687fe48c0 DependenciesID=b7147f7c9e4328bd74593df57eeec6a9 StaticDependenciesID=30d0c83e87ce242cbde9718bbd9c2039 
Number of updated asset objects reloaded before import = 0Number of asset objects unloaded after import = 5

========================================================================
Received Import Request.
  Time since last request: 0.000026 seconds.
  path: Assets/HIVEMIND/CaveOfHiddenTomb/HDRP (Default)/Art/Assets/Ground/M_MineWall.mat
  importAddress: Guid(abc00000000015985974238975796434) Importer(2089858483,b0f066a214c2f5e87bad3c948f4d605d)
Start importing Assets/HIVEMIND/CaveOfHiddenTomb/HDRP (Default)/Art/Assets/Ground/M_MineWall.mat using Guid(abc00000000015985974238975796434) Importer(2089858483,b0f066a214c2f5e87bad3c948f4d605d) (ScriptedImporter) -> (Import Result ID: '9997185e072378fe74941b89d61624d1') in 0.0151556 seconds [static and dynamic dependencies]. Details - ImportResultOutputID=aa68bd05b4dfeb3761739b345886117c DependenciesID=5e963ffb01502a0df81159a67c276b94 StaticDependenciesID=b3407073e388bc97ead8e3e5c76e8992 
Number of updated asset objects reloaded before import = 0Number of asset objects unloaded after import = 12

========================================================================
Received Import Request.
  Time since last request: 0.000025 seconds.
  path: Assets/HIVEMIND/CaveOfHiddenTomb/HDRP (Default)/Art/VFX/Prefabs/PS_FireParticle.prefab
  importAddress: Guid(b06bcf97bece9c64fa9cf91dfac6e1f4) Importer(2089858483,e11c23a36db5f54750b8cd40eac0985b)
Start importing Assets/HIVEMIND/CaveOfHiddenTomb/HDRP (Default)/Art/VFX/Prefabs/PS_FireParticle.prefab using Guid(b06bcf97bece9c64fa9cf91dfac6e1f4) Importer(2089858483,e11c23a36db5f54750b8cd40eac0985b) (ScriptedImporter) -> (Import Result ID: '3a10256de31a7efef72d412825bf1730') in 0.0184374 seconds [static and dynamic dependencies]. Details - ImportResultOutputID=47b86464272a30cb47e487638b40344b DependenciesID=6da0f21f4a97a38a29191558bf220814 StaticDependenciesID=db6eadbcc3268e75f3c71040533510e2 
Number of updated asset objects reloaded before import = 0Number of asset objects unloaded after import = 6

========================================================================
Received Import Request.
  Time since last request: 0.000024 seconds.
  path: Assets/Samples/XR Interaction Toolkit/3.2.1/Starter Assets/Scripts/PlatformUnderstanding.cs
  importAddress: Guid(3ce213c1f32595b4888e78a36e017d3e) Importer(2089858483,b0f066a214c2f5e87bad3c948f4d605d)
Start importing Assets/Samples/XR Interaction Toolkit/3.2.1/Starter Assets/Scripts/PlatformUnderstanding.cs using Guid(3ce213c1f32595b4888e78a36e017d3e) Importer(2089858483,b0f066a214c2f5e87bad3c948f4d605d) (ScriptedImporter) -> (Import Result ID: '82ff52d9ba691c7a68919e32e2850cc5') in 0.0038007 seconds [static and dynamic dependencies]. Details - ImportResultOutputID=b5644f18c6e003faab3404cdb9b42345 DependenciesID=31e816555efc20a5aea91acaec49df72 StaticDependenciesID=446c4b5ce9d40cdd2bc9cff13712a474 
Number of updated asset objects reloaded before import = 0Number of asset objects unloaded after import = 0

========================================================================
Received Import Request.
  Time since last request: 0.000026 seconds.
  path: Assets/Samples/XR Interaction Toolkit/3.2.1/Starter Assets/Presets/XRI Default Snap Turn.preset
  importAddress: Guid(5d3a60dbf2f04694f9060712df89debb) Importer(2089858483,b0f066a214c2f5e87bad3c948f4d605d)
Start importing Assets/Samples/XR Interaction Toolkit/3.2.1/Starter Assets/Presets/XRI Default Snap Turn.preset using Guid(5d3a60dbf2f04694f9060712df89debb) Importer(2089858483,b0f066a214c2f5e87bad3c948f4d605d) (ScriptedImporter) -> (Import Result ID: '7b1b0d1f935d3b9ed8ea4bda70e0ef8d') in 0.0155478 seconds [static and dynamic dependencies]. Details - ImportResultOutputID=639a7368288d6cbec919f8d70460166d DependenciesID=e636401b9fa4a196d5e7fc58c68fe586 StaticDependenciesID=1750f3f5da0bb30d5ef0988b3b9bd98b 
Number of updated asset objects reloaded before import = 0Number of asset objects unloaded after import = 4

========================================================================
Received Import Request.
  Time since last request: 0.000032 seconds.
  path: Assets/SunboxGames/ModularDungeonCaves/Textures/DungeonProps04/GlassMetal/DungeonProps04_Glass_MetallicSmoothness.png
  importAddress: Guid(45a1741b92a9c3b4693b57ee581778f1) Importer(2089858483,b0f066a214c2f5e87bad3c948f4d605d)
Start importing Assets/SunboxGames/ModularDungeonCaves/Textures/DungeonProps04/GlassMetal/DungeonProps04_Glass_MetallicSmoothness.png using Guid(45a1741b92a9c3b4693b57ee581778f1) Importer(2089858483,b0f066a214c2f5e87bad3c948f4d605d) (ScriptedImporter) -> (Import Result ID: '7f3f8e4171b1260c1d6adb237752e2d8') in 0.0342434 seconds [static and dynamic dependencies]. Details - ImportResultOutputID=bae1b3e1cb56704ee7fd322d73f1241b DependenciesID=4b0adf0502a9e03cdca65dbc530094b7 StaticDependenciesID=5945418b804ae893c5da6040eec517b9 
Number of updated asset objects reloaded before import = 0Number of asset objects unloaded after import = 1

========================================================================
Received Import Request.
  Time since last request: 0.000031 seconds.
  path: Assets/Samples/XR Interaction Toolkit/3.2.1/Starter Assets/DemoSceneAssets/Textures/Concrete_Normal.tif
  importAddress: Guid(cdebec39dbf81a14688e1de8d12897b4) Importer(2089858483,b0f066a214c2f5e87bad3c948f4d605d)
Start importing Assets/Samples/XR Interaction Toolkit/3.2.1/Starter Assets/DemoSceneAssets/Textures/Concrete_Normal.tif using Guid(cdebec39dbf81a14688e1de8d12897b4) Importer(2089858483,b0f066a214c2f5e87bad3c948f4d605d) (ScriptedImporter) -> (Import Result ID: 'ff2ddc9f72fd030cc7eea4c39720d46b') in 0.0105875 seconds [static and dynamic dependencies]. Details - ImportResultOutputID=0e42a679b8c872e0e6db07410ae47fed DependenciesID=72f22a02d7a5fdc51ff631b47a181052 StaticDependenciesID=9ae37aa72398c1ac8c18e7d17db2bb1c 
Number of updated asset objects reloaded before import = 0Number of asset objects unloaded after import = 1

========================================================================
Received Import Request.
  Time since last request: 0.000021 seconds.
  path: Assets/Samples/XR Interaction Toolkit/3.2.1/Starter Assets/DemoSceneAssets/Models/Primitive_Torus.fbx
  importAddress: Guid(f077c919501a44778a0c2edb6eb1a54a) Importer(2089858483,b0f066a214c2f5e87bad3c948f4d605d)
Start importing Assets/Samples/XR Interaction Toolkit/3.2.1/Starter Assets/DemoSceneAssets/Models/Primitive_Torus.fbx using Guid(f077c919501a44778a0c2edb6eb1a54a) Importer(2089858483,b0f066a214c2f5e87bad3c948f4d605d) (ScriptedImporter) -> (Import Result ID: '699551262dbf560659c5e0ecff74665b') in 0.011699 seconds [static and dynamic dependencies]. Details - ImportResultOutputID=31ae5c58e9fec252ddd79f20c3afc161 DependenciesID=7a0555e4f7db84b5534b83ff4edbe68b StaticDependenciesID=f80745c01b8d6c1342aa9471cf18904b 
Number of updated asset objects reloaded before import = 0Number of asset objects unloaded after import = 9

========================================================================
Received Import Request.
  Time since last request: 0.000023 seconds.
  path: Assets/Samples/XR Interaction Toolkit/3.2.1/Starter Assets/Prefabs/Teleport/Blocking Teleport Reticle.prefab
  importAddress: Guid(a3fde713df4d99042a0403c4be9eea32) Importer(2089858483,e11c23a36db5f54750b8cd40eac0985b)
Start importing Assets/Samples/XR Interaction Toolkit/3.2.1/Starter Assets/Prefabs/Teleport/Blocking Teleport Reticle.prefab using Guid(a3fde713df4d99042a0403c4be9eea32) Importer(2089858483,e11c23a36db5f54750b8cd40eac0985b) (ScriptedImporter) -> (Import Result ID: '0f42a25f3c0a5f28e3c3b4f95f1fb5fd') in 0.0143629 seconds [static and dynamic dependencies]. Details - ImportResultOutputID=8b992bfd8f4a39e1530db4d9dc861a90 DependenciesID=2143a3e5ff5ef7337097d13d04ddc3c5 StaticDependenciesID=946a1990ba4e6632d7834cfe3309a750 
Number of updated asset objects reloaded before import = 0Number of asset objects unloaded after import = 18

========================================================================
Received Import Request.
  Time since last request: 0.000029 seconds.
  path: Assets/Samples/XR Interaction Toolkit/3.2.1/Starter Assets/Editor/Scripts/StarterAssetsSampleProjectValidation.cs
  importAddress: Guid(ef67ceb22b2224643a2d5004fc2a678a) Importer(2089858483,b0f066a214c2f5e87bad3c948f4d605d)
Start importing Assets/Samples/XR Interaction Toolkit/3.2.1/Starter Assets/Editor/Scripts/StarterAssetsSampleProjectValidation.cs using Guid(ef67ceb22b2224643a2d5004fc2a678a) Importer(2089858483,b0f066a214c2f5e87bad3c948f4d605d) (ScriptedImporter) -> (Import Result ID: '03ea7dbc3f282e3731647b837d2d345a') in 0.0033674 seconds [static and dynamic dependencies]. Details - ImportResultOutputID=9d3592a07bc9b75ac6ed3424882fa9bb DependenciesID=0e6f57d9f2059961201e8951b9ce1609 StaticDependenciesID=dd680c851ffed65e34d790f8731a1ef7 
Number of updated asset objects reloaded before import = 0Number of asset objects unloaded after import = 0

========================================================================
Received Import Request.
  Time since last request: 0.000044 seconds.
  path: Assets/Samples/XR Interaction Toolkit/3.2.1/Starter Assets/DemoSceneAssets/Sprites/Circle_60x60 Outline 4.png
  importAddress: Guid(2f8349570a152884fb6cf7ebdc8c18b3) Importer(2089858483,b0f066a214c2f5e87bad3c948f4d605d)
Start importing Assets/Samples/XR Interaction Toolkit/3.2.1/Starter Assets/DemoSceneAssets/Sprites/Circle_60x60 Outline 4.png using Guid(2f8349570a152884fb6cf7ebdc8c18b3) Importer(2089858483,b0f066a214c2f5e87bad3c948f4d605d) (ScriptedImporter) -> (Import Result ID: '66155776283db5db2dfdef016d2832a9') in 0.0086834 seconds [static and dynamic dependencies]. Details - ImportResultOutputID=3534de4dce4a83f3a7373c332285909b DependenciesID=cffa448afb979bec06a455e4b8222eb0 StaticDependenciesID=903f4d7beb41fd9cfc6ae187fc288ff2 
Number of updated asset objects reloaded before import = 0Number of asset objects unloaded after import = 3

========================================================================
Received Import Request.
  Time since last request: 0.000022 seconds.
  path: Assets/Samples/XR Interaction Toolkit/3.2.1/Starter Assets/DemoSceneAssets/Sprites/Asset.png
  importAddress: Guid(17d565bb4a7744b41b7e4dc7e3a09e35) Importer(2089858483,b0f066a214c2f5e87bad3c948f4d605d)
Start importing Assets/Samples/XR Interaction Toolkit/3.2.1/Starter Assets/DemoSceneAssets/Sprites/Asset.png using Guid(17d565bb4a7744b41b7e4dc7e3a09e35) Importer(2089858483,b0f066a214c2f5e87bad3c948f4d605d) (ScriptedImporter) -> (Import Result ID: '096b7467292844c200147761f6791f03') in 0.0101534 seconds [static and dynamic dependencies]. Details - ImportResultOutputID=e6e32cc5efe0c1a1be30b18d7983d9c2 DependenciesID=d9a3b85c682f3e05332853cf1f4971c7 StaticDependenciesID=0a5bd979f453b4116bb5f7c867b82709 
Number of updated asset objects reloaded before import = 0Number of asset objects unloaded after import = 3

========================================================================
Received Import Request.
  Time since last request: 0.000019 seconds.
  path: Assets/Samples/XR Interaction Toolkit/3.2.1/Starter Assets/DemoSceneAssets/Sprites/Round Radius 4 Outline.png
  importAddress: Guid(b7bad1260586fa746a0b67e930892936) Importer(2089858483,b0f066a214c2f5e87bad3c948f4d605d)
Start importing Assets/Samples/XR Interaction Toolkit/3.2.1/Starter Assets/DemoSceneAssets/Sprites/Round Radius 4 Outline.png using Guid(b7bad1260586fa746a0b67e930892936) Importer(2089858483,b0f066a214c2f5e87bad3c948f4d605d) (ScriptedImporter) -> (Import Result ID: 'a98ba7c5a05e8abc1c850582b0622dc6') in 0.0075818 seconds [static and dynamic dependencies]. Details - ImportResultOutputID=a24906acd41a087b04503c8cb68a9a6c DependenciesID=2e917bfc8e52d59cc9cda3faf43c6820 StaticDependenciesID=50ecdabbccb19ff4c25baec0c9437926 
Number of updated asset objects reloaded before import = 0Number of asset objects unloaded after import = 3

========================================================================
Received Import Request.
  Time since last request: 0.000022 seconds.
  path: Assets/Samples/XR Interaction Toolkit/3.2.1/Starter Assets/DemoSceneAssets/Textures/Concrete_Metallic.tif
  importAddress: Guid(f3fb518ec70eb4047b1c6ec34933fbce) Importer(2089858483,b0f066a214c2f5e87bad3c948f4d605d)
Start importing Assets/Samples/XR Interaction Toolkit/3.2.1/Starter Assets/DemoSceneAssets/Textures/Concrete_Metallic.tif using Guid(f3fb518ec70eb4047b1c6ec34933fbce) Importer(2089858483,b0f066a214c2f5e87bad3c948f4d605d) (ScriptedImporter) -> (Import Result ID: '45fdf1153bf4ee4c5bf99095280c36e3') in 0.0088962 seconds [static and dynamic dependencies]. Details - ImportResultOutputID=ebe4572fd6f6c3f896c4ed01e9a0e5e7 DependenciesID=8f1f28a911c05129cbdb3103e34e9592 StaticDependenciesID=54f656fa09a8ede059a2204c7817b258 
Number of updated asset objects reloaded before import = 0Number of asset objects unloaded after import = 1

========================================================================
Received Import Request.
  Time since last request: 0.000026 seconds.
  path: Assets/Samples/XR Interaction Toolkit/3.2.1/Starter Assets/DemoSceneAssets/Sprites/Checkmark.png
  importAddress: Guid(db3e7b7c8db355e499429545071a0321) Importer(2089858483,b0f066a214c2f5e87bad3c948f4d605d)
Start importing Assets/Samples/XR Interaction Toolkit/3.2.1/Starter Assets/DemoSceneAssets/Sprites/Checkmark.png using Guid(db3e7b7c8db355e499429545071a0321) Importer(2089858483,b0f066a214c2f5e87bad3c948f4d605d) (ScriptedImporter) -> (Import Result ID: 'b69c88ef0d839cf326b135dc907efec4') in 0.0089372 seconds [static and dynamic dependencies]. Details - ImportResultOutputID=d26881e28d5596cd93dbe91977084a95 DependenciesID=f5f15a19a7268053d638de741cd106a1 StaticDependenciesID=7b60898936a120dc9e1877e19d8756e3 
Number of updated asset objects reloaded before import = 0Number of asset objects unloaded after import = 3

========================================================================
Received Import Request.
  Time since last request: 0.000038 seconds.
  path: Assets/HIVEMIND/CaveOfHiddenTomb/HDRP (Default)/Art/Assets/Boulder/A/M_Boulder_A.mat
  importAddress: Guid(abc00000000009636844918080452999) Importer(2089858483,b0f066a214c2f5e87bad3c948f4d605d)
Start importing Assets/HIVEMIND/CaveOfHiddenTomb/HDRP (Default)/Art/Assets/Boulder/A/M_Boulder_A.mat using Guid(abc00000000009636844918080452999) Importer(2089858483,b0f066a214c2f5e87bad3c948f4d605d) (ScriptedImporter) -> (Import Result ID: '63e9c19b8ee5ef75fcb468a4cc3089e1') in 0.0168105 seconds [static and dynamic dependencies]. Details - ImportResultOutputID=0b3d759b5a7a8f2a9f7ba013c998c102 DependenciesID=e1028df2f337131b2dd9cd93b77529f0 StaticDependenciesID=01a0f57aa85332af2115bff09ce2f0b4 
Number of updated asset objects reloaded before import = 0Number of asset objects unloaded after import = 11

========================================================================
Received Import Request.
  Time since last request: 0.000026 seconds.
  path: Assets/HIVEMIND/CaveOfHiddenTomb/HDRP (Default)/Art/Assets/Boulder/D/SM_Boulder_D.fbx
  importAddress: Guid(abc00000000012739410529998232977) Importer(2089858483,b0f066a214c2f5e87bad3c948f4d605d)
Start importing Assets/HIVEMIND/CaveOfHiddenTomb/HDRP (Default)/Art/Assets/Boulder/D/SM_Boulder_D.fbx using Guid(abc00000000012739410529998232977) Importer(2089858483,b0f066a214c2f5e87bad3c948f4d605d) (ScriptedImporter)MaterialLocation.External is obsolete. External Material Location is no longer supported. (Assets/HIVEMIND/CaveOfHiddenTomb/HDRP (Default)/Art/Assets/Boulder/D/SM_Boulder_D.fbx)
 -> (Import Result ID: '6e04d36bd6eb3ba4d1d34aacd45da0db') in 0.0155325 seconds [static and dynamic dependencies]. Details - ImportResultOutputID=2f1c7b437832895dc3ffd6027102048e DependenciesID=bf3a2ff8feebe0950a45d8c1d848654e StaticDependenciesID=7d5ce3f584353f443ec69dd8e2172c01 
Number of updated asset objects reloaded before import = 0Number of asset objects unloaded after import = 37

========================================================================
Received Import Request.
  Time since last request: 0.000023 seconds.
  path: Assets/HIVEMIND/CaveOfHiddenTomb/HDRP (Default)/Art/Assets/Pillar/A/M_Pillar_A_Simple.mat
  importAddress: Guid(abc00000000007137253193399514560) Importer(2089858483,b0f066a214c2f5e87bad3c948f4d605d)
Start importing Assets/HIVEMIND/CaveOfHiddenTomb/HDRP (Default)/Art/Assets/Pillar/A/M_Pillar_A_Simple.mat using Guid(abc00000000007137253193399514560) Importer(2089858483,b0f066a214c2f5e87bad3c948f4d605d) (ScriptedImporter) -> (Import Result ID: 'e0a8d5e6470eb18ffac4515ec93166bf') in 0.0175058 seconds [static and dynamic dependencies]. Details - ImportResultOutputID=021dbfe9bc02ba4dcd7aa67f857bb9b3 DependenciesID=38cf47c428081ca7e7b0bc9bcbf44c89 StaticDependenciesID=54455a0ce1b3b3f730e4c69a523d7ca8 
Number of updated asset objects reloaded before import = 0Number of asset objects unloaded after import = 11

========================================================================
Received Import Request.
  Time since last request: 0.000028 seconds.
  path: Assets/HIVEMIND/CaveOfHiddenTomb/HDRP (Default)/Art/Assets/AztecMuralWall/AztecMural/SM_Wall_Aztec_E.fbx
  importAddress: Guid(abc00000000011522037284801755904) Importer(2089858483,b0f066a214c2f5e87bad3c948f4d605d)
Start importing Assets/HIVEMIND/CaveOfHiddenTomb/HDRP (Default)/Art/Assets/AztecMuralWall/AztecMural/SM_Wall_Aztec_E.fbx using Guid(abc00000000011522037284801755904) Importer(2089858483,b0f066a214c2f5e87bad3c948f4d605d) (ScriptedImporter)MaterialLocation.External is obsolete. External Material Location is no longer supported. (Assets/HIVEMIND/CaveOfHiddenTomb/HDRP (Default)/Art/Assets/AztecMuralWall/AztecMural/SM_Wall_Aztec_E.fbx)
 -> (Import Result ID: 'f9e00ee2f286391084e3e4193d666da3') in 0.0173859 seconds [static and dynamic dependencies]. Details - ImportResultOutputID=ae50a5126b074d7eb36d2ff6f36c7f35 DependenciesID=4bf74945a5f90f9e2d034a44c7588907 StaticDependenciesID=13f47d8941aefd98c6482b3dc464cdf6 
Number of updated asset objects reloaded before import = 0Number of asset objects unloaded after import = 37

========================================================================
Received Import Request.
  Time since last request: 0.000029 seconds.
  path: Assets/HIVEMIND/CaveOfHiddenTomb/HDRP (Default)/Art/Assets/Ground/Materials/No Name.mat
  importAddress: Guid(1231cf629aa875d44bd71294217c446a) Importer(2089858483,b0f066a214c2f5e87bad3c948f4d605d)
Start importing Assets/HIVEMIND/CaveOfHiddenTomb/HDRP (Default)/Art/Assets/Ground/Materials/No Name.mat using Guid(1231cf629aa875d44bd71294217c446a) Importer(2089858483,b0f066a214c2f5e87bad3c948f4d605d) (ScriptedImporter) -> (Import Result ID: '803da0b56a3fda3ddda92076f6b05984') in 0.0106333 seconds [static and dynamic dependencies]. Details - ImportResultOutputID=e90bfd5d70156dfaf1671e4a8e9467a2 DependenciesID=ee4651b3298284dc15be719c0f3a383a StaticDependenciesID=47734157d1b7b607b6189cd681529b92 
Number of updated asset objects reloaded before import = 0Number of asset objects unloaded after import = 1

========================================================================
Received Import Request.
  Time since last request: 0.000043 seconds.
  path: Assets/HIVEMIND/CaveOfHiddenTomb/HDRP (Default)/Art/Assets/00_MATERIAL/MI/M_Water1.mat
  importAddress: Guid(abc00000000013914379745910235226) Importer(2089858483,b0f066a214c2f5e87bad3c948f4d605d)
Start importing Assets/HIVEMIND/CaveOfHiddenTomb/HDRP (Default)/Art/Assets/00_MATERIAL/MI/M_Water1.mat using Guid(abc00000000013914379745910235226) Importer(2089858483,b0f066a214c2f5e87bad3c948f4d605d) (ScriptedImporter) -> (Import Result ID: '0d18b12d865f05c2105150964d3bf4e7') in 0.0101609 seconds [static and dynamic dependencies]. Details - ImportResultOutputID=2739e88d164129997acb7f9869cf6b52 DependenciesID=282abd879a764d76cc1dc3fb2edec525 StaticDependenciesID=ba2ae08c86656776ef42061849b6fa9b 
Number of updated asset objects reloaded before import = 0Number of asset objects unloaded after import = 10

========================================================================
Received Import Request.
  Time since last request: 0.000026 seconds.
  path: Assets/HIVEMIND/CaveOfHiddenTomb/HDRP (Default)/Art/Assets/Boulder/C/SM_Boulder_C.fbx
  importAddress: Guid(abc00000000017328185262280041839) Importer(2089858483,b0f066a214c2f5e87bad3c948f4d605d)
Start importing Assets/HIVEMIND/CaveOfHiddenTomb/HDRP (Default)/Art/Assets/Boulder/C/SM_Boulder_C.fbx using Guid(abc00000000017328185262280041839) Importer(2089858483,b0f066a214c2f5e87bad3c948f4d605d) (ScriptedImporter)MaterialLocation.External is obsolete. External Material Location is no longer supported. (Assets/HIVEMIND/CaveOfHiddenTomb/HDRP (Default)/Art/Assets/Boulder/C/SM_Boulder_C.fbx)
 -> (Import Result ID: '2dff29b78ef1a72e60d7fd6bb7ba6501') in 0.0154824 seconds [static and dynamic dependencies]. Details - ImportResultOutputID=da8c0fa49d203ea094e6f012740971b1 DependenciesID=8047dfd15a6c6188733a6bee945b25f6 StaticDependenciesID=f4320ceaf17410cc230ebdf845be04ad 
Number of updated asset objects reloaded before import = 0Number of asset objects unloaded after import = 39

========================================================================
Received Import Request.
  Time since last request: 0.000028 seconds.
  path: Assets/Samples/XR Interaction Toolkit/3.2.1/Starter Assets/Prefabs/Controllers/XR Controller Left.prefab
  importAddress: Guid(1392f805216c47742996d4742c80721c) Importer(2089858483,e11c23a36db5f54750b8cd40eac0985b)
Start importing Assets/Samples/XR Interaction Toolkit/3.2.1/Starter Assets/Prefabs/Controllers/XR Controller Left.prefab using Guid(1392f805216c47742996d4742c80721c) Importer(2089858483,e11c23a36db5f54750b8cd40eac0985b) (ScriptedImporter) -> (Import Result ID: 'b7a412030f65802a199312414b3d468b') in 0.03961 seconds [static and dynamic dependencies]. Details - ImportResultOutputID=366da9f0aeed7fe3e763dccb4793eb1e DependenciesID=d4933f4769c3b723cdea9da37d074f4d StaticDependenciesID=178812cc864ee0487fcc7fda9e689cb1 
Number of updated asset objects reloaded before import = 0Number of asset objects unloaded after import = 61

========================================================================
Received Import Request.
  Time since last request: 0.000026 seconds.
  path: Assets/audio 1/tomb/Character/3/独白8（3）.wav
  importAddress: Guid(38c658b1a40df5d46b6dd989242e9e0d) Importer(2089858483,b0f066a214c2f5e87bad3c948f4d605d)
Start importing Assets/audio 1/tomb/Character/3/独白8（3）.wav using Guid(38c658b1a40df5d46b6dd989242e9e0d) Importer(2089858483,b0f066a214c2f5e87bad3c948f4d605d) (ScriptedImporter) -> (Import Result ID: 'a6ba73bfe1f915e78d49af3a1718f111') in 0.0075892 seconds [static and dynamic dependencies]. Details - ImportResultOutputID=abd680c19f08d37579e5a79b3d99bc3a DependenciesID=c6124ec7bda6a119ca8e5520e7353cd0 StaticDependenciesID=07bc942d61ea3661598fbd6430049b62 
Number of updated asset objects reloaded before import = 0Number of asset objects unloaded after import = 1

========================================================================
Received Import Request.
  Time since last request: 0.000037 seconds.
  path: Assets/HIVEMIND/CaveOfHiddenTomb/HDRP (Default)/Art/Assets/Rock/E/M_Rock_E.mat
  importAddress: Guid(abc00000000008101163872033909650) Importer(2089858483,b0f066a214c2f5e87bad3c948f4d605d)
Start importing Assets/HIVEMIND/CaveOfHiddenTomb/HDRP (Default)/Art/Assets/Rock/E/M_Rock_E.mat using Guid(abc00000000008101163872033909650) Importer(2089858483,b0f066a214c2f5e87bad3c948f4d605d) (ScriptedImporter) -> (Import Result ID: '2414bfd3d5cdf1e2e420dce10cf3cd38') in 0.0166999 seconds [static and dynamic dependencies]. Details - ImportResultOutputID=123cf1e269f5601b50ead11c14e2f840 DependenciesID=8c8e5217ace3db02a628a88e3ddc4ecc StaticDependenciesID=2ae976f85b4f03073beddf833ac27a3d 
Number of updated asset objects reloaded before import = 0Number of asset objects unloaded after import = 11

========================================================================
Received Import Request.
  Time since last request: 0.000025 seconds.
  path: Assets/HIVEMIND/CaveOfHiddenTomb/HDRP (Default)/Art/Assets/RockWall/B/SM_RockWall_B.fbx
  importAddress: Guid(abc00000000017399985987023740841) Importer(2089858483,b0f066a214c2f5e87bad3c948f4d605d)
Start importing Assets/HIVEMIND/CaveOfHiddenTomb/HDRP (Default)/Art/Assets/RockWall/B/SM_RockWall_B.fbx using Guid(abc00000000017399985987023740841) Importer(2089858483,b0f066a214c2f5e87bad3c948f4d605d) (ScriptedImporter)MaterialLocation.External is obsolete. External Material Location is no longer supported. (Assets/HIVEMIND/CaveOfHiddenTomb/HDRP (Default)/Art/Assets/RockWall/B/SM_RockWall_B.fbx)
 -> (Import Result ID: '4923a04db1b555300865d7ecf2568a77') in 0.0166139 seconds [static and dynamic dependencies]. Details - ImportResultOutputID=e9a5ca14d81a4d0f8e339138f4f1a273 DependenciesID=1d047fa4de19670c760fd948045542cc StaticDependenciesID=d80fbe072167b81154603100ed003405 
Number of updated asset objects reloaded before import = 0Number of asset objects unloaded after import = 37

========================================================================
Received Import Request.
  Time since last request: 0.000024 seconds.
  path: Assets/HIVEMIND/CaveOfHiddenTomb/HDRP (Default)/Art/Assets/RockWall/B/M_RockWall_B_Simple.mat
  importAddress: Guid(abc00000000009871415895784837750) Importer(2089858483,b0f066a214c2f5e87bad3c948f4d605d)
Start importing Assets/HIVEMIND/CaveOfHiddenTomb/HDRP (Default)/Art/Assets/RockWall/B/M_RockWall_B_Simple.mat using Guid(abc00000000009871415895784837750) Importer(2089858483,b0f066a214c2f5e87bad3c948f4d605d) (ScriptedImporter) -> (Import Result ID: '32ef9780e2e31967a3d026e379be9d08') in 0.016003 seconds [static and dynamic dependencies]. Details - ImportResultOutputID=38eb032f885ff852a99256fbc2a92e29 DependenciesID=919ee2b06b42083db249c622d79c7603 StaticDependenciesID=5779a8998fa64ea54156f635c4c0478a 
Number of updated asset objects reloaded before import = 0Number of asset objects unloaded after import = 11

========================================================================
Received Import Request.
  Time since last request: 0.000027 seconds.
  path: Assets/HIVEMIND/CaveOfHiddenTomb/HDRP (Default)/Art/Assets/RockWall/A/M_RockWall_A_Simple.mat
  importAddress: Guid(abc00000000008721498765504542053) Importer(2089858483,b0f066a214c2f5e87bad3c948f4d605d)
Start importing Assets/HIVEMIND/CaveOfHiddenTomb/HDRP (Default)/Art/Assets/RockWall/A/M_RockWall_A_Simple.mat using Guid(abc00000000008721498765504542053) Importer(2089858483,b0f066a214c2f5e87bad3c948f4d605d) (ScriptedImporter) -> (Import Result ID: '294c0f2f0221e3f85595478b8ade04b9') in 0.0196083 seconds [static and dynamic dependencies]. Details - ImportResultOutputID=a9275855422a894adaafdaecfd8bec52 DependenciesID=a9e4e7584194a52933be8512633e5e70 StaticDependenciesID=5b6e0681f0de6b6e829b0e182953c635 
Number of updated asset objects reloaded before import = 0Number of asset objects unloaded after import = 11

========================================================================
Received Import Request.
  Time since last request: 0.000029 seconds.
  path: Assets/HIVEMIND/CaveOfHiddenTomb/HDRP (Default)/Art/Assets/Pillar/C/SM_Pillar_C.fbx
  importAddress: Guid(abc00000000003771029102605887189) Importer(2089858483,b0f066a214c2f5e87bad3c948f4d605d)
Start importing Assets/HIVEMIND/CaveOfHiddenTomb/HDRP (Default)/Art/Assets/Pillar/C/SM_Pillar_C.fbx using Guid(abc00000000003771029102605887189) Importer(2089858483,b0f066a214c2f5e87bad3c948f4d605d) (ScriptedImporter)MaterialLocation.External is obsolete. External Material Location is no longer supported. (Assets/HIVEMIND/CaveOfHiddenTomb/HDRP (Default)/Art/Assets/Pillar/C/SM_Pillar_C.fbx)
 -> (Import Result ID: '8d6b5280a186cff777907c4bf5787f86') in 0.015135 seconds [static and dynamic dependencies]. Details - ImportResultOutputID=edb196db29a3b2e58f47c1243bb87241 DependenciesID=f499db652bf40f218aee468ca8ff3812 StaticDependenciesID=0763ad568d8c43716f7e2936a1cd4aa0 
Number of updated asset objects reloaded before import = 0Number of asset objects unloaded after import = 37

========================================================================
Received Import Request.
  Time since last request: 0.000048 seconds.
  path: Assets/HIVEMIND/CaveOfHiddenTomb/HDRP (Default)/Art/Assets/Rock/D/M_Rock_D.mat
  importAddress: Guid(abc00000000004037432469160398331) Importer(2089858483,b0f066a214c2f5e87bad3c948f4d605d)
Start importing Assets/HIVEMIND/CaveOfHiddenTomb/HDRP (Default)/Art/Assets/Rock/D/M_Rock_D.mat using Guid(abc00000000004037432469160398331) Importer(2089858483,b0f066a214c2f5e87bad3c948f4d605d) (ScriptedImporter) -> (Import Result ID: '8ec6f38076c6147d0e9f66c54664daea') in 0.0180294 seconds [static and dynamic dependencies]. Details - ImportResultOutputID=d2b365b7cce86391b868bd7015722beb DependenciesID=e81febf504c83a1869891826795a6859 StaticDependenciesID=c9e7b51a77f404e9e1734fe4d77f89e1 
Number of updated asset objects reloaded before import = 0Number of asset objects unloaded after import = 11

========================================================================
Received Import Request.
  Time since last request: 0.000026 seconds.
  path: Assets/HIVEMIND/CaveOfHiddenTomb/HDRP (Default)/Art/Prefabs/SM_EuropeanBeech_XL_01.prefab
  importAddress: Guid(abc00000000001096249565822034040) Importer(2089858483,e11c23a36db5f54750b8cd40eac0985b)
Start importing Assets/HIVEMIND/CaveOfHiddenTomb/HDRP (Default)/Art/Prefabs/SM_EuropeanBeech_XL_01.prefab using Guid(abc00000000001096249565822034040) Importer(2089858483,e11c23a36db5f54750b8cd40eac0985b) (ScriptedImporter) -> (Import Result ID: '09294c4495d214986fad6d4bb235fcdc') in 0.0280572 seconds [static and dynamic dependencies]. Details - ImportResultOutputID=12b363527284ed79f2788817ac142247 DependenciesID=9b49aa5ec23946c1d42bcff1bcc7033e StaticDependenciesID=ed5a18f88ff28e800748eaef49d4ebcc 
Number of updated asset objects reloaded before import = 0Number of asset objects unloaded after import = 41

========================================================================
Received Import Request.
  Time since last request: 0.000019 seconds.
  path: Assets/HIVEMIND/CaveOfHiddenTomb/HDRP (Default)/Art/Assets/Stone/D/M_Stone_D.mat
  importAddress: Guid(abc00000000005966445236322790245) Importer(2089858483,b0f066a214c2f5e87bad3c948f4d605d)
Start importing Assets/HIVEMIND/CaveOfHiddenTomb/HDRP (Default)/Art/Assets/Stone/D/M_Stone_D.mat using Guid(abc00000000005966445236322790245) Importer(2089858483,b0f066a214c2f5e87bad3c948f4d605d) (ScriptedImporter) -> (Import Result ID: '1b70178b0ad055af7873aa8b2aeda450') in 0.0155823 seconds [static and dynamic dependencies]. Details - ImportResultOutputID=6daadb04570c864c97e316f0de774cdb DependenciesID=85b3a974bb23a47c0061371f7cc5526e StaticDependenciesID=430781a2d101e5690971b4db8903040a 
Number of updated asset objects reloaded before import = 0Number of asset objects unloaded after import = 11

========================================================================
Received Import Request.
  Time since last request: 0.000022 seconds.
  path: Assets/HIVEMIND/CaveOfHiddenTomb/HDRP (Default)/Art/Assets/StonePlate/G/M_StonePlate_G.mat
  importAddress: Guid(abc00000000010026213581158072013) Importer(2089858483,b0f066a214c2f5e87bad3c948f4d605d)
Start importing Assets/HIVEMIND/CaveOfHiddenTomb/HDRP (Default)/Art/Assets/StonePlate/G/M_StonePlate_G.mat using Guid(abc00000000010026213581158072013) Importer(2089858483,b0f066a214c2f5e87bad3c948f4d605d) (ScriptedImporter) -> (Import Result ID: '72b966bf11523493a38756bd508da14a') in 0.0132296 seconds [static and dynamic dependencies]. Details - ImportResultOutputID=6a1498c491d5e88dfaefbdbf389dc174 DependenciesID=f2bd989daa4f1441c828489e0440c889 StaticDependenciesID=2a27e15613fa110921c18aea9061c752 
Number of updated asset objects reloaded before import = 0Number of asset objects unloaded after import = 11

========================================================================
Received Import Request.
  Time since last request: 0.000040 seconds.
  path: Assets/HIVEMIND/CaveOfHiddenTomb/HDRP (Default)/Art/Assets/Stone/C/SM_Stone_C.fbx
  importAddress: Guid(abc00000000016710836900844318039) Importer(2089858483,b0f066a214c2f5e87bad3c948f4d605d)
Start importing Assets/HIVEMIND/CaveOfHiddenTomb/HDRP (Default)/Art/Assets/Stone/C/SM_Stone_C.fbx using Guid(abc00000000016710836900844318039) Importer(2089858483,b0f066a214c2f5e87bad3c948f4d605d) (ScriptedImporter)MaterialLocation.External is obsolete. External Material Location is no longer supported. (Assets/HIVEMIND/CaveOfHiddenTomb/HDRP (Default)/Art/Assets/Stone/C/SM_Stone_C.fbx)
 -> (Import Result ID: 'cf4eed7e395842b7c65b79f6584ae001') in 0.0141633 seconds [static and dynamic dependencies]. Details - ImportResultOutputID=43c72999d4107645c4bb854679c497ac DependenciesID=d24c76116ffa3fbf032c625690699970 StaticDependenciesID=86d3663e6fd0ef6edbd83cb64ede87f3 
Number of updated asset objects reloaded before import = 0Number of asset objects unloaded after import = 37

========================================================================
Received Import Request.
  Time since last request: 0.000036 seconds.
  path: Assets/HIVEMIND/CaveOfHiddenTomb/HDRP (Default)/Art/Assets/stalactite/D/SM_Stalacite_D.fbx
  importAddress: Guid(abc00000000014551812729580116493) Importer(2089858483,b0f066a214c2f5e87bad3c948f4d605d)
Start importing Assets/HIVEMIND/CaveOfHiddenTomb/HDRP (Default)/Art/Assets/stalactite/D/SM_Stalacite_D.fbx using Guid(abc00000000014551812729580116493) Importer(2089858483,b0f066a214c2f5e87bad3c948f4d605d) (ScriptedImporter)MaterialLocation.External is obsolete. External Material Location is no longer supported. (Assets/HIVEMIND/CaveOfHiddenTomb/HDRP (Default)/Art/Assets/stalactite/D/SM_Stalacite_D.fbx)
 -> (Import Result ID: '3300d4ee94d6983a291bbd0f939a5541') in 0.0134259 seconds [static and dynamic dependencies]. Details - ImportResultOutputID=fa009189943303e8c5abb73402792b20 DependenciesID=5f5bb4b7e4f4986f113b1fd72f095691 StaticDependenciesID=1454efc56857ed651582c6470bba9a71 
Number of updated asset objects reloaded before import = 0Number of asset objects unloaded after import = 37

========================================================================
Received Import Request.
  Time since last request: 0.000022 seconds.
  path: Assets/HIVEMIND/CaveOfHiddenTomb/HDRP (Default)/Art/Assets/StonePattern/StonePattern/SM_StonePattern_B.fbx
  importAddress: Guid(abc00000000010875990785200362536) Importer(2089858483,b0f066a214c2f5e87bad3c948f4d605d)
Start importing Assets/HIVEMIND/CaveOfHiddenTomb/HDRP (Default)/Art/Assets/StonePattern/StonePattern/SM_StonePattern_B.fbx using Guid(abc00000000010875990785200362536) Importer(2089858483,b0f066a214c2f5e87bad3c948f4d605d) (ScriptedImporter)MaterialLocation.External is obsolete. External Material Location is no longer supported. (Assets/HIVEMIND/CaveOfHiddenTomb/HDRP (Default)/Art/Assets/StonePattern/StonePattern/SM_StonePattern_B.fbx)
 -> (Import Result ID: '97aeb4c06182a8169eb1e8a1e508aed8') in 0.0182764 seconds [static and dynamic dependencies]. Details - ImportResultOutputID=2d971921d11b757e443584ccbc524504 DependenciesID=324f6435cdee705fcc34404ee0eb3241 StaticDependenciesID=74cb24d4da16abe3539bf96b05ee8db1 
Number of updated asset objects reloaded before import = 0Number of asset objects unloaded after import = 37

========================================================================
Received Import Request.
  Time since last request: 0.000022 seconds.
  path: Assets/HIVEMIND/CaveOfHiddenTomb/HDRP (Default)/Art/Assets/StonePlate/G/SM_StonePlate_G.fbx
  importAddress: Guid(abc00000000009966944461003435397) Importer(2089858483,b0f066a214c2f5e87bad3c948f4d605d)
Start importing Assets/HIVEMIND/CaveOfHiddenTomb/HDRP (Default)/Art/Assets/StonePlate/G/SM_StonePlate_G.fbx using Guid(abc00000000009966944461003435397) Importer(2089858483,b0f066a214c2f5e87bad3c948f4d605d) (ScriptedImporter)MaterialLocation.External is obsolete. External Material Location is no longer supported. (Assets/HIVEMIND/CaveOfHiddenTomb/HDRP (Default)/Art/Assets/StonePlate/G/SM_StonePlate_G.fbx)
 -> (Import Result ID: '988d8c4b9f5c7e1ad2107b34a2e016e6') in 0.0132299 seconds [static and dynamic dependencies]. Details - ImportResultOutputID=78c3f82387feb86939c53610762076d4 DependenciesID=bf1d39c178fe99eb3704b31bb759129c StaticDependenciesID=24a4d5eb0cbb91f937d80955bcce0192 
Number of updated asset objects reloaded before import = 0Number of asset objects unloaded after import = 39

========================================================================
Received Import Request.
  Time since last request: 0.000027 seconds.
  path: Assets/HIVEMIND/CaveOfHiddenTomb/HDRP (Default)/Art/Assets/stalactite/D/M_Stalacite_D.mat
  importAddress: Guid(abc00000000004935272583939387088) Importer(2089858483,b0f066a214c2f5e87bad3c948f4d605d)
Start importing Assets/HIVEMIND/CaveOfHiddenTomb/HDRP (Default)/Art/Assets/stalactite/D/M_Stalacite_D.mat using Guid(abc00000000004935272583939387088) Importer(2089858483,b0f066a214c2f5e87bad3c948f4d605d) (ScriptedImporter) -> (Import Result ID: '92419817c488c571caee6fe069f62977') in 0.0157115 seconds [static and dynamic dependencies]. Details - ImportResultOutputID=fff5ead7559847f3a1e9230c67c54acc DependenciesID=2ef53ae4107d79bbf8caf7d8720cb74b StaticDependenciesID=b746b44cec1ee1eb624cd42d832a239c 
Number of updated asset objects reloaded before import = 0Number of asset objects unloaded after import = 11

========================================================================
Received Import Request.
  Time since last request: 0.000031 seconds.
  path: Assets/HIVEMIND/CaveOfHiddenTomb/HDRP (Default)/Art/Assets/StonePattern/StonePattern/SM_StonePattern_D.fbx
  importAddress: Guid(abc00000000008243596091129253778) Importer(2089858483,b0f066a214c2f5e87bad3c948f4d605d)
Start importing Assets/HIVEMIND/CaveOfHiddenTomb/HDRP (Default)/Art/Assets/StonePattern/StonePattern/SM_StonePattern_D.fbx using Guid(abc00000000008243596091129253778) Importer(2089858483,b0f066a214c2f5e87bad3c948f4d605d) (ScriptedImporter)MaterialLocation.External is obsolete. External Material Location is no longer supported. (Assets/HIVEMIND/CaveOfHiddenTomb/HDRP (Default)/Art/Assets/StonePattern/StonePattern/SM_StonePattern_D.fbx)
 -> (Import Result ID: '816fec504f609598c20b6fdee0e69395') in 0.0217199 seconds [static and dynamic dependencies]. Details - ImportResultOutputID=ef5efc48cf22fc1c093b77064b37144b DependenciesID=bccdc530238a03a522a20f112aaa08d0 StaticDependenciesID=3143def2bbb867e6600950861751ba7f 
Number of updated asset objects reloaded before import = 0Number of asset objects unloaded after import = 37

========================================================================
Received Import Request.
  Time since last request: 0.000039 seconds.
  path: Assets/Samples/XR Interaction Toolkit/3.2.1/Starter Assets/DemoSceneAssets/Prefabs/Interactables/Torus.prefab
  importAddress: Guid(521327bdbcb341f782d36f02cab76cb0) Importer(2089858483,e11c23a36db5f54750b8cd40eac0985b)
Start importing Assets/Samples/XR Interaction Toolkit/3.2.1/Starter Assets/DemoSceneAssets/Prefabs/Interactables/Torus.prefab using Guid(521327bdbcb341f782d36f02cab76cb0) Importer(2089858483,e11c23a36db5f54750b8cd40eac0985b) (ScriptedImporter) -> (Import Result ID: '2e6c9ce94dec99bd5306fe19d1b68a53') in 0.0597003 seconds [static and dynamic dependencies]. Details - ImportResultOutputID=b16e6c7f8881fee019bcd07c064360d3 DependenciesID=f5616e7a153ea08125b9e66198227fe3 StaticDependenciesID=8e7664aad932f7a0a408ad60eaff0ddf 
Number of updated asset objects reloaded before import = 0Number of asset objects unloaded after import = 37

========================================================================
Received Import Request.
  Time since last request: 0.000036 seconds.
  path: Assets/Samples/XR Interaction Toolkit/3.2.1/Starter Assets/DemoSceneAssets/Prefabs/UI/Icon Button.prefab
  importAddress: Guid(56686f82f64b0af4688a89676403a500) Importer(2089858483,e11c23a36db5f54750b8cd40eac0985b)
Start importing Assets/Samples/XR Interaction Toolkit/3.2.1/Starter Assets/DemoSceneAssets/Prefabs/UI/Icon Button.prefab using Guid(56686f82f64b0af4688a89676403a500) Importer(2089858483,e11c23a36db5f54750b8cd40eac0985b) (ScriptedImporter) -> (Import Result ID: 'e0c399ac29146db1e3ade1911e1d6479') in 0.0403894 seconds [static and dynamic dependencies]. Details - ImportResultOutputID=c660f09461c499b3c651be0ac31f58f8 DependenciesID=d0123dbed267760375872919caecf75d StaticDependenciesID=9e304a548c4b60d45d1480d35643022b 
Number of updated asset objects reloaded before import = 0Number of asset objects unloaded after import = 24

========================================================================
Received Import Request.
  Time since last request: 0.000028 seconds.
  path: Assets/Samples/XR Interaction Toolkit/3.2.1/Starter Assets/DemoSceneAssets/Prefabs/Interactables/Blaser.prefab
  importAddress: Guid(3549fdaf258e11846b85a316c16c699c) Importer(2089858483,e11c23a36db5f54750b8cd40eac0985b)
Start importing Assets/Samples/XR Interaction Toolkit/3.2.1/Starter Assets/DemoSceneAssets/Prefabs/Interactables/Blaser.prefab using Guid(3549fdaf258e11846b85a316c16c699c) Importer(2089858483,e11c23a36db5f54750b8cd40eac0985b) (ScriptedImporter) -> (Import Result ID: '27fcab3f17a67b7fc0b49bb5319bed02') in 0.0456674 seconds [static and dynamic dependencies]. Details - ImportResultOutputID=b5ff39829aa934c8657d2f70a6797629 DependenciesID=585e289311d81a2b672d15bb9a80603c StaticDependenciesID=eca78794c79d5b663d16f57bbf82a9d6 
Number of updated asset objects reloaded before import = 0Number of asset objects unloaded after import = 49

========================================================================
Received Import Request.
  Time since last request: 0.000037 seconds.
  path: Assets/HIVEMIND/CaveOfHiddenTomb/HDRP (Default)/Art/Assets/Arch/B/Materials/No Name.mat
  importAddress: Guid(8feca6cb2472ce1418bc63058eef8831) Importer(2089858483,b0f066a214c2f5e87bad3c948f4d605d)
Start importing Assets/HIVEMIND/CaveOfHiddenTomb/HDRP (Default)/Art/Assets/Arch/B/Materials/No Name.mat using Guid(8feca6cb2472ce1418bc63058eef8831) Importer(2089858483,b0f066a214c2f5e87bad3c948f4d605d) (ScriptedImporter) -> (Import Result ID: 'fd09ec751495a8d0ad3f60e79cc8f556') in 0.0052421 seconds [static and dynamic dependencies]. Details - ImportResultOutputID=6ef21dbc908845e9872f7772b10ca495 DependenciesID=8812582a680156ea21e7a45b3bceac73 StaticDependenciesID=1ad00196abf56253544e9e69003fc6f8 
Number of updated asset objects reloaded before import = 0Number of asset objects unloaded after import = 1

========================================================================
Received Import Request.
  Time since last request: 0.000027 seconds.
  path: Assets/HIVEMIND/CaveOfHiddenTomb/HDRP (Default)/Art/Assets/AztecMuralWall/AztecMural/Materials/No Name.mat
  importAddress: Guid(0d78001fee0d406418928df52484dd66) Importer(2089858483,b0f066a214c2f5e87bad3c948f4d605d)
Start importing Assets/HIVEMIND/CaveOfHiddenTomb/HDRP (Default)/Art/Assets/AztecMuralWall/AztecMural/Materials/No Name.mat using Guid(0d78001fee0d406418928df52484dd66) Importer(2089858483,b0f066a214c2f5e87bad3c948f4d605d) (ScriptedImporter) -> (Import Result ID: '1760fca0629b7cef1b1ec488a988f3e1') in 0.0046617 seconds [static and dynamic dependencies]. Details - ImportResultOutputID=f663f7bdf7ed95fdd653f60e6aed2193 DependenciesID=2dbb8728ddd1bf309954af58bdd63716 StaticDependenciesID=9aaa3ecd3d1f24736207cf03eb14d2d3 
Number of updated asset objects reloaded before import = 0Number of asset objects unloaded after import = 1

========================================================================
Received Import Request.
  Time since last request: 0.000033 seconds.
  path: Assets/Samples/XR Interaction Toolkit/3.2.1/Starter Assets/DemoSceneAssets/Prefabs/UI/Dropdown.prefab
  importAddress: Guid(870459f1cb8d7b7428337cc5935feb67) Importer(2089858483,e11c23a36db5f54750b8cd40eac0985b)
Start importing Assets/Samples/XR Interaction Toolkit/3.2.1/Starter Assets/DemoSceneAssets/Prefabs/UI/Dropdown.prefab using Guid(870459f1cb8d7b7428337cc5935feb67) Importer(2089858483,e11c23a36db5f54750b8cd40eac0985b) (ScriptedImporter) -> (Import Result ID: '7ad8406f933d1b019ad28968e19a109e') in 0.0697419 seconds [static and dynamic dependencies]. Details - ImportResultOutputID=4726a8ed25a820b61d3a1ced7406750c DependenciesID=8e0c408ca18f2e6c1ab17444566ef4f7 StaticDependenciesID=ad2d03735f0a2c308da101d0490c5209 
Number of updated asset objects reloaded before import = 0Number of asset objects unloaded after import = 61

========================================================================
Received Import Request.
  Time since last request: 0.000028 seconds.
  path: Assets/HIVEMIND/CaveOfHiddenTomb/HDRP (Default)/Art/Assets/Rock/E/Materials/MI_Rock_E.mat
  importAddress: Guid(0fcfdaa991f8afb49b5cd867bf672346) Importer(2089858483,b0f066a214c2f5e87bad3c948f4d605d)
Start importing Assets/HIVEMIND/CaveOfHiddenTomb/HDRP (Default)/Art/Assets/Rock/E/Materials/MI_Rock_E.mat using Guid(0fcfdaa991f8afb49b5cd867bf672346) Importer(2089858483,b0f066a214c2f5e87bad3c948f4d605d) (ScriptedImporter) -> (Import Result ID: '0d91131961171efbb83b01afe986edb4') in 0.0071398 seconds [static and dynamic dependencies]. Details - ImportResultOutputID=eb5207ad423134972f05e051a73fba2f DependenciesID=b55ad8a884246f2e6e25b2b7e459fdef StaticDependenciesID=6aa44fda32bb1af2e47c87439f682e2a 
Number of updated asset objects reloaded before import = 0Number of asset objects unloaded after import = 1

========================================================================
Received Import Request.
  Time since last request: 0.000057 seconds.
  path: Assets/HIVEMIND/CaveOfHiddenTomb/HDRP (Default)/Art/Assets/Pillar/A/Materials/No Name.mat
  importAddress: Guid(9939c697888121748970a0175cb825bc) Importer(2089858483,b0f066a214c2f5e87bad3c948f4d605d)
Start importing Assets/HIVEMIND/CaveOfHiddenTomb/HDRP (Default)/Art/Assets/Pillar/A/Materials/No Name.mat using Guid(9939c697888121748970a0175cb825bc) Importer(2089858483,b0f066a214c2f5e87bad3c948f4d605d) (ScriptedImporter) -> (Import Result ID: 'a3e2d4d186e7231427185a015da13bb3') in 0.0062649 seconds [static and dynamic dependencies]. Details - ImportResultOutputID=f6a95917b79e3daf93eee450908573e8 DependenciesID=5ab615f1ba3ab749d17eeca5d4767800 StaticDependenciesID=0731a544be70c515982a0bffa7548af7 
Number of updated asset objects reloaded before import = 0Number of asset objects unloaded after import = 1

========================================================================
Received Import Request.
  Time since last request: 0.000018 seconds.
  path: Assets/HIVEMIND/CaveOfHiddenTomb/HDRP (Default)/Art/Assets/Rock/D/Materials/MI_Rock_D.mat
  importAddress: Guid(38a94d612de87454db045cbdc34629dc) Importer(2089858483,b0f066a214c2f5e87bad3c948f4d605d)
Start importing Assets/HIVEMIND/CaveOfHiddenTomb/HDRP (Default)/Art/Assets/Rock/D/Materials/MI_Rock_D.mat using Guid(38a94d612de87454db045cbdc34629dc) Importer(2089858483,b0f066a214c2f5e87bad3c948f4d605d) (ScriptedImporter) -> (Import Result ID: 'e09075fc230f4d6b830a8cf4fd80712f') in 0.0053039 seconds [static and dynamic dependencies]. Details - ImportResultOutputID=8d71503c2d7776c3c547057a52876c65 DependenciesID=e509372038e378949f8e4ac8762890c0 StaticDependenciesID=5d18725f91e6453060dc59856a1b4150 
Number of updated asset objects reloaded before import = 0Number of asset objects unloaded after import = 1

========================================================================
Received Import Request.
  Time since last request: 0.000023 seconds.
  path: Assets/HIVEMIND/CaveOfHiddenTomb/HDRP (Default)/Art/Assets/Rock/C/Materials/MI_Rock_B.mat
  importAddress: Guid(f4b8441784b78a84895c125b2e85b0b7) Importer(2089858483,b0f066a214c2f5e87bad3c948f4d605d)
Start importing Assets/HIVEMIND/CaveOfHiddenTomb/HDRP (Default)/Art/Assets/Rock/C/Materials/MI_Rock_B.mat using Guid(f4b8441784b78a84895c125b2e85b0b7) Importer(2089858483,b0f066a214c2f5e87bad3c948f4d605d) (ScriptedImporter) -> (Import Result ID: 'ef3907b869a86ffe25d6fd9c86375615') in 0.0062195 seconds [static and dynamic dependencies]. Details - ImportResultOutputID=b3c820bc6adba48b934f17de70ad46e5 DependenciesID=d60e1833c0f9ea4d6546ed0b1d20f99b StaticDependenciesID=2ce14e23c2f413984f384393d764c3df 
Number of updated asset objects reloaded before import = 0Number of asset objects unloaded after import = 1

========================================================================
Received Import Request.
  Time since last request: 0.000021 seconds.
  path: Assets/HIVEMIND/CaveOfHiddenTomb/HDRP (Default)/Art/Assets/Pillar/C/Materials/No Name.mat
  importAddress: Guid(0832ff97fc54bba47a598369ee29f475) Importer(2089858483,b0f066a214c2f5e87bad3c948f4d605d)
Start importing Assets/HIVEMIND/CaveOfHiddenTomb/HDRP (Default)/Art/Assets/Pillar/C/Materials/No Name.mat using Guid(0832ff97fc54bba47a598369ee29f475) Importer(2089858483,b0f066a214c2f5e87bad3c948f4d605d) (ScriptedImporter) -> (Import Result ID: '93d834e008e0b09fd9fad18b0f5d36dc') in 0.0073875 seconds [static and dynamic dependencies]. Details - ImportResultOutputID=2aae49c096cba3534215d72ff8fca984 DependenciesID=fc96a6e9cfd12f130744e0b790bcb08b StaticDependenciesID=a439a259879e710872369c5b52ffdbb9 
Number of updated asset objects reloaded before import = 0Number of asset objects unloaded after import = 1

========================================================================
Received Import Request.
  Time since last request: 0.000037 seconds.
  path: Assets/Samples/XR Interaction Toolkit/3.2.1/Starter Assets/DemoSceneAssets/Prefabs/Interactables/Pot.prefab
  importAddress: Guid(d5615d616019430d9c2e8727e71c97fb) Importer(2089858483,e11c23a36db5f54750b8cd40eac0985b)
Start importing Assets/Samples/XR Interaction Toolkit/3.2.1/Starter Assets/DemoSceneAssets/Prefabs/Interactables/Pot.prefab using Guid(d5615d616019430d9c2e8727e71c97fb) Importer(2089858483,e11c23a36db5f54750b8cd40eac0985b) (ScriptedImporter) -> (Import Result ID: '478f9da7dbe76a3bee016b9d07bf4f5d') in 0.0340709 seconds [static and dynamic dependencies]. Details - ImportResultOutputID=4f990cbdb451eed873e6934ed5f21bcd DependenciesID=ce7c12c73047a35fc38d12538588c7e2 StaticDependenciesID=59b46815dc35240490839b6a0b58877e 
Number of updated asset objects reloaded before import = 0Number of asset objects unloaded after import = 36

========================================================================
Received Import Request.
  Time since last request: 0.000038 seconds.
  path: Assets/HIVEMIND/CaveOfHiddenTomb/HDRP (Default)/Art/Assets/stalactite/A/Materials/No Name.mat
  importAddress: Guid(bab1c788984469545926ac327a3da88d) Importer(2089858483,b0f066a214c2f5e87bad3c948f4d605d)
Start importing Assets/HIVEMIND/CaveOfHiddenTomb/HDRP (Default)/Art/Assets/stalactite/A/Materials/No Name.mat using Guid(bab1c788984469545926ac327a3da88d) Importer(2089858483,b0f066a214c2f5e87bad3c948f4d605d) (ScriptedImporter) -> (Import Result ID: 'ff25ea5aa7948ce2f46bf7377ebcff01') in 0.0065463 seconds [static and dynamic dependencies]. Details - ImportResultOutputID=6ec6381387cc33f8798327e7d75ed06b DependenciesID=dccf8c09930ff40af2611528828999e3 StaticDependenciesID=69eef521aaf214141d3577f27a7475a5 
Number of updated asset objects reloaded before import = 0Number of asset objects unloaded after import = 1

========================================================================
Received Import Request.
  Time since last request: 0.000022 seconds.
  path: Assets/HIVEMIND/CaveOfHiddenTomb/HDRP (Default)/Art/Assets/RockWall/B/Materials/No Name.mat
  importAddress: Guid(7a6b9f5bb5b11b54ca2fb8aa3acbcd6c) Importer(2089858483,b0f066a214c2f5e87bad3c948f4d605d)
Start importing Assets/HIVEMIND/CaveOfHiddenTomb/HDRP (Default)/Art/Assets/RockWall/B/Materials/No Name.mat using Guid(7a6b9f5bb5b11b54ca2fb8aa3acbcd6c) Importer(2089858483,b0f066a214c2f5e87bad3c948f4d605d) (ScriptedImporter) -> (Import Result ID: '4752604397c37a2619e69c644f58d5c6') in 0.0061357 seconds [static and dynamic dependencies]. Details - ImportResultOutputID=3f59512c90cf1dfa0a82db8b2e13b0bf DependenciesID=9fb13fe63e34de66839eff5185c7917d StaticDependenciesID=2e83451ce744de72c94423e8c3beb0d6 
Number of updated asset objects reloaded before import = 0Number of asset objects unloaded after import = 1

========================================================================
Received Import Request.
  Time since last request: 0.000049 seconds.
  path: Assets/HIVEMIND/CaveOfHiddenTomb/HDRP (Default)/Art/Assets/Sculpt/A/Materials/No Name.mat
  importAddress: Guid(535e79897405e4b41bc69116d5ba86ef) Importer(2089858483,b0f066a214c2f5e87bad3c948f4d605d)
Start importing Assets/HIVEMIND/CaveOfHiddenTomb/HDRP (Default)/Art/Assets/Sculpt/A/Materials/No Name.mat using Guid(535e79897405e4b41bc69116d5ba86ef) Importer(2089858483,b0f066a214c2f5e87bad3c948f4d605d) (ScriptedImporter) -> (Import Result ID: '9389dbe3eeafea7423e8aeae9afb01ed') in 0.0070453 seconds [static and dynamic dependencies]. Details - ImportResultOutputID=d733381777f78182a1232a298be63958 DependenciesID=cb90cccf64c7ab807831802865b71525 StaticDependenciesID=0deb94b8e3f34c4cfeeab2b46b2be19a 
Number of updated asset objects reloaded before import = 0Number of asset objects unloaded after import = 1

========================================================================
Received Import Request.
  Time since last request: 0.000153 seconds.
  path: Assets/HIVEMIND/CaveOfHiddenTomb/HDRP (Default)/Art/Assets/Boulder/A/Materials/MI_Boulder_A.mat
  importAddress: Guid(80f6cb4f26bedee40b16fa3838f8b4c5) Importer(2089858483,b0f066a214c2f5e87bad3c948f4d605d)
Start importing Assets/HIVEMIND/CaveOfHiddenTomb/HDRP (Default)/Art/Assets/Boulder/A/Materials/MI_Boulder_A.mat using Guid(80f6cb4f26bedee40b16fa3838f8b4c5) Importer(2089858483,b0f066a214c2f5e87bad3c948f4d605d) (ScriptedImporter) -> (Import Result ID: 'af91c87d59538fe8aa2060de72ca94f6') in 0.0066608 seconds [static and dynamic dependencies]. Details - ImportResultOutputID=ea135d9251fa134eec9302b14c3fc010 DependenciesID=2177115b0abe9322db56b0776b81c465 StaticDependenciesID=8a684dc6d59b5b1eb99bf5ecd05a2664 
Number of updated asset objects reloaded before import = 0Number of asset objects unloaded after import = 1

========================================================================
Received Import Request.
  Time since last request: 0.000025 seconds.
  path: Assets/HIVEMIND/CaveOfHiddenTomb/HDRP (Default)/Art/Assets/Pillar/C/Materials/MI_Pillar_C.mat
  importAddress: Guid(57c644a6f3821b144a962f7988e7828c) Importer(2089858483,b0f066a214c2f5e87bad3c948f4d605d)
Start importing Assets/HIVEMIND/CaveOfHiddenTomb/HDRP (Default)/Art/Assets/Pillar/C/Materials/MI_Pillar_C.mat using Guid(57c644a6f3821b144a962f7988e7828c) Importer(2089858483,b0f066a214c2f5e87bad3c948f4d605d) (ScriptedImporter) -> (Import Result ID: 'f64ece6bd4c41d2f90c3adb9884026ef') in 0.0064239 seconds [static and dynamic dependencies]. Details - ImportResultOutputID=1b2bba6d18c855ddb2741fa86f5e2e21 DependenciesID=9c8f63f650919bc589b404e2d55e8a7a StaticDependenciesID=8a465d1ba01b32ab208960390f2461cb 
Number of updated asset objects reloaded before import = 0Number of asset objects unloaded after import = 1

========================================================================
Received Import Request.
  Time since last request: 0.000026 seconds.
  path: Assets/HIVEMIND/CaveOfHiddenTomb/HDRP (Default)/Art/Assets/Boulder/A/Materials/No Name.mat
  importAddress: Guid(f680265545cc0a74896ced8cc84342db) Importer(2089858483,b0f066a214c2f5e87bad3c948f4d605d)
Start importing Assets/HIVEMIND/CaveOfHiddenTomb/HDRP (Default)/Art/Assets/Boulder/A/Materials/No Name.mat using Guid(f680265545cc0a74896ced8cc84342db) Importer(2089858483,b0f066a214c2f5e87bad3c948f4d605d) (ScriptedImporter) -> (Import Result ID: '934f7e1421a3b9bc4b80d758f2a413e9') in 0.0079449 seconds [static and dynamic dependencies]. Details - ImportResultOutputID=f7476c8075cfa0e757854097025300e3 DependenciesID=26803f6717580c66ebf62a0769d62bc9 StaticDependenciesID=1039ffee1fd3bee78799047bfd9bd5db 
Number of updated asset objects reloaded before import = 0Number of asset objects unloaded after import = 1

========================================================================
Received Import Request.
  Time since last request: 0.000034 seconds.
  path: Assets/HIVEMIND/CaveOfHiddenTomb/HDRP (Default)/Art/Assets/Rock/G/Materials/MI_Rock_G.mat
  importAddress: Guid(b4daa82ace71c3e4ea97a070895fa86c) Importer(2089858483,b0f066a214c2f5e87bad3c948f4d605d)
Start importing Assets/HIVEMIND/CaveOfHiddenTomb/HDRP (Default)/Art/Assets/Rock/G/Materials/MI_Rock_G.mat using Guid(b4daa82ace71c3e4ea97a070895fa86c) Importer(2089858483,b0f066a214c2f5e87bad3c948f4d605d) (ScriptedImporter) -> (Import Result ID: 'd4bf50a7aa40ed4edbb7fdf05a6ed5f8') in 0.0054902 seconds [static and dynamic dependencies]. Details - ImportResultOutputID=baf66b34a0dd46f820625294ea617f93 DependenciesID=1c4739b054d212a97921843d64861337 StaticDependenciesID=2d07a82d6722b71638425f7e69742f46 
Number of updated asset objects reloaded before import = 0Number of asset objects unloaded after import = 1

========================================================================
Received Import Request.
  Time since last request: 0.000047 seconds.
  path: Assets/HIVEMIND/CaveOfHiddenTomb/HDRP (Default)/Art/Assets/Stone/A/Materials/No Name.mat
  importAddress: Guid(c11f0775fb9820b49a80a658e01d0896) Importer(2089858483,b0f066a214c2f5e87bad3c948f4d605d)
Start importing Assets/HIVEMIND/CaveOfHiddenTomb/HDRP (Default)/Art/Assets/Stone/A/Materials/No Name.mat using Guid(c11f0775fb9820b49a80a658e01d0896) Importer(2089858483,b0f066a214c2f5e87bad3c948f4d605d) (ScriptedImporter) -> (Import Result ID: '85eaec121f4785e7b26cca3692a404f0') in 0.0075021 seconds [static and dynamic dependencies]. Details - ImportResultOutputID=b83f700cf90f8e358ddd8cf7c90ac040 DependenciesID=4b266f07ab2e5b8161468ae18377acf3 StaticDependenciesID=884ed408a6b675f896e3416f19bede01 
Number of updated asset objects reloaded before import = 0Number of asset objects unloaded after import = 1

========================================================================
Received Import Request.
  Time since last request: 0.000027 seconds.
  path: Assets/HIVEMIND/CaveOfHiddenTomb/HDRP (Default)/Art/Assets/Scanned_Foliage/Foliage/EagleFern/Meshes/SM_EagleFern_S_01.fbx
  importAddress: Guid(abc00000000003257824532928157637) Importer(2089858483,b0f066a214c2f5e87bad3c948f4d605d)
Start importing Assets/HIVEMIND/CaveOfHiddenTomb/HDRP (Default)/Art/Assets/Scanned_Foliage/Foliage/EagleFern/Meshes/SM_EagleFern_S_01.fbx using Guid(abc00000000003257824532928157637) Importer(2089858483,b0f066a214c2f5e87bad3c948f4d605d) (ScriptedImporter)MaterialLocation.External is obsolete. External Material Location is no longer supported. (Assets/HIVEMIND/CaveOfHiddenTomb/HDRP (Default)/Art/Assets/Scanned_Foliage/Foliage/EagleFern/Meshes/SM_EagleFern_S_01.fbx)
 -> (Import Result ID: '6817522b885ddc66364891bcfdda9762') in 0.016925 seconds [static and dynamic dependencies]. Details - ImportResultOutputID=7944a1a3d017c385b648eab57726ef9e DependenciesID=eaa5c3697c83b0871b9d3de2e305c474 StaticDependenciesID=663c26b630aa79e2c3610162fc563eb8 
Number of updated asset objects reloaded before import = 0Number of asset objects unloaded after import = 32

========================================================================
Received Import Request.
  Time since last request: 0.000028 seconds.
  path: Assets/HIVEMIND/CaveOfHiddenTomb/HDRP (Default)/Art/Assets/StonePlate/B/Materials/MI_StonePlate_B.mat
  importAddress: Guid(6c2878f075eed5b4bbb4eb5183882739) Importer(2089858483,b0f066a214c2f5e87bad3c948f4d605d)
Start importing Assets/HIVEMIND/CaveOfHiddenTomb/HDRP (Default)/Art/Assets/StonePlate/B/Materials/MI_StonePlate_B.mat using Guid(6c2878f075eed5b4bbb4eb5183882739) Importer(2089858483,b0f066a214c2f5e87bad3c948f4d605d) (ScriptedImporter) -> (Import Result ID: '4ce2fb22eb4f2f8c7f2ea1fb8b8783f1') in 0.0070307 seconds [static and dynamic dependencies]. Details - ImportResultOutputID=ad2f9c5e9a6e19032d1ea2d74d6366ae DependenciesID=c95faa988f916f612a14c0c8cf372c4d StaticDependenciesID=7281131ee2d18bc5f59e155f696cdcb0 
Number of updated asset objects reloaded before import = 0Number of asset objects unloaded after import = 1

========================================================================
Received Import Request.
  Time since last request: 0.000026 seconds.
  path: Assets/HIVEMIND/CaveOfHiddenTomb/HDRP (Default)/Art/Assets/Scanned_Foliage/Foliage/EuropeanBeech/Materials/M_EuropeanBeech_Bark_01.mat
  importAddress: Guid(abc00000000008802734877464043348) Importer(2089858483,b0f066a214c2f5e87bad3c948f4d605d)
Start importing Assets/HIVEMIND/CaveOfHiddenTomb/HDRP (Default)/Art/Assets/Scanned_Foliage/Foliage/EuropeanBeech/Materials/M_EuropeanBeech_Bark_01.mat using Guid(abc00000000008802734877464043348) Importer(2089858483,b0f066a214c2f5e87bad3c948f4d605d) (ScriptedImporter) -> (Import Result ID: '292f07c095380c101c429a3b081a85f5') in 0.0144721 seconds [static and dynamic dependencies]. Details - ImportResultOutputID=c7efdcfbff56bbb65faaac3b9c3bbc19 DependenciesID=ed0776d4bd841de2f658fb895029b251 StaticDependenciesID=3cd84a464c61c0d9a51dc4671228b46d 
Number of updated asset objects reloaded before import = 0Number of asset objects unloaded after import = 9

========================================================================
Received Import Request.
  Time since last request: 0.000039 seconds.
  path: Assets/HIVEMIND/CaveOfHiddenTomb/HDRP (Default)/Art/Assets/stalactite/E/Materials/No Name.mat
  importAddress: Guid(43508dce31e474349986a612c13df143) Importer(2089858483,b0f066a214c2f5e87bad3c948f4d605d)
Start importing Assets/HIVEMIND/CaveOfHiddenTomb/HDRP (Default)/Art/Assets/stalactite/E/Materials/No Name.mat using Guid(43508dce31e474349986a612c13df143) Importer(2089858483,b0f066a214c2f5e87bad3c948f4d605d) (ScriptedImporter) -> (Import Result ID: 'ccf1aa694f95dfd464ef70ca370c363c') in 0.0070078 seconds [static and dynamic dependencies]. Details - ImportResultOutputID=1a9e966eb6a9b804f3c8e877b5aba194 DependenciesID=3dcce9c07811a0b517ddff5494c6fcf2 StaticDependenciesID=715ed27eceec50bed44a15ecd19dbd08 
Number of updated asset objects reloaded before import = 0Number of asset objects unloaded after import = 1

========================================================================
Received Import Request.
  Time since last request: 0.000026 seconds.
  path: Assets/HIVEMIND/CaveOfHiddenTomb/HDRP (Default)/Art/Assets/stalactite/F/Materials/No Name.mat
  importAddress: Guid(2a11bd4874cb24f4e886bc6e885d7a7c) Importer(2089858483,b0f066a214c2f5e87bad3c948f4d605d)
Start importing Assets/HIVEMIND/CaveOfHiddenTomb/HDRP (Default)/Art/Assets/stalactite/F/Materials/No Name.mat using Guid(2a11bd4874cb24f4e886bc6e885d7a7c) Importer(2089858483,b0f066a214c2f5e87bad3c948f4d605d) (ScriptedImporter) -> (Import Result ID: '7c0215a374f585db57000de18f034f3a') in 0.0058308 seconds [static and dynamic dependencies]. Details - ImportResultOutputID=e7e66f063453413b9659880626228432 DependenciesID=8f8487985c4b9e9b87ca45f94b8f461a StaticDependenciesID=cbbb5c39a0069de58c329018132c06c5 
Number of updated asset objects reloaded before import = 0Number of asset objects unloaded after import = 1

========================================================================
Received Import Request.
  Time since last request: 0.000029 seconds.
  path: Assets/HIVEMIND/CaveOfHiddenTomb/HDRP (Default)/Art/Assets/Stone/B/Materials/No Name.mat
  importAddress: Guid(bb8e6e068d2b73b4d970cb1d44d252ca) Importer(2089858483,b0f066a214c2f5e87bad3c948f4d605d)
Start importing Assets/HIVEMIND/CaveOfHiddenTomb/HDRP (Default)/Art/Assets/Stone/B/Materials/No Name.mat using Guid(bb8e6e068d2b73b4d970cb1d44d252ca) Importer(2089858483,b0f066a214c2f5e87bad3c948f4d605d) (ScriptedImporter) -> (Import Result ID: '2a50e7ba9610e8b4b6cc590e4fa8cfd3') in 0.006457 seconds [static and dynamic dependencies]. Details - ImportResultOutputID=96ffbff36dbe6a940868a27c343b3b56 DependenciesID=cc7ef2455ac54a631ce1df1face66d6d StaticDependenciesID=2759121d054c69b1e99f8b12e8aa9d52 
Number of updated asset objects reloaded before import = 0Number of asset objects unloaded after import = 1

========================================================================
Received Import Request.
  Time since last request: 0.000024 seconds.
  path: Assets/HIVEMIND/CaveOfHiddenTomb/HDRP (Default)/Art/Assets/Scanned_Foliage/Foliage/EuropeanBeech/Materials/M_EuropeanBeech_Detail_NW_02.mat
  importAddress: Guid(abc00000000007513277831764573064) Importer(2089858483,b0f066a214c2f5e87bad3c948f4d605d)
Start importing Assets/HIVEMIND/CaveOfHiddenTomb/HDRP (Default)/Art/Assets/Scanned_Foliage/Foliage/EuropeanBeech/Materials/M_EuropeanBeech_Detail_NW_02.mat using Guid(abc00000000007513277831764573064) Importer(2089858483,b0f066a214c2f5e87bad3c948f4d605d) (ScriptedImporter) -> (Import Result ID: 'e3d338b3f4f3edc7847628f494dad4b2') in 0.0150993 seconds [static and dynamic dependencies]. Details - ImportResultOutputID=c859e0f7aa41715a0004742f9fbcf3ac DependenciesID=e746de3127d761790236948bb5831a90 StaticDependenciesID=eaf9ae26162995bfbb08caa22b3f9509 
Number of updated asset objects reloaded before import = 0Number of asset objects unloaded after import = 9

========================================================================
Received Import Request.
  Time since last request: 0.000027 seconds.
  path: Assets/HIVEMIND/CaveOfHiddenTomb/HDRP (Default)/Art/Assets/Scanned_Foliage/Foliage/Ivy/Meshes/SM_Ivy_Wall_C.fbx
  importAddress: Guid(abc00000000007446650500114842682) Importer(2089858483,b0f066a214c2f5e87bad3c948f4d605d)
Start importing Assets/HIVEMIND/CaveOfHiddenTomb/HDRP (Default)/Art/Assets/Scanned_Foliage/Foliage/Ivy/Meshes/SM_Ivy_Wall_C.fbx using Guid(abc00000000007446650500114842682) Importer(2089858483,b0f066a214c2f5e87bad3c948f4d605d) (ScriptedImporter)MaterialLocation.External is obsolete. External Material Location is no longer supported. (Assets/HIVEMIND/CaveOfHiddenTomb/HDRP (Default)/Art/Assets/Scanned_Foliage/Foliage/Ivy/Meshes/SM_Ivy_Wall_C.fbx)
 -> (Import Result ID: '6554b66e96299e45148592b4f123e7f6') in 0.0198531 seconds [static and dynamic dependencies]. Details - ImportResultOutputID=f87c7571f38a70c68c7d1b03fdbb9257 DependenciesID=81d14c17b04e5233eb2a13ba407d73d0 StaticDependenciesID=d407de2fe5bc4028db4672d998e05bba 
Number of updated asset objects reloaded before import = 0Number of asset objects unloaded after import = 37

========================================================================
Received Import Request.
  Time since last request: 0.000043 seconds.
  path: Assets/HIVEMIND/CaveOfHiddenTomb/HDRP (Default)/Art/Assets/Scanned_Foliage/Foliage/EuropeanBeech/Meshes/Materials/MI_EuropeanBeech_Detail_NW_01.mat
  importAddress: Guid(93d26fdeb3785fa4bac9d8f21e94ef5e) Importer(2089858483,b0f066a214c2f5e87bad3c948f4d605d)
Start importing Assets/HIVEMIND/CaveOfHiddenTomb/HDRP (Default)/Art/Assets/Scanned_Foliage/Foliage/EuropeanBeech/Meshes/Materials/MI_EuropeanBeech_Detail_NW_01.mat using Guid(93d26fdeb3785fa4bac9d8f21e94ef5e) Importer(2089858483,b0f066a214c2f5e87bad3c948f4d605d) (ScriptedImporter) -> (Import Result ID: '439582785c7ec62723cf667426e06f10') in 0.0076572 seconds [static and dynamic dependencies]. Details - ImportResultOutputID=0e12695829a859715f1020479fe9d88b DependenciesID=5be92e961135e53622f03551733779d1 StaticDependenciesID=7450f5bba231ee5edb261bc2a244003d 
Number of updated asset objects reloaded before import = 0Number of asset objects unloaded after import = 1

========================================================================
Received Import Request.
  Time since last request: 0.000022 seconds.
  path: Assets/HIVEMIND/CaveOfHiddenTomb/HDRP (Default)/Art/Assets/Scanned_Foliage/Foliage/Ivy/Meshes/SM_Ivy_A.fbx
  importAddress: Guid(abc00000000009881140626145375363) Importer(2089858483,b0f066a214c2f5e87bad3c948f4d605d)
Start importing Assets/HIVEMIND/CaveOfHiddenTomb/HDRP (Default)/Art/Assets/Scanned_Foliage/Foliage/Ivy/Meshes/SM_Ivy_A.fbx using Guid(abc00000000009881140626145375363) Importer(2089858483,b0f066a214c2f5e87bad3c948f4d605d) (ScriptedImporter)MaterialLocation.External is obsolete. External Material Location is no longer supported. (Assets/HIVEMIND/CaveOfHiddenTomb/HDRP (Default)/Art/Assets/Scanned_Foliage/Foliage/Ivy/Meshes/SM_Ivy_A.fbx)
 -> (Import Result ID: '60b0e522415be8f142c4ee44ce9dfdae') in 0.0176425 seconds [static and dynamic dependencies]. Details - ImportResultOutputID=017e5352a5cd802e6b2d946fe34757fc DependenciesID=6e3b146c4998dc9fbdc7896ede707bca StaticDependenciesID=b09a27dc3a04c50321e485a29e902023 
Number of updated asset objects reloaded before import = 0Number of asset objects unloaded after import = 37

========================================================================
Received Import Request.
  Time since last request: 0.000023 seconds.
  path: Assets/HIVEMIND/CaveOfHiddenTomb/HDRP (Default)/Art/Assets/Scanned_Foliage/Foliage/EuropeanBeech/Meshes/SM_EuropeanBeech_XS_03.fbx
  importAddress: Guid(abc00000000007674882410490994691) Importer(2089858483,b0f066a214c2f5e87bad3c948f4d605d)
Start importing Assets/HIVEMIND/CaveOfHiddenTomb/HDRP (Default)/Art/Assets/Scanned_Foliage/Foliage/EuropeanBeech/Meshes/SM_EuropeanBeech_XS_03.fbx using Guid(abc00000000007674882410490994691) Importer(2089858483,b0f066a214c2f5e87bad3c948f4d605d) (ScriptedImporter)MaterialLocation.External is obsolete. External Material Location is no longer supported. (Assets/HIVEMIND/CaveOfHiddenTomb/HDRP (Default)/Art/Assets/Scanned_Foliage/Foliage/EuropeanBeech/Meshes/SM_EuropeanBeech_XS_03.fbx)
 -> (Import Result ID: '0f7b26d78c43047ed96df68350f46c05') in 0.0178259 seconds [static and dynamic dependencies]. Details - ImportResultOutputID=29da6cc13153a6d7d03463235cd5b925 DependenciesID=b643eca67c6669860e3e9830d6523b16 StaticDependenciesID=b56add108178414d47562b064f0b1046 
Number of updated asset objects reloaded before import = 0Number of asset objects unloaded after import = 32

========================================================================
Received Import Request.
  Time since last request: 0.000091 seconds.
  path: Assets/HIVEMIND/CaveOfHiddenTomb/HDRP (Default)/Art/Assets/Scanned_Foliage/Foliage/Ivy/Meshes/SM_Ivy_Wall_D.fbx
  importAddress: Guid(abc00000000018243688747090273515) Importer(2089858483,b0f066a214c2f5e87bad3c948f4d605d)
Start importing Assets/HIVEMIND/CaveOfHiddenTomb/HDRP (Default)/Art/Assets/Scanned_Foliage/Foliage/Ivy/Meshes/SM_Ivy_Wall_D.fbx using Guid(abc00000000018243688747090273515) Importer(2089858483,b0f066a214c2f5e87bad3c948f4d605d) (ScriptedImporter)MaterialLocation.External is obsolete. External Material Location is no longer supported. (Assets/HIVEMIND/CaveOfHiddenTomb/HDRP (Default)/Art/Assets/Scanned_Foliage/Foliage/Ivy/Meshes/SM_Ivy_Wall_D.fbx)
 -> (Import Result ID: '320fbe5844e0f4df6f52efb9561e90f0') in 0.0184071 seconds [static and dynamic dependencies]. Details - ImportResultOutputID=b4cf1cac3829450184363075ce43953c DependenciesID=eff4d4119bb07f3ac0fff877e0dabc63 StaticDependenciesID=0fc0021c2f64ebdac1c04d646eed821e 
Number of updated asset objects reloaded before import = 0Number of asset objects unloaded after import = 37

========================================================================
Received Import Request.
  Time since last request: 0.000210 seconds.
  path: Assets/Samples/XR Interaction Toolkit/3.2.1/Starter Assets/DemoSceneAssets/Scripts/IncrementUIText.cs
  importAddress: Guid(ba6ff5e7c92519444bc2a7ca46558963) Importer(2089858483,b0f066a214c2f5e87bad3c948f4d605d)
Start importing Assets/Samples/XR Interaction Toolkit/3.2.1/Starter Assets/DemoSceneAssets/Scripts/IncrementUIText.cs using Guid(ba6ff5e7c92519444bc2a7ca46558963) Importer(2089858483,b0f066a214c2f5e87bad3c948f4d605d) (ScriptedImporter) -> (Import Result ID: 'd1495005be0d25817819ddeef026e50c') in 0.0036848 seconds [static and dynamic dependencies]. Details - ImportResultOutputID=5b753c55a68511254d0ea8cb2bed9ddc DependenciesID=dcae5c109252ba9e2c27ee89edadb7d9 StaticDependenciesID=17cb5f2c62d74973b2aba6ca995ef400 
Number of updated asset objects reloaded before import = 0Number of asset objects unloaded after import = 0

========================================================================
Received Import Request.
  Time since last request: 0.000023 seconds.
  path: Assets/HIVEMIND/CaveOfHiddenTomb/HDRP (Default)/Art/Prefabs/SM_Rock_E.prefab
  importAddress: Guid(abc00000000005585971862230204634) Importer(2089858483,e11c23a36db5f54750b8cd40eac0985b)
Start importing Assets/HIVEMIND/CaveOfHiddenTomb/HDRP (Default)/Art/Prefabs/SM_Rock_E.prefab using Guid(abc00000000005585971862230204634) Importer(2089858483,e11c23a36db5f54750b8cd40eac0985b) (ScriptedImporter) -> (Import Result ID: '9a57c84807368dc3a76646d6f91cf619') in 0.0239746 seconds [static and dynamic dependencies]. Details - ImportResultOutputID=10e84c35173f85515cfb183b216e2a53 DependenciesID=a5ad599bdcbb009598a21fc166721ad0 StaticDependenciesID=e90f5a2183a60ae0a3381fe5a3942a1c 
Number of updated asset objects reloaded before import = 0Number of asset objects unloaded after import = 33

========================================================================
Received Import Request.
  Time since last request: 0.000027 seconds.
  path: Assets/HIVEMIND/CaveOfHiddenTomb/HDRP (Default)/Art/Prefabs/SM_Pillar_B.prefab
  importAddress: Guid(abc00000000009926149323659992102) Importer(2089858483,e11c23a36db5f54750b8cd40eac0985b)
Start importing Assets/HIVEMIND/CaveOfHiddenTomb/HDRP (Default)/Art/Prefabs/SM_Pillar_B.prefab using Guid(abc00000000009926149323659992102) Importer(2089858483,e11c23a36db5f54750b8cd40eac0985b) (ScriptedImporter) -> (Import Result ID: 'f1876e2726c37c89e2aed2520a41c1f4') in 0.0379607 seconds [static and dynamic dependencies]. Details - ImportResultOutputID=418df7067fdebba80afeea21d592a2e4 DependenciesID=1aaa22a6176045c778068aea366a47f1 StaticDependenciesID=9f0c0d9b41bd3bfcee71091fdbf17868 
Number of updated asset objects reloaded before import = 0Number of asset objects unloaded after import = 37

========================================================================
Received Import Request.
  Time since last request: 0.000034 seconds.
  path: Assets/fog/Post Processing Assets/Common/Subgraphs/Particles/Unlit Particles.shadersubgraph
  importAddress: Guid(91afd9c04491b5d428cf9f17ad410434) Importer(2089858483,b0f066a214c2f5e87bad3c948f4d605d)
Start importing Assets/fog/Post Processing Assets/Common/Subgraphs/Particles/Unlit Particles.shadersubgraph using Guid(91afd9c04491b5d428cf9f17ad410434) Importer(2089858483,b0f066a214c2f5e87bad3c948f4d605d) (ScriptedImporter) -> (Import Result ID: '7a16c39ec6f2ada1a4182bb6be4f9579') in 0.0096166 seconds [static and dynamic dependencies]. Details - ImportResultOutputID=195a3ec7c93d081da6fb6fbd9958b3cc DependenciesID=acf8a91f38bc4eebc46121cf74b9dc44 StaticDependenciesID=c11fb7516c4926feb640238f699df1f0 
Number of updated asset objects reloaded before import = 0Number of asset objects unloaded after import = 1

========================================================================
Received Import Request.
  Time since last request: 0.000039 seconds.
  path: Assets/HIVEMIND/CaveOfHiddenTomb/HDRP (Default)/Art/ShaderGraphs/S_VineLeaves.shadergraph
  importAddress: Guid(30a1e48452013a74583475556e612833) Importer(2089858483,b0f066a214c2f5e87bad3c948f4d605d)
Start importing Assets/HIVEMIND/CaveOfHiddenTomb/HDRP (Default)/Art/ShaderGraphs/S_VineLeaves.shadergraph using Guid(30a1e48452013a74583475556e612833) Importer(2089858483,b0f066a214c2f5e87bad3c948f4d605d) (ScriptedImporter) -> (Import Result ID: '823574ba8f6d82aa16835d9294da3adc') in 0.0175986 seconds [static and dynamic dependencies]. Details - ImportResultOutputID=92e8d51963a20167b0ef1662592c924a DependenciesID=4ea6c6ca605b01a5abe55efcb5ff4639 StaticDependenciesID=276049a6a8af3187dd5edfe5cc3683c3 
Number of updated asset objects reloaded before import = 0Number of asset objects unloaded after import = 8

========================================================================
Received Import Request.
  Time since last request: 0.000025 seconds.
  path: Assets/SunboxGames/ModularDungeonCaves/Textures/DungeonProps05/DungeonProps05_AO.png
  importAddress: Guid(b58bb7bb99f01524ca132e1ce2c276c0) Importer(2089858483,b0f066a214c2f5e87bad3c948f4d605d)
Start importing Assets/SunboxGames/ModularDungeonCaves/Textures/DungeonProps05/DungeonProps05_AO.png using Guid(b58bb7bb99f01524ca132e1ce2c276c0) Importer(2089858483,b0f066a214c2f5e87bad3c948f4d605d) (ScriptedImporter) -> (Import Result ID: '0ceabfe9a83a1db6b14cac95cee7c4f0') in 0.0357047 seconds [static and dynamic dependencies]. Details - ImportResultOutputID=64400055eb8a9f7650b2be10b7cd028a DependenciesID=05ed4b1def5fa0c251ecb211f67837d1 StaticDependenciesID=ea33553278e6add24674fa58a51fdbde 
Number of updated asset objects reloaded before import = 0Number of asset objects unloaded after import = 1

========================================================================
Received Import Request.
  Time since last request: 0.000023 seconds.
  path: Assets/SunboxGames/ModularDungeonCaves/Textures/DungeonProps04/DungeonProps04_AO.png
  importAddress: Guid(a023b87306616a84b973dbaf5bb15598) Importer(2089858483,b0f066a214c2f5e87bad3c948f4d605d)
Start importing Assets/SunboxGames/ModularDungeonCaves/Textures/DungeonProps04/DungeonProps04_AO.png using Guid(a023b87306616a84b973dbaf5bb15598) Importer(2089858483,b0f066a214c2f5e87bad3c948f4d605d) (ScriptedImporter) -> (Import Result ID: 'e3bcfe6898fc1ebcda0d7634a1cb8582') in 0.0331086 seconds [static and dynamic dependencies]. Details - ImportResultOutputID=2b13d4d7e1a3f58ac8ad47b3582c80b4 DependenciesID=4908cefc121a88429f50ff2d1c3646fd StaticDependenciesID=f0bd0c6b4e75eb3abcbf6f7ca52d32b7 
Number of updated asset objects reloaded before import = 0Number of asset objects unloaded after import = 1

========================================================================
Received Import Request.
  Time since last request: 0.000028 seconds.
  path: Assets/SunboxGames/ModularDungeonCaves/Textures/DungeonProps04/DungeonProps04_AlbedoTransparency 1.png
  importAddress: Guid(54caf67ef374bcb4f9158a1c8fc0ed1f) Importer(2089858483,b0f066a214c2f5e87bad3c948f4d605d)
Start importing Assets/SunboxGames/ModularDungeonCaves/Textures/DungeonProps04/DungeonProps04_AlbedoTransparency 1.png using Guid(54caf67ef374bcb4f9158a1c8fc0ed1f) Importer(2089858483,b0f066a214c2f5e87bad3c948f4d605d) (ScriptedImporter) -> (Import Result ID: '31f3c20e990355968b56aeb8163fa6a5') in 0.013475 seconds [static and dynamic dependencies]. Details - ImportResultOutputID=6c0c58b6af96b3ac4e0c717960e42bdc DependenciesID=6b50774d2be627300477f075b626129f StaticDependenciesID=73ac7517ab88b9564de0d4dadf49d50e 
Number of updated asset objects reloaded before import = 0Number of asset objects unloaded after import = 1

========================================================================
Received Import Request.
  Time since last request: 0.000035 seconds.
  path: Assets/TripoModels/stone_goddess_statue_3d_model/stone_goddess_statue_3d_model.fbm/stone_goddess_statue_3d_model_normal.JPEG
  importAddress: Guid(99f1596ceaead0640a2a77c9bc9eb46f) Importer(2089858483,b0f066a214c2f5e87bad3c948f4d605d)
Start importing Assets/TripoModels/stone_goddess_statue_3d_model/stone_goddess_statue_3d_model.fbm/stone_goddess_statue_3d_model_normal.JPEG using Guid(99f1596ceaead0640a2a77c9bc9eb46f) Importer(2089858483,b0f066a214c2f5e87bad3c948f4d605d) (ScriptedImporter) -> (Import Result ID: 'bc0727d34acc22cf57ae5da0a388a50d') in 0.0148718 seconds [static and dynamic dependencies]. Details - ImportResultOutputID=ae062a1adf4f5d16cfbef1cb333a3800 DependenciesID=c1bf1a8e2a821743ddd30cec83a9a07d StaticDependenciesID=85c46a82e9c858a014f18c68dc70c9be 
Number of updated asset objects reloaded before import = 0Number of asset objects unloaded after import = 1

========================================================================
Received Import Request.
  Time since last request: 0.000024 seconds.
  path: Assets/SunboxGames/ModularDungeonCaves/Textures/RootsSmall/Roots_01_RootsSmall_AlbedoTransparency.png
  importAddress: Guid(2ffdd5db4f757a74aa4ecb0cb2a8dc0e) Importer(2089858483,b0f066a214c2f5e87bad3c948f4d605d)
Start importing Assets/SunboxGames/ModularDungeonCaves/Textures/RootsSmall/Roots_01_RootsSmall_AlbedoTransparency.png using Guid(2ffdd5db4f757a74aa4ecb0cb2a8dc0e) Importer(2089858483,b0f066a214c2f5e87bad3c948f4d605d) (ScriptedImporter) -> (Import Result ID: '59f3a37dc658ee5d6d83ac5269efaee6') in 0.0295464 seconds [static and dynamic dependencies]. Details - ImportResultOutputID=280a0d4d93225c04a8b5287daf98a2c8 DependenciesID=3d139f0061b482b24877784d79ba8d99 StaticDependenciesID=579d8d7a8267c8b6fd706643b018c790 
Number of updated asset objects reloaded before import = 0Number of asset objects unloaded after import = 1

========================================================================
Received Import Request.
  Time since last request: 0.000026 seconds.
  path: Assets/SunboxGames/ModularDungeonCaves/Prefabs/Roots/RootLarge_02.prefab
  importAddress: Guid(0c404b1e9e45af84b816ae1c5558914c) Importer(2089858483,e11c23a36db5f54750b8cd40eac0985b)
Start importing Assets/SunboxGames/ModularDungeonCaves/Prefabs/Roots/RootLarge_02.prefab using Guid(0c404b1e9e45af84b816ae1c5558914c) Importer(2089858483,e11c23a36db5f54750b8cd40eac0985b) (ScriptedImporter) -> (Import Result ID: '0d13cb016485b40620792f040155f010') in 0.0114035 seconds [static and dynamic dependencies]. Details - ImportResultOutputID=069e1133ac082692f6ee2e493272f4e8 DependenciesID=7fdea1b3180592234addd9a52f4d210d StaticDependenciesID=681933492db34b33ec7d857fc7c24c4d 
Number of updated asset objects reloaded before import = 0Number of asset objects unloaded after import = 9

========================================================================
Received Import Request.
  Time since last request: 0.000030 seconds.
  path: Assets/HIVEMIND/CaveOfHiddenTomb/HDRP (Default)/Art/AllTextures1K/T_MI_Pillar_Mural_ORD.png
  importAddress: Guid(abc00000000010921468583407653692) Importer(2089858483,b0f066a214c2f5e87bad3c948f4d605d)
Start importing Assets/HIVEMIND/CaveOfHiddenTomb/HDRP (Default)/Art/AllTextures1K/T_MI_Pillar_Mural_ORD.png using Guid(abc00000000010921468583407653692) Importer(2089858483,b0f066a214c2f5e87bad3c948f4d605d) (ScriptedImporter) -> (Import Result ID: '8e2a989fec9e18752d2e684de9a4170d') in 0.0108123 seconds [static and dynamic dependencies]. Details - ImportResultOutputID=d1edd3681f7fe2e05f91e27e2e0bd0b2 DependenciesID=8d2696afaea152dde1a85bfdd61ed10f StaticDependenciesID=3a71a0eaec359aa0096afc829d66f607 
Number of updated asset objects reloaded before import = 0Number of asset objects unloaded after import = 1

========================================================================
Received Import Request.
  Time since last request: 0.000036 seconds.
  path: Assets/HIVEMIND/CaveOfHiddenTomb/HDRP (Default)/Art/AllTextures1K/T_MI_Wall_Aztec_ORD.png
  importAddress: Guid(abc00000000009437879997279889290) Importer(2089858483,b0f066a214c2f5e87bad3c948f4d605d)
Start importing Assets/HIVEMIND/CaveOfHiddenTomb/HDRP (Default)/Art/AllTextures1K/T_MI_Wall_Aztec_ORD.png using Guid(abc00000000009437879997279889290) Importer(2089858483,b0f066a214c2f5e87bad3c948f4d605d) (ScriptedImporter) -> (Import Result ID: 'a5ad6da038c32ad2c29eeadee616fab5') in 0.0086064 seconds [static and dynamic dependencies]. Details - ImportResultOutputID=d7a3c420313bf32a54f121bb1e821949 DependenciesID=39d2135d40911b60e8f424257f3bfe8d StaticDependenciesID=91cc0a2e1bb86e7e17d581a32a1a0a98 
Number of updated asset objects reloaded before import = 0Number of asset objects unloaded after import = 1

========================================================================
Received Import Request.
  Time since last request: 0.000022 seconds.
  path: Assets/HIVEMIND/CaveOfHiddenTomb/HDRP (Default)/Scenes/PL_CaveofHiddenTomb/WitholutGI.asset
  importAddress: Guid(e9735c21ad3820042923fdc1a4b63a55) Importer(2089858483,b0f066a214c2f5e87bad3c948f4d605d)
Start importing Assets/HIVEMIND/CaveOfHiddenTomb/HDRP (Default)/Scenes/PL_CaveofHiddenTomb/WitholutGI.asset using Guid(e9735c21ad3820042923fdc1a4b63a55) Importer(2089858483,b0f066a214c2f5e87bad3c948f4d605d) (ScriptedImporter) -> (Import Result ID: '8dd2713a2754d2fa9f1a6323372b5db5') in 0.0062067 seconds [static and dynamic dependencies]. Details - ImportResultOutputID=c2ac86a97e8f1ef2d53c5620d7e6f036 DependenciesID=6f11fa4596e1f6bf67137ff9d4ec092a StaticDependenciesID=40c5e8714f2829993eb12be56f3a946e 
Number of updated asset objects reloaded before import = 0Number of asset objects unloaded after import = 5

========================================================================
Received Import Request.
  Time since last request: 0.000025 seconds.
  path: Assets/SunboxGames/ModularDungeonCaves/Textures/LogStairs_01/LogStairs_01_paint_LogStairs_01_Normal.png
  importAddress: Guid(1f2d79bce7001f846be7166076519e8d) Importer(2089858483,b0f066a214c2f5e87bad3c948f4d605d)
Start importing Assets/SunboxGames/ModularDungeonCaves/Textures/LogStairs_01/LogStairs_01_paint_LogStairs_01_Normal.png using Guid(1f2d79bce7001f846be7166076519e8d) Importer(2089858483,b0f066a214c2f5e87bad3c948f4d605d) (ScriptedImporter) -> (Import Result ID: '9841120af5a20461960372efeabc48ea') in 0.0401725 seconds [static and dynamic dependencies]. Details - ImportResultOutputID=17137e91c7fcb2d29384156ed283115d DependenciesID=236aff95f46e5efb84c2c22dff6e895d StaticDependenciesID=152039a80225fd86358cabac91c7a193 
Number of updated asset objects reloaded before import = 0Number of asset objects unloaded after import = 1

========================================================================
Received Import Request.
  Time since last request: 0.000028 seconds.
  path: Assets/HIVEMIND/CaveOfHiddenTomb/HDRP (Default)/Art/AllTextures1K/T_AztecWall_Trim_BC.png
  importAddress: Guid(abc00000000007719931085602000121) Importer(2089858483,b0f066a214c2f5e87bad3c948f4d605d)
Start importing Assets/HIVEMIND/CaveOfHiddenTomb/HDRP (Default)/Art/AllTextures1K/T_AztecWall_Trim_BC.png using Guid(abc00000000007719931085602000121) Importer(2089858483,b0f066a214c2f5e87bad3c948f4d605d) (ScriptedImporter) -> (Import Result ID: '54e50acd37475cd9778b43ed76e7c102') in 0.0133019 seconds [static and dynamic dependencies]. Details - ImportResultOutputID=ac9740fdf966a6c7fc6640c9d799882a DependenciesID=be8a2540daad708496c53475b7362f1b StaticDependenciesID=ad19a2dbb90d14e7d7d5363c2bb929f6 
Number of updated asset objects reloaded before import = 0Number of asset objects unloaded after import = 1

========================================================================
Received Import Request.
  Time since last request: 0.000044 seconds.
  path: Assets/HIVEMIND/CaveOfHiddenTomb/HDRP (Default)/Art/AllTextures1K/T_MI_Stone_A_ORM.png
  importAddress: Guid(abc00000000016244188988199107572) Importer(2089858483,b0f066a214c2f5e87bad3c948f4d605d)
Start importing Assets/HIVEMIND/CaveOfHiddenTomb/HDRP (Default)/Art/AllTextures1K/T_MI_Stone_A_ORM.png using Guid(abc00000000016244188988199107572) Importer(2089858483,b0f066a214c2f5e87bad3c948f4d605d) (ScriptedImporter) -> (Import Result ID: 'abeedb89161a81962efb9d4869545c61') in 0.0127422 seconds [static and dynamic dependencies]. Details - ImportResultOutputID=eb8702f14e2d47339454b3064eebe731 DependenciesID=8479d3a410e55b528bd17b30cc90805a StaticDependenciesID=35810752c42a5b2c3c8a48b8cf6c41ff 
Number of updated asset objects reloaded before import = 0Number of asset objects unloaded after import = 1

========================================================================
Received Import Request.
  Time since last request: 0.000024 seconds.
  path: Assets/XR/Animated Hands/Materials/Hands_solid.mat
  importAddress: Guid(3637b758ff163493f8bb8b6d7e96d7ae) Importer(2089858483,b0f066a214c2f5e87bad3c948f4d605d)
Start importing Assets/XR/Animated Hands/Materials/Hands_solid.mat using Guid(3637b758ff163493f8bb8b6d7e96d7ae) Importer(2089858483,b0f066a214c2f5e87bad3c948f4d605d) (ScriptedImporter) -> (Import Result ID: 'b896539c49ab43906955e4ab2f7f4740') in 0.0073762 seconds [static and dynamic dependencies]. Details - ImportResultOutputID=3421c61fc60c059567831cf2ff005cc2 DependenciesID=9f6c5927b7df3dfb94febe8e4a3967e7 StaticDependenciesID=0aa042da03cf91950b66f63302a8b947 
Number of updated asset objects reloaded before import = 0Number of asset objects unloaded after import = 2

========================================================================
Received Import Request.
  Time since last request: 0.000020 seconds.
  path: Assets/HIVEMIND/CaveOfHiddenTomb/HDRP (Default)/Art/AllTextures1K/T_MI_Pillar_D_N.png
  importAddress: Guid(abc00000000011953626998281974018) Importer(2089858483,b0f066a214c2f5e87bad3c948f4d605d)
Start importing Assets/HIVEMIND/CaveOfHiddenTomb/HDRP (Default)/Art/AllTextures1K/T_MI_Pillar_D_N.png using Guid(abc00000000011953626998281974018) Importer(2089858483,b0f066a214c2f5e87bad3c948f4d605d) (ScriptedImporter) -> (Import Result ID: 'e079e7402c78a6278c888e2b954f55e5') in 0.0084505 seconds [static and dynamic dependencies]. Details - ImportResultOutputID=6f6714188a4469357f8b07fb784d627b DependenciesID=c9d033aa402cbbcad3e80dded2c38da8 StaticDependenciesID=9c34b2dd5ce308d91a3b5c8cb4b43b3c 
Number of updated asset objects reloaded before import = 0Number of asset objects unloaded after import = 1

========================================================================
Received Import Request.
  Time since last request: 0.000021 seconds.
  path: Assets/SunboxGames/ModularDungeonCaves/Textures/DungeonProps02/DungeonProps02_Diffuse.png
  importAddress: Guid(602195098c5c270498cc7401ca8ef312) Importer(2089858483,b0f066a214c2f5e87bad3c948f4d605d)
Start importing Assets/SunboxGames/ModularDungeonCaves/Textures/DungeonProps02/DungeonProps02_Diffuse.png using Guid(602195098c5c270498cc7401ca8ef312) Importer(2089858483,b0f066a214c2f5e87bad3c948f4d605d) (ScriptedImporter) -> (Import Result ID: '96cc2ef0d08e7341166a8e5a6037ab47') in 0.0185805 seconds [static and dynamic dependencies]. Details - ImportResultOutputID=4748b02998b50d2545e9a4eaef96495a DependenciesID=aeec62fab23278a5a4f2556664e9f1a5 StaticDependenciesID=d4da477eb96d6c92e7fe8f139929a59d 
Number of updated asset objects reloaded before import = 0Number of asset objects unloaded after import = 1

========================================================================
Received Import Request.
  Time since last request: 0.000038 seconds.
  path: Assets/HIVEMIND/CaveOfHiddenTomb/HDRP (Default)/Art/Prefabs/SM_EuropeanBeech_Stump_01.prefab
  importAddress: Guid(abc00000000011414400165506211899) Importer(2089858483,e11c23a36db5f54750b8cd40eac0985b)
Start importing Assets/HIVEMIND/CaveOfHiddenTomb/HDRP (Default)/Art/Prefabs/SM_EuropeanBeech_Stump_01.prefab using Guid(abc00000000011414400165506211899) Importer(2089858483,e11c23a36db5f54750b8cd40eac0985b) (ScriptedImporter) -> (Import Result ID: '190bab077c76546145c2505f884b3f2f') in 0.0250722 seconds [static and dynamic dependencies]. Details - ImportResultOutputID=d2dd23d99013a0063553b73ad6a8beca DependenciesID=75bf5a9c5ac7a85f7e9aece9a9cc242a StaticDependenciesID=666c5ba61e8e6fa4742c26d2d4228b38 
Number of updated asset objects reloaded before import = 0Number of asset objects unloaded after import = 35

========================================================================
Received Import Request.
  Time since last request: 0.000024 seconds.
  path: Assets/SunboxGames/ModularDungeonCaves/Prefabs/Rocks/SmallStone_03.prefab
  importAddress: Guid(698db9d5875d0b4419f6978609ddfdad) Importer(2089858483,e11c23a36db5f54750b8cd40eac0985b)
Start importing Assets/SunboxGames/ModularDungeonCaves/Prefabs/Rocks/SmallStone_03.prefab using Guid(698db9d5875d0b4419f6978609ddfdad) Importer(2089858483,e11c23a36db5f54750b8cd40eac0985b) (ScriptedImporter) -> (Import Result ID: 'aaf231bccbdcdae4396f98afbc8f0b8a') in 0.0124162 seconds [static and dynamic dependencies]. Details - ImportResultOutputID=3e39c5d195f19134d4858ed52baf8ab4 DependenciesID=e06a04e4acfca38bbf13eeed302d524f StaticDependenciesID=166101a77650efdf14eee3fad45db7ad 
Number of updated asset objects reloaded before import = 0Number of asset objects unloaded after import = 11

Editor requested this worker to shutdown with reason: Scaling down because of idle timeout
AssetImportWorkerClient::OnTransportError - code=2 error=End of file
AssetImportWorker is now disconnected from the server
Process exiting
Exiting without the bug reporter. Application will terminate with return code 0