[Licensing::Module] Trying to connect to existing licensing client channel...
Built from '6000.4/staging' branch; Version is '6000.4.6f1 (0b051c2e5d54) revision 722204'; Using compiler version '194234433'; Build Type 'Release'
OS: 'Windows 11  (10.0.26200) CoreCountrySpecific' Language: 'zh' Physical Memory: 32212 MB
[Licensing::IpcConnector] Successfully connected to: "LicenseClient-15490" at "2026-08-02T21:54:29.0976227Z"
BatchMode: 1, IsHumanControllingUs: 0, StartBugReporterOnCrash: 0, Is64bit: 1
System  architecture: x64
Process architecture: x64
Date: 2026-08-02T21:54:29Z

COMMAND LINE ARGUMENTS:
D:\unity\Editor\Unity.exe
-adb2
-batchMode
-noUpm
-name
AssetImportWorker3
-projectPath
D:/Yin
-logFile
Logs/AssetImportWorker3.log
-srvPort
2613
-licensingIpc
LicenseClient-15490
-force-d3d12
-job-worker-count
11
-background-job-worker-count
8
-gc-helper-count
1
-name
AssetImport
Successfully changed project path to: D:/Yin
D:/Yin
[UnityMemory] Configuration Parameters - Can be set up in boot.config
    "memorysetup-temp-allocator-size-gi-baking-worker=262144"
    "memorysetup-temp-allocator-size-gi-baking-worker=262144"
    "memorysetup-temp-allocator-size-gi-baking-worker=262144"
    "memorysetup-temp-allocator-size-gi-baking-worker=262144"
    "memorysetup-temp-allocator-size-gi-baking-worker=262144"
    "memorysetup-temp-allocator-size-nav-mesh-worker=65536"
    "memorysetup-temp-allocator-size-audio-worker=65536"
    "memorysetup-temp-allocator-size-cloud-worker=32768"
    "memorysetup-temp-allocator-size-gfx=262144"
    "memorysetup-temp-allocator-size-preload-manager=33554432"
    "memorysetup-temp-allocator-size-job-worker=262144"
    "memorysetup-temp-allocator-size-background-worker=32768"
    "memorysetup-allocator-temp-initial-block-size-main=262144"
    "memorysetup-allocator-temp-initial-block-size-worker=262144"
    "memorysetup-bucket-allocator-granularity=16"
    "memorysetup-bucket-allocator-bucket-count=8"
    "memorysetup-bucket-allocator-block-size=33554432"
    "memorysetup-bucket-allocator-block-count=8"
    "memorysetup-main-allocator-block-size=16777216"
    "memorysetup-thread-allocator-block-size=16777216"
    "memorysetup-gfx-main-allocator-block-size=16777216"
    "memorysetup-gfx-thread-allocator-block-size=16777216"
    "memorysetup-cache-allocator-block-size=4194304"
    "memorysetup-typetree-allocator-block-size=2097152"
    "memorysetup-profiler-bucket-allocator-granularity=16"
    "memorysetup-profiler-bucket-allocator-bucket-count=8"
    "memorysetup-profiler-bucket-allocator-block-size=33554432"
    "memorysetup-profiler-bucket-allocator-block-count=8"
    "memorysetup-profiler-allocator-block-size=16777216"
    "memorysetup-profiler-editor-allocator-block-size=1048576"
    "memorysetup-temp-allocator-size-main=16777216"
    "memorysetup-job-temp-allocator-block-size=2097152"
    "memorysetup-job-temp-allocator-block-size-background=1048576"
    "memorysetup-job-temp-allocator-reduction-small-platforms=262144"
Player connection [42736]  Target information:

Player connection [42736]  * "[IP] 192.168.1.112 [Port] 0 [Flags] 2 [Guid] 444522429 [EditorId] 444522429 [Version] 1048832 [Id] WindowsEditor(7,9daY) [Debug] 1 [PackageName] WindowsEditor [ProjectName] Editor" 

Player connection [42736] Host joined multi-casting on [225.0.0.222:54997]...
Player connection [42736] Host joined alternative multi-casting on [225.0.0.222:34997]...
JobSystem: Creating JobQueue using job-worker-count value 11
Input System module state changed to: Initialized.
[Physics::Module] Initialized fallback backend.
[Physics::Module] Id: 0xdecafbad
Library Redirect Path: Library/
[Physics::Module] Selected backend.
[Physics::Module] Name: PhysX
[Physics::Module] Id: 0xf2b8ea05
[Physics::Module] SDK Version: 4.1.2
[Physics::Module] Integration Version: 1.0.0
[Physics::Module] Threading Mode: Multi-Threaded
Refreshing native plugins compatible for Editor in 20.16 ms, found 10 plugins.
Initialize engine version: 6000.4.6f1 (0b051c2e5d54)
[Subsystems] Discovering subsystems at path D:/unity/Editor/Data/Resources/UnitySubsystems
[Subsystems] Discovering subsystems at path D:/Yin/Assets
Forcing GfxDevice: Direct3D 12
GfxDevice: creating device client; kGfxThreadingModeNonThreaded
d3d12: failed to query info queue interface (0x80004002).
Direct3D:
    Version:         Direct3D 12 [level 12.2]
    Renderer:        NVIDIA GeForce RTX 5070 Laptop GPU (ID=0x2d58)
    Vendor:          NVIDIA
    VRAM:            7891 MB
    App VRAM Budget: 7123 MB
    Driver:          32.0.15.9608
Initialize mono
Mono path[0] = 'D:/unity/Editor/Data/Managed'
Mono path[1] = 'D:/unity/Editor/Data/MonoBleedingEdge/lib/mono/unityjit-win32'
Mono config path = 'D:/unity/Editor/Data/MonoBleedingEdge/etc'
Using monoOptions --debugger-agent=transport=dt_socket,embedding=1,server=y,suspend=n,address=127.0.0.1:56168
CodeReloadManager initialized
Begin MonoManager ReloadAssembly
Registering precompiled unity dll's ...
Register platform support module: D:/unity/Editor/Data/PlaybackEngines/WindowsStandaloneSupport/UnityEditor.WindowsStandalone.Extensions.dll
Registered in 0.001837 seconds.
Native extension for WindowsStandalone target not found
[Licensing::Client] Error: HandshakeResponse reported an error:
	ResponseCode: 505
	ResponseStatus: Unsupported protocol version '1.18.1'.
[Licensing::Module] Error: Failed to handshake to channel: "LicenseClient-15490"
[Licensing::IpcConnector] LicenseClient-15490 channel disconnected successfully.
[Licensing::IpcConnector] Successfully connected to: "LicenseClient-15490-6000.4.6" at "2026-08-02T21:54:31.0578038Z"
[Licensing::Client] Code 10 while verifying Licensing Client signature (process Id: 36380, path: "D:/unity/Editor/Data/Resources/Licensing/Client/Unity.Licensing.Client.exe")
[Licensing::Module] LicensingClient has failed validation; ignoring
[Licensing::Client] Handshaking with LicensingClient:
  Version:                 1.18.1+9fbee8e
  Session Id:              7346bf9799184fa09fbd9a8738563b22
  Correlation Id:          8f132c48ba833a145d04de9bbedf03ed
  External correlation Id: 8009299121753099016
  Machine Id:              DJWBFtPZt+einrVuex0hynKXsRc=
[Licensing::Module] Successfully connected to LicensingClient on channel: "LicenseClient-15490-6000.4.6" (connect: 0.00s, validation: 0.00s, handshake: 0.01s)
[Licensing::IpcConnector] Successfully connected to: "LicenseClient-15490-6000.4.6-notifications" at "2026-08-02T21:54:31.069187Z"
[Licensing::Module] Licensing Background thread has ended after 1.97s
Package Manager log level set to [2]
[Package Manager] Failed to launch server process. Reason: Unity was launched with the -noUpm command-line argument
[Package Manager] Unable to send message (not connected to server process).
[Package Manager] Cannot connect to Unity Package Manager local server
ScheduleIndexationOnStartup MainProcess:False IndexOnStartup:True
Mono: successfully reloaded assembly
- Finished resetting the current domain, in  0.360 seconds
Domain Reload Profiling: 823ms
	BeginReloadAssembly (163ms)
	RebuildCommonClasses (35ms)
	RebuildNativeTypeToScriptingClass (12ms)
	initialDomainReloadingComplete (59ms)
	LoadAllAssembliesAndSetupDomain (191ms)
		LoadAssemblies (162ms)
		AnalyzeDomain (183ms)
			TypeCache.Refresh (182ms)
				TypeCache.ScanAssembly (168ms)
	FinalizeReload (362ms)
		SetupLoadedEditorAssemblies (0ms)
			InitializePlatformSupportModulesInManaged (41ms)
			BeforeProcessingInitializeOnLoad (77ms)
			ProcessInitializeOnLoadAttributes (95ms)
			ProcessInitializeOnLoadMethodAttributes (72ms)
========================================================================
Worker process is ready to serve import requests
Import Worker Mode flag is 0x00
Begin MonoManager ReloadAssembly
[Licensing::Client] Successfully resolved entitlement details
[Licensing::Module] License group:
  Id: 5773964460127-UnityPersXXXX
  Product: Unity Personal
  Type: Assigned
  Expiration: Unlimited
Assembly Assembly-CSharp-Editor-firstpass.dll at Library/ScriptAssemblies/Assembly-CSharp-Editor-firstpass.dll not valid. Loading of assembly skipped.
Assembly Assembly-CSharp-firstpass.dll at Library/ScriptAssemblies/Assembly-CSharp-firstpass.dll not valid. Loading of assembly skipped.
Assembly DocCodeExamples.dll at Library/ScriptAssemblies/DocCodeExamples.dll not valid. Loading of assembly skipped.
Assembly TestNewCustomAssembly.dll at Library/ScriptAssemblies/TestNewCustomAssembly.dll not valid. Loading of assembly skipped.
Assembly Unity.Collections.BurstCompatibilityGen.dll at Library/ScriptAssemblies/Unity.Collections.BurstCompatibilityGen.dll not valid. Loading of assembly skipped.
Assembly Unity.Collections.DocCodeSamples.dll at Library/ScriptAssemblies/Unity.Collections.DocCodeSamples.dll not valid. Loading of assembly skipped.
Assembly Unity.Collections.PerformanceTests.dll at Library/ScriptAssemblies/Unity.Collections.PerformanceTests.dll not valid. Loading of assembly skipped.
Assembly Unity.Collections.Tests.dll at Library/ScriptAssemblies/Unity.Collections.Tests.dll not valid. Loading of assembly skipped.
Assembly Unity.Collections.Tests.Playmode.dll at Library/ScriptAssemblies/Unity.Collections.Tests.Playmode.dll not valid. Loading of assembly skipped.
Assembly Unity.InputSystem.IntegrationTests.dll at Library/ScriptAssemblies/Unity.InputSystem.IntegrationTests.dll not valid. Loading of assembly skipped.
Assembly Unity.Mathematics.Tests.dll at Library/ScriptAssemblies/Unity.Mathematics.Tests.dll not valid. Loading of assembly skipped.
Assembly Unity.Multiplayer.Center.Editor.Tests.dll at Library/ScriptAssemblies/Unity.Multiplayer.Center.Editor.Tests.dll not valid. Loading of assembly skipped.
Assembly Unity.Multiplayer.Center.Tests.dll at Library/ScriptAssemblies/Unity.Multiplayer.Center.Tests.dll not valid. Loading of assembly skipped.
Assembly Unity.Nuget.Mono-Cecil.dll at Library/ScriptAssemblies/Unity.Nuget.Mono-Cecil.dll not valid. Loading of assembly skipped.
Assembly Unity.PathTracing.Editor.Tests.dll at Library/ScriptAssemblies/Unity.PathTracing.Editor.Tests.dll not valid. Loading of assembly skipped.
Assembly Unity.PathTracing.Runtime.Tests.dll at Library/ScriptAssemblies/Unity.PathTracing.Runtime.Tests.dll not valid. Loading of assembly skipped.
Assembly Unity.RenderPipelines.Core.Editor.Tests.dll at Library/ScriptAssemblies/Unity.RenderPipelines.Core.Editor.Tests.dll not valid. Loading of assembly skipped.
Assembly Unity.RenderPipelines.Core.Runtime.Tests.dll at Library/ScriptAssemblies/Unity.RenderPipelines.Core.Runtime.Tests.dll not valid. Loading of assembly skipped.
Assembly Unity.RenderPipelines.Universal.Config.Editor.Tests.dll at Library/ScriptAssemblies/Unity.RenderPipelines.Universal.Config.Editor.Tests.dll not valid. Loading of assembly skipped.
Assembly Unity.RenderPipelines.Universal.Editor.Tests.dll at Library/ScriptAssemblies/Unity.RenderPipelines.Universal.Editor.Tests.dll not valid. Loading of assembly skipped.
Assembly Unity.RenderPipelines.Universal.Runtime.Tests.dll at Library/ScriptAssemblies/Unity.RenderPipelines.Universal.Runtime.Tests.dll not valid. Loading of assembly skipped.
Assembly Unity.Searcher.EditorTests.dll at Library/ScriptAssemblies/Unity.Searcher.EditorTests.dll not valid. Loading of assembly skipped.
Assembly Unity.ShaderGraph.Editor.Tests.dll at Library/ScriptAssemblies/Unity.ShaderGraph.Editor.Tests.dll not valid. Loading of assembly skipped.
Assembly Unity.TextMeshPro.Editor.Tests.dll at Library/ScriptAssemblies/Unity.TextMeshPro.Editor.Tests.dll not valid. Loading of assembly skipped.
Assembly Unity.TextMeshPro.Tests.dll at Library/ScriptAssemblies/Unity.TextMeshPro.Tests.dll not valid. Loading of assembly skipped.
Assembly Unity.UnifiedRayTracing.Editor.Tests.dll at Library/ScriptAssemblies/Unity.UnifiedRayTracing.Editor.Tests.dll not valid. Loading of assembly skipped.
Assembly Unity.XR.CoreUtils.CodeSamples.Tests.dll at Library/ScriptAssemblies/Unity.XR.CoreUtils.CodeSamples.Tests.dll not valid. Loading of assembly skipped.
Assembly Unity.XR.CoreUtils.Editor.Tests.dll at Library/ScriptAssemblies/Unity.XR.CoreUtils.Editor.Tests.dll not valid. Loading of assembly skipped.
Assembly Unity.XR.CoreUtils.Tests.dll at Library/ScriptAssemblies/Unity.XR.CoreUtils.Tests.dll not valid. Loading of assembly skipped.
Assembly Unity.XR.Interaction.Toolkit.Editor.Tests.dll at Library/ScriptAssemblies/Unity.XR.Interaction.Toolkit.Editor.Tests.dll not valid. Loading of assembly skipped.
Assembly Unity.XR.Interaction.Toolkit.Tests.dll at Library/ScriptAssemblies/Unity.XR.Interaction.Toolkit.Tests.dll not valid. Loading of assembly skipped.
Assembly Unity.XR.Management.EditorTests.dll at Library/ScriptAssemblies/Unity.XR.Management.EditorTests.dll not valid. Loading of assembly skipped.
Assembly Unity.XR.Management.TestPackage.dll at Library/ScriptAssemblies/Unity.XR.Management.TestPackage.dll not valid. Loading of assembly skipped.
Assembly Unity.XR.Management.TestPackage.Editor.dll at Library/ScriptAssemblies/Unity.XR.Management.TestPackage.Editor.dll not valid. Loading of assembly skipped.
Assembly Unity.XR.Management.Tests.dll at Library/ScriptAssemblies/Unity.XR.Management.Tests.dll not valid. Loading of assembly skipped.
Assembly Unity.XR.Management.Tests.Standalone.dll at Library/ScriptAssemblies/Unity.XR.Management.Tests.Standalone.dll not valid. Loading of assembly skipped.
Assembly Unity.XR.OpenXR.Editor.Tests.dll at Library/ScriptAssemblies/Unity.XR.OpenXR.Editor.Tests.dll not valid. Loading of assembly skipped.
Assembly Unity.XR.OpenXR.Tests.dll at Library/ScriptAssemblies/Unity.XR.OpenXR.Tests.dll not valid. Loading of assembly skipped.
Assembly Unity.XR.OpenXR.Ubuntu.Tests.dll at Library/ScriptAssemblies/Unity.XR.OpenXR.Ubuntu.Tests.dll not valid. Loading of assembly skipped.
Assembly Unity.XR.TestSupport.dll at Library/ScriptAssemblies/Unity.XR.TestSupport.dll not valid. Loading of assembly skipped.
Assembly UnityEditor.UI.Common.Tests.dll at Library/ScriptAssemblies/UnityEditor.UI.Common.Tests.dll not valid. Loading of assembly skipped.
Assembly UnityEditor.UI.EditorTests.dll at Library/ScriptAssemblies/UnityEditor.UI.EditorTests.dll not valid. Loading of assembly skipped.
Assembly UnityEditor.XR.LegacyInputHelpers.Tests.dll at Library/ScriptAssemblies/UnityEditor.XR.LegacyInputHelpers.Tests.dll not valid. Loading of assembly skipped.
Assembly UnityEngine.SpatialTracking.Tests.dll at Library/ScriptAssemblies/UnityEngine.SpatialTracking.Tests.dll not valid. Loading of assembly skipped.
Assembly UnityEngine.UI.Tests.dll at Library/ScriptAssemblies/UnityEngine.UI.Tests.dll not valid. Loading of assembly skipped.
Assembly UnityEngine.XR.OpenXR.CodeSamples.Editor.Tests.dll at Library/ScriptAssemblies/UnityEngine.XR.OpenXR.CodeSamples.Editor.Tests.dll not valid. Loading of assembly skipped.
Refreshing native plugins compatible for Editor in 5.43 ms, found 10 plugins.
Native extension for WindowsStandalone target not found
[Package Manager] Failed to launch server process. Reason: Unity was launched with the -noUpm command-line argument
[Package Manager] Unable to send message (not connected to server process).
[Package Manager] Cannot connect to Unity Package Manager local server
Refreshing native plugins compatible for Editor in 6.03 ms, found 10 plugins.
[Package Manager] Failed to launch server process. Reason: Unity was launched with the -noUpm command-line argument
[Package Manager] Unable to send message (not connected to server process).
[Package Manager] Cannot connect to Unity Package Manager local server
ScheduleIndexationOnStartup MainProcess:False IndexOnStartup:True
Mono: successfully reloaded assembly
[Package Manager] Failed to launch server process. Reason: Unity was launched with the -noUpm command-line argument
[Package Manager] Unable to send message (not connected to server process).
[Package Manager] Cannot connect to Unity Package Manager local server
[Package Manager] Failed to launch server process. Reason: Unity was launched with the -noUpm command-line argument
[Package Manager] Unable to send message (not connected to server process).
[Package Manager] Cannot connect to Unity Package Manager local server
- Finished resetting the current domain, in  0.947 seconds
Domain Reload Profiling: 1781ms
	BeginReloadAssembly (181ms)
		DisableScriptedObjects (4ms)
		CreateAndSetChildDomain (33ms)
	RebuildCommonClasses (35ms)
	RebuildNativeTypeToScriptingClass (10ms)
	initialDomainReloadingComplete (77ms)
	LoadAllAssembliesAndSetupDomain (531ms)
		LoadAssemblies (380ms)
		AnalyzeDomain (256ms)
			TypeCache.Refresh (190ms)
				TypeCache.ScanAssembly (169ms)
			BuildScriptInfoCaches (51ms)
			ResolveRequiredComponents (13ms)
	FinalizeReload (947ms)
		SetupLoadedEditorAssemblies (0ms)
			BeforeProcessingInitializeOnLoad (124ms)
			ProcessInitializeOnLoadAttributes (471ms)
			ProcessInitializeOnLoadMethodAttributes (119ms)
		AwakeInstancesAfterBackupRestoration (7ms)
Launched and connected shader compiler UnityShaderCompiler.exe after 0.01 seconds
Refreshing native plugins compatible for Editor in 7.98 ms, found 10 plugins.
Unloading 24 Unused Serialized files (Serialized files now loaded: 0)
Unloading 7687 unused Assets / (6.2 MB). Loaded Objects now: 8527.
Memory consumption went from 184.0 MB to 177.9 MB.
Total: 10.796300 ms (FindLiveObjects: 1.191900 ms CreateObjectMapping: 1.172600 ms MarkObjects: 5.085400 ms  DeleteObjects: 3.343700 ms)

========================================================================
Received Import Request.
  Time since last request: 27421.942706 seconds.
  path: Assets/Textures/Mat3d66_15132010_8_56018.jpg
  importAddress: Guid(237a1aa50495c05419ff6fb7a546302d) Importer(2089858483,b0f066a214c2f5e87bad3c948f4d605d)
Start importing Assets/Textures/Mat3d66_15132010_8_56018.jpg using Guid(237a1aa50495c05419ff6fb7a546302d) Importer(2089858483,b0f066a214c2f5e87bad3c948f4d605d) (ScriptedImporter) -> (Import Result ID: 'efb9d8dff2478305dbaaa4d0363dc0a2') in 0.0911509 seconds [static and dynamic dependencies]. Details - ImportResultOutputID=4b21bfd65dd45167808056433bbda1ba DependenciesID=54c3957b3a11acbcb7a36e0a00808a15 StaticDependenciesID=756eafc92bc44c196a314655df56def7 
Number of updated asset objects reloaded before import = 0Number of asset objects unloaded after import = 1

========================================================================
Received Import Request.
  Time since last request: 0.000024 seconds.
  path: Assets/Scenes/WU2.unity
  importAddress: Guid(cf0efa7c73c2c42429a82a34e7e5e346) Importer(2089858483,e11c23a36db5f54750b8cd40eac0985b)
Start importing Assets/Scenes/WU2.unity using Guid(cf0efa7c73c2c42429a82a34e7e5e346) Importer(2089858483,e11c23a36db5f54750b8cd40eac0985b) (ScriptedImporter)Opening scene 'Assets/Scenes/WU2.unity additively'
Loaded scene 'Assets/Scenes/WU2.unity'
	Deserialize:            136.187 ms
	Integration:            735.883 ms
	Integration of assets:  2.198 ms
	Thread Wait Time:       -1.926 ms
	Total Operation Time:   872.341 ms
 -> (Import Result ID: '98e060d0315c5867aac4ee30ee235fb9') in 2.5710085 seconds [static and dynamic dependencies]. Details - ImportResultOutputID=ae3939b4368d7410594eb2f495a7e720 DependenciesID=c914b76dab9742e0dbc447d22990746d StaticDependenciesID=ca8ade81859aa7cad671452a530d7c77 
Number of updated asset objects reloaded before import = 0Number of asset objects unloaded after import = 22970

========================================================================
Received Import Request.
  Time since last request: 0.000043 seconds.
  path: Assets/Scripts/Gaze/GazeDebugAction.cs
  importAddress: Guid(6c801e8445185744e8a86f89a5b1f096) Importer(2089858483,b0f066a214c2f5e87bad3c948f4d605d)
Start importing Assets/Scripts/Gaze/GazeDebugAction.cs using Guid(6c801e8445185744e8a86f89a5b1f096) Importer(2089858483,b0f066a214c2f5e87bad3c948f4d605d) (ScriptedImporter) -> (Import Result ID: '56d1dd6da2623121383957c1544aa53e') in 0.0058983 seconds [static and dynamic dependencies]. Details - ImportResultOutputID=ef3b15ba14482668396a4a3eadbd254a DependenciesID=5f19c10e9f319eb1beb93eebf61aab38 StaticDependenciesID=8caab487bd438b1fa38b9df7273a5b1c 
Number of updated asset objects reloaded before import = 0Number of asset objects unloaded after import = 0

========================================================================
Received Import Request.
  Time since last request: 0.000038 seconds.
  path: Assets/materials/Meshy_AI_Calligraphic_Butterfl_0704065726_generate.fbx
  importAddress: Guid(4ff93dcf6f4cca84aa7e9469be0e1809) Importer(2089858483,b0f066a214c2f5e87bad3c948f4d605d)
Start importing Assets/materials/Meshy_AI_Calligraphic_Butterfl_0704065726_generate.fbx using Guid(4ff93dcf6f4cca84aa7e9469be0e1809) Importer(2089858483,b0f066a214c2f5e87bad3c948f4d605d) (ScriptedImporter) -> (Import Result ID: '13a6619129e3eaa749a546e83dca4b44') in 0.0461352 seconds [static and dynamic dependencies]. Details - ImportResultOutputID=614ee12a7e0c218758a65e0c20f3b508 DependenciesID=6a5142dc4ad840ca8cdd9b9f1f844899 StaticDependenciesID=6a96becd2942ca88e9cd6d4b3e8d2a5e 
Number of updated asset objects reloaded before import = 0Number of asset objects unloaded after import = 7

========================================================================
Received Import Request.
  Time since last request: 0.000021 seconds.
  path: Assets/Resources/宗庙布.fbx
  importAddress: Guid(212e0a83380c6a24abe68b3d2ad2884e) Importer(2089858483,b0f066a214c2f5e87bad3c948f4d605d)
Start importing Assets/Resources/宗庙布.fbx using Guid(212e0a83380c6a24abe68b3d2ad2884e) Importer(2089858483,b0f066a214c2f5e87bad3c948f4d605d) (ScriptedImporter)d3d12: upload buffer was too small for the requested resource! Size: 16777216. Requested: 37332480.
 -> (Import Result ID: '01cfb31aa457c9e2bc290df7adf5d707') in 0.082311 seconds [static and dynamic dependencies]. Details - ImportResultOutputID=c5bdf1feef35092a55e1b27f3920ff53 DependenciesID=1c097f16ad632f7fae879b87a058ad68 StaticDependenciesID=91a28d5fe1346d61dda20e04103bc8a9 
Number of updated asset objects reloaded before import = 0Number of asset objects unloaded after import = 8

========================================================================
Received Import Request.
  Time since last request: 0.000023 seconds.
  path: Assets/materials/Meshy_AI_Hand_of_the_Ancients_0731180511_texture_fbx/Meshy_AI_Hand_of_the_Ancients_0731180511_texture.fbx
  importAddress: Guid(ce88369905b3ffe4fb048d5d898c7c3f) Importer(2089858483,b0f066a214c2f5e87bad3c948f4d605d)
Start importing Assets/materials/Meshy_AI_Hand_of_the_Ancients_0731180511_texture_fbx/Meshy_AI_Hand_of_the_Ancients_0731180511_texture.fbx using Guid(ce88369905b3ffe4fb048d5d898c7c3f) Importer(2089858483,b0f066a214c2f5e87bad3c948f4d605d) (ScriptedImporter) -> (Import Result ID: '99eca307441d410b208ffa11491143a4') in 0.0134741 seconds [static and dynamic dependencies]. Details - ImportResultOutputID=869be9770c6111af8bfaf39174bd21dc DependenciesID=3ed57d3a81bacd7943eb43db40f2e626 StaticDependenciesID=e9eac7eda52ca5a2f766aea7f7cbde7d 
Number of updated asset objects reloaded before import = 0Number of asset objects unloaded after import = 8

========================================================================
Received Import Request.
  Time since last request: 0.000027 seconds.
  path: Assets/New Material.mat
  importAddress: Guid(e6098f49ef9ff354c950afe84ced722c) Importer(815301076,1909f56bfc062723c751e8b465ee728b)
Start importing Assets/New Material.mat using Guid(e6098f49ef9ff354c950afe84ced722c) Importer(815301076,1909f56bfc062723c751e8b465ee728b) (PreviewImporter) -> (Import Result ID: 'e95c42a3479b987139b29505ba05e38a') in 0.8666264 seconds [static and dynamic dependencies]. Details - ImportResultOutputID=f077fec950dd7ce94f215f11321e9221 DependenciesID=46f0e6d54318138e281080f02247047a StaticDependenciesID=8d74087e04893a6107dedbebc90965b1 
Number of updated asset objects reloaded before import = 0Number of asset objects unloaded after import = 1

========================================================================
Received Import Request.
  Time since last request: 0.000053 seconds.
  path: Assets/TripoModels/goddess_statue_3d_model/goddess_statue_3d_model.fbx
  importAddress: Guid(2b4e9ed1cc1631b4683e25b02ec38aff) Importer(2089858483,b0f066a214c2f5e87bad3c948f4d605d)
Start importing Assets/TripoModels/goddess_statue_3d_model/goddess_statue_3d_model.fbx using Guid(2b4e9ed1cc1631b4683e25b02ec38aff) Importer(2089858483,b0f066a214c2f5e87bad3c948f4d605d) (ScriptedImporter) -> (Import Result ID: '1ddae995c4991ec8a40f7c1477789191') in 0.0171975 seconds [static and dynamic dependencies]. Details - ImportResultOutputID=6a4fc25b47b46cecef88ad9ae585bd7f DependenciesID=103b7cc60a4c04a818e1693e0b53805e StaticDependenciesID=489142ceb305309472d48d3fb71aff30 
Number of updated asset objects reloaded before import = 0Number of asset objects unloaded after import = 10

========================================================================
Received Import Request.
  Time since last request: 0.000054 seconds.
  path: Assets/TripoModels/stone_goddess_statue_3d_model/stone_goddess_statue_3d_model.fbx
  importAddress: Guid(5c11eab9881b3c149929d47459764599) Importer(2089858483,b0f066a214c2f5e87bad3c948f4d605d)
Start importing Assets/TripoModels/stone_goddess_statue_3d_model/stone_goddess_statue_3d_model.fbx using Guid(5c11eab9881b3c149929d47459764599) Importer(2089858483,b0f066a214c2f5e87bad3c948f4d605d) (ScriptedImporter) -> (Import Result ID: 'ee3ad48167426fc07615a7b60e2c23c3') in 0.0121989 seconds [static and dynamic dependencies]. Details - ImportResultOutputID=15d2a32231326d7fbf271539d35f99f8 DependenciesID=e34263bde335d4a94ec5783742b2ddbf StaticDependenciesID=bf75f8f486b6b5b187878376264c8233 
Number of updated asset objects reloaded before import = 0Number of asset objects unloaded after import = 10

========================================================================
Received Import Request.
  Time since last request: 0.000025 seconds.
  path: Assets/TextMesh Pro/Shaders/TMP_SDF-Mobile.shader
  importAddress: Guid(fe393ace9b354375a9cb14cdbbc28be4) Importer(2089858483,b0f066a214c2f5e87bad3c948f4d605d)
Start importing Assets/TextMesh Pro/Shaders/TMP_SDF-Mobile.shader using Guid(fe393ace9b354375a9cb14cdbbc28be4) Importer(2089858483,b0f066a214c2f5e87bad3c948f4d605d) (ScriptedImporter) -> (Import Result ID: 'a1002888292fb540cebc0ee25423b646') in 0.0062177 seconds [static and dynamic dependencies]. Details - ImportResultOutputID=3a3699d7c2e6da7d4fc4dd22a9e36e5c DependenciesID=6bc5e8827652c9d75c024f6d0a710be8 StaticDependenciesID=0239a100fb8a2f3d316fb2b3b17d505c 
Number of updated asset objects reloaded before import = 0Number of asset objects unloaded after import = 1

========================================================================
Received Import Request.
  Time since last request: 0.000023 seconds.
  path: Assets/TripoModels/ancient_warrior_statue_3d_model/ancient_warrior_statue_3d_model.fbx
  importAddress: Guid(74a7677e2e0cdde4899f2dcd99763d93) Importer(2089858483,b0f066a214c2f5e87bad3c948f4d605d)
Start importing Assets/TripoModels/ancient_warrior_statue_3d_model/ancient_warrior_statue_3d_model.fbx using Guid(74a7677e2e0cdde4899f2dcd99763d93) Importer(2089858483,b0f066a214c2f5e87bad3c948f4d605d) (ScriptedImporter)MaterialLocation.External is obsolete. External Material Location is no longer supported. (Assets/TripoModels/ancient_warrior_statue_3d_model/ancient_warrior_statue_3d_model.fbx)
 -> (Import Result ID: 'a7c51ebd8a874ac6f3ad3501e7698e68') in 0.0092117 seconds [static and dynamic dependencies]. Details - ImportResultOutputID=bfe2bcbbdf0c02cad4eb120bc41b714f DependenciesID=d8c442eef08a2dfe8752d43839b9c2b9 StaticDependenciesID=ff63b5c5a728fd0da987ba842d68b644 
Number of updated asset objects reloaded before import = 0Number of asset objects unloaded after import = 8

========================================================================
Received Import Request.
  Time since last request: 0.000025 seconds.
  path: Assets/TextMesh Pro/Shaders/TMP_SDF-URP Unlit.shadergraph
  importAddress: Guid(124c112a6e8f1a54e8b0870e881b56d8) Importer(2089858483,b0f066a214c2f5e87bad3c948f4d605d)
Start importing Assets/TextMesh Pro/Shaders/TMP_SDF-URP Unlit.shadergraph using Guid(124c112a6e8f1a54e8b0870e881b56d8) Importer(2089858483,b0f066a214c2f5e87bad3c948f4d605d) (ScriptedImporter) -> (Import Result ID: 'c45e83870f35b32ca40998b4b56ed2c6') in 0.1688072 seconds [static and dynamic dependencies]. Details - ImportResultOutputID=c459860fda66fef639fa3d3ef8d1e32a DependenciesID=afc5da04fdbbaec7384850431f6f9974 StaticDependenciesID=2e70c7206d9e4ef7fea767e8a8a682a4 
Number of updated asset objects reloaded before import = 0Number of asset objects unloaded after import = 4

========================================================================
Received Import Request.
  Time since last request: 0.000028 seconds.
  path: Assets/Ian's Fire Pack Universal/Objects/Materials/Torch.mat
  importAddress: Guid(4a65500d1d4f1c44594faeca9b5c7e98) Importer(2089858483,b0f066a214c2f5e87bad3c948f4d605d)
Start importing Assets/Ian's Fire Pack Universal/Objects/Materials/Torch.mat using Guid(4a65500d1d4f1c44594faeca9b5c7e98) Importer(2089858483,b0f066a214c2f5e87bad3c948f4d605d) (ScriptedImporter) -> (Import Result ID: 'fa97f3b6dad2cdb9f2f850dedf7d9084') in 0.0056479 seconds [static and dynamic dependencies]. Details - ImportResultOutputID=f4cb8e9fadc4c88063cd78acbe9a44e8 DependenciesID=7c69fcb1736e02db9b2e8ed0a783a0e9 StaticDependenciesID=a88be90428b8d52b155cba1fd39573fc 
Number of updated asset objects reloaded before import = 0Number of asset objects unloaded after import = 2

========================================================================
Received Import Request.
  Time since last request: 0.000040 seconds.
  path: Assets/TextMesh Pro/Shaders/TMP_SDF-HDRP UNLIT.shadergraph
  importAddress: Guid(f63d574838ccfb44f84acc05fed0af48) Importer(2089858483,b0f066a214c2f5e87bad3c948f4d605d)
Start importing Assets/TextMesh Pro/Shaders/TMP_SDF-HDRP UNLIT.shadergraph using Guid(f63d574838ccfb44f84acc05fed0af48) Importer(2089858483,b0f066a214c2f5e87bad3c948f4d605d) (ScriptedImporter) -> (Import Result ID: '499fb76d5d8f189eb14b6961dcc2693e') in 0.0050652 seconds [static and dynamic dependencies]. Details - ImportResultOutputID=e4c733cf3c008ee3b0a64d693136587d DependenciesID=5d80eade8f3ba71b3349bcc94ff3941a StaticDependenciesID=76664a18f50202a4e669f6b3997590d2 
Number of updated asset objects reloaded before import = 0Number of asset objects unloaded after import = 3

========================================================================
Received Import Request.
  Time since last request: 0.000022 seconds.
  path: Assets/TextMesh Pro/Shaders/TMP_SDF-Mobile-2-Pass.shader
  importAddress: Guid(0178fcb869bafef4690d177d31d17db8) Importer(2089858483,b0f066a214c2f5e87bad3c948f4d605d)
Start importing Assets/TextMesh Pro/Shaders/TMP_SDF-Mobile-2-Pass.shader using Guid(0178fcb869bafef4690d177d31d17db8) Importer(2089858483,b0f066a214c2f5e87bad3c948f4d605d) (ScriptedImporter) -> (Import Result ID: '67870633270d9261ff1fcf5ebb6ac398') in 0.0038729 seconds [static and dynamic dependencies]. Details - ImportResultOutputID=dd00b4d3b48f2ca0e02f80015a3ce1de DependenciesID=d28afc64ffb5f426007afbfd9eaaa867 StaticDependenciesID=2936f04a1dd55b511cbbf5990c3e04da 
Number of updated asset objects reloaded before import = 0Number of asset objects unloaded after import = 1

========================================================================
Received Import Request.
  Time since last request: 0.000028 seconds.
  path: Assets/Textures/Sand_2/Sand_2_MetallicSmoothness.png
  importAddress: Guid(c4353dba1f8dddc419ff1356475a1c35) Importer(2089858483,b0f066a214c2f5e87bad3c948f4d605d)
Start importing Assets/Textures/Sand_2/Sand_2_MetallicSmoothness.png using Guid(c4353dba1f8dddc419ff1356475a1c35) Importer(2089858483,b0f066a214c2f5e87bad3c948f4d605d) (ScriptedImporter) -> (Import Result ID: 'ee052b57cc08838c57c5bde7c5e8318e') in 0.0092108 seconds [static and dynamic dependencies]. Details - ImportResultOutputID=1e2784dfb52263c71bb46779a15db0ac DependenciesID=90eaae1f8e41e9415189c7d57d8fa1d3 StaticDependenciesID=f9edc030576765a8cd3b061f1b3794bb 
Number of updated asset objects reloaded before import = 0Number of asset objects unloaded after import = 1

========================================================================
Received Import Request.
  Time since last request: 0.000032 seconds.
  path: Assets/TextMesh Pro/Shaders/TMP_Sprite.shader
  importAddress: Guid(cf81c85f95fe47e1a27f6ae460cf182c) Importer(2089858483,b0f066a214c2f5e87bad3c948f4d605d)
Start importing Assets/TextMesh Pro/Shaders/TMP_Sprite.shader using Guid(cf81c85f95fe47e1a27f6ae460cf182c) Importer(2089858483,b0f066a214c2f5e87bad3c948f4d605d) (ScriptedImporter) -> (Import Result ID: '7d311a1976b8da24c9dc99122161a0af') in 0.0054212 seconds [static and dynamic dependencies]. Details - ImportResultOutputID=4d92bf4be5b78b045742d01c1fa1a997 DependenciesID=fd25dbe7ec0306ade7312a98820a00f3 StaticDependenciesID=a81e5bd42182df2690e5bdad867634f4 
Number of updated asset objects reloaded before import = 0Number of asset objects unloaded after import = 1

========================================================================
Received Import Request.
  Time since last request: 0.000029 seconds.
  path: Assets/SunboxGames/ModularDungeonCaves/Materials/RootsSmall.mat
  importAddress: Guid(c2f82b5fc6d659440acf755a12d39167) Importer(2089858483,b0f066a214c2f5e87bad3c948f4d605d)
Start importing Assets/SunboxGames/ModularDungeonCaves/Materials/RootsSmall.mat using Guid(c2f82b5fc6d659440acf755a12d39167) Importer(2089858483,b0f066a214c2f5e87bad3c948f4d605d) (ScriptedImporter) -> (Import Result ID: 'e87775d938649755cc04d65acab9ae4a') in 0.1185134 seconds [static and dynamic dependencies]. Details - ImportResultOutputID=b2702709f014a20478d9add3b70311d2 DependenciesID=b2c2e5973f9452344c8bef33548e181d StaticDependenciesID=3b796850147780dcd60a2f868f5a8630 
Number of updated asset objects reloaded before import = 0Number of asset objects unloaded after import = 4

========================================================================
Received Import Request.
  Time since last request: 0.000037 seconds.
  path: Assets/TextMesh Pro/Resources/Fonts & Materials/LiberationSans SDF - Outline.mat
  importAddress: Guid(79459efec17a4d00a321bdcc27bbc385) Importer(2089858483,b0f066a214c2f5e87bad3c948f4d605d)
Start importing Assets/TextMesh Pro/Resources/Fonts & Materials/LiberationSans SDF - Outline.mat using Guid(79459efec17a4d00a321bdcc27bbc385) Importer(2089858483,b0f066a214c2f5e87bad3c948f4d605d) (ScriptedImporter) -> (Import Result ID: '7f064e1fd559cd5a32bf73142d71347e') in 0.0099659 seconds [static and dynamic dependencies]. Details - ImportResultOutputID=f7979b0193b5ac7302f70b2fae86480f DependenciesID=605ea2213ca3bb1f4d99fd6bc5e55f86 StaticDependenciesID=f2f0736f3a5db41089dc2de22e52e727 
Number of updated asset objects reloaded before import = 0Number of asset objects unloaded after import = 2

========================================================================
Received Import Request.
  Time since last request: 0.000040 seconds.
  path: Assets/SunboxGames/ModularDungeonCaves/Materials/TorchFlame.mat
  importAddress: Guid(f463e2a73ac99bd42ba13b8fea07fc7d) Importer(2089858483,b0f066a214c2f5e87bad3c948f4d605d)
Start importing Assets/SunboxGames/ModularDungeonCaves/Materials/TorchFlame.mat using Guid(f463e2a73ac99bd42ba13b8fea07fc7d) Importer(2089858483,b0f066a214c2f5e87bad3c948f4d605d) (ScriptedImporter) -> (Import Result ID: 'b95b35e02e730125ddda867cbac46771') in 0.0043072 seconds [static and dynamic dependencies]. Details - ImportResultOutputID=3633552d839c2d89598d6dfc0a60e8b9 DependenciesID=230e9f34e295e9e4ba8987e7ce8480f3 StaticDependenciesID=3c533ec14e935710ba5691c149ebbcec 
Number of updated asset objects reloaded before import = 0Number of asset objects unloaded after import = 1

========================================================================
Received Import Request.
  Time since last request: 0.000040 seconds.
  path: Assets/SunboxGames/ModularDungeonCaves/Materials/CaveFloors.mat
  importAddress: Guid(8ef0bb797392a884bb6d8803f849bfd9) Importer(2089858483,b0f066a214c2f5e87bad3c948f4d605d)
Start importing Assets/SunboxGames/ModularDungeonCaves/Materials/CaveFloors.mat using Guid(8ef0bb797392a884bb6d8803f849bfd9) Importer(2089858483,b0f066a214c2f5e87bad3c948f4d605d) (ScriptedImporter) -> (Import Result ID: '84881851652fbb2a52606a06f3caacf3') in 0.0541493 seconds [static and dynamic dependencies]. Details - ImportResultOutputID=c00acd05272ed8f3bfc836aa24e7294a DependenciesID=12ef0b968180e8426491cdab7c4025fc StaticDependenciesID=52c34dc0eda492b5e8b28fa8c6bc0d50 
Number of updated asset objects reloaded before import = 0Number of asset objects unloaded after import = 4

========================================================================
Received Import Request.
  Time since last request: 0.000032 seconds.
  path: Assets/SunboxGames/ModularDungeonCaves/Models/Mushrooms.fbx
  importAddress: Guid(35e29f74a688a6e4c902bfa79d6f7cca) Importer(2089858483,b0f066a214c2f5e87bad3c948f4d605d)
Start importing Assets/SunboxGames/ModularDungeonCaves/Models/Mushrooms.fbx using Guid(35e29f74a688a6e4c902bfa79d6f7cca) Importer(2089858483,b0f066a214c2f5e87bad3c948f4d605d) (ScriptedImporter) -> (Import Result ID: '009981c37fe2693d66384e9e79e275d0') in 0.0088761 seconds [static and dynamic dependencies]. Details - ImportResultOutputID=3dcebafbb46740827e77cef8178e9006 DependenciesID=1f2cc3a569ad235759e5c2088cad7d1b StaticDependenciesID=d8863a09c97f003c1e86cb3e00423084 
Number of updated asset objects reloaded before import = 0Number of asset objects unloaded after import = 39

========================================================================
Received Import Request.
  Time since last request: 0.000027 seconds.
  path: Assets/SunboxGames/ModularDungeonCaves/Materials/DungeonProps05.mat
  importAddress: Guid(03acc9347e037aa48902027ad10c4886) Importer(2089858483,b0f066a214c2f5e87bad3c948f4d605d)
Start importing Assets/SunboxGames/ModularDungeonCaves/Materials/DungeonProps05.mat using Guid(03acc9347e037aa48902027ad10c4886) Importer(2089858483,b0f066a214c2f5e87bad3c948f4d605d) (ScriptedImporter) -> (Import Result ID: '38ed19c959304b657f881dae4b91b886') in 0.115922 seconds [static and dynamic dependencies]. Details - ImportResultOutputID=0de621abec064d2fde12feb015425468 DependenciesID=ba50daca8bd560d2a6260482821cbc01 StaticDependenciesID=8d41656000a2175ffdcaeda9c758e4cf 
Number of updated asset objects reloaded before import = 0Number of asset objects unloaded after import = 5

========================================================================
Received Import Request.
  Time since last request: 0.000033 seconds.
  path: Assets/SunboxGames/ModularDungeonCaves/Textures/drachenfels_cellar_2k.hdr
  importAddress: Guid(2c29d93232d3d84499c0a546c09e625f) Importer(2089858483,b0f066a214c2f5e87bad3c948f4d605d)
Start importing Assets/SunboxGames/ModularDungeonCaves/Textures/drachenfels_cellar_2k.hdr using Guid(2c29d93232d3d84499c0a546c09e625f) Importer(2089858483,b0f066a214c2f5e87bad3c948f4d605d) (ScriptedImporter) -> (Import Result ID: '2d26a32db853956273542b23802eab13') in 0.0106638 seconds [static and dynamic dependencies]. Details - ImportResultOutputID=c47430457ea49223220fe12414bcc3b6 DependenciesID=482e9544227824fd800adfd12fc9f405 StaticDependenciesID=bfcc7bf8e061d6761d3b1e75d383d8b8 
Number of updated asset objects reloaded before import = 0Number of asset objects unloaded after import = 1

========================================================================
Received Import Request.
  Time since last request: 0.000058 seconds.
  path: Assets/materials/rock_wall_02_4k.blend/textures/rock_wall_02_rough_4k.jpg
  importAddress: Guid(b5f8febe3aadd0947afc648fe5b2e90a) Importer(2089858483,b0f066a214c2f5e87bad3c948f4d605d)
Start importing Assets/materials/rock_wall_02_4k.blend/textures/rock_wall_02_rough_4k.jpg using Guid(b5f8febe3aadd0947afc648fe5b2e90a) Importer(2089858483,b0f066a214c2f5e87bad3c948f4d605d) (ScriptedImporter) -> (Import Result ID: 'c90af15c6c427075b80924d34f2a0fa1') in 0.0088732 seconds [static and dynamic dependencies]. Details - ImportResultOutputID=e36617b85583a699981dab9d46f7b44a DependenciesID=106f2088cf300372dce50fa42cd7aa52 StaticDependenciesID=ede9163db430dd025e5422857efb5159 
Number of updated asset objects reloaded before import = 0Number of asset objects unloaded after import = 1

========================================================================
Received Import Request.
  Time since last request: 0.000024 seconds.
  path: Assets/mesh/未烧裂甲骨/Meshy_AI_Turtle_shell_fragment_0801173027_texture_fbx/Meshy_AI_Turtle_shell_fragment_0801173027_texture_normal.png
  importAddress: Guid(e31362425df2dca4e985324c377f18af) Importer(2089858483,b0f066a214c2f5e87bad3c948f4d605d)
Start importing Assets/mesh/未烧裂甲骨/Meshy_AI_Turtle_shell_fragment_0801173027_texture_fbx/Meshy_AI_Turtle_shell_fragment_0801173027_texture_normal.png using Guid(e31362425df2dca4e985324c377f18af) Importer(2089858483,b0f066a214c2f5e87bad3c948f4d605d) (ScriptedImporter) -> (Import Result ID: '7b49858972d78243ca7c23125de885dc') in 0.0085507 seconds [static and dynamic dependencies]. Details - ImportResultOutputID=95e63410c4abbb63cff00d4e95014f4a DependenciesID=e39a8fcf8797e78477d6e539e6d9521f StaticDependenciesID=dc8340323c0ae201e58ed892776ddcfe 
Number of updated asset objects reloaded before import = 0Number of asset objects unloaded after import = 1

========================================================================
Received Import Request.
  Time since last request: 0.000025 seconds.
  path: Assets/SunboxGames/ModularDungeonCaves/Models/CavePlatforms_01.fbx
  importAddress: Guid(a453ed13c61560a48bc7b19defa96c32) Importer(2089858483,b0f066a214c2f5e87bad3c948f4d605d)
Start importing Assets/SunboxGames/ModularDungeonCaves/Models/CavePlatforms_01.fbx using Guid(a453ed13c61560a48bc7b19defa96c32) Importer(2089858483,b0f066a214c2f5e87bad3c948f4d605d) (ScriptedImporter) -> (Import Result ID: 'a29fe8b3745d1e3f636b553c392f14f2') in 0.0138057 seconds [static and dynamic dependencies]. Details - ImportResultOutputID=891727b6a20cc36ee1094891237c75ad DependenciesID=73a3461f27f781af1f8b0a36121e7691 StaticDependenciesID=7a039cb7b74f7cd87043d6c849c793fd 
Number of updated asset objects reloaded before import = 0Number of asset objects unloaded after import = 64

========================================================================
Received Import Request.
  Time since last request: 0.000028 seconds.
  path: Assets/mesh/烧裂甲骨/Meshy_AI_Cracked_Marble_Bust_0801173147_texture_fbx/Meshy_AI_Cracked_Marble_Bust_0801173147_texture_roughness.png
  importAddress: Guid(7ddfefe18a6f7f144a9ca25038d7ff48) Importer(2089858483,b0f066a214c2f5e87bad3c948f4d605d)
Start importing Assets/mesh/烧裂甲骨/Meshy_AI_Cracked_Marble_Bust_0801173147_texture_fbx/Meshy_AI_Cracked_Marble_Bust_0801173147_texture_roughness.png using Guid(7ddfefe18a6f7f144a9ca25038d7ff48) Importer(2089858483,b0f066a214c2f5e87bad3c948f4d605d) (ScriptedImporter) -> (Import Result ID: '46a3f4c773475c7117dc450c5cdab8e2') in 0.0077569 seconds [static and dynamic dependencies]. Details - ImportResultOutputID=98afa4e0891098d873b24e33c5fb68e9 DependenciesID=a5471f53e9f05d48fd58ee543a4e8750 StaticDependenciesID=155e4688e931c4ec6d8be6683bd31b4f 
Number of updated asset objects reloaded before import = 0Number of asset objects unloaded after import = 1

========================================================================
Received Import Request.
  Time since last request: 0.000020 seconds.
  path: Assets/SunboxGames/ModularDungeonCaves/Models/Cobweb_01.fbx
  importAddress: Guid(6bf3384351577c8469a4d405b8f7c901) Importer(2089858483,b0f066a214c2f5e87bad3c948f4d605d)
Start importing Assets/SunboxGames/ModularDungeonCaves/Models/Cobweb_01.fbx using Guid(6bf3384351577c8469a4d405b8f7c901) Importer(2089858483,b0f066a214c2f5e87bad3c948f4d605d) (ScriptedImporter) -> (Import Result ID: '13caf9f9a1daf04004eaaebb45498050') in 0.0069964 seconds [static and dynamic dependencies]. Details - ImportResultOutputID=8274fb6b5dba22602e1133e4f8fade2f DependenciesID=78a647e5574d342561ce83ff38d7c265 StaticDependenciesID=e4b49489d43e67e169e4864d0d1c64d6 
Number of updated asset objects reloaded before import = 0Number of asset objects unloaded after import = 24

========================================================================
Received Import Request.
  Time since last request: 0.000029 seconds.
  path: Assets/SunboxGames/ModularDungeonCaves/Materials/DungeonProps01.mat
  importAddress: Guid(28a1c508cafbb1148962e830554532fe) Importer(2089858483,b0f066a214c2f5e87bad3c948f4d605d)
Start importing Assets/SunboxGames/ModularDungeonCaves/Materials/DungeonProps01.mat using Guid(28a1c508cafbb1148962e830554532fe) Importer(2089858483,b0f066a214c2f5e87bad3c948f4d605d) (ScriptedImporter) -> (Import Result ID: '46a1aa58d767396f31662d2d55558f64') in 0.0726242 seconds [static and dynamic dependencies]. Details - ImportResultOutputID=6fb6a6fcb89664505eab9e8873943a58 DependenciesID=bc4be930eeb0ee2f31432b8a6b934f71 StaticDependenciesID=17a2b87904f0d22d49bcfa22d05f2f34 
Number of updated asset objects reloaded before import = 0Number of asset objects unloaded after import = 5

========================================================================
Received Import Request.
  Time since last request: 0.000035 seconds.
  path: Assets/mesh/未烧裂甲骨/Meshy_AI_Turtle_shell_fragment_0801173027_texture_fbx/Meshy_AI_Turtle_shell_fragment_0801173027_texture_metallic.png
  importAddress: Guid(f05aade5329c1fa4696752b7bf07100a) Importer(2089858483,b0f066a214c2f5e87bad3c948f4d605d)
Start importing Assets/mesh/未烧裂甲骨/Meshy_AI_Turtle_shell_fragment_0801173027_texture_fbx/Meshy_AI_Turtle_shell_fragment_0801173027_texture_metallic.png using Guid(f05aade5329c1fa4696752b7bf07100a) Importer(2089858483,b0f066a214c2f5e87bad3c948f4d605d) (ScriptedImporter) -> (Import Result ID: 'b3913c0ae47931c8dc25601db268cdc9') in 0.0109618 seconds [static and dynamic dependencies]. Details - ImportResultOutputID=86db40edb83332448cfddcf16ad4b8ea DependenciesID=63420bb2cadf9432392adeba6243713a StaticDependenciesID=77310e74dd94d91a78345144425e48f0 
Number of updated asset objects reloaded before import = 0Number of asset objects unloaded after import = 1

========================================================================
Received Import Request.
  Time since last request: 0.000021 seconds.
  path: Assets/materials/rusty_metal_sheet_4k/textures/rusty_metal_sheet_nor_gl_4k.exr
  importAddress: Guid(7aeece2e40ff8bf42b37aeac8d290618) Importer(2089858483,b0f066a214c2f5e87bad3c948f4d605d)
Start importing Assets/materials/rusty_metal_sheet_4k/textures/rusty_metal_sheet_nor_gl_4k.exr using Guid(7aeece2e40ff8bf42b37aeac8d290618) Importer(2089858483,b0f066a214c2f5e87bad3c948f4d605d) (ScriptedImporter) -> (Import Result ID: '235d0740538ac6796762c7bcbf01b0df') in 0.0081421 seconds [static and dynamic dependencies]. Details - ImportResultOutputID=daf3e23089fa51c2faf3e52c49b61aed DependenciesID=82bd5158f11127a8ce9e1bd9675cca38 StaticDependenciesID=8e4827ae659045fdc29443ec2e172b69 
Number of updated asset objects reloaded before import = 0Number of asset objects unloaded after import = 1

========================================================================
Received Import Request.
  Time since last request: 0.000044 seconds.
  path: Assets/SunboxGames/ModularDungeonCaves/Materials/CandleFlame.mat
  importAddress: Guid(1abdf150dd2eda341a64b39fa5b50791) Importer(2089858483,b0f066a214c2f5e87bad3c948f4d605d)
Start importing Assets/SunboxGames/ModularDungeonCaves/Materials/CandleFlame.mat using Guid(1abdf150dd2eda341a64b39fa5b50791) Importer(2089858483,b0f066a214c2f5e87bad3c948f4d605d) (ScriptedImporter) -> (Import Result ID: 'a260efac6beed7b49496fb32bf4581cc') in 0.0065307 seconds [static and dynamic dependencies]. Details - ImportResultOutputID=13fb469932208f85e3b5d54e7171a020 DependenciesID=6bb9bd06bc19731406ab766c580e0e18 StaticDependenciesID=d68d22738a1dce5652ee31aeec77e9fe 
Number of updated asset objects reloaded before import = 0Number of asset objects unloaded after import = 2

========================================================================
Received Import Request.
  Time since last request: 0.000022 seconds.
  path: Assets/materials/Meshy_AI_Runic_Stone_Fragment_0801055037_texture_fbx/Materials/Meshy_AI_Runic_Stone_Fragment_0801055037_texture.mat
  importAddress: Guid(ea827bf5fca0a1c48980d976f4499822) Importer(2089858483,b0f066a214c2f5e87bad3c948f4d605d)
Start importing Assets/materials/Meshy_AI_Runic_Stone_Fragment_0801055037_texture_fbx/Materials/Meshy_AI_Runic_Stone_Fragment_0801055037_texture.mat using Guid(ea827bf5fca0a1c48980d976f4499822) Importer(2089858483,b0f066a214c2f5e87bad3c948f4d605d) (ScriptedImporter) -> (Import Result ID: 'cb715e0ed3ee9a908de8ae61819e28d0') in 0.0086766 seconds [static and dynamic dependencies]. Details - ImportResultOutputID=1c6c7891eea57daa780b4ebab3e76276 DependenciesID=b83e8c0e674e58e45317aa677d61108e StaticDependenciesID=ce511a973423eb9fa76720e0a2db7bff 
Number of updated asset objects reloaded before import = 0Number of asset objects unloaded after import = 3

========================================================================
Received Import Request.
  Time since last request: 0.000032 seconds.
  path: Assets/TextMesh Pro/Shaders/TMP_SDF-Surface-Mobile.shader
  importAddress: Guid(85187c2149c549c5b33f0cdb02836b17) Importer(2089858483,b0f066a214c2f5e87bad3c948f4d605d)
Start importing Assets/TextMesh Pro/Shaders/TMP_SDF-Surface-Mobile.shader using Guid(85187c2149c549c5b33f0cdb02836b17) Importer(2089858483,b0f066a214c2f5e87bad3c948f4d605d) (ScriptedImporter) -> (Import Result ID: '082b5eafd1edff60d2dfd33a613a05cc') in 0.0032038 seconds [static and dynamic dependencies]. Details - ImportResultOutputID=5f4677f588b48012a610ac7a9df9f386 DependenciesID=248168db15a96d3d5e50ec206ddaafc2 StaticDependenciesID=58c6b186186993a6af1eb808477416bb 
Number of updated asset objects reloaded before import = 0Number of asset objects unloaded after import = 1

========================================================================
Received Import Request.
  Time since last request: 0.000162 seconds.
  path: Assets/TextMesh Pro/Shaders/TMP_Bitmap-Mobile.shader
  importAddress: Guid(1e3b057af24249748ff873be7fafee47) Importer(2089858483,b0f066a214c2f5e87bad3c948f4d605d)
Start importing Assets/TextMesh Pro/Shaders/TMP_Bitmap-Mobile.shader using Guid(1e3b057af24249748ff873be7fafee47) Importer(2089858483,b0f066a214c2f5e87bad3c948f4d605d) (ScriptedImporter) -> (Import Result ID: 'db17dbf97b4fcbc276e567237e6b1262') in 0.0038265 seconds [static and dynamic dependencies]. Details - ImportResultOutputID=0ed1e2017b34155663766a1b439f9200 DependenciesID=bb78558fe1c79297f1713e000b39bc75 StaticDependenciesID=ba05bf65226584121c1346f54df493db 
Number of updated asset objects reloaded before import = 0Number of asset objects unloaded after import = 1

========================================================================
Received Import Request.
  Time since last request: 0.000047 seconds.
  path: Assets/TutorialInfo/Icons/URP.png
  importAddress: Guid(727a75301c3d24613a3ebcec4a24c2c8) Importer(2089858483,b0f066a214c2f5e87bad3c948f4d605d)
Start importing Assets/TutorialInfo/Icons/URP.png using Guid(727a75301c3d24613a3ebcec4a24c2c8) Importer(2089858483,b0f066a214c2f5e87bad3c948f4d605d) (ScriptedImporter) -> (Import Result ID: 'ecd974e819c039337d6a7386717ad6e1') in 0.0067566 seconds [static and dynamic dependencies]. Details - ImportResultOutputID=4e5282aa248f61d6f5be8a75031d22ca DependenciesID=c855c426c5ec9797f39c92cf81e254a3 StaticDependenciesID=87857bce5b5d2f59bec3089eac1f2769 
Number of updated asset objects reloaded before import = 0Number of asset objects unloaded after import = 1

========================================================================
Received Import Request.
  Time since last request: 0.000024 seconds.
  path: Assets/TripoModels/ancient_statue_3d_model_3/ancient_statue_3d_model_3.fbm/ancient_statue_3d_model_metallic_Smoothness.png
  importAddress: Guid(f08813f34b7a9f5499df832dbf84a90d) Importer(2089858483,b0f066a214c2f5e87bad3c948f4d605d)
Start importing Assets/TripoModels/ancient_statue_3d_model_3/ancient_statue_3d_model_3.fbm/ancient_statue_3d_model_metallic_Smoothness.png using Guid(f08813f34b7a9f5499df832dbf84a90d) Importer(2089858483,b0f066a214c2f5e87bad3c948f4d605d) (ScriptedImporter) -> (Import Result ID: '8c42049fd4f69073ab1b3ab863e07440') in 0.0114079 seconds [static and dynamic dependencies]. Details - ImportResultOutputID=ddfd4585956cb6ccaece0c876a53ce82 DependenciesID=5d6452a42184e0c3ba03d93a0f70d703 StaticDependenciesID=f24f66ac79cc5a8d7af2fe089d276e11 
Number of updated asset objects reloaded before import = 0Number of asset objects unloaded after import = 1

========================================================================
Received Import Request.
  Time since last request: 0.000022 seconds.
  path: Assets/TripoModels/ancient_chinese_statue_3d_model_5/Materials/ancient_chinese_statue_3d_model_basecolor.mat
  importAddress: Guid(3d20cac52fc27794f996b1648b08008e) Importer(2089858483,b0f066a214c2f5e87bad3c948f4d605d)
Start importing Assets/TripoModels/ancient_chinese_statue_3d_model_5/Materials/ancient_chinese_statue_3d_model_basecolor.mat using Guid(3d20cac52fc27794f996b1648b08008e) Importer(2089858483,b0f066a214c2f5e87bad3c948f4d605d) (ScriptedImporter) -> (Import Result ID: '0829c353750fdf9a7f58e9ff735e68c3') in 0.0175601 seconds [static and dynamic dependencies]. Details - ImportResultOutputID=36f98349f5a56b248de416f7b0f0391e DependenciesID=75d6d0d5ddc789f140176fa897103f65 StaticDependenciesID=473864e8926ae46967d83b5c60ee6f50 
Number of updated asset objects reloaded before import = 0Number of asset objects unloaded after import = 4

========================================================================
Received Import Request.
  Time since last request: 0.000029 seconds.
  path: Assets/TripoModels/ancient_statue_3d_model_1/ancient_statue_3d_model_1.fbm/ancient_statue_3d_model_normal.JPEG
  importAddress: Guid(ad681dac1b22d1c4789a94dc545de936) Importer(2089858483,b0f066a214c2f5e87bad3c948f4d605d)
Start importing Assets/TripoModels/ancient_statue_3d_model_1/ancient_statue_3d_model_1.fbm/ancient_statue_3d_model_normal.JPEG using Guid(ad681dac1b22d1c4789a94dc545de936) Importer(2089858483,b0f066a214c2f5e87bad3c948f4d605d) (ScriptedImporter) -> (Import Result ID: '4d7b9db595bfa7c20655ad119cd9142b') in 0.0104694 seconds [static and dynamic dependencies]. Details - ImportResultOutputID=00cbf7e3dfabf93e57b9a8dbd66d4fd8 DependenciesID=5527768daa8970a097a29bdcd20181b8 StaticDependenciesID=50ebafa9ec8514d40ea50effc0517549 
Number of updated asset objects reloaded before import = 0Number of asset objects unloaded after import = 1

========================================================================
Received Import Request.
  Time since last request: 0.000021 seconds.
  path: Assets/TripoModels/ancient_chinese_statue_3d_model_2/Materials/ancient_chinese_statue_3d_model_basecolor.mat
  importAddress: Guid(132d3884c6871804b89e2c4b947ab9f9) Importer(2089858483,b0f066a214c2f5e87bad3c948f4d605d)
Start importing Assets/TripoModels/ancient_chinese_statue_3d_model_2/Materials/ancient_chinese_statue_3d_model_basecolor.mat using Guid(132d3884c6871804b89e2c4b947ab9f9) Importer(2089858483,b0f066a214c2f5e87bad3c948f4d605d) (ScriptedImporter) -> (Import Result ID: 'c3cac236418e46830e51b1945433f619') in 0.016444 seconds [static and dynamic dependencies]. Details - ImportResultOutputID=bdf9208c27baeb4789f96f8b9719b352 DependenciesID=38e05444101c66c3b023b469a6b60598 StaticDependenciesID=c2a76f6bb3efe09cafec33c40aa66064 
Number of updated asset objects reloaded before import = 0Number of asset objects unloaded after import = 4

========================================================================
Received Import Request.
  Time since last request: 0.000033 seconds.
  path: Assets/TripoModels/ancient_statue_3d_model_2/ancient_statue_3d_model_2.fbm/ancient_statue_3d_model_metallic_Smoothness.png
  importAddress: Guid(20718f66fdef1364a8ec2ff976b6fd65) Importer(2089858483,b0f066a214c2f5e87bad3c948f4d605d)
Start importing Assets/TripoModels/ancient_statue_3d_model_2/ancient_statue_3d_model_2.fbm/ancient_statue_3d_model_metallic_Smoothness.png using Guid(20718f66fdef1364a8ec2ff976b6fd65) Importer(2089858483,b0f066a214c2f5e87bad3c948f4d605d) (ScriptedImporter) -> (Import Result ID: 'a46e0c2f7496cb212fb5a15fe1d44fdd') in 0.0078031 seconds [static and dynamic dependencies]. Details - ImportResultOutputID=64338a723ccf2faeabbc3e11b738a908 DependenciesID=ecb34842af0e5de5819c2ab5bf9f04d8 StaticDependenciesID=1cdaf8dc11060c82b0554ec1232b06f5 
Number of updated asset objects reloaded before import = 0Number of asset objects unloaded after import = 1

========================================================================
Received Import Request.
  Time since last request: 0.000032 seconds.
  path: Assets/TripoModels/ancient_chinese_emperor_statue_3d_model/ancient_chinese_emperor_statue_3d_model.fbm/ancient_chinese_emperor_statue_3d_model_normal.JPEG
  importAddress: Guid(4a1222847ca0726448a82171330be4ef) Importer(2089858483,b0f066a214c2f5e87bad3c948f4d605d)
Start importing Assets/TripoModels/ancient_chinese_emperor_statue_3d_model/ancient_chinese_emperor_statue_3d_model.fbm/ancient_chinese_emperor_statue_3d_model_normal.JPEG using Guid(4a1222847ca0726448a82171330be4ef) Importer(2089858483,b0f066a214c2f5e87bad3c948f4d605d) (ScriptedImporter) -> (Import Result ID: '300ad94aa4de6f7d0edf221a8162e702') in 0.0135171 seconds [static and dynamic dependencies]. Details - ImportResultOutputID=76c2eedab601a638deaf6ae46bd69645 DependenciesID=66b14f536bcfa37bff5192cf0c14714a StaticDependenciesID=29ade0ec127956cbc3b3926a341bff65 
Number of updated asset objects reloaded before import = 0Number of asset objects unloaded after import = 1

========================================================================
Received Import Request.
  Time since last request: 0.000025 seconds.
  path: Assets/TripoModels/ancient_chinese_statue_3d_model/Materials/ancient_chinese_statue_3d_model_basecolor.mat
  importAddress: Guid(b11511cf7a2a507489b42d0179caacda) Importer(2089858483,b0f066a214c2f5e87bad3c948f4d605d)
Start importing Assets/TripoModels/ancient_chinese_statue_3d_model/Materials/ancient_chinese_statue_3d_model_basecolor.mat using Guid(b11511cf7a2a507489b42d0179caacda) Importer(2089858483,b0f066a214c2f5e87bad3c948f4d605d) (ScriptedImporter) -> (Import Result ID: '9238f207119934eed4718d15d74c77f3') in 0.0160873 seconds [static and dynamic dependencies]. Details - ImportResultOutputID=abc02fba2635c6625846dfb53c2f009e DependenciesID=3bb2c36f87e48a07e3ee5c360074d315 StaticDependenciesID=10eb99950e4dd51555d43f9d3ab398e1 
Number of updated asset objects reloaded before import = 0Number of asset objects unloaded after import = 4

========================================================================
Received Import Request.
  Time since last request: 0.000030 seconds.
  path: Assets/TripoModels/ancient_chinese_queen_3d_model/ancient_chinese_queen_3d_model.fbm/ancient_chinese_queen_3d_model_normal.JPEG
  importAddress: Guid(abe4b317e9ffff145ab95136be476f68) Importer(2089858483,b0f066a214c2f5e87bad3c948f4d605d)
Start importing Assets/TripoModels/ancient_chinese_queen_3d_model/ancient_chinese_queen_3d_model.fbm/ancient_chinese_queen_3d_model_normal.JPEG using Guid(abe4b317e9ffff145ab95136be476f68) Importer(2089858483,b0f066a214c2f5e87bad3c948f4d605d) (ScriptedImporter) -> (Import Result ID: '78fc09b5381bdef704f857bf58ca2925') in 0.0088819 seconds [static and dynamic dependencies]. Details - ImportResultOutputID=a43f95d6ebd2a89a4c5430d80ccc4b6c DependenciesID=5d8e16768a90b17b337004f95edd7936 StaticDependenciesID=988313358d8f88e655b2c0b476b4189f 
Number of updated asset objects reloaded before import = 0Number of asset objects unloaded after import = 1

========================================================================
Received Import Request.
  Time since last request: 0.000022 seconds.
  path: Assets/TripoModels/ancient_goddess_statue_3d_model/ancient_goddess_statue_3d_model.fbm/ancient_goddess_statue_3d_model_basecolor.JPEG
  importAddress: Guid(162cff8f03e8d674493a8338a1ec5181) Importer(2089858483,b0f066a214c2f5e87bad3c948f4d605d)
Start importing Assets/TripoModels/ancient_goddess_statue_3d_model/ancient_goddess_statue_3d_model.fbm/ancient_goddess_statue_3d_model_basecolor.JPEG using Guid(162cff8f03e8d674493a8338a1ec5181) Importer(2089858483,b0f066a214c2f5e87bad3c948f4d605d) (ScriptedImporter) -> (Import Result ID: '5834011f8c64536dcda11691e7c130a3') in 0.0075226 seconds [static and dynamic dependencies]. Details - ImportResultOutputID=f005db56ea2349618273bfdeb602bc8d DependenciesID=de68f2a85a6e13cd2025e82e36ad9231 StaticDependenciesID=3484d6176e651514ded1065aa4933c21 
Number of updated asset objects reloaded before import = 0Number of asset objects unloaded after import = 1

========================================================================
Received Import Request.
  Time since last request: 0.000028 seconds.
  path: Assets/TripoModels/ancient_chinese_statue_3d_model/ancient_chinese_statue_3d_model.fbm/ancient_chinese_statue_3d_model_normal.JPEG
  importAddress: Guid(0395137415f4b654d825f051b881201f) Importer(2089858483,b0f066a214c2f5e87bad3c948f4d605d)
Start importing Assets/TripoModels/ancient_chinese_statue_3d_model/ancient_chinese_statue_3d_model.fbm/ancient_chinese_statue_3d_model_normal.JPEG using Guid(0395137415f4b654d825f051b881201f) Importer(2089858483,b0f066a214c2f5e87bad3c948f4d605d) (ScriptedImporter) -> (Import Result ID: '86e9b31ce0540b541c01c76c0b3afea5') in 0.0073807 seconds [static and dynamic dependencies]. Details - ImportResultOutputID=b1d815acc85c811c3579652f070ba7b9 DependenciesID=941bfd5becc47dec865cf1dad9b7fae3 StaticDependenciesID=e59dd760f11bce8ff5e1f5523012fae2 
Number of updated asset objects reloaded before import = 0Number of asset objects unloaded after import = 1

========================================================================
Received Import Request.
  Time since last request: 0.000026 seconds.
  path: Assets/TripoModels/ancient_ceremonial_statue_3d_model/ancient_ceremonial_statue_3d_model.fbm/ancient_ceremonial_statue_3d_model_normal.JPEG
  importAddress: Guid(449dcb190c87e6f4cbbd0bc48350d1fa) Importer(2089858483,b0f066a214c2f5e87bad3c948f4d605d)
Start importing Assets/TripoModels/ancient_ceremonial_statue_3d_model/ancient_ceremonial_statue_3d_model.fbm/ancient_ceremonial_statue_3d_model_normal.JPEG using Guid(449dcb190c87e6f4cbbd0bc48350d1fa) Importer(2089858483,b0f066a214c2f5e87bad3c948f4d605d) (ScriptedImporter) -> (Import Result ID: '0dd0528fbc4766c1a2b3483a3679c740') in 0.0079255 seconds [static and dynamic dependencies]. Details - ImportResultOutputID=b1801edb2016fd921d7d2d920047658b DependenciesID=6c96077c13ea6fa2fff59caca00c278d StaticDependenciesID=506a73fa280df2b6c3a791936dbd9dbb 
Number of updated asset objects reloaded before import = 0Number of asset objects unloaded after import = 1

========================================================================
Received Import Request.
  Time since last request: 0.000046 seconds.
  path: Assets/TripoModels/ancient_statue_3d_model_5/ancient_statue_3d_model_5.fbx
  importAddress: Guid(ff1a8a89d10efa949aadbe0398445539) Importer(2089858483,b0f066a214c2f5e87bad3c948f4d605d)
Start importing Assets/TripoModels/ancient_statue_3d_model_5/ancient_statue_3d_model_5.fbx using Guid(ff1a8a89d10efa949aadbe0398445539) Importer(2089858483,b0f066a214c2f5e87bad3c948f4d605d) (ScriptedImporter)MaterialLocation.External is obsolete. External Material Location is no longer supported. (Assets/TripoModels/ancient_statue_3d_model_5/ancient_statue_3d_model_5.fbx)
 -> (Import Result ID: 'adcacc04ebbc882add04fccb3b8bb3e5') in 0.0078265 seconds [static and dynamic dependencies]. Details - ImportResultOutputID=ac75ffea5e3c7057449717634a36195f DependenciesID=1f746ead27cc8e1ffdc5d9a76c2d289e StaticDependenciesID=76dde453c138283c9bc2a7e84d13e527 
Number of updated asset objects reloaded before import = 0Number of asset objects unloaded after import = 8

========================================================================
Received Import Request.
  Time since last request: 0.000035 seconds.
  path: Assets/materials/rusty_metal_sheet_4k/textures/d96471b02dd8f09818b4edffb117674a.jpg
  importAddress: Guid(1f87c8aab940ade44819e140bdfd8ab1) Importer(2089858483,b0f066a214c2f5e87bad3c948f4d605d)
Start importing Assets/materials/rusty_metal_sheet_4k/textures/d96471b02dd8f09818b4edffb117674a.jpg using Guid(1f87c8aab940ade44819e140bdfd8ab1) Importer(2089858483,b0f066a214c2f5e87bad3c948f4d605d) (ScriptedImporter) -> (Import Result ID: 'e6461d3ea3fd2db64e2fee0f4a88265e') in 0.0069746 seconds [static and dynamic dependencies]. Details - ImportResultOutputID=6dbf64aa9356762b9e14a66a4939cf88 DependenciesID=7cefec683579e176bd2c6fcf266d16ba StaticDependenciesID=efe26ad62863560af2a09c75ff99f681 
Number of updated asset objects reloaded before import = 0Number of asset objects unloaded after import = 1

========================================================================
Received Import Request.
  Time since last request: 0.000027 seconds.
  path: Assets/TripoModels/ancient_statue_3d_model_4/ancient_statue_3d_model_4.fbx
  importAddress: Guid(42ab4b8c4975a5b4fa10f0034bb1a6d9) Importer(2089858483,b0f066a214c2f5e87bad3c948f4d605d)
Start importing Assets/TripoModels/ancient_statue_3d_model_4/ancient_statue_3d_model_4.fbx using Guid(42ab4b8c4975a5b4fa10f0034bb1a6d9) Importer(2089858483,b0f066a214c2f5e87bad3c948f4d605d) (ScriptedImporter)MaterialLocation.External is obsolete. External Material Location is no longer supported. (Assets/TripoModels/ancient_statue_3d_model_4/ancient_statue_3d_model_4.fbx)
 -> (Import Result ID: 'a6d29f405cdc1bcd40ed772b5a39d8ca') in 0.0111871 seconds [static and dynamic dependencies]. Details - ImportResultOutputID=ec429a1078ab7694da664333cbaa16db DependenciesID=80a200d0250e73d3d9344da1e5e3629c StaticDependenciesID=d82c607846b576b2e0c4e82295fde391 
Number of updated asset objects reloaded before import = 0Number of asset objects unloaded after import = 8

========================================================================
Received Import Request.
  Time since last request: 0.000025 seconds.
  path: Assets/TripoModels/ancient_goddess_statue_3d_model/ancient_goddess_statue_3d_model.fbm/ancient_goddess_statue_3d_model_metallic_Smoothness.png
  importAddress: Guid(9299c06ae425b7046a846a192a0839fd) Importer(2089858483,b0f066a214c2f5e87bad3c948f4d605d)
Start importing Assets/TripoModels/ancient_goddess_statue_3d_model/ancient_goddess_statue_3d_model.fbm/ancient_goddess_statue_3d_model_metallic_Smoothness.png using Guid(9299c06ae425b7046a846a192a0839fd) Importer(2089858483,b0f066a214c2f5e87bad3c948f4d605d) (ScriptedImporter) -> (Import Result ID: '65878a04b59cc0ca8aeaae31d119b59d') in 0.0080658 seconds [static and dynamic dependencies]. Details - ImportResultOutputID=d19b5c1801fcd7c0398c6a91a57569fa DependenciesID=4ab68379624082cd4acb70e3448123e2 StaticDependenciesID=1645b2bdf0ca5afb0d54524355bb29a8 
Number of updated asset objects reloaded before import = 0Number of asset objects unloaded after import = 1

========================================================================
Received Import Request.
  Time since last request: 0.000025 seconds.
  path: Assets/TripoModels/ancient_statue_3d_model_3/ancient_statue_3d_model_3.fbx
  importAddress: Guid(f43f6074759193e438628609802c93de) Importer(2089858483,b0f066a214c2f5e87bad3c948f4d605d)
Start importing Assets/TripoModels/ancient_statue_3d_model_3/ancient_statue_3d_model_3.fbx using Guid(f43f6074759193e438628609802c93de) Importer(2089858483,b0f066a214c2f5e87bad3c948f4d605d) (ScriptedImporter)MaterialLocation.External is obsolete. External Material Location is no longer supported. (Assets/TripoModels/ancient_statue_3d_model_3/ancient_statue_3d_model_3.fbx)
 -> (Import Result ID: '6aae476bfbf9e7e1e75964294e1346b1') in 0.0088773 seconds [static and dynamic dependencies]. Details - ImportResultOutputID=2fa792e6cf0c031bf2931a974b06bc87 DependenciesID=463db53a47a08e53c65afcdea7562e0a StaticDependenciesID=958720f7749e54a992f0d69a7eda98f4 
Number of updated asset objects reloaded before import = 0Number of asset objects unloaded after import = 8

========================================================================
Received Import Request.
  Time since last request: 0.000019 seconds.
  path: Assets/TripoModels/ancient_ceremonial_statue_3d_model/ancient_ceremonial_statue_3d_model.fbm/ancient_ceremonial_statue_3d_model_metallic_Smoothness.png
  importAddress: Guid(bd9be49ed23a33449ae29e84bcf13040) Importer(2089858483,b0f066a214c2f5e87bad3c948f4d605d)
Start importing Assets/TripoModels/ancient_ceremonial_statue_3d_model/ancient_ceremonial_statue_3d_model.fbm/ancient_ceremonial_statue_3d_model_metallic_Smoothness.png using Guid(bd9be49ed23a33449ae29e84bcf13040) Importer(2089858483,b0f066a214c2f5e87bad3c948f4d605d) (ScriptedImporter) -> (Import Result ID: '52ccac1b29a4e7734aabc4d6612f1efb') in 0.0088253 seconds [static and dynamic dependencies]. Details - ImportResultOutputID=3779e88c493f2914a6c6c58489a9a685 DependenciesID=a6f582a9c17ae49cbb6806dadcf3a634 StaticDependenciesID=8c831ecf2b09b76ae23b661238f2dab9 
Number of updated asset objects reloaded before import = 0Number of asset objects unloaded after import = 1

========================================================================
Received Import Request.
  Time since last request: 0.000023 seconds.
  path: Assets/mesh/烧裂甲骨/Meshy_AI_Cracked_Marble_Bust_0801173147_texture_fbx/Meshy_AI_Cracked_Marble_Bust_0801173147_texture_normal.png
  importAddress: Guid(c858fd6062705614f9bf9f30ced8642f) Importer(2089858483,b0f066a214c2f5e87bad3c948f4d605d)
Start importing Assets/mesh/烧裂甲骨/Meshy_AI_Cracked_Marble_Bust_0801173147_texture_fbx/Meshy_AI_Cracked_Marble_Bust_0801173147_texture_normal.png using Guid(c858fd6062705614f9bf9f30ced8642f) Importer(2089858483,b0f066a214c2f5e87bad3c948f4d605d) (ScriptedImporter) -> (Import Result ID: 'c06707e9be8cf4d84c90f7c9520808ee') in 0.009606 seconds [static and dynamic dependencies]. Details - ImportResultOutputID=78b842ac5b1c63ef44c0fa4b911cb474 DependenciesID=c2f019b446b4383979f8b75cd560ac45 StaticDependenciesID=a0dadd70620b0cfef8dcd1aa3540f90c 
Number of updated asset objects reloaded before import = 0Number of asset objects unloaded after import = 1

========================================================================
Received Import Request.
  Time since last request: 0.000042 seconds.
  path: Assets/TripoModels/ancient_chinese_statue_3d_model_4/ancient_chinese_statue_3d_model_4.fbm/ancient_chinese_statue_3d_model_basecolor.JPEG
  importAddress: Guid(8be8194373f72a443a703060aaf83349) Importer(2089858483,b0f066a214c2f5e87bad3c948f4d605d)
Start importing Assets/TripoModels/ancient_chinese_statue_3d_model_4/ancient_chinese_statue_3d_model_4.fbm/ancient_chinese_statue_3d_model_basecolor.JPEG using Guid(8be8194373f72a443a703060aaf83349) Importer(2089858483,b0f066a214c2f5e87bad3c948f4d605d) (ScriptedImporter) -> (Import Result ID: '76e663dd9f31bef9b31b4b77928486aa') in 0.0070786 seconds [static and dynamic dependencies]. Details - ImportResultOutputID=963b0c2cd8abf52ab9d5030988a65d5f DependenciesID=c9d48e8d5daa4abdf8b93ea4933c2ca8 StaticDependenciesID=f18090b8aae0d4f4cf24afd029988ba0 
Number of updated asset objects reloaded before import = 0Number of asset objects unloaded after import = 1

========================================================================
Received Import Request.
  Time since last request: 0.000020 seconds.
  path: Assets/TextMesh Pro/Shaders/TMP_Bitmap.shader
  importAddress: Guid(128e987d567d4e2c824d754223b3f3b0) Importer(2089858483,b0f066a214c2f5e87bad3c948f4d605d)
Start importing Assets/TextMesh Pro/Shaders/TMP_Bitmap.shader using Guid(128e987d567d4e2c824d754223b3f3b0) Importer(2089858483,b0f066a214c2f5e87bad3c948f4d605d) (ScriptedImporter) -> (Import Result ID: 'ac3b7f9a2dd49edacf629706f6027729') in 0.0040016 seconds [static and dynamic dependencies]. Details - ImportResultOutputID=801264749513a354bb42d28c98090565 DependenciesID=7d77b5e9fe754698ef1729636c2edc2b StaticDependenciesID=54796b178d1ac5560e8bbc383702abfe 
Number of updated asset objects reloaded before import = 0Number of asset objects unloaded after import = 1

========================================================================
Received Import Request.
  Time since last request: 0.000019 seconds.
  path: Assets/TripoModels/ancient_chinese_statue_3d_model_5/ancient_chinese_statue_3d_model_5.fbm/ancient_chinese_statue_3d_model_basecolor.JPEG
  importAddress: Guid(0244b509e5e1c354fa0a4480cecf2936) Importer(2089858483,b0f066a214c2f5e87bad3c948f4d605d)
Start importing Assets/TripoModels/ancient_chinese_statue_3d_model_5/ancient_chinese_statue_3d_model_5.fbm/ancient_chinese_statue_3d_model_basecolor.JPEG using Guid(0244b509e5e1c354fa0a4480cecf2936) Importer(2089858483,b0f066a214c2f5e87bad3c948f4d605d) (ScriptedImporter) -> (Import Result ID: 'd8cc3d0cc42c8889e579c2101ed89e04') in 0.0078378 seconds [static and dynamic dependencies]. Details - ImportResultOutputID=85098ad5cc19064cbfa1f5c69492598b DependenciesID=c96a46e5a6f44b83f6ff82207f89f4f1 StaticDependenciesID=8462b110e47f342515399b7e2b86e9d4 
Number of updated asset objects reloaded before import = 0Number of asset objects unloaded after import = 1

========================================================================
Received Import Request.
  Time since last request: 0.000024 seconds.
  path: Assets/Textures/Mud_1/Mud_1_Normal.png
  importAddress: Guid(b95db752bf3825741a3e4e30cdee2713) Importer(2089858483,b0f066a214c2f5e87bad3c948f4d605d)
Start importing Assets/Textures/Mud_1/Mud_1_Normal.png using Guid(b95db752bf3825741a3e4e30cdee2713) Importer(2089858483,b0f066a214c2f5e87bad3c948f4d605d) (ScriptedImporter) -> (Import Result ID: '641b2fe8471bd2da80eef573d84a9575') in 0.0095541 seconds [static and dynamic dependencies]. Details - ImportResultOutputID=d0467f5ff1092b6d5d0afa0e0be7cfe6 DependenciesID=57c9c7adbcd263de3da1ddc7e43ebff3 StaticDependenciesID=1cbac61ae2cbd850297dd1fe30c19ba1 
Number of updated asset objects reloaded before import = 0Number of asset objects unloaded after import = 1

========================================================================
Received Import Request.
  Time since last request: 0.000024 seconds.
  path: Assets/TripoModels/ancient_chinese_statue_3d_model/ancient_chinese_statue_3d_model.fbm/ancient_chinese_statue_3d_model_basecolor.JPEG
  importAddress: Guid(047acf64d99736742ab624d51edf082a) Importer(2089858483,b0f066a214c2f5e87bad3c948f4d605d)
Start importing Assets/TripoModels/ancient_chinese_statue_3d_model/ancient_chinese_statue_3d_model.fbm/ancient_chinese_statue_3d_model_basecolor.JPEG using Guid(047acf64d99736742ab624d51edf082a) Importer(2089858483,b0f066a214c2f5e87bad3c948f4d605d) (ScriptedImporter) -> (Import Result ID: '2fa876760e35ac24045262c65c955988') in 0.0073984 seconds [static and dynamic dependencies]. Details - ImportResultOutputID=86084ee7ce28ed011e4e76f382de0a32 DependenciesID=e34fb57de1984db0ef5eb1910a6aa8ca StaticDependenciesID=58de015130418a6e6ddaef41877b25b3 
Number of updated asset objects reloaded before import = 0Number of asset objects unloaded after import = 1

========================================================================
Received Import Request.
  Time since last request: 0.000032 seconds.
  path: Assets/materials/Meshy_AI_Ritual_bronze_ding_0703085930_texture_emission.png
  importAddress: Guid(c1c99cb26fa2b08419ed64771154208f) Importer(2089858483,b0f066a214c2f5e87bad3c948f4d605d)
Start importing Assets/materials/Meshy_AI_Ritual_bronze_ding_0703085930_texture_emission.png using Guid(c1c99cb26fa2b08419ed64771154208f) Importer(2089858483,b0f066a214c2f5e87bad3c948f4d605d) (ScriptedImporter) -> (Import Result ID: '4ff71666faa9d67dece9e707a3582681') in 0.0077898 seconds [static and dynamic dependencies]. Details - ImportResultOutputID=10944210820c8c49092e8570f4a414cd DependenciesID=05a486b3e5b891ac4a156a8473af655d StaticDependenciesID=ec0622a9b21d1b17836663f0ebe1b029 
Number of updated asset objects reloaded before import = 0Number of asset objects unloaded after import = 1

========================================================================
Received Import Request.
  Time since last request: 0.000032 seconds.
  path: Assets/Shader Graph/Test Material/New Material.mat
  importAddress: Guid(648a6b2beb18db4449938894a6ae88c9) Importer(2089858483,b0f066a214c2f5e87bad3c948f4d605d)
Start importing Assets/Shader Graph/Test Material/New Material.mat using Guid(648a6b2beb18db4449938894a6ae88c9) Importer(2089858483,b0f066a214c2f5e87bad3c948f4d605d) (ScriptedImporter) -> (Import Result ID: '96763e4b726bf4cd864bbeffd1c18d0a') in 0.0040663 seconds [static and dynamic dependencies]. Details - ImportResultOutputID=9ebdeb46c14b70371daa5a8fb519a5bd DependenciesID=b5acf5bd2ef2e7f1a1aaa81165fd20c1 StaticDependenciesID=8ad991826e3484792985f894cf5df7fc 
Number of updated asset objects reloaded before import = 0Number of asset objects unloaded after import = 1

========================================================================
Received Import Request.
  Time since last request: 0.000024 seconds.
  path: Assets/audio 1/tomb/Character/1/独白6（1）.wav
  importAddress: Guid(f9de4e26d762457499dad24b27f8dd0a) Importer(2089858483,b0f066a214c2f5e87bad3c948f4d605d)
Start importing Assets/audio 1/tomb/Character/1/独白6（1）.wav using Guid(f9de4e26d762457499dad24b27f8dd0a) Importer(2089858483,b0f066a214c2f5e87bad3c948f4d605d) (ScriptedImporter) -> (Import Result ID: '2c1d4937cb3448775738d37a52a0186d') in 0.0080703 seconds [static and dynamic dependencies]. Details - ImportResultOutputID=7f4fa307a4c92c35dcddf3e506e862c2 DependenciesID=6b464e7ca5e7f91d3c2901b32b03a414 StaticDependenciesID=b42fbc907793e2f2fa6ac9a423d51604 
Number of updated asset objects reloaded before import = 0Number of asset objects unloaded after import = 1

========================================================================
Received Import Request.
  Time since last request: 0.000025 seconds.
  path: Assets/audio 1/tomb/Character/1/独白6（2）.wav
  importAddress: Guid(80869cd7f5d1ee5439dd188e2f1a46eb) Importer(2089858483,b0f066a214c2f5e87bad3c948f4d605d)
Start importing Assets/audio 1/tomb/Character/1/独白6（2）.wav using Guid(80869cd7f5d1ee5439dd188e2f1a46eb) Importer(2089858483,b0f066a214c2f5e87bad3c948f4d605d) (ScriptedImporter) -> (Import Result ID: '20371d765f4db972baa2f8937892653a') in 0.0032981 seconds [static and dynamic dependencies]. Details - ImportResultOutputID=c0680953ada3dbb8900bb57d530e0f21 DependenciesID=3b41c615effe8ac373f863aa9052c78a StaticDependenciesID=90d24e47bad52f7e1c6e41465d3c5df4 
Number of updated asset objects reloaded before import = 0Number of asset objects unloaded after import = 1

========================================================================
Received Import Request.
  Time since last request: 0.000023 seconds.
  path: Assets/XR/Animated Hands/Animations/l_hand_default_anim.fbx
  importAddress: Guid(1ae9aefe37a62de429ddc2edd1ca36f3) Importer(2089858483,b0f066a214c2f5e87bad3c948f4d605d)
Start importing Assets/XR/Animated Hands/Animations/l_hand_default_anim.fbx using Guid(1ae9aefe37a62de429ddc2edd1ca36f3) Importer(2089858483,b0f066a214c2f5e87bad3c948f4d605d) (ScriptedImporter) -> (Import Result ID: 'b76caf6685e9d98e10edfbd102a3f013') in 0.0190992 seconds [static and dynamic dependencies]. Details - ImportResultOutputID=7daa6efd03783cb746387bc1522ff222 DependenciesID=80f15bbe7161f0f135818bd6e0487d37 StaticDependenciesID=0f2ca3a37fdbaa5182bc2e4222a9f8e3 
Number of updated asset objects reloaded before import = 0Number of asset objects unloaded after import = 57

========================================================================
Received Import Request.
  Time since last request: 0.000024 seconds.
  path: Assets/TripoModels/goddess_statue_3d_model/goddess_statue_3d_model.fbm/goddess_statue_3d_model_basecolor.JPEG
  importAddress: Guid(657895d880d3c6747a089ecc690ae7d9) Importer(2089858483,b0f066a214c2f5e87bad3c948f4d605d)
Start importing Assets/TripoModels/goddess_statue_3d_model/goddess_statue_3d_model.fbm/goddess_statue_3d_model_basecolor.JPEG using Guid(657895d880d3c6747a089ecc690ae7d9) Importer(2089858483,b0f066a214c2f5e87bad3c948f4d605d) (ScriptedImporter) -> (Import Result ID: '9a6ff36d31fcf96a55918154a5b3fe44') in 0.0074112 seconds [static and dynamic dependencies]. Details - ImportResultOutputID=3f71d6cfddaf0fc5029915bdc60908ff DependenciesID=342d1df13aa74d4416c5e96ef4c5251b StaticDependenciesID=6526f7bc573e8aa2ceb6d729467e4988 
Number of updated asset objects reloaded before import = 0Number of asset objects unloaded after import = 1

========================================================================
Received Import Request.
  Time since last request: 0.000026 seconds.
  path: Assets/TripoModels/ancient_warrior_statue_3d_model/Materials/ancient_warrior_statue_3d_model_basecolor.mat
  importAddress: Guid(37bafbd908b585a4a926431963e2b2f5) Importer(2089858483,b0f066a214c2f5e87bad3c948f4d605d)
Start importing Assets/TripoModels/ancient_warrior_statue_3d_model/Materials/ancient_warrior_statue_3d_model_basecolor.mat using Guid(37bafbd908b585a4a926431963e2b2f5) Importer(2089858483,b0f066a214c2f5e87bad3c948f4d605d) (ScriptedImporter) -> (Import Result ID: 'dfe277876d345b1000faac6b0c93c9e8') in 0.0182656 seconds [static and dynamic dependencies]. Details - ImportResultOutputID=8e9bef4cc5375abcad9ee1a065ce532c DependenciesID=5cd219a1303ab61035e8a5e6a026434a StaticDependenciesID=2f64c2268ed7817e92fac21c071fef90 
Number of updated asset objects reloaded before import = 0Number of asset objects unloaded after import = 4

========================================================================
Received Import Request.
  Time since last request: 0.000042 seconds.
  path: Assets/BefourStudios/AsianDynastyEnvironment/Art/Meshes/SM_Bazaar_Props11.fbx
  importAddress: Guid(abc00000000003148339630928815110) Importer(2089858483,b0f066a214c2f5e87bad3c948f4d605d)
Start importing Assets/BefourStudios/AsianDynastyEnvironment/Art/Meshes/SM_Bazaar_Props11.fbx using Guid(abc00000000003148339630928815110) Importer(2089858483,b0f066a214c2f5e87bad3c948f4d605d) (ScriptedImporter)MaterialLocation.External is obsolete. External Material Location is no longer supported. (Assets/BefourStudios/AsianDynastyEnvironment/Art/Meshes/SM_Bazaar_Props11.fbx)
 -> (Import Result ID: '5ece289d3c34b29a1aecc1bca6070114') in 0.0104071 seconds [static and dynamic dependencies]. Details - ImportResultOutputID=3b4f8698b0e5fed420ef85ab1b29e342 DependenciesID=90d11138dfff185336653a4b0cda9ed0 StaticDependenciesID=5ea24470d33e3d352a80ba237e0f32c4 
Number of updated asset objects reloaded before import = 0Number of asset objects unloaded after import = 42

========================================================================
Received Import Request.
  Time since last request: 0.000030 seconds.
  path: Assets/TripoModels/ancient_statue_3d_model_4/Materials/ancient_statue_3d_model_basecolor.mat
  importAddress: Guid(1a904bc540c1467459b7f3867072c39a) Importer(2089858483,b0f066a214c2f5e87bad3c948f4d605d)
Start importing Assets/TripoModels/ancient_statue_3d_model_4/Materials/ancient_statue_3d_model_basecolor.mat using Guid(1a904bc540c1467459b7f3867072c39a) Importer(2089858483,b0f066a214c2f5e87bad3c948f4d605d) (ScriptedImporter) -> (Import Result ID: '3551706bde583f8d51f5fa67a72bb941') in 0.0165255 seconds [static and dynamic dependencies]. Details - ImportResultOutputID=83caffcc4895457e7bb89c3c6e2ba29c DependenciesID=e23c2f0b897be10cb8fbf9c97590c985 StaticDependenciesID=352a453ad27fa4fca018bc1b051b1746 
Number of updated asset objects reloaded before import = 0Number of asset objects unloaded after import = 4

========================================================================
Received Import Request.
  Time since last request: 0.000030 seconds.
  path: Assets/TripoModels/ancient_warrior_statue_3d_model/ancient_warrior_statue_3d_model.fbm/ancient_warrior_statue_3d_model_normal.JPEG
  importAddress: Guid(39a863c3890f4364dbed66b30c551406) Importer(2089858483,b0f066a214c2f5e87bad3c948f4d605d)
Start importing Assets/TripoModels/ancient_warrior_statue_3d_model/ancient_warrior_statue_3d_model.fbm/ancient_warrior_statue_3d_model_normal.JPEG using Guid(39a863c3890f4364dbed66b30c551406) Importer(2089858483,b0f066a214c2f5e87bad3c948f4d605d) (ScriptedImporter) -> (Import Result ID: '2b74206ccb1b721191f1fa2c7af1ddeb') in 0.0087872 seconds [static and dynamic dependencies]. Details - ImportResultOutputID=15355c16ee82dea058ac41cb65a13c52 DependenciesID=328c56450352d92291a82585018c55f2 StaticDependenciesID=356a8d360095d6d8121c8b140cbee8ff 
Number of updated asset objects reloaded before import = 0Number of asset objects unloaded after import = 1

========================================================================
Received Import Request.
  Time since last request: 0.000022 seconds.
  path: Assets/TripoModels/bodhisattva_statue_3d_model_2/bodhisattva_statue_3d_model_2.fbm/bodhisattva_statue_3d_model_normal.JPEG
  importAddress: Guid(b33b29f37e97d504583c8e3a245cff43) Importer(2089858483,b0f066a214c2f5e87bad3c948f4d605d)
Start importing Assets/TripoModels/bodhisattva_statue_3d_model_2/bodhisattva_statue_3d_model_2.fbm/bodhisattva_statue_3d_model_normal.JPEG using Guid(b33b29f37e97d504583c8e3a245cff43) Importer(2089858483,b0f066a214c2f5e87bad3c948f4d605d) (ScriptedImporter) -> (Import Result ID: '1e28a0f8732bc1fea6f6f2ea0784e155') in 0.0082392 seconds [static and dynamic dependencies]. Details - ImportResultOutputID=94beece58b003803be0102bf2d7785a7 DependenciesID=27e54633c0e23552666e8da5cbb3f2de StaticDependenciesID=4ecdf1fecc1b4b5fc06b897c67c7c178 
Number of updated asset objects reloaded before import = 0Number of asset objects unloaded after import = 1

========================================================================
Received Import Request.
  Time since last request: 0.000025 seconds.
  path: Assets/TripoModels/ancient_statue_3d_model_3/Materials/ancient_statue_3d_model_basecolor.mat
  importAddress: Guid(16d2cef9575003244bc0933a6935aba4) Importer(2089858483,b0f066a214c2f5e87bad3c948f4d605d)
Start importing Assets/TripoModels/ancient_statue_3d_model_3/Materials/ancient_statue_3d_model_basecolor.mat using Guid(16d2cef9575003244bc0933a6935aba4) Importer(2089858483,b0f066a214c2f5e87bad3c948f4d605d) (ScriptedImporter) -> (Import Result ID: '0c4fa085e27336ff64625404dab6d63a') in 0.0124822 seconds [static and dynamic dependencies]. Details - ImportResultOutputID=a0e371e4350bed13aebb47432b0a5c3c DependenciesID=6b8a9981e481ddc6c3e96c05470fbda3 StaticDependenciesID=2adab0b4e315dcaa18b2884ef7aeb37c 
Number of updated asset objects reloaded before import = 0Number of asset objects unloaded after import = 4

========================================================================
Received Import Request.
  Time since last request: 0.000035 seconds.
  path: Assets/BefourStudios/AsianDynastyEnvironment/Art/Materials/M_TreeBranch.mat
  importAddress: Guid(78991cfc2dca76d4399ea59281cc56e2) Importer(2089858483,b0f066a214c2f5e87bad3c948f4d605d)
Start importing Assets/BefourStudios/AsianDynastyEnvironment/Art/Materials/M_TreeBranch.mat using Guid(78991cfc2dca76d4399ea59281cc56e2) Importer(2089858483,b0f066a214c2f5e87bad3c948f4d605d) (ScriptedImporter) -> (Import Result ID: 'dc0a0608c65e0b485821dab7fde2fac5') in 0.2155234 seconds [static and dynamic dependencies]. Details - ImportResultOutputID=af5bd51931f1eb6333f024e288c93cd1 DependenciesID=fb285b6833ac105942db237e5829473f StaticDependenciesID=4f6305ee64d99b9fedf5721946d781bd 
Number of updated asset objects reloaded before import = 0Number of asset objects unloaded after import = 8

========================================================================
Received Import Request.
  Time since last request: 0.000046 seconds.
  path: Assets/XR/Animated Hands/Animations/r_hand_pinch_anim.fbx
  importAddress: Guid(165871bb4fa915847973b6955c7a670d) Importer(2089858483,b0f066a214c2f5e87bad3c948f4d605d)
Start importing Assets/XR/Animated Hands/Animations/r_hand_pinch_anim.fbx using Guid(165871bb4fa915847973b6955c7a670d) Importer(2089858483,b0f066a214c2f5e87bad3c948f4d605d) (ScriptedImporter) -> (Import Result ID: '491293889f87df18b95ed5685949c024') in 0.0090555 seconds [static and dynamic dependencies]. Details - ImportResultOutputID=2ec5038a7cf38b873cdbac582d05c8c1 DependenciesID=dc5f4562b1ba0515fade55c29af771e4 StaticDependenciesID=1b39601eb57a7d89cc55eae0aa541599 
Number of updated asset objects reloaded before import = 0Number of asset objects unloaded after import = 57

========================================================================
Received Import Request.
  Time since last request: 0.000029 seconds.
  path: Assets/BefourStudios/AsianDynastyEnvironment/Art/Meshes/SM_Tree_02.fbx
  importAddress: Guid(abc00000000017552065482795166369) Importer(2089858483,b0f066a214c2f5e87bad3c948f4d605d)
Start importing Assets/BefourStudios/AsianDynastyEnvironment/Art/Meshes/SM_Tree_02.fbx using Guid(abc00000000017552065482795166369) Importer(2089858483,b0f066a214c2f5e87bad3c948f4d605d) (ScriptedImporter)MaterialLocation.External is obsolete. External Material Location is no longer supported. (Assets/BefourStudios/AsianDynastyEnvironment/Art/Meshes/SM_Tree_02.fbx)
 -> (Import Result ID: '5deecda678d5949126501952cee11f74') in 0.0094954 seconds [static and dynamic dependencies]. Details - ImportResultOutputID=b1d8892acd55bc4707f6c4d3b8442ca1 DependenciesID=17563208ca17a8e338e11d7788f1961c StaticDependenciesID=20cdaceb1831368550abfb8d1991189d 
Number of updated asset objects reloaded before import = 0Number of asset objects unloaded after import = 32

========================================================================
Received Import Request.
  Time since last request: 0.000036 seconds.
  path: Assets/BefourStudios/AsianDynastyEnvironment/Art/Prefabs/SM_Bazaar_Props11.prefab
  importAddress: Guid(abc00000000014975231452980376153) Importer(2089858483,e11c23a36db5f54750b8cd40eac0985b)
Start importing Assets/BefourStudios/AsianDynastyEnvironment/Art/Prefabs/SM_Bazaar_Props11.prefab using Guid(abc00000000014975231452980376153) Importer(2089858483,e11c23a36db5f54750b8cd40eac0985b) (ScriptedImporter) -> (Import Result ID: '4d732872c032c9560ae87b66061820be') in 0.0216016 seconds [static and dynamic dependencies]. Details - ImportResultOutputID=979a8c3def5b314adbd9709c59790a92 DependenciesID=5ab998461bed67d50a90951a537c30cf StaticDependenciesID=c4cf7fceb587415d6ae78bb6876996cf 
Number of updated asset objects reloaded before import = 0Number of asset objects unloaded after import = 39

========================================================================
Received Import Request.
  Time since last request: 0.000057 seconds.
  path: Assets/TripoModels/chinese_scholar_statue_3d_model/chinese_scholar_statue_3d_model.fbm/chinese_scholar_statue_3d_model_basecolor.JPEG
  importAddress: Guid(28ad57864c4d2044f8a91318d3d2a75e) Importer(2089858483,b0f066a214c2f5e87bad3c948f4d605d)
Start importing Assets/TripoModels/chinese_scholar_statue_3d_model/chinese_scholar_statue_3d_model.fbm/chinese_scholar_statue_3d_model_basecolor.JPEG using Guid(28ad57864c4d2044f8a91318d3d2a75e) Importer(2089858483,b0f066a214c2f5e87bad3c948f4d605d) (ScriptedImporter) -> (Import Result ID: 'dfdd56b0d5590c1616ef8d4e7a9981ae') in 0.007496 seconds [static and dynamic dependencies]. Details - ImportResultOutputID=148511e3d7abbac4e6b67be380ae52c8 DependenciesID=ee7606d5619cbef61f728fac6a9764a8 StaticDependenciesID=beba450595067389b4012c062691b1c5 
Number of updated asset objects reloaded before import = 0Number of asset objects unloaded after import = 1

========================================================================
Received Import Request.
  Time since last request: 0.000030 seconds.
  path: Assets/XR/Animated Hands/Animations/Left Hand Animator.controller
  importAddress: Guid(4b5efa0c69d901449a38989140500c0d) Importer(2089858483,b0f066a214c2f5e87bad3c948f4d605d)
Start importing Assets/XR/Animated Hands/Animations/Left Hand Animator.controller using Guid(4b5efa0c69d901449a38989140500c0d) Importer(2089858483,b0f066a214c2f5e87bad3c948f4d605d) (ScriptedImporter) -> (Import Result ID: '0ec02004a0df99e3bba3ac94b4458383') in 0.006294 seconds [static and dynamic dependencies]. Details - ImportResultOutputID=8c7f2e3952ef280db7914a02c74e7ca4 DependenciesID=d2809a3798faa41c26b9c9ff51992bcc StaticDependenciesID=e16466c50643d1fe897133dee81d146d 
Number of updated asset objects reloaded before import = 0Number of asset objects unloaded after import = 7

========================================================================
Received Import Request.
  Time since last request: 0.000030 seconds.
  path: Assets/TripoModels/ancient_warrior_statue_3d_model/ancient_warrior_statue_3d_model.fbm/ancient_warrior_statue_3d_model_basecolor.JPEG
  importAddress: Guid(bac5364c8bb26894f8c561f61d8b72b1) Importer(2089858483,b0f066a214c2f5e87bad3c948f4d605d)
Start importing Assets/TripoModels/ancient_warrior_statue_3d_model/ancient_warrior_statue_3d_model.fbm/ancient_warrior_statue_3d_model_basecolor.JPEG using Guid(bac5364c8bb26894f8c561f61d8b72b1) Importer(2089858483,b0f066a214c2f5e87bad3c948f4d605d) (ScriptedImporter) -> (Import Result ID: '4c98e8658b1e076e14d5b5393784bcd3') in 0.0064838 seconds [static and dynamic dependencies]. Details - ImportResultOutputID=529830815ed90bca437c3818ca3c12d6 DependenciesID=69cbeec56ed0dd5b138223b6e2908daa StaticDependenciesID=9c2e62d12c73a743ff0f75f7d8707253 
Number of updated asset objects reloaded before import = 0Number of asset objects unloaded after import = 1

========================================================================
Received Import Request.
  Time since last request: 0.000036 seconds.
  path: Assets/SunboxGames/ModularDungeonCaves/Materials/CavePieces/MediumChamber_02.mat
  importAddress: Guid(e473e9e756edd984c9cfad3e0b46dec6) Importer(2089858483,b0f066a214c2f5e87bad3c948f4d605d)
Start importing Assets/SunboxGames/ModularDungeonCaves/Materials/CavePieces/MediumChamber_02.mat using Guid(e473e9e756edd984c9cfad3e0b46dec6) Importer(2089858483,b0f066a214c2f5e87bad3c948f4d605d) (ScriptedImporter) -> (Import Result ID: 'c631672e8450abdaf4f3a5aa43c4477c') in 0.0534021 seconds [static and dynamic dependencies]. Details - ImportResultOutputID=7e694c8e2d8d7a9716717196b1abbbc3 DependenciesID=609b273520f3714b73a1192a3bf38f81 StaticDependenciesID=814e152dbbaf4db34dcb1c570bf7b8d1 
Number of updated asset objects reloaded before import = 0Number of asset objects unloaded after import = 4

========================================================================
Received Import Request.
  Time since last request: 0.000028 seconds.
  path: Assets/SunboxGames/ModularDungeonCaves/Prefabs/Rocks/Dripstone_03.prefab
  importAddress: Guid(01cfb7d3901241a49b2bda1464bea868) Importer(2089858483,e11c23a36db5f54750b8cd40eac0985b)
Start importing Assets/SunboxGames/ModularDungeonCaves/Prefabs/Rocks/Dripstone_03.prefab using Guid(01cfb7d3901241a49b2bda1464bea868) Importer(2089858483,e11c23a36db5f54750b8cd40eac0985b) (ScriptedImporter) -> (Import Result ID: 'b92871c0c84b1ba2f2abe3fc52cc85d6') in 0.0057409 seconds [static and dynamic dependencies]. Details - ImportResultOutputID=b2b87076210c7f81dd0f29fa6dcaf21e DependenciesID=0baa688a0d558e8608dd9c521d2d3e64 StaticDependenciesID=187bec42643e0167ba5245fc71d3c199 
Number of updated asset objects reloaded before import = 0Number of asset objects unloaded after import = 10

========================================================================
Received Import Request.
  Time since last request: 0.000021 seconds.
  path: Assets/SunboxGames/ModularDungeonCaves/Prefabs/Rocks/Pillar_02.prefab
  importAddress: Guid(c3b3b1793ef2f144d8283a9b579ee805) Importer(2089858483,e11c23a36db5f54750b8cd40eac0985b)
Start importing Assets/SunboxGames/ModularDungeonCaves/Prefabs/Rocks/Pillar_02.prefab using Guid(c3b3b1793ef2f144d8283a9b579ee805) Importer(2089858483,e11c23a36db5f54750b8cd40eac0985b) (ScriptedImporter) -> (Import Result ID: '0744241d815b9e7e3b58001f84a7a7cb') in 0.0069799 seconds [static and dynamic dependencies]. Details - ImportResultOutputID=12f6e4c774f6cf7c41f0360753e87017 DependenciesID=6cd4d33c0f8341043b5358208edbae5e StaticDependenciesID=0dc845668d621fa2fd43de0bea3d4cd8 
Number of updated asset objects reloaded before import = 0Number of asset objects unloaded after import = 10

========================================================================
Received Import Request.
  Time since last request: 0.000023 seconds.
  path: Assets/SunboxGames/ModularDungeonCaves/Prefabs/Various/Cobweb03.prefab
  importAddress: Guid(a0200d194f90cc34d98b147bed24af73) Importer(2089858483,e11c23a36db5f54750b8cd40eac0985b)
Start importing Assets/SunboxGames/ModularDungeonCaves/Prefabs/Various/Cobweb03.prefab using Guid(a0200d194f90cc34d98b147bed24af73) Importer(2089858483,e11c23a36db5f54750b8cd40eac0985b) (ScriptedImporter) -> (Import Result ID: '7a708a8d0debf04682ae3a944d024efd') in 0.0071807 seconds [static and dynamic dependencies]. Details - ImportResultOutputID=372c41efd6ca28b4044762103fc35f57 DependenciesID=db0118708d1a192171958546c87c8a96 StaticDependenciesID=be81934ab300d10e8977f2530f297351 
Number of updated asset objects reloaded before import = 0Number of asset objects unloaded after import = 8

========================================================================
Received Import Request.
  Time since last request: 0.000025 seconds.
  path: Assets/SunboxGames/ModularDungeonCaves/Prefabs/Ferns/FlufflyFern_02.prefab
  importAddress: Guid(f13600c8fee12034c8c8b484c6ec368a) Importer(2089858483,e11c23a36db5f54750b8cd40eac0985b)
Start importing Assets/SunboxGames/ModularDungeonCaves/Prefabs/Ferns/FlufflyFern_02.prefab using Guid(f13600c8fee12034c8c8b484c6ec368a) Importer(2089858483,e11c23a36db5f54750b8cd40eac0985b) (ScriptedImporter) -> (Import Result ID: '94437717ca223c442081cdb71b1ee2e0') in 0.0068928 seconds [static and dynamic dependencies]. Details - ImportResultOutputID=896262399be01013d318ff2160b724c7 DependenciesID=6e810c89eaf13688fa93663f15cea642 StaticDependenciesID=e6967498da57afc7abd1acfd3553e71e 
Number of updated asset objects reloaded before import = 0Number of asset objects unloaded after import = 8

========================================================================
Received Import Request.
  Time since last request: 0.000038 seconds.
  path: Assets/SunboxGames/ModularDungeonCaves/Prefabs/ModularPieces/MediumPlug_02.prefab
  importAddress: Guid(9af39de62d292ff418821c92ef2e8678) Importer(2089858483,e11c23a36db5f54750b8cd40eac0985b)
Start importing Assets/SunboxGames/ModularDungeonCaves/Prefabs/ModularPieces/MediumPlug_02.prefab using Guid(9af39de62d292ff418821c92ef2e8678) Importer(2089858483,e11c23a36db5f54750b8cd40eac0985b) (ScriptedImporter) -> (Import Result ID: '7d0e550e1c5cf2065f4be35d70f67857') in 0.0097008 seconds [static and dynamic dependencies]. Details - ImportResultOutputID=8310cec30573532bad81d85d1b9b5388 DependenciesID=69d09a55c4ec74a03444ee9e370bd01b StaticDependenciesID=f0aadee8c34821cde74ffe0a27b0eae5 
Number of updated asset objects reloaded before import = 0Number of asset objects unloaded after import = 14

========================================================================
Received Import Request.
  Time since last request: 0.000021 seconds.
  path: Assets/SunboxGames/ModularDungeonCaves/Prefabs/Various/Sack01.prefab
  importAddress: Guid(e9c701ebcc7818b4287bee1dea3de7a1) Importer(2089858483,e11c23a36db5f54750b8cd40eac0985b)
Start importing Assets/SunboxGames/ModularDungeonCaves/Prefabs/Various/Sack01.prefab using Guid(e9c701ebcc7818b4287bee1dea3de7a1) Importer(2089858483,e11c23a36db5f54750b8cd40eac0985b) (ScriptedImporter) -> (Import Result ID: 'f2303ea9362a628915b23a75b8373555') in 0.0088349 seconds [static and dynamic dependencies]. Details - ImportResultOutputID=a4a5d3bce3266d65736dc1f8f3c3290d DependenciesID=cf08a680ac3e4af1a1b02e199c019343 StaticDependenciesID=ed54c3f17e56adbf63d7ade15cd86488 
Number of updated asset objects reloaded before import = 0Number of asset objects unloaded after import = 10

========================================================================
Received Import Request.
  Time since last request: 0.000021 seconds.
  path: Assets/SunboxGames/ModularDungeonCaves/Prefabs/Various/CandleHolder01.prefab
  importAddress: Guid(7079f787ce9905c409639597885ec35e) Importer(2089858483,e11c23a36db5f54750b8cd40eac0985b)
Start importing Assets/SunboxGames/ModularDungeonCaves/Prefabs/Various/CandleHolder01.prefab using Guid(7079f787ce9905c409639597885ec35e) Importer(2089858483,e11c23a36db5f54750b8cd40eac0985b) (ScriptedImporter) -> (Import Result ID: '5d1c44ab3699b2ca10ee6afa94855b50') in 0.0182353 seconds [static and dynamic dependencies]. Details - ImportResultOutputID=9bb47b6c0b997d8e13d19b32355ba58b DependenciesID=0815c71388d42437da0616cd0908a3e5 StaticDependenciesID=5fbe6ca0d2a2fbaefeb1361e961666df 
Number of updated asset objects reloaded before import = 0Number of asset objects unloaded after import = 23

========================================================================
Received Import Request.
  Time since last request: 0.000024 seconds.
  path: Assets/SunboxGames/ModularDungeonCaves/Materials/CavePieces/MediumChamber_03.mat
  importAddress: Guid(23704b4ed894ea449a91fd42ceb12053) Importer(2089858483,b0f066a214c2f5e87bad3c948f4d605d)
Start importing Assets/SunboxGames/ModularDungeonCaves/Materials/CavePieces/MediumChamber_03.mat using Guid(23704b4ed894ea449a91fd42ceb12053) Importer(2089858483,b0f066a214c2f5e87bad3c948f4d605d) (ScriptedImporter) -> (Import Result ID: 'e0b55be2474f68b522607409678ac9cf') in 0.0584383 seconds [static and dynamic dependencies]. Details - ImportResultOutputID=12a267244f5324b1971fcc9aaa648109 DependenciesID=ff7748473472cfa75d15542b18157989 StaticDependenciesID=fd2608529e9ca0f10382052bf1fd395f 
Number of updated asset objects reloaded before import = 0Number of asset objects unloaded after import = 4

========================================================================
Received Import Request.
  Time since last request: 0.000035 seconds.
  path: Assets/SunboxGames/ModularDungeonCaves/Prefabs/Mushrooms/Mushroom01_Red.prefab
  importAddress: Guid(b3323464709075b47b297f53d3e222e9) Importer(2089858483,e11c23a36db5f54750b8cd40eac0985b)
Start importing Assets/SunboxGames/ModularDungeonCaves/Prefabs/Mushrooms/Mushroom01_Red.prefab using Guid(b3323464709075b47b297f53d3e222e9) Importer(2089858483,e11c23a36db5f54750b8cd40eac0985b) (ScriptedImporter) -> (Import Result ID: '0bdab0a33cdda1a80ac028c6e617129a') in 0.0065522 seconds [static and dynamic dependencies]. Details - ImportResultOutputID=51aac5ac37ac934d1b2d6eaf82764965 DependenciesID=85f948da695829f4352af66a6c716448 StaticDependenciesID=3beca98cb3f8813ec307c3b4dafc199a 
Number of updated asset objects reloaded before import = 0Number of asset objects unloaded after import = 8

========================================================================
Received Import Request.
  Time since last request: 0.000036 seconds.
  path: Assets/SunboxGames/ModularDungeonCaves/Prefabs/Rocks/SmallStone_04.prefab
  importAddress: Guid(0bf2bad9918a4ae4f86d8d0b97b45605) Importer(2089858483,e11c23a36db5f54750b8cd40eac0985b)
Start importing Assets/SunboxGames/ModularDungeonCaves/Prefabs/Rocks/SmallStone_04.prefab using Guid(0bf2bad9918a4ae4f86d8d0b97b45605) Importer(2089858483,e11c23a36db5f54750b8cd40eac0985b) (ScriptedImporter) -> (Import Result ID: 'a5b5f35ce4e402fcc69a61d39d064ba9') in 0.0078093 seconds [static and dynamic dependencies]. Details - ImportResultOutputID=e007d9b9d0d314b9030f9aca46e4e784 DependenciesID=033c7c77cc003e9a770722f31531bcfa StaticDependenciesID=44f2b7fa8f6ed402683e96a468b5a811 
Number of updated asset objects reloaded before import = 0Number of asset objects unloaded after import = 10

========================================================================
Received Import Request.
  Time since last request: 0.000024 seconds.
  path: Assets/SunboxGames/ModularDungeonCaves/Prefabs/ModularPieces/SmallPlug_02.prefab
  importAddress: Guid(72f568a218b828a47881a2aa21c971b2) Importer(2089858483,e11c23a36db5f54750b8cd40eac0985b)
Start importing Assets/SunboxGames/ModularDungeonCaves/Prefabs/ModularPieces/SmallPlug_02.prefab using Guid(72f568a218b828a47881a2aa21c971b2) Importer(2089858483,e11c23a36db5f54750b8cd40eac0985b) (ScriptedImporter) -> (Import Result ID: '231751681f97235dae6d57588fc237cd') in 0.0106572 seconds [static and dynamic dependencies]. Details - ImportResultOutputID=8302e8b77fc22ad608590de721714ed5 DependenciesID=f62023630f2759c4c8074afbf3b74472 StaticDependenciesID=2f21fe81417613c9882965d42dee8d11 
Number of updated asset objects reloaded before import = 0Number of asset objects unloaded after import = 14

========================================================================
Received Import Request.
  Time since last request: 0.000023 seconds.
  path: Assets/SunboxGames/ModularDungeonCaves/Prefabs/Rocks/Pillar_01.prefab
  importAddress: Guid(13fff4e3a16e59749aa30dc97bf77aed) Importer(2089858483,e11c23a36db5f54750b8cd40eac0985b)
Start importing Assets/SunboxGames/ModularDungeonCaves/Prefabs/Rocks/Pillar_01.prefab using Guid(13fff4e3a16e59749aa30dc97bf77aed) Importer(2089858483,e11c23a36db5f54750b8cd40eac0985b) (ScriptedImporter) -> (Import Result ID: '3b784c761f18ab52a7bdebc4bd7051ff') in 0.0067545 seconds [static and dynamic dependencies]. Details - ImportResultOutputID=5dc82cac4e98f84b1c64ef0660371ded DependenciesID=5c56db4717be3312c1670880cb0d178a StaticDependenciesID=2d7a22d7100cb83227ba56e255de6b5b 
Number of updated asset objects reloaded before import = 0Number of asset objects unloaded after import = 10

========================================================================
Received Import Request.
  Time since last request: 0.000022 seconds.
  path: Assets/SunboxGames/ModularDungeonCaves/Prefabs/ModularPieces/MediumChamber_02.prefab
  importAddress: Guid(fa3915ecfc66b4d4da39badd00d7916e) Importer(2089858483,e11c23a36db5f54750b8cd40eac0985b)
Start importing Assets/SunboxGames/ModularDungeonCaves/Prefabs/ModularPieces/MediumChamber_02.prefab using Guid(fa3915ecfc66b4d4da39badd00d7916e) Importer(2089858483,e11c23a36db5f54750b8cd40eac0985b) (ScriptedImporter) -> (Import Result ID: '41a3253f58c73b7d7dd3781c00b56f23') in 0.0103835 seconds [static and dynamic dependencies]. Details - ImportResultOutputID=74526127febcb8a7508e6bd2560bd613 DependenciesID=86ae7b6414d52e469b64fdc470637a74 StaticDependenciesID=34479cbdf89b123aa36e53dac545904f 
Number of updated asset objects reloaded before import = 0Number of asset objects unloaded after import = 22

========================================================================
Received Import Request.
  Time since last request: 0.000020 seconds.
  path: Assets/SunboxGames/ModularDungeonCaves/Prefabs/Various/Cobweb02.prefab
  importAddress: Guid(ad542402817f3284db232f408fa92d36) Importer(2089858483,e11c23a36db5f54750b8cd40eac0985b)
Start importing Assets/SunboxGames/ModularDungeonCaves/Prefabs/Various/Cobweb02.prefab using Guid(ad542402817f3284db232f408fa92d36) Importer(2089858483,e11c23a36db5f54750b8cd40eac0985b) (ScriptedImporter) -> (Import Result ID: 'a4488a969154f395bc0a3cc13f580a36') in 0.0059607 seconds [static and dynamic dependencies]. Details - ImportResultOutputID=9243f380daf842da70715ec93a89e11a DependenciesID=25aea0f4eadd56c812bf660f97236c7c StaticDependenciesID=a9fc4d80982b53b75193bce0fca3f43c 
Number of updated asset objects reloaded before import = 0Number of asset objects unloaded after import = 8

========================================================================
Received Import Request.
  Time since last request: 0.000026 seconds.
  path: Assets/SunboxGames/ModularDungeonCaves/Prefabs/Various/Barrel01.prefab
  importAddress: Guid(84429a021ebe0b646829394536853609) Importer(2089858483,e11c23a36db5f54750b8cd40eac0985b)
Start importing Assets/SunboxGames/ModularDungeonCaves/Prefabs/Various/Barrel01.prefab using Guid(84429a021ebe0b646829394536853609) Importer(2089858483,e11c23a36db5f54750b8cd40eac0985b) (ScriptedImporter) -> (Import Result ID: 'bee0e1a8233e7e1645f68d36fb54999b') in 0.008733 seconds [static and dynamic dependencies]. Details - ImportResultOutputID=b3347233cf7d1fc5f59fe06eca0f9d14 DependenciesID=898951529ea5ec6b23336ea61f27e8ae StaticDependenciesID=f9dd94ab9a4417a12444d3f6e53cb0bf 
Number of updated asset objects reloaded before import = 0Number of asset objects unloaded after import = 17

========================================================================
Received Import Request.
  Time since last request: 0.000039 seconds.
  path: Assets/SunboxGames/ModularDungeonCaves/Materials/CavePieces/Plugs_01.mat
  importAddress: Guid(b1e78b73a42f3b646affe8c9edbadb6b) Importer(2089858483,b0f066a214c2f5e87bad3c948f4d605d)
Start importing Assets/SunboxGames/ModularDungeonCaves/Materials/CavePieces/Plugs_01.mat using Guid(b1e78b73a42f3b646affe8c9edbadb6b) Importer(2089858483,b0f066a214c2f5e87bad3c948f4d605d) (ScriptedImporter) -> (Import Result ID: '6f2eba6a11bd02b5248de0a1545ec6ad') in 0.0559926 seconds [static and dynamic dependencies]. Details - ImportResultOutputID=7e3c5f40d9a4218516ad098a42a9d91b DependenciesID=ed73fd8cb23f704fa34fe0361a9272bc StaticDependenciesID=6535813be406f30f4224e0b1c20ef833 
Number of updated asset objects reloaded before import = 0Number of asset objects unloaded after import = 4

========================================================================
Received Import Request.
  Time since last request: 0.000029 seconds.
  path: Assets/TripoModels/pregnant_goddess_statue_3d_model/pregnant_goddess_statue_3d_model.fbm/pregnant_goddess_statue_3d_model_basecolor.JPEG
  importAddress: Guid(1c426520ab15b9a46aa8caf1dee2179c) Importer(2089858483,b0f066a214c2f5e87bad3c948f4d605d)
Start importing Assets/TripoModels/pregnant_goddess_statue_3d_model/pregnant_goddess_statue_3d_model.fbm/pregnant_goddess_statue_3d_model_basecolor.JPEG using Guid(1c426520ab15b9a46aa8caf1dee2179c) Importer(2089858483,b0f066a214c2f5e87bad3c948f4d605d) (ScriptedImporter) -> (Import Result ID: '05c2d84740c967e51205e590b7f3cf58') in 0.0088562 seconds [static and dynamic dependencies]. Details - ImportResultOutputID=af92d8cec493f04fe035b256f960b46d DependenciesID=7f378c4188eefe319466ebaa18af086f StaticDependenciesID=5ef85497f9bd68d23c656235692a3dbe 
Number of updated asset objects reloaded before import = 0Number of asset objects unloaded after import = 1

========================================================================
Received Import Request.
  Time since last request: 0.000031 seconds.
  path: Assets/SunboxGames/ModularDungeonCaves/Textures/MediumChamber_02/MediumChamber_02_collider_MediumChamber_02_Normal.png
  importAddress: Guid(2fa62a05b49429c4fbb1fa21a148c7ea) Importer(2089858483,b0f066a214c2f5e87bad3c948f4d605d)
Start importing Assets/SunboxGames/ModularDungeonCaves/Textures/MediumChamber_02/MediumChamber_02_collider_MediumChamber_02_Normal.png using Guid(2fa62a05b49429c4fbb1fa21a148c7ea) Importer(2089858483,b0f066a214c2f5e87bad3c948f4d605d) (ScriptedImporter) -> (Import Result ID: '05fbac1c68f484229795b01940a872df') in 0.0235734 seconds [static and dynamic dependencies]. Details - ImportResultOutputID=f41bbb6087a744f5d98ab65e0b7c9ad5 DependenciesID=f1511d26721c9ac149c9b271c84ac50c StaticDependenciesID=3737b733a36de0b3a9715e52dfb51339 
Number of updated asset objects reloaded before import = 0Number of asset objects unloaded after import = 1

========================================================================
Received Import Request.
  Time since last request: 0.000023 seconds.
  path: Assets/SunboxGames/ModularDungeonCaves/Textures/Cobweb_01/Cobweb_Diff.png
  importAddress: Guid(f5362b725f459484a8d0e0349f3073fa) Importer(2089858483,b0f066a214c2f5e87bad3c948f4d605d)
Start importing Assets/SunboxGames/ModularDungeonCaves/Textures/Cobweb_01/Cobweb_Diff.png using Guid(f5362b725f459484a8d0e0349f3073fa) Importer(2089858483,b0f066a214c2f5e87bad3c948f4d605d) (ScriptedImporter) -> (Import Result ID: '94c7031c3bcbf1c9d4e0cd5c5baec851') in 0.0205208 seconds [static and dynamic dependencies]. Details - ImportResultOutputID=52223dafe7923fff3e65629b0b0c688c DependenciesID=da14c519953038b5015ead0cc50e36d1 StaticDependenciesID=d7b482eb52fc33273bdadf5e8158af68 
Number of updated asset objects reloaded before import = 0Number of asset objects unloaded after import = 1

========================================================================
Received Import Request.
  Time since last request: 0.000026 seconds.
  path: Assets/SunboxGames/ModularDungeonCaves/Prefabs/Vines/Vine_04.prefab
  importAddress: Guid(17c3aee1c249fad4ea389a98b02e4476) Importer(2089858483,e11c23a36db5f54750b8cd40eac0985b)
Start importing Assets/SunboxGames/ModularDungeonCaves/Prefabs/Vines/Vine_04.prefab using Guid(17c3aee1c249fad4ea389a98b02e4476) Importer(2089858483,e11c23a36db5f54750b8cd40eac0985b) (ScriptedImporter) -> (Import Result ID: '95e6f67b7d71c56d5affec469e82d6fa') in 0.0062129 seconds [static and dynamic dependencies]. Details - ImportResultOutputID=f07eaaa13a72481939536932bda800a7 DependenciesID=c8e437583d15e343e66fe5933cf860da StaticDependenciesID=bcfc7a34140de0d77d85acb71a7f9301 
Number of updated asset objects reloaded before import = 0Number of asset objects unloaded after import = 9

========================================================================
Received Import Request.
  Time since last request: 0.000035 seconds.
  path: Assets/SunboxGames/ModularDungeonCaves/Scenes/CaveDemoScene02/Lightmap-0_comp_light.exr
  importAddress: Guid(5e339e9797cc9d04abc849a06ea0783f) Importer(2089858483,b0f066a214c2f5e87bad3c948f4d605d)
Start importing Assets/SunboxGames/ModularDungeonCaves/Scenes/CaveDemoScene02/Lightmap-0_comp_light.exr using Guid(5e339e9797cc9d04abc849a06ea0783f) Importer(2089858483,b0f066a214c2f5e87bad3c948f4d605d) (ScriptedImporter) -> (Import Result ID: 'e84055e836bc24f890c6f19a585a372e') in 0.0087043 seconds [static and dynamic dependencies]. Details - ImportResultOutputID=a8ebb3a8cac7dfae463f10bf36c9aabe DependenciesID=71da8651e31310ba48a6812ec097b14a StaticDependenciesID=e664d90f7b39fa67cf1d772416ed85be 
Number of updated asset objects reloaded before import = 0Number of asset objects unloaded after import = 1

========================================================================
Received Import Request.
  Time since last request: 0.000021 seconds.
  path: Assets/SunboxGames/ModularDungeonCaves/Textures/DungeonProps01/DungeonProps01_Diffuse.png
  importAddress: Guid(98daec2c5aefab34e85585fef895fe17) Importer(2089858483,b0f066a214c2f5e87bad3c948f4d605d)
Start importing Assets/SunboxGames/ModularDungeonCaves/Textures/DungeonProps01/DungeonProps01_Diffuse.png using Guid(98daec2c5aefab34e85585fef895fe17) Importer(2089858483,b0f066a214c2f5e87bad3c948f4d605d) (ScriptedImporter) -> (Import Result ID: '9025eba4de8b3ab0e1c74ea57280cc87') in 0.0116909 seconds [static and dynamic dependencies]. Details - ImportResultOutputID=2bc530ad14a3f7da62df5a671d13dd67 DependenciesID=ca8ccb20d473483d2c0964afd7b9c7bd StaticDependenciesID=9a57c76b93f97fb4dbedd47475a8cc94 
Number of updated asset objects reloaded before import = 0Number of asset objects unloaded after import = 1

========================================================================
Received Import Request.
  Time since last request: 0.000025 seconds.
  path: Assets/SunboxGames/ModularDungeonCaves/Textures/FluffyFern/FluffyFerns_FluffyFern_Normal.png
  importAddress: Guid(83ef42943d1787c4b9099f98a1fbd0c1) Importer(2089858483,b0f066a214c2f5e87bad3c948f4d605d)
Start importing Assets/SunboxGames/ModularDungeonCaves/Textures/FluffyFern/FluffyFerns_FluffyFern_Normal.png using Guid(83ef42943d1787c4b9099f98a1fbd0c1) Importer(2089858483,b0f066a214c2f5e87bad3c948f4d605d) (ScriptedImporter) -> (Import Result ID: 'bc3509089e92c191956a228c690f98de') in 0.0199577 seconds [static and dynamic dependencies]. Details - ImportResultOutputID=c0355d20dbc520f6de220c3eff46c025 DependenciesID=e56e02ea8c501222c04c8534d7b8beb5 StaticDependenciesID=b009661e76e5b18e31a034bbfe89e792 
Number of updated asset objects reloaded before import = 0Number of asset objects unloaded after import = 1

========================================================================
Received Import Request.
  Time since last request: 0.000027 seconds.
  path: Assets/SunboxGames/ModularDungeonCaves/Scenes/CaveDemoScene02/ReflectionProbe-0.exr
  importAddress: Guid(d98e94160a6b0ff458400f7373ab92ca) Importer(2089858483,b0f066a214c2f5e87bad3c948f4d605d)
Start importing Assets/SunboxGames/ModularDungeonCaves/Scenes/CaveDemoScene02/ReflectionProbe-0.exr using Guid(d98e94160a6b0ff458400f7373ab92ca) Importer(2089858483,b0f066a214c2f5e87bad3c948f4d605d) (ScriptedImporter) -> (Import Result ID: 'c623b4329c2b65e8042f5179e76e03ca') in 0.0070679 seconds [static and dynamic dependencies]. Details - ImportResultOutputID=af44fca1e2797cc665438197e516e326 DependenciesID=58644806c1adc701807dfd3c5a70ed60 StaticDependenciesID=835b3b744dab1e2b4dd0b705c9bbcb4d 
Number of updated asset objects reloaded before import = 0Number of asset objects unloaded after import = 1

========================================================================
Received Import Request.
  Time since last request: 0.000022 seconds.
  path: Assets/SunboxGames/ModularDungeonCaves/Textures/CavePlatforms_01/CavePlatforms_01_Paint_CavePlatforms_01_Normal.png
  importAddress: Guid(49f33cdda4d1ce74d8f594fd2e074822) Importer(2089858483,b0f066a214c2f5e87bad3c948f4d605d)
Start importing Assets/SunboxGames/ModularDungeonCaves/Textures/CavePlatforms_01/CavePlatforms_01_Paint_CavePlatforms_01_Normal.png using Guid(49f33cdda4d1ce74d8f594fd2e074822) Importer(2089858483,b0f066a214c2f5e87bad3c948f4d605d) (ScriptedImporter) -> (Import Result ID: 'd3eea9858faabfe798e28a6b7f2dc8d9') in 0.0278368 seconds [static and dynamic dependencies]. Details - ImportResultOutputID=31d4d18adcce66127e0b031f68ec7a5f DependenciesID=d8c815118993b85bb51d497a28f41228 StaticDependenciesID=aa05dd11fd6693d91c0d4a6f86f4a38c 
Number of updated asset objects reloaded before import = 0Number of asset objects unloaded after import = 1

========================================================================
Received Import Request.
  Time since last request: 0.000024 seconds.
  path: Assets/SunboxGames/ModularDungeonCaves/Textures/Mushrooms/Mushrooms_Height.png
  importAddress: Guid(3038005fe75efe14287647f67bb5acdb) Importer(2089858483,b0f066a214c2f5e87bad3c948f4d605d)
Start importing Assets/SunboxGames/ModularDungeonCaves/Textures/Mushrooms/Mushrooms_Height.png using Guid(3038005fe75efe14287647f67bb5acdb) Importer(2089858483,b0f066a214c2f5e87bad3c948f4d605d) (ScriptedImporter) -> (Import Result ID: 'ae1066351d9d1dd982b7a30b12ad2bf3') in 0.0117376 seconds [static and dynamic dependencies]. Details - ImportResultOutputID=55aa1936c65c2d32c96be3f374d4a2ce DependenciesID=06cc9d43ff51cd21a23b3447fdad42e5 StaticDependenciesID=733ee20f99763bfef01877d9e74c860c 
Number of updated asset objects reloaded before import = 0Number of asset objects unloaded after import = 1

========================================================================
Received Import Request.
  Time since last request: 0.000035 seconds.
  path: Assets/SunboxGames/ModularDungeonCaves/Textures/DungeonProps01/DungeonProps01_AO.png
  importAddress: Guid(77b648bc5563f6a4abc44a160256df3c) Importer(2089858483,b0f066a214c2f5e87bad3c948f4d605d)
Start importing Assets/SunboxGames/ModularDungeonCaves/Textures/DungeonProps01/DungeonProps01_AO.png using Guid(77b648bc5563f6a4abc44a160256df3c) Importer(2089858483,b0f066a214c2f5e87bad3c948f4d605d) (ScriptedImporter) -> (Import Result ID: '2089fc9a68193ecad987a6f88dfdfc95') in 0.0258707 seconds [static and dynamic dependencies]. Details - ImportResultOutputID=54dcf3a7b84d14444f0d12b7e958be9c DependenciesID=770a7336c826dfd76778ce69f1d049ae StaticDependenciesID=3dca449a9a3e0be9e5dd94fb7b0b99a1 
Number of updated asset objects reloaded before import = 0Number of asset objects unloaded after import = 1

========================================================================
Received Import Request.
  Time since last request: 0.000022 seconds.
  path: Assets/SunboxGames/ModularDungeonCaves/Textures/MediumChamber_01/MediumChamber_01_Paint_MediumChamber_01_Normal.png
  importAddress: Guid(71ce8c67fb78d284c9961210251f815c) Importer(2089858483,b0f066a214c2f5e87bad3c948f4d605d)
Start importing Assets/SunboxGames/ModularDungeonCaves/Textures/MediumChamber_01/MediumChamber_01_Paint_MediumChamber_01_Normal.png using Guid(71ce8c67fb78d284c9961210251f815c) Importer(2089858483,b0f066a214c2f5e87bad3c948f4d605d) (ScriptedImporter) -> (Import Result ID: '7abebcc828e43538a213fa38ee617486') in 0.0228941 seconds [static and dynamic dependencies]. Details - ImportResultOutputID=d8b11f57e67022e00e56f6c88a49eaff DependenciesID=4f0a5c1e3ae06de5a52622777c42b5ed StaticDependenciesID=06fc9b2dc87e3ca328e6b7d52eaf4a43 
Number of updated asset objects reloaded before import = 0Number of asset objects unloaded after import = 1

========================================================================
Received Import Request.
  Time since last request: 0.000023 seconds.
  path: Assets/SunboxGames/ModularDungeonCaves/Textures/DungeonProps01/DungeonProps01_MetallicSmoothness.png
  importAddress: Guid(179b68d615d74344ebfba49fa62be34f) Importer(2089858483,b0f066a214c2f5e87bad3c948f4d605d)
Start importing Assets/SunboxGames/ModularDungeonCaves/Textures/DungeonProps01/DungeonProps01_MetallicSmoothness.png using Guid(179b68d615d74344ebfba49fa62be34f) Importer(2089858483,b0f066a214c2f5e87bad3c948f4d605d) (ScriptedImporter) -> (Import Result ID: '4d2a190d3be5efb951bb7867df9a6676') in 0.0237871 seconds [static and dynamic dependencies]. Details - ImportResultOutputID=1d08da4e80ddba5f83ef12a20c9fd75d DependenciesID=434e55099401218c6eb93fdfcdc63e42 StaticDependenciesID=58b43cae5b5e5fc14016b46dd593cc82 
Number of updated asset objects reloaded before import = 0Number of asset objects unloaded after import = 1

========================================================================
Received Import Request.
  Time since last request: 0.000023 seconds.
  path: Assets/SunboxGames/ModularDungeonCaves/Scenes/CaveDemoScene02/ReflectionProbe-2.exr
  importAddress: Guid(d01e756aa8e8f924cbc402046522abb0) Importer(2089858483,b0f066a214c2f5e87bad3c948f4d605d)
Start importing Assets/SunboxGames/ModularDungeonCaves/Scenes/CaveDemoScene02/ReflectionProbe-2.exr using Guid(d01e756aa8e8f924cbc402046522abb0) Importer(2089858483,b0f066a214c2f5e87bad3c948f4d605d) (ScriptedImporter) -> (Import Result ID: 'f81e926566ac95b3ca0fd96e39ebbfe9') in 0.0072871 seconds [static and dynamic dependencies]. Details - ImportResultOutputID=3cef18e43644cbae4c165aafe4fa9095 DependenciesID=5a4469b7968e809fb57de73b152bd1fc StaticDependenciesID=616014bcd184cb6edd647a63f4c970b1 
Number of updated asset objects reloaded before import = 0Number of asset objects unloaded after import = 1

========================================================================
Received Import Request.
  Time since last request: 0.000027 seconds.
  path: Assets/SunboxGames/ModularDungeonCaves/Textures/DungeonProps05/DungeonProps05_AlbedoTransparency.png
  importAddress: Guid(9e2745270ca27c04db85498f64870739) Importer(2089858483,b0f066a214c2f5e87bad3c948f4d605d)
Start importing Assets/SunboxGames/ModularDungeonCaves/Textures/DungeonProps05/DungeonProps05_AlbedoTransparency.png using Guid(9e2745270ca27c04db85498f64870739) Importer(2089858483,b0f066a214c2f5e87bad3c948f4d605d) (ScriptedImporter) -> (Import Result ID: '40c39cc53a918c948f532b18d75d1465') in 0.0102372 seconds [static and dynamic dependencies]. Details - ImportResultOutputID=53ecd1132e43945e01042bcfc15c90b8 DependenciesID=c05ff5f86f7dadafba4ff77530008309 StaticDependenciesID=d7170e6d9176d15063b26aa6a1003c91 
Number of updated asset objects reloaded before import = 0Number of asset objects unloaded after import = 1

========================================================================
Received Import Request.
  Time since last request: 0.000044 seconds.
  path: Assets/SunboxGames/ModularDungeonCaves/Textures/Mushrooms/Mushrooms_Normal.png
  importAddress: Guid(6a0e01196fef8f645b5fd2797d4454a2) Importer(2089858483,b0f066a214c2f5e87bad3c948f4d605d)
Start importing Assets/SunboxGames/ModularDungeonCaves/Textures/Mushrooms/Mushrooms_Normal.png using Guid(6a0e01196fef8f645b5fd2797d4454a2) Importer(2089858483,b0f066a214c2f5e87bad3c948f4d605d) (ScriptedImporter) -> (Import Result ID: 'edd86982a786c17f458bd0ebf951d134') in 0.0201742 seconds [static and dynamic dependencies]. Details - ImportResultOutputID=5042210426f6439e6a4ac3852e497f1a DependenciesID=de4fa16374dd5a6506f944da5656a6ca StaticDependenciesID=011e7fc76bc8ba5aba39f5e4f9e40560 
Number of updated asset objects reloaded before import = 0Number of asset objects unloaded after import = 1

========================================================================
Received Import Request.
  Time since last request: 0.000022 seconds.
  path: Assets/SunboxGames/ModularDungeonCaves/Textures/MediumCorridor_03/MediumCorridor_03_paint_MediumCorridor_03_AlbedoTransparency.png
  importAddress: Guid(88ed1c86f0b6b2a42a2d2019e6c500cc) Importer(2089858483,b0f066a214c2f5e87bad3c948f4d605d)
Start importing Assets/SunboxGames/ModularDungeonCaves/Textures/MediumCorridor_03/MediumCorridor_03_paint_MediumCorridor_03_AlbedoTransparency.png using Guid(88ed1c86f0b6b2a42a2d2019e6c500cc) Importer(2089858483,b0f066a214c2f5e87bad3c948f4d605d) (ScriptedImporter) -> (Import Result ID: 'e74fb5e6f303a7157c6732f79c4e5e21') in 0.012932 seconds [static and dynamic dependencies]. Details - ImportResultOutputID=8ae24bbd65334d4a19927eeed0e1e810 DependenciesID=9a6256078d1def6eaba2d6f709038121 StaticDependenciesID=0c49180c2369d7013d6771e9f16bda25 
Number of updated asset objects reloaded before import = 0Number of asset objects unloaded after import = 1

========================================================================
Received Import Request.
  Time since last request: 0.000023 seconds.
  path: Assets/SunboxGames/ModularDungeonCaves/Textures/DripStone_01/Stones_01_Paint_DripStone_01_Normal.png
  importAddress: Guid(142a5df1c9aef8b4b8b06b507eaa5811) Importer(2089858483,b0f066a214c2f5e87bad3c948f4d605d)
Start importing Assets/SunboxGames/ModularDungeonCaves/Textures/DripStone_01/Stones_01_Paint_DripStone_01_Normal.png using Guid(142a5df1c9aef8b4b8b06b507eaa5811) Importer(2089858483,b0f066a214c2f5e87bad3c948f4d605d) (ScriptedImporter) -> (Import Result ID: '25cc176f47bd27423cb1539f76d1708b') in 0.0225662 seconds [static and dynamic dependencies]. Details - ImportResultOutputID=b35fb65fca60749fcabc8f49da281ee8 DependenciesID=0c3ce5ef5b828639c536d80c3845ea29 StaticDependenciesID=54f0920459fe21e1dd7786eb5d590d7b 
Number of updated asset objects reloaded before import = 0Number of asset objects unloaded after import = 1

========================================================================
Received Import Request.
  Time since last request: 0.000023 seconds.
  path: Assets/fog/Post Processing Assets/Better Fog/Core/Scripts/BetterFogRenderers.cs
  importAddress: Guid(b19ecde445a88b646b6d2f75496475bc) Importer(2089858483,b0f066a214c2f5e87bad3c948f4d605d)
Start importing Assets/fog/Post Processing Assets/Better Fog/Core/Scripts/BetterFogRenderers.cs using Guid(b19ecde445a88b646b6d2f75496475bc) Importer(2089858483,b0f066a214c2f5e87bad3c948f4d605d) (ScriptedImporter) -> (Import Result ID: '37dcfa4fde4c194234255f7d862e69e9') in 0.004377 seconds [static and dynamic dependencies]. Details - ImportResultOutputID=eb05e709a0a6459ac7104b7f7ec1c4dc DependenciesID=97e480086bf67cc5921f79964c83da69 StaticDependenciesID=257097899ea96d09002158a59629bce2 
Number of updated asset objects reloaded before import = 0Number of asset objects unloaded after import = 0

========================================================================
Received Import Request.
  Time since last request: 0.000023 seconds.
  path: Assets/TextMesh Pro/Resources/Style Sheets/Default Style Sheet.asset
  importAddress: Guid(f952c082cb03451daed3ee968ac6c63e) Importer(2089858483,b0f066a214c2f5e87bad3c948f4d605d)
Start importing Assets/TextMesh Pro/Resources/Style Sheets/Default Style Sheet.asset using Guid(f952c082cb03451daed3ee968ac6c63e) Importer(2089858483,b0f066a214c2f5e87bad3c948f4d605d) (ScriptedImporter) -> (Import Result ID: '5d50d2af8bb9e566e32848973f891817') in 0.0047316 seconds [static and dynamic dependencies]. Details - ImportResultOutputID=178ab4be03abe23949bb53186c90c14e DependenciesID=2a8afb44705b2ff8c592a6c6dc8a6a19 StaticDependenciesID=3bd7c12e974ced77cd719696148b87d2 
Number of updated asset objects reloaded before import = 0Number of asset objects unloaded after import = 1

========================================================================
Received Import Request.
  Time since last request: 0.000031 seconds.
  path: Assets/HIVEMIND/CaveOfHiddenTomb/HDRP (Default)/Art/AllTextures1K/T_boulder_c_N.PNG
  importAddress: Guid(f72930dc2b66cfc44a3b54f5acdee064) Importer(2089858483,b0f066a214c2f5e87bad3c948f4d605d)
Start importing Assets/HIVEMIND/CaveOfHiddenTomb/HDRP (Default)/Art/AllTextures1K/T_boulder_c_N.PNG using Guid(f72930dc2b66cfc44a3b54f5acdee064) Importer(2089858483,b0f066a214c2f5e87bad3c948f4d605d) (ScriptedImporter) -> (Import Result ID: '657cc50232f7d1f949a6044365c2a2b4') in 0.0077151 seconds [static and dynamic dependencies]. Details - ImportResultOutputID=3dc22fcdd638369f2d5aa34512104a4a DependenciesID=66dd90fe266b279e52713b95108e22f5 StaticDependenciesID=104ddfd91f7fc11939cdee8c6d36900e 
Number of updated asset objects reloaded before import = 0Number of asset objects unloaded after import = 1

========================================================================
Received Import Request.
  Time since last request: 0.000040 seconds.
  path: Assets/fog/Post Processing Assets/Common/Subgraphs/Particles/FlipBookBlending.shadersubgraph
  importAddress: Guid(f78365f4af7127842b743c48e038d333) Importer(2089858483,b0f066a214c2f5e87bad3c948f4d605d)
Start importing Assets/fog/Post Processing Assets/Common/Subgraphs/Particles/FlipBookBlending.shadersubgraph using Guid(f78365f4af7127842b743c48e038d333) Importer(2089858483,b0f066a214c2f5e87bad3c948f4d605d) (ScriptedImporter) -> (Import Result ID: '7f91b42f16963a0d7e763fa2766f7e5f') in 0.0075116 seconds [static and dynamic dependencies]. Details - ImportResultOutputID=769474d7583ca5112232e79b0c4317a9 DependenciesID=2443781bb4ad1c5988fd9baa2f36d28e StaticDependenciesID=35011f213eedf19ecb8dcab0a6cc5aa3 
Number of updated asset objects reloaded before import = 0Number of asset objects unloaded after import = 1

========================================================================
Received Import Request.
  Time since last request: 0.000025 seconds.
  path: Assets/fog/Demo Assets/INab Studio/Scripts/Highlighters/FloatingObject.cs
  importAddress: Guid(853b5bbbb4a669445bf3ad34ab46319a) Importer(2089858483,b0f066a214c2f5e87bad3c948f4d605d)
Start importing Assets/fog/Demo Assets/INab Studio/Scripts/Highlighters/FloatingObject.cs using Guid(853b5bbbb4a669445bf3ad34ab46319a) Importer(2089858483,b0f066a214c2f5e87bad3c948f4d605d) (ScriptedImporter) -> (Import Result ID: '2366337868b31ca4d2f93626e6361321') in 0.0030019 seconds [static and dynamic dependencies]. Details - ImportResultOutputID=6b29a953a57bcf1f32098e565e457b56 DependenciesID=0e0bb68dda31d4df79c33adaa774f09d StaticDependenciesID=a129f1131c1108fb275a668c7ffbb2ff 
Number of updated asset objects reloaded before import = 0Number of asset objects unloaded after import = 0

========================================================================
Received Import Request.
  Time since last request: 0.000036 seconds.
  path: Assets/SunboxGames/ModularDungeonCaves/Textures/TestFloors/rocks_ground_01_nor_4k.png
  importAddress: Guid(09e6e8d011e87864e86bad494e9c718f) Importer(2089858483,b0f066a214c2f5e87bad3c948f4d605d)
Start importing Assets/SunboxGames/ModularDungeonCaves/Textures/TestFloors/rocks_ground_01_nor_4k.png using Guid(09e6e8d011e87864e86bad494e9c718f) Importer(2089858483,b0f066a214c2f5e87bad3c948f4d605d) (ScriptedImporter) -> (Import Result ID: 'a85fc04b1de052d596c634247812fa12') in 0.0220575 seconds [static and dynamic dependencies]. Details - ImportResultOutputID=8af5b8ff8a42d0bb486fd3c327e30b39 DependenciesID=817d261d9e0a459491ab9631ef4efb10 StaticDependenciesID=a5399e4443ef084ec8ce66576b1de467 
Number of updated asset objects reloaded before import = 0Number of asset objects unloaded after import = 1

========================================================================
Received Import Request.
  Time since last request: 0.000024 seconds.
  path: Assets/fog/Demo Assets/Unity Companion License/Particle Pack/Materials/Dust.mat
  importAddress: Guid(0227585ad08c3da4ab3286a2f78d42f5) Importer(2089858483,b0f066a214c2f5e87bad3c948f4d605d)
Start importing Assets/fog/Demo Assets/Unity Companion License/Particle Pack/Materials/Dust.mat using Guid(0227585ad08c3da4ab3286a2f78d42f5) Importer(2089858483,b0f066a214c2f5e87bad3c948f4d605d) (ScriptedImporter) -> (Import Result ID: '69e9a4d0d46830a36c0eb1f59e4f6df6') in 0.1715922 seconds [static and dynamic dependencies]. Details - ImportResultOutputID=63803e90ebc4b6b5e73d96f1725cf982 DependenciesID=9e9a7e965eb1cc675876dca2489c9343 StaticDependenciesID=05f4995b5e65ca4e294959824ea6fdf8 
Number of updated asset objects reloaded before import = 0Number of asset objects unloaded after import = 9

========================================================================
Received Import Request.
  Time since last request: 0.000029 seconds.
  path: Assets/fog/Post Processing Assets/Common/Subgraphs/Particles/Unlit Particles.shadersubgraph
  importAddress: Guid(91afd9c04491b5d428cf9f17ad410434) Importer(2089858483,b0f066a214c2f5e87bad3c948f4d605d)
Start importing Assets/fog/Post Processing Assets/Common/Subgraphs/Particles/Unlit Particles.shadersubgraph using Guid(91afd9c04491b5d428cf9f17ad410434) Importer(2089858483,b0f066a214c2f5e87bad3c948f4d605d) (ScriptedImporter) -> (Import Result ID: '97159682d43abffe06b271af02f1e25e') in 0.0052659 seconds [static and dynamic dependencies]. Details - ImportResultOutputID=fe0c8055f440589e781ea70ce5b3c9fe DependenciesID=dfdd7c4a7cc00cf3298a3b17701df3cb StaticDependenciesID=adefcf2a054370db04d8e26ce09406ba 
Number of updated asset objects reloaded before import = 0Number of asset objects unloaded after import = 1

========================================================================
Received Import Request.
  Time since last request: 0.000037 seconds.
  path: Assets/fog/Demo Assets/Unity Companion License/Particle Pack/Prefabs/DustStorm.prefab
  importAddress: Guid(9e03786a9517b604d8e930182607a128) Importer(2089858483,e11c23a36db5f54750b8cd40eac0985b)
Start importing Assets/fog/Demo Assets/Unity Companion License/Particle Pack/Prefabs/DustStorm.prefab using Guid(9e03786a9517b604d8e930182607a128) Importer(2089858483,e11c23a36db5f54750b8cd40eac0985b) (ScriptedImporter) -> (Import Result ID: '69b4c310e2a0d83de3a9fd2be2c3fb31') in 0.0161659 seconds [static and dynamic dependencies]. Details - ImportResultOutputID=7dd2df71b1b6f7a07a7788f2f31efa9f DependenciesID=fa1336d45b49ecb62b02199c82c28022 StaticDependenciesID=89ca83db2814a49ba815059b6905d972 
Number of updated asset objects reloaded before import = 0Number of asset objects unloaded after import = 6

========================================================================
Received Import Request.
  Time since last request: 0.000037 seconds.
  path: Assets/SunboxGames/ModularDungeonCaves/Scenes/CaveDemoScene02/ReflectionProbe-4.exr
  importAddress: Guid(fa095b3dbe9926e48a4829489eb04ac5) Importer(2089858483,b0f066a214c2f5e87bad3c948f4d605d)
Start importing Assets/SunboxGames/ModularDungeonCaves/Scenes/CaveDemoScene02/ReflectionProbe-4.exr using Guid(fa095b3dbe9926e48a4829489eb04ac5) Importer(2089858483,b0f066a214c2f5e87bad3c948f4d605d) (ScriptedImporter) -> (Import Result ID: '0ce6794d9e07513406e563dbc59715b3') in 0.0071899 seconds [static and dynamic dependencies]. Details - ImportResultOutputID=6dcf3c9eba981693f60429b074d02b8d DependenciesID=a657bdd231dacd1ffa4db320a562820c StaticDependenciesID=fa8f3d7211bb0b4d9897320c58cd9981 
Number of updated asset objects reloaded before import = 0Number of asset objects unloaded after import = 1

========================================================================
Received Import Request.
  Time since last request: 0.000027 seconds.
  path: Assets/SunboxGames/ModularDungeonCaves/Textures/DungeonProps05/DungeonProps05_Normal.png
  importAddress: Guid(24c7d88b0fd8f794f9ada4416824556d) Importer(2089858483,b0f066a214c2f5e87bad3c948f4d605d)
Start importing Assets/SunboxGames/ModularDungeonCaves/Textures/DungeonProps05/DungeonProps05_Normal.png using Guid(24c7d88b0fd8f794f9ada4416824556d) Importer(2089858483,b0f066a214c2f5e87bad3c948f4d605d) (ScriptedImporter) -> (Import Result ID: 'aadd83250ec63a12804b9199faf8b70e') in 0.0210971 seconds [static and dynamic dependencies]. Details - ImportResultOutputID=988a592b6189485c26884dc01e058243 DependenciesID=8efaca62a52c4e5276e58c8a797ae1ad StaticDependenciesID=5e76c8eb24898c0e58c701542adb9e10 
Number of updated asset objects reloaded before import = 0Number of asset objects unloaded after import = 1

========================================================================
Received Import Request.
  Time since last request: 0.000030 seconds.
  path: Assets/SunboxGames/ModularDungeonCaves/Textures/RootsSmall/Roots_01_RootsSmall_AlbedoTransparency.png
  importAddress: Guid(2ffdd5db4f757a74aa4ecb0cb2a8dc0e) Importer(2089858483,b0f066a214c2f5e87bad3c948f4d605d)
Start importing Assets/SunboxGames/ModularDungeonCaves/Textures/RootsSmall/Roots_01_RootsSmall_AlbedoTransparency.png using Guid(2ffdd5db4f757a74aa4ecb0cb2a8dc0e) Importer(2089858483,b0f066a214c2f5e87bad3c948f4d605d) (ScriptedImporter) -> (Import Result ID: '6dba7d85c0a3dd4fd62c6812bacc91df') in 0.0259084 seconds [static and dynamic dependencies]. Details - ImportResultOutputID=d3c7f5af9381a369373a3a4bdab39148 DependenciesID=3d139f0061b482b24877784d79ba8d99 StaticDependenciesID=579d8d7a8267c8b6fd706643b018c790 
Number of updated asset objects reloaded before import = 0Number of asset objects unloaded after import = 1

========================================================================
Received Import Request.
  Time since last request: 0.000028 seconds.
  path: Assets/SunboxGames/ModularDungeonCaves/Textures/RootsLarge/Roots_01_RootsLarge_SpecularSmoothness.png
  importAddress: Guid(c43ae0d4a955861439f7f58b4cce3bbb) Importer(2089858483,b0f066a214c2f5e87bad3c948f4d605d)
Start importing Assets/SunboxGames/ModularDungeonCaves/Textures/RootsLarge/Roots_01_RootsLarge_SpecularSmoothness.png using Guid(c43ae0d4a955861439f7f58b4cce3bbb) Importer(2089858483,b0f066a214c2f5e87bad3c948f4d605d) (ScriptedImporter) -> (Import Result ID: '313a3b79ef561009ae0baba8fc4168c6') in 0.0227932 seconds [static and dynamic dependencies]. Details - ImportResultOutputID=3f09d7e1a803ed3704f8753b54913a80 DependenciesID=276b5856e48b92d0f343d82da39a0f65 StaticDependenciesID=af4074a627dfcc1ed3cd50772fd6b019 
Number of updated asset objects reloaded before import = 0Number of asset objects unloaded after import = 1

========================================================================
Received Import Request.
  Time since last request: 0.000031 seconds.
  path: Assets/SunboxGames/ModularDungeonCaves/Prefabs/Various/ClayPot02.prefab
  importAddress: Guid(6b1cc2ed421cfa545afcb2e6442e131e) Importer(2089858483,e11c23a36db5f54750b8cd40eac0985b)
Start importing Assets/SunboxGames/ModularDungeonCaves/Prefabs/Various/ClayPot02.prefab using Guid(6b1cc2ed421cfa545afcb2e6442e131e) Importer(2089858483,e11c23a36db5f54750b8cd40eac0985b) (ScriptedImporter) -> (Import Result ID: '4dcba0cc853825cfa0ccadcf8a432fa7') in 0.0074245 seconds [static and dynamic dependencies]. Details - ImportResultOutputID=7d49c2808a4fcda0e2eea5240a079909 DependenciesID=c917700dfbe2d1f1609848c17644219c StaticDependenciesID=789ec394680132c1b6cda02ead6c67f9 
Number of updated asset objects reloaded before import = 0Number of asset objects unloaded after import = 10

========================================================================
Received Import Request.
  Time since last request: 0.000022 seconds.
  path: Assets/HIVEMIND/CaveOfHiddenTomb/HDRP (Default)/Art/AllTextures1K/T_MI_FireWood_BC.png
  importAddress: Guid(abc00000000000551414953042338107) Importer(2089858483,b0f066a214c2f5e87bad3c948f4d605d)
Start importing Assets/HIVEMIND/CaveOfHiddenTomb/HDRP (Default)/Art/AllTextures1K/T_MI_FireWood_BC.png using Guid(abc00000000000551414953042338107) Importer(2089858483,b0f066a214c2f5e87bad3c948f4d605d) (ScriptedImporter) -> (Import Result ID: 'c1e19b301ba9b7c270429d6a4cadab50') in 0.0066053 seconds [static and dynamic dependencies]. Details - ImportResultOutputID=d5c1cbf537abb8e33d6c760ebc41da03 DependenciesID=8200cda1cd9399659bf1662e7b234858 StaticDependenciesID=d75446766db76f5615a0167e766439ba 
Number of updated asset objects reloaded before import = 0Number of asset objects unloaded after import = 1

========================================================================
Received Import Request.
  Time since last request: 0.000024 seconds.
  path: Assets/HIVEMIND/CaveOfHiddenTomb/HDRP (Default)/Art/AllTextures1K/T_EuropeanBeech_01_D.png
  importAddress: Guid(abc00000000009189603141803841392) Importer(2089858483,b0f066a214c2f5e87bad3c948f4d605d)
Start importing Assets/HIVEMIND/CaveOfHiddenTomb/HDRP (Default)/Art/AllTextures1K/T_EuropeanBeech_01_D.png using Guid(abc00000000009189603141803841392) Importer(2089858483,b0f066a214c2f5e87bad3c948f4d605d) (ScriptedImporter) -> (Import Result ID: '18ba8b307c47bbad1e2aa2d00435e56d') in 0.0082959 seconds [static and dynamic dependencies]. Details - ImportResultOutputID=3b1aaf6f875f495cee312d97682363f6 DependenciesID=a11cba5f37c358a286a566bd8e03db39 StaticDependenciesID=6807eeaf8ebfb68e414209ba7cbc7bca 
Number of updated asset objects reloaded before import = 0Number of asset objects unloaded after import = 1

========================================================================
Received Import Request.
  Time since last request: 0.000025 seconds.
  path: Assets/HIVEMIND/CaveOfHiddenTomb/HDRP (Default)/Art/AllTextures1K/T_EuropeanBeech_Bark_01_M.png
  importAddress: Guid(abc00000000002990883068600922882) Importer(2089858483,b0f066a214c2f5e87bad3c948f4d605d)
Start importing Assets/HIVEMIND/CaveOfHiddenTomb/HDRP (Default)/Art/AllTextures1K/T_EuropeanBeech_Bark_01_M.png using Guid(abc00000000002990883068600922882) Importer(2089858483,b0f066a214c2f5e87bad3c948f4d605d) (ScriptedImporter) -> (Import Result ID: '9c5fe674ba1c59cca92c8ce5ecfa25b4') in 0.0094209 seconds [static and dynamic dependencies]. Details - ImportResultOutputID=52464c9139eb22d3fd4c63f198de2f24 DependenciesID=92de2cb9d91e91027c76450f725675dd StaticDependenciesID=cb402dde95f1a85ac4cf9ae84ebe49a8 
Number of updated asset objects reloaded before import = 0Number of asset objects unloaded after import = 1

========================================================================
Received Import Request.
  Time since last request: 0.000024 seconds.
  path: Assets/HIVEMIND/CaveOfHiddenTomb/HDRP (Default)/Art/AllTextures1K/T_MI_Pillar_D_N.png
  importAddress: Guid(abc00000000011953626998281974018) Importer(2089858483,b0f066a214c2f5e87bad3c948f4d605d)
Start importing Assets/HIVEMIND/CaveOfHiddenTomb/HDRP (Default)/Art/AllTextures1K/T_MI_Pillar_D_N.png using Guid(abc00000000011953626998281974018) Importer(2089858483,b0f066a214c2f5e87bad3c948f4d605d) (ScriptedImporter) -> (Import Result ID: '133c6fdaccc483bd0b9d64aafc2da736') in 0.0090021 seconds [static and dynamic dependencies]. Details - ImportResultOutputID=6c3093e5469f71b9c06c8522af23a331 DependenciesID=c9d033aa402cbbcad3e80dded2c38da8 StaticDependenciesID=9c34b2dd5ce308d91a3b5c8cb4b43b3c 
Number of updated asset objects reloaded before import = 0Number of asset objects unloaded after import = 1

========================================================================
Received Import Request.
  Time since last request: 0.000029 seconds.
  path: Assets/HIVEMIND/CaveOfHiddenTomb/HDRP (Default)/Art/AllTextures1K/T_Fire01_Tiled_D_Yellow.png
  importAddress: Guid(63e52429d4613d745abcc7f56b2d149e) Importer(2089858483,b0f066a214c2f5e87bad3c948f4d605d)
Start importing Assets/HIVEMIND/CaveOfHiddenTomb/HDRP (Default)/Art/AllTextures1K/T_Fire01_Tiled_D_Yellow.png using Guid(63e52429d4613d745abcc7f56b2d149e) Importer(2089858483,b0f066a214c2f5e87bad3c948f4d605d) (ScriptedImporter) -> (Import Result ID: '74775f1a5546eae211ec41800f34c010') in 0.0076865 seconds [static and dynamic dependencies]. Details - ImportResultOutputID=3094e0b10c42b3e985e5d1175da75ada DependenciesID=1fc0cdf88cfebfaedc62cebf8d738707 StaticDependenciesID=9ee57fff08bda5a4ffbd5e6cb3ac3dd8 
Number of updated asset objects reloaded before import = 0Number of asset objects unloaded after import = 1

========================================================================
Received Import Request.
  Time since last request: 0.000040 seconds.
  path: Assets/HIVEMIND/CaveOfHiddenTomb/HDRP (Default)/Art/AllTextures1K/T_EuropeanBeechDetail_02_N.png
  importAddress: Guid(abc00000000007114856216992896668) Importer(2089858483,b0f066a214c2f5e87bad3c948f4d605d)
Start importing Assets/HIVEMIND/CaveOfHiddenTomb/HDRP (Default)/Art/AllTextures1K/T_EuropeanBeechDetail_02_N.png using Guid(abc00000000007114856216992896668) Importer(2089858483,b0f066a214c2f5e87bad3c948f4d605d) (ScriptedImporter) -> (Import Result ID: '4ca0f69e403f237273541591199adf31') in 0.0108402 seconds [static and dynamic dependencies]. Details - ImportResultOutputID=6fc96d7eb1cb06c08f439262cc1f52e5 DependenciesID=a6e1e8587c423db244caa22a2880e40e StaticDependenciesID=d8abfcc7a061ed5209131e4a75051ce6 
Number of updated asset objects reloaded before import = 0Number of asset objects unloaded after import = 1

========================================================================
Received Import Request.
  Time since last request: 0.000025 seconds.
  path: Assets/HIVEMIND/CaveOfHiddenTomb/HDRP (Default)/Art/AllTextures1K/T_MI_RockWall_ORD.png
  importAddress: Guid(abc00000000009006963996692780339) Importer(2089858483,b0f066a214c2f5e87bad3c948f4d605d)
Start importing Assets/HIVEMIND/CaveOfHiddenTomb/HDRP (Default)/Art/AllTextures1K/T_MI_RockWall_ORD.png using Guid(abc00000000009006963996692780339) Importer(2089858483,b0f066a214c2f5e87bad3c948f4d605d) (ScriptedImporter) -> (Import Result ID: 'aa1cc02d061ef7b32fd4b60315c13f1f') in 0.0101764 seconds [static and dynamic dependencies]. Details - ImportResultOutputID=2592faaa2534d7fc54f445a5c1092c5b DependenciesID=941de7c336c80c24ceec0f02625eb353 StaticDependenciesID=d65264b30a0043da12043d18ee24e6b2 
Number of updated asset objects reloaded before import = 0Number of asset objects unloaded after import = 1

========================================================================
Received Import Request.
  Time since last request: 0.000024 seconds.
  path: Assets/HIVEMIND/CaveOfHiddenTomb/HDRP (Default)/Art/AllTextures1K/T_MineWall_BC.png
  importAddress: Guid(abc00000000015816640026248782505) Importer(2089858483,b0f066a214c2f5e87bad3c948f4d605d)
Start importing Assets/HIVEMIND/CaveOfHiddenTomb/HDRP (Default)/Art/AllTextures1K/T_MineWall_BC.png using Guid(abc00000000015816640026248782505) Importer(2089858483,b0f066a214c2f5e87bad3c948f4d605d) (ScriptedImporter) -> (Import Result ID: 'a5aca76fb566989b4699382932ff80fe') in 0.0076102 seconds [static and dynamic dependencies]. Details - ImportResultOutputID=94a5df9b8182293002045247b1f56cae DependenciesID=74c5d99fd575ba4c662209a050d35da4 StaticDependenciesID=f5a90ba5e1dfa91ca4f3bab3dd5530a7 
Number of updated asset objects reloaded before import = 0Number of asset objects unloaded after import = 1

========================================================================
Received Import Request.
  Time since last request: 0.000024 seconds.
  path: Assets/HIVEMIND/CaveOfHiddenTomb/HDRP (Default)/Art/AllTextures1K/T_EuropeanBeechDetail_02_M.png
  importAddress: Guid(abc00000000012144738098917259733) Importer(2089858483,b0f066a214c2f5e87bad3c948f4d605d)
Start importing Assets/HIVEMIND/CaveOfHiddenTomb/HDRP (Default)/Art/AllTextures1K/T_EuropeanBeechDetail_02_M.png using Guid(abc00000000012144738098917259733) Importer(2089858483,b0f066a214c2f5e87bad3c948f4d605d) (ScriptedImporter) -> (Import Result ID: '29cef268000acb9ad4fa97ec0fd4c6f1') in 0.0104058 seconds [static and dynamic dependencies]. Details - ImportResultOutputID=f45dcef794a8e78261f15e7e475c20d8 DependenciesID=5653d8762d60ff1f2ffe6a8a98337420 StaticDependenciesID=39144749b48f05a80d9d582057e9a4dd 
Number of updated asset objects reloaded before import = 0Number of asset objects unloaded after import = 1

========================================================================
Received Import Request.
  Time since last request: 0.000026 seconds.
  path: Assets/HIVEMIND/CaveOfHiddenTomb/HDRP (Default)/Art/AllTextures1K/T_MineWall_AORD.png
  importAddress: Guid(abc00000000007168642340913984348) Importer(2089858483,b0f066a214c2f5e87bad3c948f4d605d)
Start importing Assets/HIVEMIND/CaveOfHiddenTomb/HDRP (Default)/Art/AllTextures1K/T_MineWall_AORD.png using Guid(abc00000000007168642340913984348) Importer(2089858483,b0f066a214c2f5e87bad3c948f4d605d) (ScriptedImporter) -> (Import Result ID: '175746cd9faae81d213f58d1667c38cb') in 0.007572 seconds [static and dynamic dependencies]. Details - ImportResultOutputID=47fdaa10f5426f153c3f7e53d2bc9bb0 DependenciesID=ff51676d0158e9b02102ba7f9f60a7e3 StaticDependenciesID=5578405dba30b6e6ee2f5d549fc6140d 
Number of updated asset objects reloaded before import = 0Number of asset objects unloaded after import = 1

========================================================================
Received Import Request.
  Time since last request: 0.000027 seconds.
  path: Assets/HIVEMIND/CaveOfHiddenTomb/HDRP (Default)/Art/AllTextures1K/T_EagleFern_01_N.png
  importAddress: Guid(abc00000000005840446345541265668) Importer(2089858483,b0f066a214c2f5e87bad3c948f4d605d)
Start importing Assets/HIVEMIND/CaveOfHiddenTomb/HDRP (Default)/Art/AllTextures1K/T_EagleFern_01_N.png using Guid(abc00000000005840446345541265668) Importer(2089858483,b0f066a214c2f5e87bad3c948f4d605d) (ScriptedImporter) -> (Import Result ID: 'c748cd05a8be75ee90a96ab0b51ef805') in 0.0068868 seconds [static and dynamic dependencies]. Details - ImportResultOutputID=0bff6461f6f65a820eb974b34cf82b80 DependenciesID=78b2e01b9367bfaf39c2d44660b5b661 StaticDependenciesID=d28248d3d48dc4470768bae29fa28e1f 
Number of updated asset objects reloaded before import = 0Number of asset objects unloaded after import = 1

========================================================================
Received Import Request.
  Time since last request: 0.000045 seconds.
  path: Assets/HIVEMIND/CaveOfHiddenTomb/HDRP (Default)/Art/AllTextures1K/T_Boulder_N.png
  importAddress: Guid(abc00000000017856062591106329815) Importer(2089858483,b0f066a214c2f5e87bad3c948f4d605d)
Start importing Assets/HIVEMIND/CaveOfHiddenTomb/HDRP (Default)/Art/AllTextures1K/T_Boulder_N.png using Guid(abc00000000017856062591106329815) Importer(2089858483,b0f066a214c2f5e87bad3c948f4d605d) (ScriptedImporter) -> (Import Result ID: '6b41a98e90bff17c65dac636361592d3') in 0.0084437 seconds [static and dynamic dependencies]. Details - ImportResultOutputID=b7f24011ec5e6c989b576d8c6880fabc DependenciesID=84e3dbd821d5ebef6ce7ef101eff97a8 StaticDependenciesID=23bd1605c733852ce3e983d3eb6aed6b 
Number of updated asset objects reloaded before import = 0Number of asset objects unloaded after import = 1

========================================================================
Received Import Request.
  Time since last request: 0.000029 seconds.
  path: Assets/HIVEMIND/CaveOfHiddenTomb/HDRP (Default)/Art/AllTextures1K/T_MI_Firepit_B_ORM.png
  importAddress: Guid(abc00000000010624073864029591708) Importer(2089858483,b0f066a214c2f5e87bad3c948f4d605d)
Start importing Assets/HIVEMIND/CaveOfHiddenTomb/HDRP (Default)/Art/AllTextures1K/T_MI_Firepit_B_ORM.png using Guid(abc00000000010624073864029591708) Importer(2089858483,b0f066a214c2f5e87bad3c948f4d605d) (ScriptedImporter) -> (Import Result ID: '10e4b7355563615fb0be49035f10adf6') in 0.0108529 seconds [static and dynamic dependencies]. Details - ImportResultOutputID=50edf81ee98b80b67d0d9e464271bdbc DependenciesID=b832dba6a5e375372ddbffdf3829e75e StaticDependenciesID=2eaa44b61465662e4600fb75b8f90651 
Number of updated asset objects reloaded before import = 0Number of asset objects unloaded after import = 1

========================================================================
Received Import Request.
  Time since last request: 0.000023 seconds.
  path: Assets/HIVEMIND/CaveOfHiddenTomb/HDRP (Default)/Art/AllTextures1K/T_Fire_RA_01.PNG
  importAddress: Guid(63f624c8bd42f35409dde06b85d2d900) Importer(2089858483,b0f066a214c2f5e87bad3c948f4d605d)
Start importing Assets/HIVEMIND/CaveOfHiddenTomb/HDRP (Default)/Art/AllTextures1K/T_Fire_RA_01.PNG using Guid(63f624c8bd42f35409dde06b85d2d900) Importer(2089858483,b0f066a214c2f5e87bad3c948f4d605d) (ScriptedImporter) -> (Import Result ID: '43b7be83eb46f98bcad766f180056839') in 0.0110526 seconds [static and dynamic dependencies]. Details - ImportResultOutputID=ed99d46492eee506c61c97f4abf2b915 DependenciesID=b7afbc2538917f34e4defd8d7da5b793 StaticDependenciesID=054ca7ae5402b22929feaa21d4861da2 
Number of updated asset objects reloaded before import = 0Number of asset objects unloaded after import = 1

========================================================================
Received Import Request.
  Time since last request: 0.000024 seconds.
  path: Assets/HIVEMIND/CaveOfHiddenTomb/HDRP (Default)/Art/AllTextures1K/T_MI_FireWood_N.png
  importAddress: Guid(abc00000000013308565761681326636) Importer(2089858483,b0f066a214c2f5e87bad3c948f4d605d)
Start importing Assets/HIVEMIND/CaveOfHiddenTomb/HDRP (Default)/Art/AllTextures1K/T_MI_FireWood_N.png using Guid(abc00000000013308565761681326636) Importer(2089858483,b0f066a214c2f5e87bad3c948f4d605d) (ScriptedImporter) -> (Import Result ID: 'ebe9b58da4a3640bdec3e5fab45d6ab6') in 0.0078962 seconds [static and dynamic dependencies]. Details - ImportResultOutputID=51294122d3c5573ab1136c4467777d19 DependenciesID=3613484746cc1904d9f09692d0ef9796 StaticDependenciesID=41744ed7f8bc281a58f977fe37dd8b8d 
Number of updated asset objects reloaded before import = 0Number of asset objects unloaded after import = 1

========================================================================
Received Import Request.
  Time since last request: 0.000027 seconds.
  path: Assets/SunboxGames/ModularDungeonCaves/Textures/LogStairs_01/LogStairs_01_paint_LogStairs_01_Normal.png
  importAddress: Guid(1f2d79bce7001f846be7166076519e8d) Importer(2089858483,b0f066a214c2f5e87bad3c948f4d605d)
Start importing Assets/SunboxGames/ModularDungeonCaves/Textures/LogStairs_01/LogStairs_01_paint_LogStairs_01_Normal.png using Guid(1f2d79bce7001f846be7166076519e8d) Importer(2089858483,b0f066a214c2f5e87bad3c948f4d605d) (ScriptedImporter) -> (Import Result ID: 'ad3ff3bdfa01a9e0f505e665472c67fc') in 0.0221331 seconds [static and dynamic dependencies]. Details - ImportResultOutputID=26777866e6981a3c918367c9f5f2a35a DependenciesID=236aff95f46e5efb84c2c22dff6e895d StaticDependenciesID=152039a80225fd86358cabac91c7a193 
Number of updated asset objects reloaded before import = 0Number of asset objects unloaded after import = 1

========================================================================
Received Import Request.
  Time since last request: 0.000029 seconds.
  path: Assets/TripoModels/ancient_chinese_statue_3d_model_3/ancient_chinese_statue_3d_model_3.fbm/ancient_chinese_statue_3d_model_metallic_Smoothness.png
  importAddress: Guid(073a4535ec25c7f4ba2bf191ae1a4e71) Importer(2089858483,b0f066a214c2f5e87bad3c948f4d605d)
Start importing Assets/TripoModels/ancient_chinese_statue_3d_model_3/ancient_chinese_statue_3d_model_3.fbm/ancient_chinese_statue_3d_model_metallic_Smoothness.png using Guid(073a4535ec25c7f4ba2bf191ae1a4e71) Importer(2089858483,b0f066a214c2f5e87bad3c948f4d605d) (ScriptedImporter) -> (Import Result ID: '68998e8030144599613195136fed03d2') in 0.0100651 seconds [static and dynamic dependencies]. Details - ImportResultOutputID=b1c113ba0238187457ec043011b08d49 DependenciesID=50693d9481a5a81f01465cf26eba0023 StaticDependenciesID=d37d87e9839a35566a2d53a160cff80a 
Number of updated asset objects reloaded before import = 0Number of asset objects unloaded after import = 1

========================================================================
Received Import Request.
  Time since last request: 0.000039 seconds.
  path: Assets/HIVEMIND/CaveOfHiddenTomb/HDRP (Default)/Art/AllTextures1K/T_MI_Stone_C_ORM.png
  importAddress: Guid(abc00000000009147322867028245764) Importer(2089858483,b0f066a214c2f5e87bad3c948f4d605d)
Start importing Assets/HIVEMIND/CaveOfHiddenTomb/HDRP (Default)/Art/AllTextures1K/T_MI_Stone_C_ORM.png using Guid(abc00000000009147322867028245764) Importer(2089858483,b0f066a214c2f5e87bad3c948f4d605d) (ScriptedImporter) -> (Import Result ID: 'd6da08c6455a8be74db311565e4f7116') in 0.0107756 seconds [static and dynamic dependencies]. Details - ImportResultOutputID=70778fd69b107fa2375465ce2026e445 DependenciesID=7e18bb8292a0b8f8f32678e195ef48e3 StaticDependenciesID=f9623ebbc40bfdc9cf66547a56abc230 
Number of updated asset objects reloaded before import = 0Number of asset objects unloaded after import = 1

========================================================================
Received Import Request.
  Time since last request: 0.000023 seconds.
  path: Assets/HIVEMIND/CaveOfHiddenTomb/HDRP (Default)/Art/AllTextures1K/T_RockWall_BC.png
  importAddress: Guid(abc00000000001171683740332456784) Importer(2089858483,b0f066a214c2f5e87bad3c948f4d605d)
Start importing Assets/HIVEMIND/CaveOfHiddenTomb/HDRP (Default)/Art/AllTextures1K/T_RockWall_BC.png using Guid(abc00000000001171683740332456784) Importer(2089858483,b0f066a214c2f5e87bad3c948f4d605d) (ScriptedImporter) -> (Import Result ID: 'd349755d6f6c29fc809ed8173ec600cd') in 0.0082808 seconds [static and dynamic dependencies]. Details - ImportResultOutputID=f1cdc6fed014a226dba423c89696bb43 DependenciesID=d6aa9ff62b7c236fa1daca82ada0bf13 StaticDependenciesID=bea4601963959e5b6f4d69a203e757ba 
Number of updated asset objects reloaded before import = 0Number of asset objects unloaded after import = 1

========================================================================
Received Import Request.
  Time since last request: 0.000022 seconds.
  path: Assets/HIVEMIND/CaveOfHiddenTomb/HDRP (Default)/Art/AllTextures1K/T_MI_Stalacite_ORD04.png
  importAddress: Guid(abc00000000005774256324970606142) Importer(2089858483,b0f066a214c2f5e87bad3c948f4d605d)
Start importing Assets/HIVEMIND/CaveOfHiddenTomb/HDRP (Default)/Art/AllTextures1K/T_MI_Stalacite_ORD04.png using Guid(abc00000000005774256324970606142) Importer(2089858483,b0f066a214c2f5e87bad3c948f4d605d) (ScriptedImporter) -> (Import Result ID: '203c0e7b56b5c4974eb8e8aeabe4cb4c') in 0.0065666 seconds [static and dynamic dependencies]. Details - ImportResultOutputID=9273386e5396864fc8bab69798f969de DependenciesID=9b12c38cff175fc4c66f970579238df3 StaticDependenciesID=52dccffd17c26427324f31534e715283 
Number of updated asset objects reloaded before import = 0Number of asset objects unloaded after import = 1

========================================================================
Received Import Request.
  Time since last request: 0.000023 seconds.
  path: Assets/HIVEMIND/CaveOfHiddenTomb/HDRP (Default)/Art/AllTextures1K/T_MI_Sculpt_B_ORD.png
  importAddress: Guid(abc00000000018212880579617354727) Importer(2089858483,b0f066a214c2f5e87bad3c948f4d605d)
Start importing Assets/HIVEMIND/CaveOfHiddenTomb/HDRP (Default)/Art/AllTextures1K/T_MI_Sculpt_B_ORD.png using Guid(abc00000000018212880579617354727) Importer(2089858483,b0f066a214c2f5e87bad3c948f4d605d) (ScriptedImporter) -> (Import Result ID: 'c95e46cf48c23f6f8f02700f91d0f57d') in 0.0102523 seconds [static and dynamic dependencies]. Details - ImportResultOutputID=8c3173a4d689573a17d9948009db5afd DependenciesID=ae6ec2653b6791f23931f8bfba1f7a0f StaticDependenciesID=a5efc2144ba9333fb92384a86eccb049 
Number of updated asset objects reloaded before import = 0Number of asset objects unloaded after import = 1

========================================================================
Received Import Request.
  Time since last request: 0.000021 seconds.
  path: Assets/HIVEMIND/CaveOfHiddenTomb/HDRP (Default)/Art/AllTextures1K/T_MI_Stalacite_ORD.png
  importAddress: Guid(abc00000000014201865439641719703) Importer(2089858483,b0f066a214c2f5e87bad3c948f4d605d)
Start importing Assets/HIVEMIND/CaveOfHiddenTomb/HDRP (Default)/Art/AllTextures1K/T_MI_Stalacite_ORD.png using Guid(abc00000000014201865439641719703) Importer(2089858483,b0f066a214c2f5e87bad3c948f4d605d) (ScriptedImporter) -> (Import Result ID: 'd82dabae271b7cb1804678cc41d3e6a5') in 0.0127667 seconds [static and dynamic dependencies]. Details - ImportResultOutputID=31c3275c1eda66247f8abe1c88dfe1db DependenciesID=b16c576f4b65cce40254671f45fa8017 StaticDependenciesID=478615fd086a98fc0a4c8ab98b5d4d3d 
Number of updated asset objects reloaded before import = 0Number of asset objects unloaded after import = 1

========================================================================
Received Import Request.
  Time since last request: 0.000028 seconds.
  path: Assets/HIVEMIND/CaveOfHiddenTomb/HDRP (Default)/Art/AllTextures1K/T_MI_Stalacite_N02.png
  importAddress: Guid(abc00000000015991768703604754173) Importer(2089858483,b0f066a214c2f5e87bad3c948f4d605d)
Start importing Assets/HIVEMIND/CaveOfHiddenTomb/HDRP (Default)/Art/AllTextures1K/T_MI_Stalacite_N02.png using Guid(abc00000000015991768703604754173) Importer(2089858483,b0f066a214c2f5e87bad3c948f4d605d) (ScriptedImporter) -> (Import Result ID: 'bd47b15eb4a5416df854a2c723142ae7') in 0.0085583 seconds [static and dynamic dependencies]. Details - ImportResultOutputID=f1b699c0bcd77926a84d27f16e5595a9 DependenciesID=85d6db8197173c56acd40028de273b46 StaticDependenciesID=3ecf71ff1dd8809e546c5ddab6893a30 
Number of updated asset objects reloaded before import = 0Number of asset objects unloaded after import = 1

========================================================================
Received Import Request.
  Time since last request: 0.000037 seconds.
  path: Assets/HIVEMIND/CaveOfHiddenTomb/HDRP (Default)/Art/AllTextures1K/T_MI_Sculpt_B_N.png
  importAddress: Guid(abc00000000006565930075230876266) Importer(2089858483,b0f066a214c2f5e87bad3c948f4d605d)
Start importing Assets/HIVEMIND/CaveOfHiddenTomb/HDRP (Default)/Art/AllTextures1K/T_MI_Sculpt_B_N.png using Guid(abc00000000006565930075230876266) Importer(2089858483,b0f066a214c2f5e87bad3c948f4d605d) (ScriptedImporter) -> (Import Result ID: '149bb5f4b5bf099758cc6fcf54dda9f3') in 0.0080859 seconds [static and dynamic dependencies]. Details - ImportResultOutputID=a0ccc0d1005814f052ba2ea13bc2d109 DependenciesID=35a2e76955fb9543c4f2b2f8c9854508 StaticDependenciesID=b9359617ec8c5116afd6d520a1157f90 
Number of updated asset objects reloaded before import = 0Number of asset objects unloaded after import = 1

========================================================================
Received Import Request.
  Time since last request: 0.000022 seconds.
  path: Assets/HIVEMIND/CaveOfHiddenTomb/HDRP (Default)/Art/AllTextures1K/T_MI_Wall_Aztec_BC.png
  importAddress: Guid(abc00000000008704111451277991830) Importer(2089858483,b0f066a214c2f5e87bad3c948f4d605d)
Start importing Assets/HIVEMIND/CaveOfHiddenTomb/HDRP (Default)/Art/AllTextures1K/T_MI_Wall_Aztec_BC.png using Guid(abc00000000008704111451277991830) Importer(2089858483,b0f066a214c2f5e87bad3c948f4d605d) (ScriptedImporter) -> (Import Result ID: 'cf3039bbbee2f1ba560f22ed8fbb5971') in 0.0085706 seconds [static and dynamic dependencies]. Details - ImportResultOutputID=8970c1951196b700a5881bba99b42420 DependenciesID=b8df7e5b754ca9f0095595d0e6bbfe71 StaticDependenciesID=419fd76274c34ebdda7f249947548a3d 
Number of updated asset objects reloaded before import = 0Number of asset objects unloaded after import = 1

========================================================================
Received Import Request.
  Time since last request: 0.000024 seconds.
  path: Assets/HIVEMIND/CaveOfHiddenTomb/HDRP (Default)/Art/AllTextures1K/T_RockWall_BC03.png
  importAddress: Guid(abc00000000003821658837382181122) Importer(2089858483,b0f066a214c2f5e87bad3c948f4d605d)
Start importing Assets/HIVEMIND/CaveOfHiddenTomb/HDRP (Default)/Art/AllTextures1K/T_RockWall_BC03.png using Guid(abc00000000003821658837382181122) Importer(2089858483,b0f066a214c2f5e87bad3c948f4d605d) (ScriptedImporter) -> (Import Result ID: '109d4b1a32a25427070f127a149a4f55') in 0.0067582 seconds [static and dynamic dependencies]. Details - ImportResultOutputID=a0ce14ecb8a504c39763e9704b2887d3 DependenciesID=4419b0ee561b291b5a2f12dc9d0ce503 StaticDependenciesID=d971c49ab20610fb3fd75c9fe7852cf5 
Number of updated asset objects reloaded before import = 0Number of asset objects unloaded after import = 1

========================================================================
Received Import Request.
  Time since last request: 0.000027 seconds.
  path: Assets/HIVEMIND/CaveOfHiddenTomb/HDRP (Default)/Art/AllTextures1K/T_MI_Stone_D_ORM.png
  importAddress: Guid(abc00000000014801958426368496462) Importer(2089858483,b0f066a214c2f5e87bad3c948f4d605d)
Start importing Assets/HIVEMIND/CaveOfHiddenTomb/HDRP (Default)/Art/AllTextures1K/T_MI_Stone_D_ORM.png using Guid(abc00000000014801958426368496462) Importer(2089858483,b0f066a214c2f5e87bad3c948f4d605d) (ScriptedImporter) -> (Import Result ID: '8aa4c8e6a1c8f62ca4090d2218f2f157') in 0.0101205 seconds [static and dynamic dependencies]. Details - ImportResultOutputID=b265211f3796ae11dad0b011e5c1465f DependenciesID=8fcf2c4bbc404ba292f4f9997345a644 StaticDependenciesID=58f15f624984ab9381e3325a2d1ca57b 
Number of updated asset objects reloaded before import = 0Number of asset objects unloaded after import = 1

========================================================================
Received Import Request.
  Time since last request: 0.000024 seconds.
  path: Assets/HIVEMIND/CaveOfHiddenTomb/HDRP (Default)/Art/AllTextures1K/T_MI_Stalacite_ORD03.png
  importAddress: Guid(abc00000000012207005506608181709) Importer(2089858483,b0f066a214c2f5e87bad3c948f4d605d)
Start importing Assets/HIVEMIND/CaveOfHiddenTomb/HDRP (Default)/Art/AllTextures1K/T_MI_Stalacite_ORD03.png using Guid(abc00000000012207005506608181709) Importer(2089858483,b0f066a214c2f5e87bad3c948f4d605d) (ScriptedImporter) -> (Import Result ID: '873a9c81d4c88090d835b1f5deab32bd') in 0.0100914 seconds [static and dynamic dependencies]. Details - ImportResultOutputID=c22f1061412ad39dc0df948aaf4e63b0 DependenciesID=315006bb26db1e3faec5b9e59643ea75 StaticDependenciesID=0e809bcb2333a9fe13fddf93507148d1 
Number of updated asset objects reloaded before import = 0Number of asset objects unloaded after import = 1

========================================================================
Received Import Request.
  Time since last request: 0.000027 seconds.
  path: Assets/HIVEMIND/CaveOfHiddenTomb/HDRP (Default)/Art/AllTextures1K/T_MI_Stalacite_N.png
  importAddress: Guid(abc00000000008483786056138156474) Importer(2089858483,b0f066a214c2f5e87bad3c948f4d605d)
Start importing Assets/HIVEMIND/CaveOfHiddenTomb/HDRP (Default)/Art/AllTextures1K/T_MI_Stalacite_N.png using Guid(abc00000000008483786056138156474) Importer(2089858483,b0f066a214c2f5e87bad3c948f4d605d) (ScriptedImporter) -> (Import Result ID: '4e9c288c0dab6e0600c3f787d69c3f48') in 0.0078483 seconds [static and dynamic dependencies]. Details - ImportResultOutputID=05650ee907717e2440800f91e7905ca9 DependenciesID=b8b9fab793658470d81ae7b08d4edb61 StaticDependenciesID=ecddf8430b23a1fbafb702ebba8af891 
Number of updated asset objects reloaded before import = 0Number of asset objects unloaded after import = 1

========================================================================
Received Import Request.
  Time since last request: 0.000040 seconds.
  path: Assets/HIVEMIND/CaveOfHiddenTomb/HDRP (Default)/Art/AllTextures1K/T_MI_Stone_A_BC.png
  importAddress: Guid(abc00000000002550019530193093193) Importer(2089858483,b0f066a214c2f5e87bad3c948f4d605d)
Start importing Assets/HIVEMIND/CaveOfHiddenTomb/HDRP (Default)/Art/AllTextures1K/T_MI_Stone_A_BC.png using Guid(abc00000000002550019530193093193) Importer(2089858483,b0f066a214c2f5e87bad3c948f4d605d) (ScriptedImporter) -> (Import Result ID: '4eb0ca90f90a10418f564f220de8fd8a') in 0.0099847 seconds [static and dynamic dependencies]. Details - ImportResultOutputID=867df331c9ff5cb75b07ec510faebb17 DependenciesID=b1e2b4fd4ae712362db7a6983d4f227e StaticDependenciesID=3d19bc7f9081990475990fb8d2ed4d27 
Number of updated asset objects reloaded before import = 0Number of asset objects unloaded after import = 1

========================================================================
Received Import Request.
  Time since last request: 0.000023 seconds.
  path: Assets/HIVEMIND/CaveOfHiddenTomb/HDRP (Default)/Art/AllTextures1K/T_MI_Stone_C_BC.png
  importAddress: Guid(abc00000000006520239191483446361) Importer(2089858483,b0f066a214c2f5e87bad3c948f4d605d)
Start importing Assets/HIVEMIND/CaveOfHiddenTomb/HDRP (Default)/Art/AllTextures1K/T_MI_Stone_C_BC.png using Guid(abc00000000006520239191483446361) Importer(2089858483,b0f066a214c2f5e87bad3c948f4d605d) (ScriptedImporter) -> (Import Result ID: 'd80217f0cd710e9bf68a8b959a25666e') in 0.0076988 seconds [static and dynamic dependencies]. Details - ImportResultOutputID=423252f337547951ccb6717a5d2ad6fa DependenciesID=ec1ecca7a32096632a88c57c41395de8 StaticDependenciesID=8c837bed591c56c5830eb1cf5203f167 
Number of updated asset objects reloaded before import = 0Number of asset objects unloaded after import = 1

========================================================================
Received Import Request.
  Time since last request: 0.000022 seconds.
  path: Assets/HIVEMIND/CaveOfHiddenTomb/HDRP (Default)/Art/AllTextures1K/T_Rock_N05.png
  importAddress: Guid(abc00000000012726100118473983773) Importer(2089858483,b0f066a214c2f5e87bad3c948f4d605d)
Start importing Assets/HIVEMIND/CaveOfHiddenTomb/HDRP (Default)/Art/AllTextures1K/T_Rock_N05.png using Guid(abc00000000012726100118473983773) Importer(2089858483,b0f066a214c2f5e87bad3c948f4d605d) (ScriptedImporter) -> (Import Result ID: '9b07ff3ed3606e41d9ae10da0702ec7e') in 0.0092643 seconds [static and dynamic dependencies]. Details - ImportResultOutputID=141cdab222e99a41a9138687d01fde65 DependenciesID=97e8678e55b9b3be389ce2c312a441bd StaticDependenciesID=9151605741376a4ab83cd53f0aa58800 
Number of updated asset objects reloaded before import = 0Number of asset objects unloaded after import = 1

========================================================================
Received Import Request.
  Time since last request: 0.000021 seconds.
  path: Assets/HIVEMIND/CaveOfHiddenTomb/HDRP (Default)/Art/AllTextures1K/T_StonePlate_Normal.png
  importAddress: Guid(abc00000000007131508370397048528) Importer(2089858483,b0f066a214c2f5e87bad3c948f4d605d)
Start importing Assets/HIVEMIND/CaveOfHiddenTomb/HDRP (Default)/Art/AllTextures1K/T_StonePlate_Normal.png using Guid(abc00000000007131508370397048528) Importer(2089858483,b0f066a214c2f5e87bad3c948f4d605d) (ScriptedImporter) -> (Import Result ID: '9cc67ec5fc5de33131957d23fbbf506d') in 0.0088193 seconds [static and dynamic dependencies]. Details - ImportResultOutputID=be724182482830ba8cb64e14d43bad52 DependenciesID=19b6f523d1ec94c7d8331b7be4778715 StaticDependenciesID=fbb817db9af658b801b4b7f1479c412b 
Number of updated asset objects reloaded before import = 0Number of asset objects unloaded after import = 1

========================================================================
Received Import Request.
  Time since last request: 0.000027 seconds.
  path: Assets/HIVEMIND/CaveOfHiddenTomb/HDRP (Default)/Art/AllTextures1K/T_Soil_M.png
  importAddress: Guid(abc00000000006413941680705221691) Importer(2089858483,b0f066a214c2f5e87bad3c948f4d605d)
Start importing Assets/HIVEMIND/CaveOfHiddenTomb/HDRP (Default)/Art/AllTextures1K/T_Soil_M.png using Guid(abc00000000006413941680705221691) Importer(2089858483,b0f066a214c2f5e87bad3c948f4d605d) (ScriptedImporter) -> (Import Result ID: 'dae984ae7bd9929d02a1708ae736da62') in 0.0085961 seconds [static and dynamic dependencies]. Details - ImportResultOutputID=86a59471973c0b69c2f57fe32f450284 DependenciesID=6eacfabc22d1eca30256cd9938006016 StaticDependenciesID=c93760ff10bf30fa8728ae5bd372e3fb 
Number of updated asset objects reloaded before import = 0Number of asset objects unloaded after import = 1

========================================================================
Received Import Request.
  Time since last request: 0.000029 seconds.
  path: Assets/HIVEMIND/CaveOfHiddenTomb/HDRP (Default)/Art/AllTextures1K/T_Temple_Floor_AORD.png
  importAddress: Guid(abc00000000016626269251493428787) Importer(2089858483,b0f066a214c2f5e87bad3c948f4d605d)
Start importing Assets/HIVEMIND/CaveOfHiddenTomb/HDRP (Default)/Art/AllTextures1K/T_Temple_Floor_AORD.png using Guid(abc00000000016626269251493428787) Importer(2089858483,b0f066a214c2f5e87bad3c948f4d605d) (ScriptedImporter) -> (Import Result ID: 'e7b82d7d066136c6c53b4ba6e2eab240') in 0.0121846 seconds [static and dynamic dependencies]. Details - ImportResultOutputID=cb58d06a7234910984c2dfc8d9ef0500 DependenciesID=176a4f6b5fa392c86d1cf98277cfb959 StaticDependenciesID=bb61b058120d6e64868da1e11adda8fb 
Number of updated asset objects reloaded before import = 0Number of asset objects unloaded after import = 1

========================================================================
Received Import Request.
  Time since last request: 0.000035 seconds.
  path: Assets/HIVEMIND/CaveOfHiddenTomb/HDRP (Default)/Art/AllTextures1K/T_StonePlate_Albedo04.png
  importAddress: Guid(abc00000000013336156309022130305) Importer(2089858483,b0f066a214c2f5e87bad3c948f4d605d)
Start importing Assets/HIVEMIND/CaveOfHiddenTomb/HDRP (Default)/Art/AllTextures1K/T_StonePlate_Albedo04.png using Guid(abc00000000013336156309022130305) Importer(2089858483,b0f066a214c2f5e87bad3c948f4d605d) (ScriptedImporter) -> (Import Result ID: '03373b6e801ca135dc448e61a7232013') in 0.0074673 seconds [static and dynamic dependencies]. Details - ImportResultOutputID=2cf051c400ee883f2fed430fcfe32ecb DependenciesID=899db2f41f528649be20b51390c93d4a StaticDependenciesID=1dfb57039e48724b9da0e8d7e45e2803 
Number of updated asset objects reloaded before import = 0Number of asset objects unloaded after import = 1

========================================================================
Received Import Request.
  Time since last request: 0.000023 seconds.
  path: Assets/HIVEMIND/CaveOfHiddenTomb/HDRP (Default)/Art/AllTextures1K/T_Rock_BC.png
  importAddress: Guid(abc00000000003815361673445742204) Importer(2089858483,b0f066a214c2f5e87bad3c948f4d605d)
Start importing Assets/HIVEMIND/CaveOfHiddenTomb/HDRP (Default)/Art/AllTextures1K/T_Rock_BC.png using Guid(abc00000000003815361673445742204) Importer(2089858483,b0f066a214c2f5e87bad3c948f4d605d) (ScriptedImporter) -> (Import Result ID: '94412fe4e763c6fc29dd97967bf35869') in 0.0080662 seconds [static and dynamic dependencies]. Details - ImportResultOutputID=da2bc74881f3becf24cb2aeebb33c8e7 DependenciesID=9955127384d37ca1d014b0b57c4af92e StaticDependenciesID=4d4e51d1cb130172c0678bbec249ba4d 
Number of updated asset objects reloaded before import = 0Number of asset objects unloaded after import = 1

========================================================================
Received Import Request.
  Time since last request: 0.000025 seconds.
  path: Assets/HIVEMIND/CaveOfHiddenTomb/HDRP (Default)/Art/AllTextures1K/T_Rock_ORD04.png
  importAddress: Guid(abc00000000002539524819836069337) Importer(2089858483,b0f066a214c2f5e87bad3c948f4d605d)
Start importing Assets/HIVEMIND/CaveOfHiddenTomb/HDRP (Default)/Art/AllTextures1K/T_Rock_ORD04.png using Guid(abc00000000002539524819836069337) Importer(2089858483,b0f066a214c2f5e87bad3c948f4d605d) (ScriptedImporter) -> (Import Result ID: 'd9c6cfb980bba1d77b5c13ef98197133') in 0.0127564 seconds [static and dynamic dependencies]. Details - ImportResultOutputID=c3a91874b08f0b5f233097d3b6552a77 DependenciesID=f4fca2b1a80dfbdd31e5bca0393ce376 StaticDependenciesID=a5490ffd12b92797776eb07989e914e4 
Number of updated asset objects reloaded before import = 0Number of asset objects unloaded after import = 1

========================================================================
Received Import Request.
  Time since last request: 0.000044 seconds.
  path: Assets/HIVEMIND/CaveOfHiddenTomb/HDRP (Default)/Art/AllTextures1K/T_Rock_N06.png
  importAddress: Guid(abc00000000001120493716655026838) Importer(2089858483,b0f066a214c2f5e87bad3c948f4d605d)
Start importing Assets/HIVEMIND/CaveOfHiddenTomb/HDRP (Default)/Art/AllTextures1K/T_Rock_N06.png using Guid(abc00000000001120493716655026838) Importer(2089858483,b0f066a214c2f5e87bad3c948f4d605d) (ScriptedImporter) -> (Import Result ID: '199b6406a510c17b80cca03ee972bcab') in 0.0086483 seconds [static and dynamic dependencies]. Details - ImportResultOutputID=30c941e0c15787178a04de57b1075e34 DependenciesID=1919b941b3368162ad53360b8e4056fc StaticDependenciesID=4374425b77c60c4d39a6dddb4668f968 
Number of updated asset objects reloaded before import = 0Number of asset objects unloaded after import = 1

========================================================================
Received Import Request.
  Time since last request: 0.000023 seconds.
  path: Assets/HIVEMIND/CaveOfHiddenTomb/HDRP (Default)/Art/AllTextures1K/T_StonePlate_Normal04.png
  importAddress: Guid(abc00000000009790514027346572343) Importer(2089858483,b0f066a214c2f5e87bad3c948f4d605d)
Start importing Assets/HIVEMIND/CaveOfHiddenTomb/HDRP (Default)/Art/AllTextures1K/T_StonePlate_Normal04.png using Guid(abc00000000009790514027346572343) Importer(2089858483,b0f066a214c2f5e87bad3c948f4d605d) (ScriptedImporter) -> (Import Result ID: 'ce3ad0f6d69e83271362d86a36bde4a4') in 0.0088016 seconds [static and dynamic dependencies]. Details - ImportResultOutputID=ef09c5e6b649f00a324821f9204f09b9 DependenciesID=9e7267925956f8acadeae09884bcbf61 StaticDependenciesID=ebfe865bd9310a3195f240127d67ad31 
Number of updated asset objects reloaded before import = 0Number of asset objects unloaded after import = 1

========================================================================
Received Import Request.
  Time since last request: 0.000029 seconds.
  path: Assets/HIVEMIND/CaveOfHiddenTomb/HDRP (Default)/Art/AllTextures1K/T_stoneplate_g_N.PNG
  importAddress: Guid(90985fa02878b864188584d2d9478d49) Importer(2089858483,b0f066a214c2f5e87bad3c948f4d605d)
Start importing Assets/HIVEMIND/CaveOfHiddenTomb/HDRP (Default)/Art/AllTextures1K/T_stoneplate_g_N.PNG using Guid(90985fa02878b864188584d2d9478d49) Importer(2089858483,b0f066a214c2f5e87bad3c948f4d605d) (ScriptedImporter) -> (Import Result ID: '0e6b5283e7005d5ca15dae2ebd6d60de') in 0.0094692 seconds [static and dynamic dependencies]. Details - ImportResultOutputID=9e45d8ebcc39c00eebc40831f01412cd DependenciesID=878502081aa7fac3505241d4524bed48 StaticDependenciesID=ac93bec4314d62333b9a32e0ed8aa04e 
Number of updated asset objects reloaded before import = 0Number of asset objects unloaded after import = 1

========================================================================
Received Import Request.
  Time since last request: 0.000046 seconds.
  path: Assets/HIVEMIND/CaveOfHiddenTomb/HDRP (Default)/Art/AllTextures1K/T_Rock_N03.png
  importAddress: Guid(abc00000000012799079414012075847) Importer(2089858483,b0f066a214c2f5e87bad3c948f4d605d)
Start importing Assets/HIVEMIND/CaveOfHiddenTomb/HDRP (Default)/Art/AllTextures1K/T_Rock_N03.png using Guid(abc00000000012799079414012075847) Importer(2089858483,b0f066a214c2f5e87bad3c948f4d605d) (ScriptedImporter) -> (Import Result ID: '842766791dda651e4fd2007250768c5e') in 0.007968 seconds [static and dynamic dependencies]. Details - ImportResultOutputID=e1d3931b65a53ee8819d6de71626f916 DependenciesID=fef20c56bc9f9a0c39fac9db6fc66741 StaticDependenciesID=272f74d3c26a6279cedc9edab8458298 
Number of updated asset objects reloaded before import = 0Number of asset objects unloaded after import = 1

========================================================================
Received Import Request.
  Time since last request: 0.000025 seconds.
  path: Assets/HIVEMIND/CaveOfHiddenTomb/HDRP (Default)/Art/AllTextures1K/T_Soil_BC.png
  importAddress: Guid(abc00000000006838845880355280485) Importer(2089858483,b0f066a214c2f5e87bad3c948f4d605d)
Start importing Assets/HIVEMIND/CaveOfHiddenTomb/HDRP (Default)/Art/AllTextures1K/T_Soil_BC.png using Guid(abc00000000006838845880355280485) Importer(2089858483,b0f066a214c2f5e87bad3c948f4d605d) (ScriptedImporter) -> (Import Result ID: '19e5fee07c2a53eb73973bf03aa18cdf') in 0.0078539 seconds [static and dynamic dependencies]. Details - ImportResultOutputID=e8b53be49e9ac5aa6f219bba14510018 DependenciesID=271904b85104c6f9edfe640101458537 StaticDependenciesID=7faa5e0865ffc1227e400e1e679bb9e5 
Number of updated asset objects reloaded before import = 0Number of asset objects unloaded after import = 1

========================================================================
Received Import Request.
  Time since last request: 0.000024 seconds.
  path: Assets/HIVEMIND/CaveOfHiddenTomb/HDRP (Default)/Art/AllTextures1K/T_RockWall_ORD03.png
  importAddress: Guid(abc00000000016100366273568481774) Importer(2089858483,b0f066a214c2f5e87bad3c948f4d605d)
Start importing Assets/HIVEMIND/CaveOfHiddenTomb/HDRP (Default)/Art/AllTextures1K/T_RockWall_ORD03.png using Guid(abc00000000016100366273568481774) Importer(2089858483,b0f066a214c2f5e87bad3c948f4d605d) (ScriptedImporter) -> (Import Result ID: 'c20978ab39fd22c9eaab73630aa8ae1a') in 0.009643 seconds [static and dynamic dependencies]. Details - ImportResultOutputID=145c583044275526989948d60f0edb6b DependenciesID=ce2b87de4645d9d82d0483c206e9ad57 StaticDependenciesID=8c041084e7d39ad637d0364b81833ced 
Number of updated asset objects reloaded before import = 0Number of asset objects unloaded after import = 1

========================================================================
Received Import Request.
  Time since last request: 0.000021 seconds.
  path: Assets/HIVEMIND/CaveOfHiddenTomb/HDRP (Default)/Art/AllTextures1K/T_MI_Stalacite_ORD02.png
  importAddress: Guid(abc00000000010200367026365006536) Importer(2089858483,b0f066a214c2f5e87bad3c948f4d605d)
Start importing Assets/HIVEMIND/CaveOfHiddenTomb/HDRP (Default)/Art/AllTextures1K/T_MI_Stalacite_ORD02.png using Guid(abc00000000010200367026365006536) Importer(2089858483,b0f066a214c2f5e87bad3c948f4d605d) (ScriptedImporter) -> (Import Result ID: 'ca56a2ac5c6aa45994adea582f67da51') in 0.0102518 seconds [static and dynamic dependencies]. Details - ImportResultOutputID=c7a576890c9e4ba1d44d0f797963ae1d DependenciesID=ecf92457ed816d1367e65f4f6e11e0e0 StaticDependenciesID=88d0c551e8f754aaae2f94ace59450aa 
Number of updated asset objects reloaded before import = 0Number of asset objects unloaded after import = 1

========================================================================
Received Import Request.
  Time since last request: 0.000022 seconds.
  path: Assets/HIVEMIND/CaveOfHiddenTomb/HDRP (Default)/Art/Prefabs/SM_RockWall_B.prefab
  importAddress: Guid(abc00000000016205213309732076789) Importer(2089858483,e11c23a36db5f54750b8cd40eac0985b)
Start importing Assets/HIVEMIND/CaveOfHiddenTomb/HDRP (Default)/Art/Prefabs/SM_RockWall_B.prefab using Guid(abc00000000016205213309732076789) Importer(2089858483,e11c23a36db5f54750b8cd40eac0985b) (ScriptedImporter) -> (Import Result ID: 'cfeaadcb7df96c79cf4bb7c1065c6fd5') in 0.0179098 seconds [static and dynamic dependencies]. Details - ImportResultOutputID=622c3912e99c8b88e7d61cd066027f96 DependenciesID=475f353db57a4c283142c2f0859d6ee0 StaticDependenciesID=3929a6d987b22f56413fbbaa271bdf8a 
Number of updated asset objects reloaded before import = 0Number of asset objects unloaded after import = 33

========================================================================
Received Import Request.
  Time since last request: 0.000028 seconds.
  path: Assets/HIVEMIND/CaveOfHiddenTomb/HDRP (Default)/Art/Prefabs/SM_EuropeanBeech_S_02.prefab
  importAddress: Guid(abc00000000011739432424855428366) Importer(2089858483,e11c23a36db5f54750b8cd40eac0985b)
Start importing Assets/HIVEMIND/CaveOfHiddenTomb/HDRP (Default)/Art/Prefabs/SM_EuropeanBeech_S_02.prefab using Guid(abc00000000011739432424855428366) Importer(2089858483,e11c23a36db5f54750b8cd40eac0985b) (ScriptedImporter) -> (Import Result ID: 'e74ba01fb35d8d66bb1bb8641aad25d5') in 0.0159049 seconds [static and dynamic dependencies]. Details - ImportResultOutputID=cdd4e3db68c828904dd5a79db1fe02a7 DependenciesID=6b2dac4148e9e946b72303021c1e210a StaticDependenciesID=0befc73854eb37717ddf2308d08e0045 
Number of updated asset objects reloaded before import = 0Number of asset objects unloaded after import = 33

========================================================================
Received Import Request.
  Time since last request: 0.000029 seconds.
  path: Assets/HIVEMIND/CaveOfHiddenTomb/HDRP (Default)/Art/Prefabs/SM_Pillar_D.prefab
  importAddress: Guid(abc00000000008566488508193822840) Importer(2089858483,e11c23a36db5f54750b8cd40eac0985b)
Start importing Assets/HIVEMIND/CaveOfHiddenTomb/HDRP (Default)/Art/Prefabs/SM_Pillar_D.prefab using Guid(abc00000000008566488508193822840) Importer(2089858483,e11c23a36db5f54750b8cd40eac0985b) (ScriptedImporter) -> (Import Result ID: 'e9a3b6f16a09078f5a93cddac7089b3b') in 0.0190855 seconds [static and dynamic dependencies]. Details - ImportResultOutputID=c154814e60566643cddad17bf06ca775 DependenciesID=002ef34d752ba276cc238af95b6cae7a StaticDependenciesID=8b8cee1ea028baf82f355e1252c82e34 
Number of updated asset objects reloaded before import = 0Number of asset objects unloaded after import = 35

========================================================================
Received Import Request.
  Time since last request: 0.000024 seconds.
  path: Assets/HIVEMIND/CaveOfHiddenTomb/HDRP (Default)/Art/Prefabs/SM_Ground_A.prefab
  importAddress: Guid(abc00000000005823514002359406168) Importer(2089858483,e11c23a36db5f54750b8cd40eac0985b)
Start importing Assets/HIVEMIND/CaveOfHiddenTomb/HDRP (Default)/Art/Prefabs/SM_Ground_A.prefab using Guid(abc00000000005823514002359406168) Importer(2089858483,e11c23a36db5f54750b8cd40eac0985b) (ScriptedImporter) -> (Import Result ID: 'c13846f59acd5cb71f1bda0ba352a8b1') in 0.0173612 seconds [static and dynamic dependencies]. Details - ImportResultOutputID=1c7b94b503b0c0053ac6cdefe0f5083a DependenciesID=1e206018937345b26ab84cafed252ab3 StaticDependenciesID=9678b72515fe7c162205220c45a86172 
Number of updated asset objects reloaded before import = 0Number of asset objects unloaded after import = 33

========================================================================
Received Import Request.
  Time since last request: 0.000026 seconds.
  path: Assets/HIVEMIND/CaveOfHiddenTomb/HDRP (Default)/Art/AllTextures1K/T_Wall_CobbleStone_A_AORD.png
  importAddress: Guid(abc00000000018214369588204825733) Importer(2089858483,b0f066a214c2f5e87bad3c948f4d605d)
Start importing Assets/HIVEMIND/CaveOfHiddenTomb/HDRP (Default)/Art/AllTextures1K/T_Wall_CobbleStone_A_AORD.png using Guid(abc00000000018214369588204825733) Importer(2089858483,b0f066a214c2f5e87bad3c948f4d605d) (ScriptedImporter) -> (Import Result ID: '296245bc2233be6c457eeaaa63d44531') in 0.0128045 seconds [static and dynamic dependencies]. Details - ImportResultOutputID=202824a8286967e07d9d68562607ec50 DependenciesID=5251b5da56a4643469e1bcf09777f4c1 StaticDependenciesID=2d277a754463820b05719390502d7632 
Number of updated asset objects reloaded before import = 0Number of asset objects unloaded after import = 1

========================================================================
Received Import Request.
  Time since last request: 0.000023 seconds.
  path: Assets/HIVEMIND/CaveOfHiddenTomb/HDRP (Default)/Art/Prefabs/SM_FireWood_1.prefab
  importAddress: Guid(abc00000000014261635206867265730) Importer(2089858483,e11c23a36db5f54750b8cd40eac0985b)
Start importing Assets/HIVEMIND/CaveOfHiddenTomb/HDRP (Default)/Art/Prefabs/SM_FireWood_1.prefab using Guid(abc00000000014261635206867265730) Importer(2089858483,e11c23a36db5f54750b8cd40eac0985b) (ScriptedImporter) -> (Import Result ID: '0190df0e07ca960b9d7a4f65fe01390e') in 0.01852 seconds [static and dynamic dependencies]. Details - ImportResultOutputID=3bb8a691e35e597a3c2c4ba15545d4df DependenciesID=18e4903fd2f09c6a5c5244ea15702567 StaticDependenciesID=83c7f221a8a364e2283f65e9bca004cb 
Number of updated asset objects reloaded before import = 0Number of asset objects unloaded after import = 34

========================================================================
Received Import Request.
  Time since last request: 0.000032 seconds.
  path: Assets/HIVEMIND/CaveOfHiddenTomb/HDRP (Default)/Art/Prefabs/SM_RockWall_A.prefab
  importAddress: Guid(abc00000000006118547249393292526) Importer(2089858483,e11c23a36db5f54750b8cd40eac0985b)
Start importing Assets/HIVEMIND/CaveOfHiddenTomb/HDRP (Default)/Art/Prefabs/SM_RockWall_A.prefab using Guid(abc00000000006118547249393292526) Importer(2089858483,e11c23a36db5f54750b8cd40eac0985b) (ScriptedImporter) -> (Import Result ID: '4713a64ec48ebcd8fde445b98e4ab362') in 0.0205835 seconds [static and dynamic dependencies]. Details - ImportResultOutputID=9f079af7258af38ec22c0f1186057d8d DependenciesID=d39b8ef0d3a82ae147f7e451db19a117 StaticDependenciesID=be6bdd4f014b117d41d55fbf7db218b7 
Number of updated asset objects reloaded before import = 0Number of asset objects unloaded after import = 33

========================================================================
Received Import Request.
  Time since last request: 0.000034 seconds.
  path: Assets/HIVEMIND/CaveOfHiddenTomb/HDRP (Default)/Art/Prefabs/SM_EagleFern_S_04.prefab
  importAddress: Guid(abc00000000003164213241217702037) Importer(2089858483,e11c23a36db5f54750b8cd40eac0985b)
Start importing Assets/HIVEMIND/CaveOfHiddenTomb/HDRP (Default)/Art/Prefabs/SM_EagleFern_S_04.prefab using Guid(abc00000000003164213241217702037) Importer(2089858483,e11c23a36db5f54750b8cd40eac0985b) (ScriptedImporter) -> (Import Result ID: '15a5b22dc6a41a92be20384cb36e0e28') in 0.0177159 seconds [static and dynamic dependencies]. Details - ImportResultOutputID=fac237c2b3d6f48002f3df0a6684f876 DependenciesID=1a29def5fa8d8538cbc7ff8b96e90fb3 StaticDependenciesID=eede6a58aaebb01720e9fa6d8bcb027b 
Number of updated asset objects reloaded before import = 0Number of asset objects unloaded after import = 32

========================================================================
Received Import Request.
  Time since last request: 0.000028 seconds.
  path: Assets/HIVEMIND/CaveOfHiddenTomb/HDRP (Default)/Art/Prefabs/SM_Ivy_C.prefab
  importAddress: Guid(abc00000000013476178078290774999) Importer(2089858483,e11c23a36db5f54750b8cd40eac0985b)
Start importing Assets/HIVEMIND/CaveOfHiddenTomb/HDRP (Default)/Art/Prefabs/SM_Ivy_C.prefab using Guid(abc00000000013476178078290774999) Importer(2089858483,e11c23a36db5f54750b8cd40eac0985b) (ScriptedImporter) -> (Import Result ID: 'fef036c5f0966115db9be047358ef56d') in 0.0201833 seconds [static and dynamic dependencies]. Details - ImportResultOutputID=b49762d404af7882f7898d6f54bdbdc6 DependenciesID=86420ac6b8a92165a086d0b326312278 StaticDependenciesID=109079872bf04cce690131beb03e0d0d 
Number of updated asset objects reloaded before import = 0Number of asset objects unloaded after import = 32

========================================================================
Received Import Request.
  Time since last request: 0.000024 seconds.
  path: Assets/HIVEMIND/CaveOfHiddenTomb/HDRP (Default)/Art/Prefabs/SM_FirePit_B.prefab
  importAddress: Guid(abc00000000016921675072995725767) Importer(2089858483,e11c23a36db5f54750b8cd40eac0985b)
Start importing Assets/HIVEMIND/CaveOfHiddenTomb/HDRP (Default)/Art/Prefabs/SM_FirePit_B.prefab using Guid(abc00000000016921675072995725767) Importer(2089858483,e11c23a36db5f54750b8cd40eac0985b) (ScriptedImporter) -> (Import Result ID: '211f775774f525c57024d47f8b6b3144') in 0.0479901 seconds [static and dynamic dependencies]. Details - ImportResultOutputID=99abbb6b75b4d77bb65cf5f5e0521ce8 DependenciesID=72ce43fb57cb5ab0e2a6a25acac88b3e StaticDependenciesID=3cd9f068e936a49e1630268d4797669b 
Number of updated asset objects reloaded before import = 0Number of asset objects unloaded after import = 59

========================================================================
Received Import Request.
  Time since last request: 0.000024 seconds.
  path: Assets/SunboxGames/ModularDungeonCaves/Textures/DungeonProps02/DungeonProps02_Diffuse.png
  importAddress: Guid(602195098c5c270498cc7401ca8ef312) Importer(2089858483,b0f066a214c2f5e87bad3c948f4d605d)
Start importing Assets/SunboxGames/ModularDungeonCaves/Textures/DungeonProps02/DungeonProps02_Diffuse.png using Guid(602195098c5c270498cc7401ca8ef312) Importer(2089858483,b0f066a214c2f5e87bad3c948f4d605d) (ScriptedImporter) -> (Import Result ID: '3aec84f366b7e73b91a400fc003cf535') in 0.0106688 seconds [static and dynamic dependencies]. Details - ImportResultOutputID=dce7e4868f77a51ea59e851d9306dea0 DependenciesID=aeec62fab23278a5a4f2556664e9f1a5 StaticDependenciesID=d4da477eb96d6c92e7fe8f139929a59d 
Number of updated asset objects reloaded before import = 0Number of asset objects unloaded after import = 1

========================================================================
Received Import Request.
  Time since last request: 0.000028 seconds.
  path: Assets/HIVEMIND/CaveOfHiddenTomb/HDRP (Default)/Art/Prefabs/SM_Stone_C.prefab
  importAddress: Guid(abc00000000003710943845884053158) Importer(2089858483,e11c23a36db5f54750b8cd40eac0985b)
Start importing Assets/HIVEMIND/CaveOfHiddenTomb/HDRP (Default)/Art/Prefabs/SM_Stone_C.prefab using Guid(abc00000000003710943845884053158) Importer(2089858483,e11c23a36db5f54750b8cd40eac0985b) (ScriptedImporter) -> (Import Result ID: '6f9a10f11e0222358161f3585c26dbe9') in 0.0198758 seconds [static and dynamic dependencies]. Details - ImportResultOutputID=f369035e3e4228686e3037b1af9e0416 DependenciesID=871b9251aa8b691535a259e5dd69ca42 StaticDependenciesID=42177b71b8dc90bbcf333c922b176245 
Number of updated asset objects reloaded before import = 0Number of asset objects unloaded after import = 33

========================================================================
Received Import Request.
  Time since last request: 0.000042 seconds.
  path: Assets/HIVEMIND/CaveOfHiddenTomb/HDRP (Default)/Art/Prefabs/SM_Vine_A.prefab
  importAddress: Guid(abc00000000012041427838679422469) Importer(2089858483,e11c23a36db5f54750b8cd40eac0985b)
Start importing Assets/HIVEMIND/CaveOfHiddenTomb/HDRP (Default)/Art/Prefabs/SM_Vine_A.prefab using Guid(abc00000000012041427838679422469) Importer(2089858483,e11c23a36db5f54750b8cd40eac0985b) (ScriptedImporter) -> (Import Result ID: 'beab1b69312e3cc5cbbd32335816e96a') in 0.0186838 seconds [static and dynamic dependencies]. Details - ImportResultOutputID=b02b0beeff20fdfe6111603f52af5c9b DependenciesID=a904de78db25fa24ee703a22397cd5b0 StaticDependenciesID=6a7d2287046413ab929b804eca7a476f 
Number of updated asset objects reloaded before import = 0Number of asset objects unloaded after import = 34

========================================================================
Received Import Request.
  Time since last request: 0.000025 seconds.
  path: Assets/HIVEMIND/CaveOfHiddenTomb/HDRP (Default)/Art/Prefabs/SM_Wall_Aztec_B.prefab
  importAddress: Guid(abc00000000007112950678139539936) Importer(2089858483,e11c23a36db5f54750b8cd40eac0985b)
Start importing Assets/HIVEMIND/CaveOfHiddenTomb/HDRP (Default)/Art/Prefabs/SM_Wall_Aztec_B.prefab using Guid(abc00000000007112950678139539936) Importer(2089858483,e11c23a36db5f54750b8cd40eac0985b) (ScriptedImporter) -> (Import Result ID: '39299918f3729c494d3366df4a6e6d0a') in 0.0185697 seconds [static and dynamic dependencies]. Details - ImportResultOutputID=231514b10d7853e9d25b1e1dded49dd5 DependenciesID=d396886e5eae9e1b67c2705be42c157b StaticDependenciesID=bbc650b569c126f83bb335e2ef2fa394 
Number of updated asset objects reloaded before import = 0Number of asset objects unloaded after import = 35

========================================================================
Received Import Request.
  Time since last request: 0.000029 seconds.
  path: Assets/HIVEMIND/CaveOfHiddenTomb/HDRP (Default)/Art/Prefabs/SM_Stalacite_E.prefab
  importAddress: Guid(abc00000000014656417446587813729) Importer(2089858483,e11c23a36db5f54750b8cd40eac0985b)
Start importing Assets/HIVEMIND/CaveOfHiddenTomb/HDRP (Default)/Art/Prefabs/SM_Stalacite_E.prefab using Guid(abc00000000014656417446587813729) Importer(2089858483,e11c23a36db5f54750b8cd40eac0985b) (ScriptedImporter) -> (Import Result ID: '636fac532db2bcc437da1d1efa509136') in 0.0181786 seconds [static and dynamic dependencies]. Details - ImportResultOutputID=686bbbbfd3a9ab5e624cfec92284a238 DependenciesID=b4d0f834ed2c744c4e105cd0a0ea8544 StaticDependenciesID=21c656b2aae67ddb823a6c7bb175f3cb 
Number of updated asset objects reloaded before import = 0Number of asset objects unloaded after import = 34

========================================================================
Received Import Request.
  Time since last request: 0.000023 seconds.
  path: Assets/HIVEMIND/CaveOfHiddenTomb/HDRP (Default)/Art/Prefabs/SM_Stalacite_D.prefab
  importAddress: Guid(abc00000000000868743152671200664) Importer(2089858483,e11c23a36db5f54750b8cd40eac0985b)
Start importing Assets/HIVEMIND/CaveOfHiddenTomb/HDRP (Default)/Art/Prefabs/SM_Stalacite_D.prefab using Guid(abc00000000000868743152671200664) Importer(2089858483,e11c23a36db5f54750b8cd40eac0985b) (ScriptedImporter) -> (Import Result ID: 'de42c40059408649464f93fa99b83f00') in 0.0178056 seconds [static and dynamic dependencies]. Details - ImportResultOutputID=78c42077b8b7f833276e981078762fbc DependenciesID=faf4ae7907eed0375e882accf3ad297e StaticDependenciesID=4a1f9f4e622d29c45b0caa12e89c113e 
Number of updated asset objects reloaded before import = 0Number of asset objects unloaded after import = 34

========================================================================
Received Import Request.
  Time since last request: 0.000027 seconds.
  path: Assets/HIVEMIND/CaveOfHiddenTomb/HDRP (Default)/Art/Prefabs/SM_Sculpt_A.prefab
  importAddress: Guid(abc00000000000339813791122755584) Importer(2089858483,e11c23a36db5f54750b8cd40eac0985b)
Start importing Assets/HIVEMIND/CaveOfHiddenTomb/HDRP (Default)/Art/Prefabs/SM_Sculpt_A.prefab using Guid(abc00000000000339813791122755584) Importer(2089858483,e11c23a36db5f54750b8cd40eac0985b) (ScriptedImporter) -> (Import Result ID: '75c246abc3456c8cbeea093244fb2a7c') in 0.0203237 seconds [static and dynamic dependencies]. Details - ImportResultOutputID=d2f39f036846e448ab7c3a77a8278c6a DependenciesID=21870cc50de07af0998a3e737f448aab StaticDependenciesID=ccf18e2434f14eda7a223184cd824a31 
Number of updated asset objects reloaded before import = 0Number of asset objects unloaded after import = 33

========================================================================
Received Import Request.
  Time since last request: 0.000038 seconds.
  path: Assets/HIVEMIND/CaveOfHiddenTomb/HDRP (Default)/Art/Prefabs/SM_StonePatter_Outer.prefab
  importAddress: Guid(abc00000000012074005779335031260) Importer(2089858483,e11c23a36db5f54750b8cd40eac0985b)
Start importing Assets/HIVEMIND/CaveOfHiddenTomb/HDRP (Default)/Art/Prefabs/SM_StonePatter_Outer.prefab using Guid(abc00000000012074005779335031260) Importer(2089858483,e11c23a36db5f54750b8cd40eac0985b) (ScriptedImporter) -> (Import Result ID: 'bc527abdd7ca55cefc12aeff9d2707c9') in 0.0162167 seconds [static and dynamic dependencies]. Details - ImportResultOutputID=6f9ba87b98c7a83aa0b6a2e181f269f5 DependenciesID=c6bae169135b5bc68549ee70e372ad93 StaticDependenciesID=78935001c8768fb9e6f43c65f024a2c3 
Number of updated asset objects reloaded before import = 0Number of asset objects unloaded after import = 33

========================================================================
Received Import Request.
  Time since last request: 0.000022 seconds.
  path: Assets/HIVEMIND/CaveOfHiddenTomb/HDRP (Default)/Art/Prefabs/SM_Rock_E.prefab
  importAddress: Guid(abc00000000005585971862230204634) Importer(2089858483,e11c23a36db5f54750b8cd40eac0985b)
Start importing Assets/HIVEMIND/CaveOfHiddenTomb/HDRP (Default)/Art/Prefabs/SM_Rock_E.prefab using Guid(abc00000000005585971862230204634) Importer(2089858483,e11c23a36db5f54750b8cd40eac0985b) (ScriptedImporter) -> (Import Result ID: '341e664074ba579a71b6814c51be6464') in 0.0190026 seconds [static and dynamic dependencies]. Details - ImportResultOutputID=4d05479af0911beb4f9f88d297caa450 DependenciesID=a5ad599bdcbb009598a21fc166721ad0 StaticDependenciesID=e90f5a2183a60ae0a3381fe5a3942a1c 
Number of updated asset objects reloaded before import = 0Number of asset objects unloaded after import = 33

========================================================================
Received Import Request.
  Time since last request: 0.000031 seconds.
  path: Assets/Samples/XR Interaction Toolkit/3.2.1/Starter Assets/Materials/Flat Blue.mat
  importAddress: Guid(91ff3830fc4055a4fb0d0d2be32101a7) Importer(2089858483,b0f066a214c2f5e87bad3c948f4d605d)
Start importing Assets/Samples/XR Interaction Toolkit/3.2.1/Starter Assets/Materials/Flat Blue.mat using Guid(91ff3830fc4055a4fb0d0d2be32101a7) Importer(2089858483,b0f066a214c2f5e87bad3c948f4d605d) (ScriptedImporter) -> (Import Result ID: 'a9c975861578fbf6dbad7cf09cb1589f') in 0.0050556 seconds [static and dynamic dependencies]. Details - ImportResultOutputID=71b9695b6b0464846c951a2e08835c27 DependenciesID=7301f4cd3dce571dc4f834713e9372b7 StaticDependenciesID=4b3ffcff0084c898909ecfe5ad035c48 
Number of updated asset objects reloaded before import = 0Number of asset objects unloaded after import = 1

========================================================================
Received Import Request.
  Time since last request: 0.000021 seconds.
  path: Assets/materials/TextureHaven/wood_4k/wood_4k_textures/plywood/plywood_diff_4k.png
  importAddress: Guid(768dfb3fceadf024a946ea8b1c9db008) Importer(2089858483,b0f066a214c2f5e87bad3c948f4d605d)
Start importing Assets/materials/TextureHaven/wood_4k/wood_4k_textures/plywood/plywood_diff_4k.png using Guid(768dfb3fceadf024a946ea8b1c9db008) Importer(2089858483,b0f066a214c2f5e87bad3c948f4d605d) (ScriptedImporter) -> (Import Result ID: 'c0e59f2262ada0be751bffcc6d7a638b') in 0.0098407 seconds [static and dynamic dependencies]. Details - ImportResultOutputID=7a8445263c7c2ddc98bdd0e755849c03 DependenciesID=8a3d319f9aeef3c9f26255e9dd8ff881 StaticDependenciesID=3ba21b8244198b4b5ea85358edf4d1ea 
Number of updated asset objects reloaded before import = 0Number of asset objects unloaded after import = 1

========================================================================
Received Import Request.
  Time since last request: 0.000022 seconds.
  path: Assets/Samples/XR Interaction Toolkit/3.2.1/Starter Assets/AffordanceThemes/HighlightInteractionColor.asset
  importAddress: Guid(8b0b5aede76faac438e02d2a468f4805) Importer(2089858483,b0f066a214c2f5e87bad3c948f4d605d)
Start importing Assets/Samples/XR Interaction Toolkit/3.2.1/Starter Assets/AffordanceThemes/HighlightInteractionColor.asset using Guid(8b0b5aede76faac438e02d2a468f4805) Importer(2089858483,b0f066a214c2f5e87bad3c948f4d605d) (ScriptedImporter) -> (Import Result ID: '360fb3bc080e87a2dd1f1a6956d53add') in 0.0109818 seconds [static and dynamic dependencies]. Details - ImportResultOutputID=53955b6c4cf7b5b0fc4ed15d9f323fb7 DependenciesID=a9f31c839de0f877a2990963e8de4c03 StaticDependenciesID=2f3bd176edf1f6e4ab323bdfd5cb91d6 
Number of updated asset objects reloaded before import = 0Number of asset objects unloaded after import = 1

========================================================================
Received Import Request.
  Time since last request: 0.000025 seconds.
  path: Assets/HIVEMIND/CaveOfHiddenTomb/HDRP (Default)/Scenes/LV_CaveofHiddenTomb/ReflectionProbe-1.exr
  importAddress: Guid(7d07625896e6cd5429a6feadc92a012e) Importer(2089858483,b0f066a214c2f5e87bad3c948f4d605d)
Start importing Assets/HIVEMIND/CaveOfHiddenTomb/HDRP (Default)/Scenes/LV_CaveofHiddenTomb/ReflectionProbe-1.exr using Guid(7d07625896e6cd5429a6feadc92a012e) Importer(2089858483,b0f066a214c2f5e87bad3c948f4d605d) (ScriptedImporter) -> (Import Result ID: '11252299e5e4ddb8b82ab92d3eadc7f7') in 0.0057172 seconds [static and dynamic dependencies]. Details - ImportResultOutputID=28c3213e58147ea86a91adaa5f0cd96d DependenciesID=cc06ad4cd4a8d41df4e2cd43eae5f070 StaticDependenciesID=5ac904646ccf4431009048e3b103e5ec 
Number of updated asset objects reloaded before import = 0Number of asset objects unloaded after import = 1

========================================================================
Received Import Request.
  Time since last request: 0.000043 seconds.
  path: Assets/HIVEMIND/CaveOfHiddenTomb/HDRP (Default)/Art/ShaderGraphs/S_Water.shadergraph
  importAddress: Guid(0eaae29f371926a4fb41ee2ce13d0bf3) Importer(2089858483,b0f066a214c2f5e87bad3c948f4d605d)
Start importing Assets/HIVEMIND/CaveOfHiddenTomb/HDRP (Default)/Art/ShaderGraphs/S_Water.shadergraph using Guid(0eaae29f371926a4fb41ee2ce13d0bf3) Importer(2089858483,b0f066a214c2f5e87bad3c948f4d605d) (ScriptedImporter) -> (Import Result ID: 'fc8e6d2dfb0faa218eaedd3299e07eb9') in 0.1395778 seconds [static and dynamic dependencies]. Details - ImportResultOutputID=4f3971d0d292de3623247b85b71130e1 DependenciesID=3ec65de07d3dbc2a8608b6476f5d7b66 StaticDependenciesID=939b7bb7dc4875bbadbc938729559238 
Number of updated asset objects reloaded before import = 0Number of asset objects unloaded after import = 8

========================================================================
Received Import Request.
  Time since last request: 0.000027 seconds.
  path: Assets/HIVEMIND/CaveOfHiddenTomb/HDRP (Default)/Art/Prefabs/SM_Wall_Aztec_C.prefab
  importAddress: Guid(abc00000000007350727321798800617) Importer(2089858483,e11c23a36db5f54750b8cd40eac0985b)
Start importing Assets/HIVEMIND/CaveOfHiddenTomb/HDRP (Default)/Art/Prefabs/SM_Wall_Aztec_C.prefab using Guid(abc00000000007350727321798800617) Importer(2089858483,e11c23a36db5f54750b8cd40eac0985b) (ScriptedImporter) -> (Import Result ID: 'de9efd508561ce636b4a3c2304640d4a') in 0.0202907 seconds [static and dynamic dependencies]. Details - ImportResultOutputID=9bcda5c0fcb5f2d0bcadb09a671f1bac DependenciesID=87b2e39a668888230602caffa3e3a12a StaticDependenciesID=c5db1ce497695247bcf237fb4b10d87e 
Number of updated asset objects reloaded before import = 0Number of asset objects unloaded after import = 35

========================================================================
Received Import Request.
  Time since last request: 0.000034 seconds.
  path: Assets/HIVEMIND/CaveOfHiddenTomb/HDRP (Default)/Scenes/LV_CaveofHiddenTomb/ReflectionProbe-0.exr
  importAddress: Guid(2392822d2268a3744a0ada6ede79696c) Importer(2089858483,b0f066a214c2f5e87bad3c948f4d605d)
Start importing Assets/HIVEMIND/CaveOfHiddenTomb/HDRP (Default)/Scenes/LV_CaveofHiddenTomb/ReflectionProbe-0.exr using Guid(2392822d2268a3744a0ada6ede79696c) Importer(2089858483,b0f066a214c2f5e87bad3c948f4d605d) (ScriptedImporter) -> (Import Result ID: 'de4fe777266424faae28cad45377bd7c') in 0.006463 seconds [static and dynamic dependencies]. Details - ImportResultOutputID=224836327fbfaaa3cba1d54d5667eb29 DependenciesID=417ffe553e9be35e3b873628eb4ffa6c StaticDependenciesID=7bae41fdc7f9cf9ce88d5edc6b242ed3 
Number of updated asset objects reloaded before import = 0Number of asset objects unloaded after import = 1

========================================================================
Received Import Request.
  Time since last request: 0.000037 seconds.
  path: Assets/HIVEMIND/CaveOfHiddenTomb/HDRP (Default)/Art/Prefabs/SM_Water_02.prefab
  importAddress: Guid(abc00000000012983052241087814100) Importer(2089858483,e11c23a36db5f54750b8cd40eac0985b)
Start importing Assets/HIVEMIND/CaveOfHiddenTomb/HDRP (Default)/Art/Prefabs/SM_Water_02.prefab using Guid(abc00000000012983052241087814100) Importer(2089858483,e11c23a36db5f54750b8cd40eac0985b) (ScriptedImporter) -> (Import Result ID: '6d2ac41168a3724841d32588c0f3b179') in 0.008915 seconds [static and dynamic dependencies]. Details - ImportResultOutputID=e0000f558a5ec612950bb9df98d394b9 DependenciesID=b519c5c0cbae37c735ba8f51adfa8a00 StaticDependenciesID=5df286479a31ee15208b619be2d742e1 
Number of updated asset objects reloaded before import = 0Number of asset objects unloaded after import = 11

========================================================================
Received Import Request.
  Time since last request: 0.000027 seconds.
  path: Assets/Samples/XR Interaction Toolkit/3.2.1/Starter Assets/Models/Reticle_Torus.fbx
  importAddress: Guid(be2911572dc3afa448d24b4e97edc5f1) Importer(2089858483,b0f066a214c2f5e87bad3c948f4d605d)
Start importing Assets/Samples/XR Interaction Toolkit/3.2.1/Starter Assets/Models/Reticle_Torus.fbx using Guid(be2911572dc3afa448d24b4e97edc5f1) Importer(2089858483,b0f066a214c2f5e87bad3c948f4d605d) (ScriptedImporter) -> (Import Result ID: 'c2b962529e1ca03720f7a4407364661a') in 0.01013 seconds [static and dynamic dependencies]. Details - ImportResultOutputID=4bb7359be80b48e1120a4ab95bcf5587 DependenciesID=e9ae3b1ec1015435266e6fbb48316c9f StaticDependenciesID=9cbb577282d3c69b3a9397b6e699df40 
Number of updated asset objects reloaded before import = 0Number of asset objects unloaded after import = 9

========================================================================
Received Import Request.
  Time since last request: 0.000024 seconds.
  path: Assets/Samples/XR Interaction Toolkit/3.2.1/Starter Assets/Scripts/GazeInputManager.cs
  importAddress: Guid(6ef0e4723b64c884699a375196c13ac0) Importer(2089858483,b0f066a214c2f5e87bad3c948f4d605d)
Start importing Assets/Samples/XR Interaction Toolkit/3.2.1/Starter Assets/Scripts/GazeInputManager.cs using Guid(6ef0e4723b64c884699a375196c13ac0) Importer(2089858483,b0f066a214c2f5e87bad3c948f4d605d) (ScriptedImporter) -> (Import Result ID: 'f57289e4a70db56e097a94cf3766c748') in 0.0035243 seconds [static and dynamic dependencies]. Details - ImportResultOutputID=bf674effbfef88c044ec681b69e566cc DependenciesID=a9417508d0026fbef53697e56382ff40 StaticDependenciesID=3edea918d627e9ab01f8a3f320a896c0 
Number of updated asset objects reloaded before import = 0Number of asset objects unloaded after import = 0

========================================================================
Received Import Request.
  Time since last request: 0.000022 seconds.
  path: Assets/Samples/XR Interaction Toolkit/3.2.1/Starter Assets/Prefabs/Permissions Manager.prefab
  importAddress: Guid(faf53399145e13c4b992b14c97b5f4c0) Importer(2089858483,e11c23a36db5f54750b8cd40eac0985b)
Start importing Assets/Samples/XR Interaction Toolkit/3.2.1/Starter Assets/Prefabs/Permissions Manager.prefab using Guid(faf53399145e13c4b992b14c97b5f4c0) Importer(2089858483,e11c23a36db5f54750b8cd40eac0985b) (ScriptedImporter) -> (Import Result ID: 'bfffe971e04f3046ff410eb1f5a3ba4c') in 0.006748 seconds [static and dynamic dependencies]. Details - ImportResultOutputID=1554a964224537e9c624e9a5b5258309 DependenciesID=cd2ee53b2159a5d19bfd9f1a807330ee StaticDependenciesID=a45417b852f687084fcd4afbdcc15c50 
Number of updated asset objects reloaded before import = 0Number of asset objects unloaded after import = 5

========================================================================
Received Import Request.
  Time since last request: 0.000023 seconds.
  path: Assets/Samples/XR Interaction Toolkit/3.2.1/Starter Assets/Presets/XRI Default Dynamic Move.preset
  importAddress: Guid(da25954ba1a2e604294f2ccda1d6372c) Importer(2089858483,b0f066a214c2f5e87bad3c948f4d605d)
Start importing Assets/Samples/XR Interaction Toolkit/3.2.1/Starter Assets/Presets/XRI Default Dynamic Move.preset using Guid(da25954ba1a2e604294f2ccda1d6372c) Importer(2089858483,b0f066a214c2f5e87bad3c948f4d605d) (ScriptedImporter) -> (Import Result ID: '9b2800b4b65ccc76961f210add5a1463') in 0.0109933 seconds [static and dynamic dependencies]. Details - ImportResultOutputID=cd9e3109fb323293a3af56d83f5a3c50 DependenciesID=a6210f3693b65ce05941184640623d95 StaticDependenciesID=6ae5e73189dde79a7ccf2daf1f0edfc4 
Number of updated asset objects reloaded before import = 0Number of asset objects unloaded after import = 4

========================================================================
Received Import Request.
  Time since last request: 0.000025 seconds.
  path: Assets/Samples/XR Interaction Toolkit/3.2.1/Starter Assets/Models/UniversalController.fbx
  importAddress: Guid(147ae308eec018b40a7b312ae58f44c7) Importer(2089858483,b0f066a214c2f5e87bad3c948f4d605d)
Start importing Assets/Samples/XR Interaction Toolkit/3.2.1/Starter Assets/Models/UniversalController.fbx using Guid(147ae308eec018b40a7b312ae58f44c7) Importer(2089858483,b0f066a214c2f5e87bad3c948f4d605d) (ScriptedImporter) -> (Import Result ID: '42c0bfeffc58ac665d0516dfbc729048') in 0.0117836 seconds [static and dynamic dependencies]. Details - ImportResultOutputID=9c36676e3192a86c829bdf30a9f553eb DependenciesID=ff708afb77999636f6928d52bde5563e StaticDependenciesID=b977762a8df53009f7f3c6a4137b32cf 
Number of updated asset objects reloaded before import = 0Number of asset objects unloaded after import = 51

========================================================================
Received Import Request.
  Time since last request: 0.000039 seconds.
  path: Assets/Samples/XR Interaction Toolkit/3.2.1/Starter Assets/Models/Pinch_Pointer_LOD0.fbx
  importAddress: Guid(e053b8fbc416ba349b4a58a26410bba2) Importer(2089858483,b0f066a214c2f5e87bad3c948f4d605d)
Start importing Assets/Samples/XR Interaction Toolkit/3.2.1/Starter Assets/Models/Pinch_Pointer_LOD0.fbx using Guid(e053b8fbc416ba349b4a58a26410bba2) Importer(2089858483,b0f066a214c2f5e87bad3c948f4d605d) (ScriptedImporter) -> (Import Result ID: '1110a40d7667626d47cadf79ef506042') in 0.0089731 seconds [static and dynamic dependencies]. Details - ImportResultOutputID=394a942f1139696066f245bd1963e95a DependenciesID=1ef1eb56bca39ec33e01d4825c4fd6e3 StaticDependenciesID=b25ee5aa3f65361da5c76ae34b41b1c5 
Number of updated asset objects reloaded before import = 0Number of asset objects unloaded after import = 6

========================================================================
Received Import Request.
  Time since last request: 0.000028 seconds.
  path: Assets/Samples/XR Interaction Toolkit/3.2.1/Starter Assets/Scripts/TeleportVolumeAnchorAffordanceStateLink.cs
  importAddress: Guid(7da98a0edd844d83b9b4de3f91de030c) Importer(2089858483,b0f066a214c2f5e87bad3c948f4d605d)
Start importing Assets/Samples/XR Interaction Toolkit/3.2.1/Starter Assets/Scripts/TeleportVolumeAnchorAffordanceStateLink.cs using Guid(7da98a0edd844d83b9b4de3f91de030c) Importer(2089858483,b0f066a214c2f5e87bad3c948f4d605d) (ScriptedImporter) -> (Import Result ID: 'c81343b52038e006142a32a471e2185f') in 0.0028265 seconds [static and dynamic dependencies]. Details - ImportResultOutputID=cab73ec6e494fa894b7c6578ff3e9a25 DependenciesID=afa86ba984bc9147219ccab3099a3ba5 StaticDependenciesID=9e035ac30c4e4c76a8a7fe27979e8982 
Number of updated asset objects reloaded before import = 0Number of asset objects unloaded after import = 0

========================================================================
Received Import Request.
  Time since last request: 0.000031 seconds.
  path: Assets/Samples/XR Interaction Toolkit/3.2.1/Starter Assets/Materials/Telport Area.mat
  importAddress: Guid(be1e10ce8a6f8cc4fb08d11c7f722469) Importer(2089858483,b0f066a214c2f5e87bad3c948f4d605d)
Start importing Assets/Samples/XR Interaction Toolkit/3.2.1/Starter Assets/Materials/Telport Area.mat using Guid(be1e10ce8a6f8cc4fb08d11c7f722469) Importer(2089858483,b0f066a214c2f5e87bad3c948f4d605d) (ScriptedImporter) -> (Import Result ID: 'ff64a759161e6fbc7858638f80fa3e8e') in 0.0556602 seconds [static and dynamic dependencies]. Details - ImportResultOutputID=2a304641c3646f7b887f15d5da70f5c6 DependenciesID=057e2be0186c64402d3e61f3d0538d42 StaticDependenciesID=2059555aaaa4362f490c20d530882221 
Number of updated asset objects reloaded before import = 0Number of asset objects unloaded after import = 2

========================================================================
Received Import Request.
  Time since last request: 0.000028 seconds.
  path: Assets/HIVEMIND/CaveOfHiddenTomb/HDRP (Default)/Art/Prefabs/SM_EuropeanBeech_L_02.prefab
  importAddress: Guid(abc00000000017518264023766144327) Importer(2089858483,e11c23a36db5f54750b8cd40eac0985b)
Start importing Assets/HIVEMIND/CaveOfHiddenTomb/HDRP (Default)/Art/Prefabs/SM_EuropeanBeech_L_02.prefab using Guid(abc00000000017518264023766144327) Importer(2089858483,e11c23a36db5f54750b8cd40eac0985b) (ScriptedImporter) -> (Import Result ID: '6bc72f56cabbee16667e905c65cd0f13') in 0.0216552 seconds [static and dynamic dependencies]. Details - ImportResultOutputID=8036e765056d7a0d3fde7edf4295efb9 DependenciesID=5456d668660ab8cd0f00f1caf24ca771 StaticDependenciesID=95d093f8297bd930cb6d7885a44f6882 
Number of updated asset objects reloaded before import = 0Number of asset objects unloaded after import = 43

========================================================================
Received Import Request.
  Time since last request: 0.000027 seconds.
  path: Assets/HIVEMIND/CaveOfHiddenTomb/HDRP (Default)/Art/Prefabs/SM_RockWall_E.prefab
  importAddress: Guid(abc00000000008808662298152300386) Importer(2089858483,e11c23a36db5f54750b8cd40eac0985b)
Start importing Assets/HIVEMIND/CaveOfHiddenTomb/HDRP (Default)/Art/Prefabs/SM_RockWall_E.prefab using Guid(abc00000000008808662298152300386) Importer(2089858483,e11c23a36db5f54750b8cd40eac0985b) (ScriptedImporter) -> (Import Result ID: '3426acfb7c533a6e6006ac9299161459') in 0.0203603 seconds [static and dynamic dependencies]. Details - ImportResultOutputID=60327d115b56439edcd98616de6a4cda DependenciesID=6de91561d702101e64a7a21e7241f093 StaticDependenciesID=160c8b7d4fec49519354171c228f1044 
Number of updated asset objects reloaded before import = 0Number of asset objects unloaded after import = 33

========================================================================
Received Import Request.
  Time since last request: 0.000040 seconds.
  path: Assets/Samples/XR Interaction Toolkit/3.2.1/Starter Assets/TunnelingVignette/TunnelingVignetteSG.shadergraph
  importAddress: Guid(c109fab5d2bf5f64598ed69d2c16ceb3) Importer(2089858483,b0f066a214c2f5e87bad3c948f4d605d)
Start importing Assets/Samples/XR Interaction Toolkit/3.2.1/Starter Assets/TunnelingVignette/TunnelingVignetteSG.shadergraph using Guid(c109fab5d2bf5f64598ed69d2c16ceb3) Importer(2089858483,b0f066a214c2f5e87bad3c948f4d605d) (ScriptedImporter) -> (Import Result ID: 'd1925c15bfa2e1aeb296f1b1eecf44c8') in 0.1295754 seconds [static and dynamic dependencies]. Details - ImportResultOutputID=a30ea0f4696d2922126d740026b72dc4 DependenciesID=1ca0fe1aaa11e98eca98fd276e246903 StaticDependenciesID=c24901733c312f181083fb357329f967 
Number of updated asset objects reloaded before import = 0Number of asset objects unloaded after import = 5

========================================================================
Received Import Request.
  Time since last request: 0.000026 seconds.
  path: Assets/HIVEMIND/CaveOfHiddenTomb/HDRP (Default)/Art/Assets/Vines/SM_Vine_B.fbx
  importAddress: Guid(abc00000000010055368489755414999) Importer(2089858483,b0f066a214c2f5e87bad3c948f4d605d)
Start importing Assets/HIVEMIND/CaveOfHiddenTomb/HDRP (Default)/Art/Assets/Vines/SM_Vine_B.fbx using Guid(abc00000000010055368489755414999) Importer(2089858483,b0f066a214c2f5e87bad3c948f4d605d) (ScriptedImporter)MaterialLocation.External is obsolete. External Material Location is no longer supported. (Assets/HIVEMIND/CaveOfHiddenTomb/HDRP (Default)/Art/Assets/Vines/SM_Vine_B.fbx)
 -> (Import Result ID: 'b54892d239f85cb0500a79dd9a0faac2') in 0.0110191 seconds [static and dynamic dependencies]. Details - ImportResultOutputID=88a67e78a56122aef8468d5ca594b6b6 DependenciesID=b73b11d57a7ff740efbfb025d3f59bbf StaticDependenciesID=e7d6a175fb630db2f6b991fb3b313356 
Number of updated asset objects reloaded before import = 0Number of asset objects unloaded after import = 37

========================================================================
Received Import Request.
  Time since last request: 0.000028 seconds.
  path: Assets/HIVEMIND/CaveOfHiddenTomb/HDRP (Default)/Art/Assets/Vines/M_Vine_Leaf.mat
  importAddress: Guid(abc00000000005111128131820438594) Importer(2089858483,b0f066a214c2f5e87bad3c948f4d605d)
Start importing Assets/HIVEMIND/CaveOfHiddenTomb/HDRP (Default)/Art/Assets/Vines/M_Vine_Leaf.mat using Guid(abc00000000005111128131820438594) Importer(2089858483,b0f066a214c2f5e87bad3c948f4d605d) (ScriptedImporter) -> (Import Result ID: 'cf7e51511ded8f066f91348de1089b94') in 0.1397107 seconds [static and dynamic dependencies]. Details - ImportResultOutputID=26bb13bd657c71b7bb7440ad062e2a59 DependenciesID=f9c36385e13ec95338b895d4581814c8 StaticDependenciesID=c1ebdd962bd96b50f6e9ffcc1935eccb 
Number of updated asset objects reloaded before import = 0Number of asset objects unloaded after import = 9

========================================================================
Received Import Request.
  Time since last request: 0.000048 seconds.
  path: Assets/Samples/XR Interaction Toolkit/3.2.1/Starter Assets/TunnelingVignette/TunnelingVignetteHemisphere.fbx
  importAddress: Guid(5833e680dc0f7ae47aec6b4286570484) Importer(2089858483,b0f066a214c2f5e87bad3c948f4d605d)
Start importing Assets/Samples/XR Interaction Toolkit/3.2.1/Starter Assets/TunnelingVignette/TunnelingVignetteHemisphere.fbx using Guid(5833e680dc0f7ae47aec6b4286570484) Importer(2089858483,b0f066a214c2f5e87bad3c948f4d605d) (ScriptedImporter) -> (Import Result ID: '44ebfbd7879d3cd2e324a71005062825') in 0.0099069 seconds [static and dynamic dependencies]. Details - ImportResultOutputID=47161974cd6a111730a7d4ad22ef3b7a DependenciesID=2e60d2c3d8280169d5941a645c8d969b StaticDependenciesID=cd3fd4bb9244d4d18a7ba866df8dfd31 
Number of updated asset objects reloaded before import = 0Number of asset objects unloaded after import = 7

========================================================================
Received Import Request.
  Time since last request: 0.000022 seconds.
  path: Assets/fog/Demo Assets/Unity Companion License/Particle Pack/Textures/Effects/LargeFlame02.tif
  importAddress: Guid(01dc1c1c99bf4984ca35c1591d3eeb54) Importer(2089858483,b0f066a214c2f5e87bad3c948f4d605d)
Start importing Assets/fog/Demo Assets/Unity Companion License/Particle Pack/Textures/Effects/LargeFlame02.tif using Guid(01dc1c1c99bf4984ca35c1591d3eeb54) Importer(2089858483,b0f066a214c2f5e87bad3c948f4d605d) (ScriptedImporter) -> (Import Result ID: '37d152de08b036bd2730f48593836dab') in 0.0117616 seconds [static and dynamic dependencies]. Details - ImportResultOutputID=538f364af83368d4ad00e3f281571c83 DependenciesID=2644f95a7426995525b1630b977d049a StaticDependenciesID=eb12f5c5dd00b85e9f716be4aa020fdc 
Number of updated asset objects reloaded before import = 0Number of asset objects unloaded after import = 1

========================================================================
Received Import Request.
  Time since last request: 0.000025 seconds.
  path: Assets/fog/Demo Assets/Unity Companion License/Particle Pack/Textures/Effects/SmokePuff04.png
  importAddress: Guid(c904f5c1f19e8fc42865cf6d70b4fcb6) Importer(2089858483,b0f066a214c2f5e87bad3c948f4d605d)
Start importing Assets/fog/Demo Assets/Unity Companion License/Particle Pack/Textures/Effects/SmokePuff04.png using Guid(c904f5c1f19e8fc42865cf6d70b4fcb6) Importer(2089858483,b0f066a214c2f5e87bad3c948f4d605d) (ScriptedImporter) -> (Import Result ID: 'db121dd26cc919b497085448545df4ae') in 0.0091053 seconds [static and dynamic dependencies]. Details - ImportResultOutputID=69820d98a0a6cf7a4c58ac1514fe1e62 DependenciesID=6dceee6422ffac6b2b8b30beaf406d12 StaticDependenciesID=06a69ddb6b1cb38b83b2d329df51dbd9 
Number of updated asset objects reloaded before import = 0Number of asset objects unloaded after import = 1

========================================================================
Received Import Request.
  Time since last request: 0.000030 seconds.
  path: Assets/HIVEMIND/CaveOfHiddenTomb/HDRP (Default)/Art/Assets/Vines/SM_Vine_Mid.fbx
  importAddress: Guid(abc00000000009052597909127406071) Importer(2089858483,b0f066a214c2f5e87bad3c948f4d605d)
Start importing Assets/HIVEMIND/CaveOfHiddenTomb/HDRP (Default)/Art/Assets/Vines/SM_Vine_Mid.fbx using Guid(abc00000000009052597909127406071) Importer(2089858483,b0f066a214c2f5e87bad3c948f4d605d) (ScriptedImporter)MaterialLocation.External is obsolete. External Material Location is no longer supported. (Assets/HIVEMIND/CaveOfHiddenTomb/HDRP (Default)/Art/Assets/Vines/SM_Vine_Mid.fbx)
 -> (Import Result ID: '8d5ce20967004c4b366463d3186de054') in 0.0120239 seconds [static and dynamic dependencies]. Details - ImportResultOutputID=38fbaae4690943cbed176f58f02971c9 DependenciesID=f50e2f0e4f6459a42a50da6b2999e410 StaticDependenciesID=fe9b3f9c97d693fbb7aa3318390b1b0e 
Number of updated asset objects reloaded before import = 0Number of asset objects unloaded after import = 42

========================================================================
Received Import Request.
  Time since last request: 0.000024 seconds.
  path: Assets/Samples/XR Interaction Toolkit/3.2.1/Starter Assets/DemoSceneAssets/Materials/Lit White.mat
  importAddress: Guid(fc226930e8fad4c499969204cecfbc05) Importer(2089858483,b0f066a214c2f5e87bad3c948f4d605d)
Start importing Assets/Samples/XR Interaction Toolkit/3.2.1/Starter Assets/DemoSceneAssets/Materials/Lit White.mat using Guid(fc226930e8fad4c499969204cecfbc05) Importer(2089858483,b0f066a214c2f5e87bad3c948f4d605d) (ScriptedImporter) -> (Import Result ID: '0f852aa5e1fc1e59e147ec284b546004') in 0.004057 seconds [static and dynamic dependencies]. Details - ImportResultOutputID=6f8bf1f109bdb122fc57203c470e312b DependenciesID=6b7c8a2dd3bd5df2da94f13761053a96 StaticDependenciesID=209aabd085509fc4c468afb5e1a66eb5 
Number of updated asset objects reloaded before import = 0Number of asset objects unloaded after import = 2

========================================================================
Received Import Request.
  Time since last request: 0.000024 seconds.
  path: Assets/Samples/XR Interaction Toolkit/3.2.1/Starter Assets/DemoSceneAssets/Materials/Concrete Dark Blue.mat
  importAddress: Guid(bbb56ac3cf3c61a46ab3887c0fdbda8f) Importer(2089858483,b0f066a214c2f5e87bad3c948f4d605d)
Start importing Assets/Samples/XR Interaction Toolkit/3.2.1/Starter Assets/DemoSceneAssets/Materials/Concrete Dark Blue.mat using Guid(bbb56ac3cf3c61a46ab3887c0fdbda8f) Importer(2089858483,b0f066a214c2f5e87bad3c948f4d605d) (ScriptedImporter) -> (Import Result ID: 'c8f113135302e36c94ce792e54e85e6f') in 0.0542843 seconds [static and dynamic dependencies]. Details - ImportResultOutputID=f346fce68ead752a4b887d01b6da7871 DependenciesID=92cf5e681689aeba75a235696fbc3724 StaticDependenciesID=0dc07f0ce21d4679d4837165b87f3775 
Number of updated asset objects reloaded before import = 0Number of asset objects unloaded after import = 3

========================================================================
Received Import Request.
  Time since last request: 0.000039 seconds.
  path: Assets/Samples/XR Interaction Toolkit/3.2.1/Starter Assets/DemoSceneAssets/Models/Primitive_Torus.fbx
  importAddress: Guid(f077c919501a44778a0c2edb6eb1a54a) Importer(2089858483,b0f066a214c2f5e87bad3c948f4d605d)
Start importing Assets/Samples/XR Interaction Toolkit/3.2.1/Starter Assets/DemoSceneAssets/Models/Primitive_Torus.fbx using Guid(f077c919501a44778a0c2edb6eb1a54a) Importer(2089858483,b0f066a214c2f5e87bad3c948f4d605d) (ScriptedImporter) -> (Import Result ID: '49c405291c7b9d7635952c68f94cbea9') in 0.0086865 seconds [static and dynamic dependencies]. Details - ImportResultOutputID=a201fa862b29d8ee9c194be85f13daf6 DependenciesID=7a0555e4f7db84b5534b83ff4edbe68b StaticDependenciesID=f80745c01b8d6c1342aa9471cf18904b 
Number of updated asset objects reloaded before import = 0Number of asset objects unloaded after import = 9

========================================================================
Received Import Request.
  Time since last request: 0.000023 seconds.
  path: Assets/HIVEMIND/CaveOfHiddenTomb/HDRP (Default)/Art/VFX/Prefabs/PS_SmokeParticle.prefab
  importAddress: Guid(5f824757289c01a4ab36648492fb6aba) Importer(2089858483,e11c23a36db5f54750b8cd40eac0985b)
Start importing Assets/HIVEMIND/CaveOfHiddenTomb/HDRP (Default)/Art/VFX/Prefabs/PS_SmokeParticle.prefab using Guid(5f824757289c01a4ab36648492fb6aba) Importer(2089858483,e11c23a36db5f54750b8cd40eac0985b) (ScriptedImporter) -> (Import Result ID: '2c7597e994b57379e18313d294d7883a') in 0.0159735 seconds [static and dynamic dependencies]. Details - ImportResultOutputID=6bc46f9a6d409d11ea91c3c4fdfb683a DependenciesID=f99a5ffbb0a15bebfe96bd249188aac4 StaticDependenciesID=28411d15235654bf213a367c311aed6f 
Number of updated asset objects reloaded before import = 0Number of asset objects unloaded after import = 6

========================================================================
Received Import Request.
  Time since last request: 0.000025 seconds.
  path: Assets/HIVEMIND/CaveOfHiddenTomb/HDRP (Default)/Art/Assets/Ground/SM_Ground_A.fbx
  importAddress: Guid(abc00000000008186717104218905497) Importer(2089858483,b0f066a214c2f5e87bad3c948f4d605d)
Start importing Assets/HIVEMIND/CaveOfHiddenTomb/HDRP (Default)/Art/Assets/Ground/SM_Ground_A.fbx using Guid(abc00000000008186717104218905497) Importer(2089858483,b0f066a214c2f5e87bad3c948f4d605d) (ScriptedImporter)MaterialLocation.External is obsolete. External Material Location is no longer supported. (Assets/HIVEMIND/CaveOfHiddenTomb/HDRP (Default)/Art/Assets/Ground/SM_Ground_A.fbx)
 -> (Import Result ID: '4faaf2a3e61cd9e11714e8e42286a241') in 0.0092969 seconds [static and dynamic dependencies]. Details - ImportResultOutputID=cd3074014fc3a14025435f3da9c4d300 DependenciesID=8cece4043810f8a6d6b8a3e3d1468894 StaticDependenciesID=b385ae3e51816e9d31d84fa020a0fff5 
Number of updated asset objects reloaded before import = 0Number of asset objects unloaded after import = 32

========================================================================
Received Import Request.
  Time since last request: 0.000024 seconds.
  path: Assets/HIVEMIND/CaveOfHiddenTomb/HDRP (Default)/Art/VFX/Materials/M_FireSheet_01.mat
  importAddress: Guid(d10c1dc24453f8c4eb26d8ed7223d745) Importer(2089858483,b0f066a214c2f5e87bad3c948f4d605d)
Start importing Assets/HIVEMIND/CaveOfHiddenTomb/HDRP (Default)/Art/VFX/Materials/M_FireSheet_01.mat using Guid(d10c1dc24453f8c4eb26d8ed7223d745) Importer(2089858483,b0f066a214c2f5e87bad3c948f4d605d) (ScriptedImporter) -> (Import Result ID: '820648b0691cbc8504dd6814e7d1633b') in 0.0087052 seconds [static and dynamic dependencies]. Details - ImportResultOutputID=c45388a480df3cbcdce67eb7ad039c8e DependenciesID=7b3f0f3e47e77c7c68992712ffc83b15 StaticDependenciesID=34c14964359dcdd092bfa1d965580498 
Number of updated asset objects reloaded before import = 0Number of asset objects unloaded after import = 2

========================================================================
Received Import Request.
  Time since last request: 0.000021 seconds.
  path: Assets/HIVEMIND/CaveOfHiddenTomb/HDRP (Default)/Art/Assets/Ground/M_Ground_WA.mat
  importAddress: Guid(abc00000000017462546014860301068) Importer(2089858483,b0f066a214c2f5e87bad3c948f4d605d)
Start importing Assets/HIVEMIND/CaveOfHiddenTomb/HDRP (Default)/Art/Assets/Ground/M_Ground_WA.mat using Guid(abc00000000017462546014860301068) Importer(2089858483,b0f066a214c2f5e87bad3c948f4d605d) (ScriptedImporter) -> (Import Result ID: '75d42518d162bd682689cccc65ad163c') in 0.1449852 seconds [static and dynamic dependencies]. Details - ImportResultOutputID=5d6cbb9e77da60f845938f90e0ec162e DependenciesID=d761f61b8a4c795340cd081b2ac509eb StaticDependenciesID=b3d71bd02509b229578c52a02305e407 
Number of updated asset objects reloaded before import = 0Number of asset objects unloaded after import = 12

========================================================================
Received Import Request.
  Time since last request: 0.000029 seconds.
  path: Assets/SunboxGames/ModularDungeonCaves/Textures/MediumCorridor_03/MediumCorridor_03_paint_MediumCorridor_03_SpecularSmoothness.png
  importAddress: Guid(df9688a620ee13a4ca040e19d113b74a) Importer(2089858483,b0f066a214c2f5e87bad3c948f4d605d)
Start importing Assets/SunboxGames/ModularDungeonCaves/Textures/MediumCorridor_03/MediumCorridor_03_paint_MediumCorridor_03_SpecularSmoothness.png using Guid(df9688a620ee13a4ca040e19d113b74a) Importer(2089858483,b0f066a214c2f5e87bad3c948f4d605d) (ScriptedImporter) -> (Import Result ID: 'bcfb2d822c49481e04f5a9a26535c3c9') in 0.0242103 seconds [static and dynamic dependencies]. Details - ImportResultOutputID=53cb981a26e48fe0386f3de2d50e14be DependenciesID=50f5920123592093c2c758cecb67a77b StaticDependenciesID=955cae3bf7245f56078a502a05adb89c 
Number of updated asset objects reloaded before import = 0Number of asset objects unloaded after import = 1

========================================================================
Received Import Request.
  Time since last request: 0.000038 seconds.
  path: Assets/Samples/XR Interaction Toolkit/3.2.1/Starter Assets/DemoSceneAssets/Textures/Concrete_Normal.tif
  importAddress: Guid(cdebec39dbf81a14688e1de8d12897b4) Importer(2089858483,b0f066a214c2f5e87bad3c948f4d605d)
Start importing Assets/Samples/XR Interaction Toolkit/3.2.1/Starter Assets/DemoSceneAssets/Textures/Concrete_Normal.tif using Guid(cdebec39dbf81a14688e1de8d12897b4) Importer(2089858483,b0f066a214c2f5e87bad3c948f4d605d) (ScriptedImporter) -> (Import Result ID: 'ca37c968b716d6148667e13220bf94e6') in 0.0078154 seconds [static and dynamic dependencies]. Details - ImportResultOutputID=8f86dc1dbccb890bd1b7bb9ca187361e DependenciesID=72f22a02d7a5fdc51ff631b47a181052 StaticDependenciesID=9ae37aa72398c1ac8c18e7d17db2bb1c 
Number of updated asset objects reloaded before import = 0Number of asset objects unloaded after import = 1

========================================================================
Received Import Request.
  Time since last request: 0.000024 seconds.
  path: Assets/Samples/XR Interaction Toolkit/3.2.1/Starter Assets/DemoSceneAssets/Sprites/Checkmark.png
  importAddress: Guid(db3e7b7c8db355e499429545071a0321) Importer(2089858483,b0f066a214c2f5e87bad3c948f4d605d)
Start importing Assets/Samples/XR Interaction Toolkit/3.2.1/Starter Assets/DemoSceneAssets/Sprites/Checkmark.png using Guid(db3e7b7c8db355e499429545071a0321) Importer(2089858483,b0f066a214c2f5e87bad3c948f4d605d) (ScriptedImporter) -> (Import Result ID: 'b95301ac19dc299f205851f66eef5c1f') in 0.0108868 seconds [static and dynamic dependencies]. Details - ImportResultOutputID=105b4f8e84cd1fc5449eb05f8890c056 DependenciesID=f5f15a19a7268053d638de741cd106a1 StaticDependenciesID=7b60898936a120dc9e1877e19d8756e3 
Number of updated asset objects reloaded before import = 0Number of asset objects unloaded after import = 3

========================================================================
Received Import Request.
  Time since last request: 0.000031 seconds.
  path: Assets/Samples/XR Interaction Toolkit/3.2.1/Starter Assets/DemoSceneAssets/Scripts/MultiAnchorTeleportReticle.cs
  importAddress: Guid(e001d3dc91354f8f8c590b4e1d1d3da9) Importer(2089858483,b0f066a214c2f5e87bad3c948f4d605d)
Start importing Assets/Samples/XR Interaction Toolkit/3.2.1/Starter Assets/DemoSceneAssets/Scripts/MultiAnchorTeleportReticle.cs using Guid(e001d3dc91354f8f8c590b4e1d1d3da9) Importer(2089858483,b0f066a214c2f5e87bad3c948f4d605d) (ScriptedImporter) -> (Import Result ID: '9c85acc0e257b777df683a82ffd3a0ea') in 0.0029007 seconds [static and dynamic dependencies]. Details - ImportResultOutputID=ffcd986a29dc8be6f675a6156d321916 DependenciesID=5beb9aa7b1ef90cdf09a4cf6ef3f9bf8 StaticDependenciesID=e0bf4427b8df47a9a88765708d5a2fec 
Number of updated asset objects reloaded before import = 0Number of asset objects unloaded after import = 0

========================================================================
Received Import Request.
  Time since last request: 0.000024 seconds.
  path: Assets/Samples/XR Interaction Toolkit/3.2.1/Starter Assets/DemoSceneAssets/Settings/GazeTeleportAnchorFilter.asset
  importAddress: Guid(14af1242b4be8e2458dd5bee35c06ae5) Importer(2089858483,b0f066a214c2f5e87bad3c948f4d605d)
Start importing Assets/Samples/XR Interaction Toolkit/3.2.1/Starter Assets/DemoSceneAssets/Settings/GazeTeleportAnchorFilter.asset using Guid(14af1242b4be8e2458dd5bee35c06ae5) Importer(2089858483,b0f066a214c2f5e87bad3c948f4d605d) (ScriptedImporter) -> (Import Result ID: '8f72447f96d4a23c29b85b118b78f7e9') in 0.0037538 seconds [static and dynamic dependencies]. Details - ImportResultOutputID=28a6d416dabb60c10c73bce4fb448072 DependenciesID=dddf6a907a91f4f00dcbe15c91c652c0 StaticDependenciesID=7bac7328188006d60a7eaeab9d7276bb 
Number of updated asset objects reloaded before import = 0Number of asset objects unloaded after import = 1

========================================================================
Received Import Request.
  Time since last request: 0.000024 seconds.
  path: Assets/Samples/XR Interaction Toolkit/3.2.1/Starter Assets/Prefabs/Interactors/Poke Interactor.prefab
  importAddress: Guid(27024f5809f4a4347b9cd7f26a1bdf93) Importer(2089858483,e11c23a36db5f54750b8cd40eac0985b)
Start importing Assets/Samples/XR Interaction Toolkit/3.2.1/Starter Assets/Prefabs/Interactors/Poke Interactor.prefab using Guid(27024f5809f4a4347b9cd7f26a1bdf93) Importer(2089858483,e11c23a36db5f54750b8cd40eac0985b) (ScriptedImporter) -> (Import Result ID: '1f1686de25e28e35a26931d067e7fbf3') in 0.0343853 seconds [static and dynamic dependencies]. Details - ImportResultOutputID=e647552e01c6e937520d78224ebb39a4 DependenciesID=04974c6eb1b007048cb4c8189a5bfdfe StaticDependenciesID=d61312b73a8e38ffe485b4497f94e93d 
Number of updated asset objects reloaded before import = 0Number of asset objects unloaded after import = 17

========================================================================
Received Import Request.
  Time since last request: 0.000028 seconds.
  path: Assets/Samples/XR Interaction Toolkit/3.2.1/Starter Assets/Prefabs/Teleport/Directional Teleport Reticle.prefab
  importAddress: Guid(893219773891c784ab469a39151879b4) Importer(2089858483,e11c23a36db5f54750b8cd40eac0985b)
Start importing Assets/Samples/XR Interaction Toolkit/3.2.1/Starter Assets/Prefabs/Teleport/Directional Teleport Reticle.prefab using Guid(893219773891c784ab469a39151879b4) Importer(2089858483,e11c23a36db5f54750b8cd40eac0985b) (ScriptedImporter) -> (Import Result ID: '543650703c792e627218618b2cf782a2') in 0.0093194 seconds [static and dynamic dependencies]. Details - ImportResultOutputID=9c44c381c9a269d43df023d923e321cb DependenciesID=2f2724834f3a4ce0622d5d2b8dc38637 StaticDependenciesID=119b2a578b291a6c5712d4e77b9a9991 
Number of updated asset objects reloaded before import = 0Number of asset objects unloaded after import = 21

========================================================================
Received Import Request.
  Time since last request: 0.000044 seconds.
  path: Assets/Samples/XR Interaction Toolkit/3.2.1/Starter Assets/DemoSceneAssets/Sprites/Round Radius 4.png
  importAddress: Guid(affa059594145a843b81788037b4ee21) Importer(2089858483,b0f066a214c2f5e87bad3c948f4d605d)
Start importing Assets/Samples/XR Interaction Toolkit/3.2.1/Starter Assets/DemoSceneAssets/Sprites/Round Radius 4.png using Guid(affa059594145a843b81788037b4ee21) Importer(2089858483,b0f066a214c2f5e87bad3c948f4d605d) (ScriptedImporter) -> (Import Result ID: 'd53725be31ce32811e7a756d354de71e') in 0.0071579 seconds [static and dynamic dependencies]. Details - ImportResultOutputID=85a6c12ea93301b29708ae2580237641 DependenciesID=5011b42f8f5d03c93dcafa1705d1451d StaticDependenciesID=cc727984d956ae2b20589185ad9fda20 
Number of updated asset objects reloaded before import = 0Number of asset objects unloaded after import = 3

========================================================================
Received Import Request.
  Time since last request: 0.000023 seconds.
  path: Assets/Samples/XR Interaction Toolkit/3.2.1/Starter Assets/Prefabs/Interactors/Teleport Interactor.prefab
  importAddress: Guid(c1800acf6366418a9b5f610249000331) Importer(2089858483,e11c23a36db5f54750b8cd40eac0985b)
Start importing Assets/Samples/XR Interaction Toolkit/3.2.1/Starter Assets/Prefabs/Interactors/Teleport Interactor.prefab using Guid(c1800acf6366418a9b5f610249000331) Importer(2089858483,e11c23a36db5f54750b8cd40eac0985b) (ScriptedImporter) -> (Import Result ID: 'b562813cf48c630bcf31a2c4188564ff') in 0.1778318 seconds [static and dynamic dependencies]. Details - ImportResultOutputID=df661fcb35eab0b7abb42cdd202e8c26 DependenciesID=d7277f463d1b8dcc78f40f59f42bde3d StaticDependenciesID=9e9d70e78427cb611aa955046cb4272c 
Number of updated asset objects reloaded before import = 0Number of asset objects unloaded after import = 38

========================================================================
Received Import Request.
  Time since last request: 0.000028 seconds.
  path: Assets/HIVEMIND/CaveOfHiddenTomb/HDRP (Default)/Art/Assets/Arch/B/M_Arch_B.mat
  importAddress: Guid(abc00000000014618209953512283869) Importer(2089858483,b0f066a214c2f5e87bad3c948f4d605d)
Start importing Assets/HIVEMIND/CaveOfHiddenTomb/HDRP (Default)/Art/Assets/Arch/B/M_Arch_B.mat using Guid(abc00000000014618209953512283869) Importer(2089858483,b0f066a214c2f5e87bad3c948f4d605d) (ScriptedImporter) -> (Import Result ID: '1209695b620f619a4c99aff84d8dd502') in 0.014241 seconds [static and dynamic dependencies]. Details - ImportResultOutputID=0290f5da8f3c708ff7bca38bd8e56c21 DependenciesID=dd758d91a3180a8b29633bf7cd90c2e9 StaticDependenciesID=2375f18377a4ecad1954cde128421453 
Number of updated asset objects reloaded before import = 0Number of asset objects unloaded after import = 11

========================================================================
Received Import Request.
  Time since last request: 0.000039 seconds.
  path: Assets/HIVEMIND/CaveOfHiddenTomb/HDRP (Default)/Art/Assets/Boulder/D/M_Boulder_D.mat
  importAddress: Guid(abc00000000000484188611300226427) Importer(2089858483,b0f066a214c2f5e87bad3c948f4d605d)
Start importing Assets/HIVEMIND/CaveOfHiddenTomb/HDRP (Default)/Art/Assets/Boulder/D/M_Boulder_D.mat using Guid(abc00000000000484188611300226427) Importer(2089858483,b0f066a214c2f5e87bad3c948f4d605d) (ScriptedImporter) -> (Import Result ID: 'e8da50faaa2c4bbff0ba3279d6318d5e') in 0.016039 seconds [static and dynamic dependencies]. Details - ImportResultOutputID=67efa5be180aa21ed75193cabd8cc6d8 DependenciesID=712ef7af6f14cfe66d1f26adb90aa455 StaticDependenciesID=69dd23a371e28069fd998a08368689a0 
Number of updated asset objects reloaded before import = 0Number of asset objects unloaded after import = 12

========================================================================
Received Import Request.
  Time since last request: 0.000029 seconds.
  path: Assets/HIVEMIND/CaveOfHiddenTomb/HDRP (Default)/Art/Assets/Boulder/A/SM_Boulder_A.fbx
  importAddress: Guid(abc00000000001902826037169237167) Importer(2089858483,b0f066a214c2f5e87bad3c948f4d605d)
Start importing Assets/HIVEMIND/CaveOfHiddenTomb/HDRP (Default)/Art/Assets/Boulder/A/SM_Boulder_A.fbx using Guid(abc00000000001902826037169237167) Importer(2089858483,b0f066a214c2f5e87bad3c948f4d605d) (ScriptedImporter)MaterialLocation.External is obsolete. External Material Location is no longer supported. (Assets/HIVEMIND/CaveOfHiddenTomb/HDRP (Default)/Art/Assets/Boulder/A/SM_Boulder_A.fbx)
 -> (Import Result ID: 'd602e315c6b5fd6fb5a723c8012f818a') in 0.0113132 seconds [static and dynamic dependencies]. Details - ImportResultOutputID=f3b372765b135ec77547f88df429f757 DependenciesID=676ceacc23ee902cf7e72ef6efc517bd StaticDependenciesID=d94edcb439ecc2bbaf5c1250e5044c44 
Number of updated asset objects reloaded before import = 0Number of asset objects unloaded after import = 37

========================================================================
Received Import Request.
  Time since last request: 0.000023 seconds.
  path: Assets/HIVEMIND/CaveOfHiddenTomb/HDRP (Default)/Art/Assets/FirePit/FirePit_B/M_AztecTrim_003.mat
  importAddress: Guid(abc00000000010119779070553456186) Importer(2089858483,b0f066a214c2f5e87bad3c948f4d605d)
Start importing Assets/HIVEMIND/CaveOfHiddenTomb/HDRP (Default)/Art/Assets/FirePit/FirePit_B/M_AztecTrim_003.mat using Guid(abc00000000010119779070553456186) Importer(2089858483,b0f066a214c2f5e87bad3c948f4d605d) (ScriptedImporter) -> (Import Result ID: '56d4b8eff91569b14b457ea78b52619d') in 0.0170038 seconds [static and dynamic dependencies]. Details - ImportResultOutputID=733f86e1f3d11af4a3eb0434d0d7c759 DependenciesID=82498683211a776a079cd941b70f7106 StaticDependenciesID=4e15bea6137b4953327d5d4e4340c7d8 
Number of updated asset objects reloaded before import = 0Number of asset objects unloaded after import = 11

========================================================================
Received Import Request.
  Time since last request: 0.000028 seconds.
  path: Assets/HIVEMIND/CaveOfHiddenTomb/HDRP (Default)/Art/Assets/Boulder/A/M_Boulder_A.mat
  importAddress: Guid(abc00000000009636844918080452999) Importer(2089858483,b0f066a214c2f5e87bad3c948f4d605d)
Start importing Assets/HIVEMIND/CaveOfHiddenTomb/HDRP (Default)/Art/Assets/Boulder/A/M_Boulder_A.mat using Guid(abc00000000009636844918080452999) Importer(2089858483,b0f066a214c2f5e87bad3c948f4d605d) (ScriptedImporter) -> (Import Result ID: 'b06ab11d5eae6053b4f4c8c3414596fa') in 0.0152024 seconds [static and dynamic dependencies]. Details - ImportResultOutputID=a78deda86316309cfd5ece19f56eabf6 DependenciesID=e1028df2f337131b2dd9cd93b77529f0 StaticDependenciesID=01a0f57aa85332af2115bff09ce2f0b4 
Number of updated asset objects reloaded before import = 0Number of asset objects unloaded after import = 11

========================================================================
Received Import Request.
  Time since last request: 0.000031 seconds.
  path: Assets/HIVEMIND/CaveOfHiddenTomb/HDRP (Default)/Art/Assets/Ground/Materials/No Name.mat
  importAddress: Guid(1231cf629aa875d44bd71294217c446a) Importer(2089858483,b0f066a214c2f5e87bad3c948f4d605d)
Start importing Assets/HIVEMIND/CaveOfHiddenTomb/HDRP (Default)/Art/Assets/Ground/Materials/No Name.mat using Guid(1231cf629aa875d44bd71294217c446a) Importer(2089858483,b0f066a214c2f5e87bad3c948f4d605d) (ScriptedImporter) -> (Import Result ID: 'a84e4fdc093ca7ca0fe0ee0eb130438d') in 0.0109368 seconds [static and dynamic dependencies]. Details - ImportResultOutputID=f57694ce26a078c07c49b106bceaee7b DependenciesID=ee4651b3298284dc15be719c0f3a383a StaticDependenciesID=47734157d1b7b607b6189cd681529b92 
Number of updated asset objects reloaded before import = 0Number of asset objects unloaded after import = 1

========================================================================
Received Import Request.
  Time since last request: 0.000028 seconds.
  path: Assets/HIVEMIND/CaveOfHiddenTomb/HDRP (Default)/Art/Prefabs/SM_StonePattern_E.prefab
  importAddress: Guid(abc00000000007268444134616244522) Importer(2089858483,e11c23a36db5f54750b8cd40eac0985b)
Start importing Assets/HIVEMIND/CaveOfHiddenTomb/HDRP (Default)/Art/Prefabs/SM_StonePattern_E.prefab using Guid(abc00000000007268444134616244522) Importer(2089858483,e11c23a36db5f54750b8cd40eac0985b) (ScriptedImporter) -> (Import Result ID: '013a40a8f6f9b8d0cb8fc39d9904cd8f') in 0.0219405 seconds [static and dynamic dependencies]. Details - ImportResultOutputID=1ea13b4f96ffdbae06661423d5fcdf79 DependenciesID=4f5196d30fe7d06c525c2f06c1aea6b2 StaticDependenciesID=4e981885378fef4f0de583fd41a85c43 
Number of updated asset objects reloaded before import = 0Number of asset objects unloaded after import = 33

========================================================================
Received Import Request.
  Time since last request: 0.000036 seconds.
  path: Assets/HIVEMIND/CaveOfHiddenTomb/HDRP (Default)/Art/Assets/Rock/F/SM_Rock_F.fbx
  importAddress: Guid(abc00000000015290404763020837933) Importer(2089858483,b0f066a214c2f5e87bad3c948f4d605d)
Start importing Assets/HIVEMIND/CaveOfHiddenTomb/HDRP (Default)/Art/Assets/Rock/F/SM_Rock_F.fbx using Guid(abc00000000015290404763020837933) Importer(2089858483,b0f066a214c2f5e87bad3c948f4d605d) (ScriptedImporter)MaterialLocation.External is obsolete. External Material Location is no longer supported. (Assets/HIVEMIND/CaveOfHiddenTomb/HDRP (Default)/Art/Assets/Rock/F/SM_Rock_F.fbx)
 -> (Import Result ID: '89346838494cb86307a47669d30d840f') in 0.009822 seconds [static and dynamic dependencies]. Details - ImportResultOutputID=dff42fe36b5dfdc4f4792e20afde6612 DependenciesID=70824e6f9fc0301679ff00774e76b749 StaticDependenciesID=f33a0f1df2bdb57056bf738165457171 
Number of updated asset objects reloaded before import = 0Number of asset objects unloaded after import = 32

========================================================================
Received Import Request.
  Time since last request: 0.000028 seconds.
  path: Assets/HIVEMIND/CaveOfHiddenTomb/HDRP (Default)/Art/Assets/RockWall/A/M_RockWall_A_Simple.mat
  importAddress: Guid(abc00000000008721498765504542053) Importer(2089858483,b0f066a214c2f5e87bad3c948f4d605d)
Start importing Assets/HIVEMIND/CaveOfHiddenTomb/HDRP (Default)/Art/Assets/RockWall/A/M_RockWall_A_Simple.mat using Guid(abc00000000008721498765504542053) Importer(2089858483,b0f066a214c2f5e87bad3c948f4d605d) (ScriptedImporter) -> (Import Result ID: '0a8099a65149d0342ab8d966983769fd') in 0.0150307 seconds [static and dynamic dependencies]. Details - ImportResultOutputID=9e06e6a485ce73fcdceb871e36f42f5e DependenciesID=a9e4e7584194a52933be8512633e5e70 StaticDependenciesID=5b6e0681f0de6b6e829b0e182953c635 
Number of updated asset objects reloaded before import = 0Number of asset objects unloaded after import = 11

========================================================================
Received Import Request.
  Time since last request: 0.000030 seconds.
  path: Assets/HIVEMIND/CaveOfHiddenTomb/HDRP (Default)/Art/Assets/RockWall/E/SM_RockWall_E.fbx
  importAddress: Guid(abc00000000001118359829065814557) Importer(2089858483,b0f066a214c2f5e87bad3c948f4d605d)
Start importing Assets/HIVEMIND/CaveOfHiddenTomb/HDRP (Default)/Art/Assets/RockWall/E/SM_RockWall_E.fbx using Guid(abc00000000001118359829065814557) Importer(2089858483,b0f066a214c2f5e87bad3c948f4d605d) (ScriptedImporter)MaterialLocation.External is obsolete. External Material Location is no longer supported. (Assets/HIVEMIND/CaveOfHiddenTomb/HDRP (Default)/Art/Assets/RockWall/E/SM_RockWall_E.fbx)
 -> (Import Result ID: '3432900e250de81a8a77f3dcd17d101b') in 0.0132861 seconds [static and dynamic dependencies]. Details - ImportResultOutputID=59a65d805b4aeb980ac7237a4e8cd388 DependenciesID=595be8678af7f0d4d072a8f03aa3b7bd StaticDependenciesID=03415d9bb3893dd1cfad7ccba3fcd854 
Number of updated asset objects reloaded before import = 0Number of asset objects unloaded after import = 37

========================================================================
Received Import Request.
  Time since last request: 0.000033 seconds.
  path: Assets/HIVEMIND/CaveOfHiddenTomb/HDRP (Default)/Art/Assets/Rock/C/M_Rock_C.mat
  importAddress: Guid(abc00000000004204504345143245558) Importer(2089858483,b0f066a214c2f5e87bad3c948f4d605d)
Start importing Assets/HIVEMIND/CaveOfHiddenTomb/HDRP (Default)/Art/Assets/Rock/C/M_Rock_C.mat using Guid(abc00000000004204504345143245558) Importer(2089858483,b0f066a214c2f5e87bad3c948f4d605d) (ScriptedImporter) -> (Import Result ID: '16716698853b9b8808e3c3dd93f2642f') in 0.0137252 seconds [static and dynamic dependencies]. Details - ImportResultOutputID=dc0f80799a35f115e887cb313b6db681 DependenciesID=6d50ddb59d8042ef856b81484a70d136 StaticDependenciesID=ffd9cbb1cc2ad57250c37a16de7e98de 
Number of updated asset objects reloaded before import = 0Number of asset objects unloaded after import = 11

========================================================================
Received Import Request.
  Time since last request: 0.000069 seconds.
  path: Assets/HIVEMIND/CaveOfHiddenTomb/HDRP (Default)/Art/Assets/Pillar/D/M_Pillar_D.mat
  importAddress: Guid(abc00000000008202198138025726740) Importer(2089858483,b0f066a214c2f5e87bad3c948f4d605d)
Start importing Assets/HIVEMIND/CaveOfHiddenTomb/HDRP (Default)/Art/Assets/Pillar/D/M_Pillar_D.mat using Guid(abc00000000008202198138025726740) Importer(2089858483,b0f066a214c2f5e87bad3c948f4d605d) (ScriptedImporter) -> (Import Result ID: '75582fe423e386d8f90ff2a4162fc96a') in 0.0143577 seconds [static and dynamic dependencies]. Details - ImportResultOutputID=a4c4643b3bc6b05eac74a8ffbe25b496 DependenciesID=d3f5d431163e465441b0ab4cbf2bce29 StaticDependenciesID=e07639381cbef284a06380db91bd5d04 
Number of updated asset objects reloaded before import = 0Number of asset objects unloaded after import = 11

========================================================================
Received Import Request.
  Time since last request: 0.000032 seconds.
  path: Assets/HIVEMIND/CaveOfHiddenTomb/HDRP (Default)/Art/Assets/RockWall/D/SM_RockWall_D.fbx
  importAddress: Guid(abc00000000006626494340383589365) Importer(2089858483,b0f066a214c2f5e87bad3c948f4d605d)
Start importing Assets/HIVEMIND/CaveOfHiddenTomb/HDRP (Default)/Art/Assets/RockWall/D/SM_RockWall_D.fbx using Guid(abc00000000006626494340383589365) Importer(2089858483,b0f066a214c2f5e87bad3c948f4d605d) (ScriptedImporter)MaterialLocation.External is obsolete. External Material Location is no longer supported. (Assets/HIVEMIND/CaveOfHiddenTomb/HDRP (Default)/Art/Assets/RockWall/D/SM_RockWall_D.fbx)
 -> (Import Result ID: '4f1559acbf66c7bba82248d0c70094f8') in 0.0106825 seconds [static and dynamic dependencies]. Details - ImportResultOutputID=bbf01dd9c289902b7deca7269b57e2d5 DependenciesID=c99d025809ee6c79f02f7f0c9fe2d9bc StaticDependenciesID=7d48b8126b685ddea1e44cb6808e8685 
Number of updated asset objects reloaded before import = 0Number of asset objects unloaded after import = 37

========================================================================
Received Import Request.
  Time since last request: 0.000036 seconds.
  path: Assets/HIVEMIND/CaveOfHiddenTomb/HDRP (Default)/Art/Assets/RockWall/D/M_RockWall_D_Simple.mat
  importAddress: Guid(abc00000000010663966366088157623) Importer(2089858483,b0f066a214c2f5e87bad3c948f4d605d)
Start importing Assets/HIVEMIND/CaveOfHiddenTomb/HDRP (Default)/Art/Assets/RockWall/D/M_RockWall_D_Simple.mat using Guid(abc00000000010663966366088157623) Importer(2089858483,b0f066a214c2f5e87bad3c948f4d605d) (ScriptedImporter) -> (Import Result ID: '01e418158c3c08bc077aac1f23b9be16') in 0.0143749 seconds [static and dynamic dependencies]. Details - ImportResultOutputID=80aacbd88e60b8428a74b2dc49a60f73 DependenciesID=21a9f1057f2fa36ca13b9fb80952648c StaticDependenciesID=9863ef0102de543644ccfa99dd8c1607 
Number of updated asset objects reloaded before import = 0Number of asset objects unloaded after import = 11

========================================================================
Received Import Request.
  Time since last request: 0.000033 seconds.
  path: Assets/HIVEMIND/CaveOfHiddenTomb/HDRP (Default)/Art/Assets/Rock/F/M_Rock_F.mat
  importAddress: Guid(abc00000000017387896458671210715) Importer(2089858483,b0f066a214c2f5e87bad3c948f4d605d)
Start importing Assets/HIVEMIND/CaveOfHiddenTomb/HDRP (Default)/Art/Assets/Rock/F/M_Rock_F.mat using Guid(abc00000000017387896458671210715) Importer(2089858483,b0f066a214c2f5e87bad3c948f4d605d) (ScriptedImporter) -> (Import Result ID: 'b1edfdbb22300f3d3e522294e520c860') in 0.0143523 seconds [static and dynamic dependencies]. Details - ImportResultOutputID=a34c9caa212311b536519010f8b94611 DependenciesID=659ce339b81b307000e3dadd8ae4c032 StaticDependenciesID=5d2939ccfde620b8308221c5c3d9e58c 
Number of updated asset objects reloaded before import = 0Number of asset objects unloaded after import = 11

========================================================================
Received Import Request.
  Time since last request: 0.000034 seconds.
  path: Assets/HIVEMIND/CaveOfHiddenTomb/HDRP (Default)/Art/Assets/Rock/A/M_Rock_A.mat
  importAddress: Guid(abc00000000007072424565883807951) Importer(2089858483,b0f066a214c2f5e87bad3c948f4d605d)
Start importing Assets/HIVEMIND/CaveOfHiddenTomb/HDRP (Default)/Art/Assets/Rock/A/M_Rock_A.mat using Guid(abc00000000007072424565883807951) Importer(2089858483,b0f066a214c2f5e87bad3c948f4d605d) (ScriptedImporter) -> (Import Result ID: 'e659c3d9152889fcb44a4770f8bf0b08') in 0.0130094 seconds [static and dynamic dependencies]. Details - ImportResultOutputID=3df347698ca92b5425935a4d14b57fba DependenciesID=f252da26401634c20b935ad0cec9b799 StaticDependenciesID=30eb80ae32edc6a56626ec9314739ad9 
Number of updated asset objects reloaded before import = 0Number of asset objects unloaded after import = 11

========================================================================
Received Import Request.
  Time since last request: 0.000031 seconds.
  path: Assets/HIVEMIND/CaveOfHiddenTomb/HDRP (Default)/Art/Assets/Rock/G/M_Rock_G.mat
  importAddress: Guid(abc00000000014079125400541969793) Importer(2089858483,b0f066a214c2f5e87bad3c948f4d605d)
Start importing Assets/HIVEMIND/CaveOfHiddenTomb/HDRP (Default)/Art/Assets/Rock/G/M_Rock_G.mat using Guid(abc00000000014079125400541969793) Importer(2089858483,b0f066a214c2f5e87bad3c948f4d605d) (ScriptedImporter) -> (Import Result ID: '76134ec3484c390fe8a85652dbb1e60f') in 0.014529 seconds [static and dynamic dependencies]. Details - ImportResultOutputID=9b6c8741bd12dfdbbbd56294f7f493d2 DependenciesID=ca703c5899e304abf5e5cec22b63ff67 StaticDependenciesID=8f31dd35d4b1945acb047ebbd0a1ac6d 
Number of updated asset objects reloaded before import = 0Number of asset objects unloaded after import = 11

========================================================================
Received Import Request.
  Time since last request: 0.000035 seconds.
  path: Assets/HIVEMIND/CaveOfHiddenTomb/HDRP (Default)/Art/Assets/Stone/A/M_Stone_A.mat
  importAddress: Guid(abc00000000006152376275498213374) Importer(2089858483,b0f066a214c2f5e87bad3c948f4d605d)
Start importing Assets/HIVEMIND/CaveOfHiddenTomb/HDRP (Default)/Art/Assets/Stone/A/M_Stone_A.mat using Guid(abc00000000006152376275498213374) Importer(2089858483,b0f066a214c2f5e87bad3c948f4d605d) (ScriptedImporter) -> (Import Result ID: '38e0e9fc80da1cdebfb07291227fff1e') in 0.0163094 seconds [static and dynamic dependencies]. Details - ImportResultOutputID=d46f3572d1350cbd81672cc3cae4965f DependenciesID=041fae286ea440ffb07ce8d7f34232c3 StaticDependenciesID=99f8376f268c137b2bfe0bccb114e731 
Number of updated asset objects reloaded before import = 0Number of asset objects unloaded after import = 11

========================================================================
Received Import Request.
  Time since last request: 0.000034 seconds.
  path: Assets/HIVEMIND/CaveOfHiddenTomb/HDRP (Default)/Art/Assets/StonePlate/C/M_StonePlate_C.mat
  importAddress: Guid(abc00000000012763551241833847370) Importer(2089858483,b0f066a214c2f5e87bad3c948f4d605d)
Start importing Assets/HIVEMIND/CaveOfHiddenTomb/HDRP (Default)/Art/Assets/StonePlate/C/M_StonePlate_C.mat using Guid(abc00000000012763551241833847370) Importer(2089858483,b0f066a214c2f5e87bad3c948f4d605d) (ScriptedImporter) -> (Import Result ID: '0faf88c039ef5af55a617c08c584d944') in 0.0144796 seconds [static and dynamic dependencies]. Details - ImportResultOutputID=5f712b8e5b258d45855be2af65ffef87 DependenciesID=e4532db35b35f9bec716d7a338fc7650 StaticDependenciesID=7322dded836b3990f869752b3a0e7187 
Number of updated asset objects reloaded before import = 0Number of asset objects unloaded after import = 11

========================================================================
Received Import Request.
  Time since last request: 0.000042 seconds.
  path: Assets/HIVEMIND/CaveOfHiddenTomb/HDRP (Default)/Art/Assets/StonePlate/H/M_StonePlate_H.mat
  importAddress: Guid(abc00000000002074848892282273274) Importer(2089858483,b0f066a214c2f5e87bad3c948f4d605d)
Start importing Assets/HIVEMIND/CaveOfHiddenTomb/HDRP (Default)/Art/Assets/StonePlate/H/M_StonePlate_H.mat using Guid(abc00000000002074848892282273274) Importer(2089858483,b0f066a214c2f5e87bad3c948f4d605d) (ScriptedImporter) -> (Import Result ID: '83bcd2384156f0d01e70a72d54cdfe75') in 0.0168138 seconds [static and dynamic dependencies]. Details - ImportResultOutputID=628cbac5696d5b3f3f321c0ebfbf585e DependenciesID=7f67b5fd34b103992db8dcc3f7034fc8 StaticDependenciesID=d18dddf93f615bbb69435ad28d1d87b0 
Number of updated asset objects reloaded before import = 0Number of asset objects unloaded after import = 11

========================================================================
Received Import Request.
  Time since last request: 0.000031 seconds.
  path: Assets/HIVEMIND/CaveOfHiddenTomb/HDRP (Default)/Art/Assets/Stone/C/SM_Stone_C.fbx
  importAddress: Guid(abc00000000016710836900844318039) Importer(2089858483,b0f066a214c2f5e87bad3c948f4d605d)
Start importing Assets/HIVEMIND/CaveOfHiddenTomb/HDRP (Default)/Art/Assets/Stone/C/SM_Stone_C.fbx using Guid(abc00000000016710836900844318039) Importer(2089858483,b0f066a214c2f5e87bad3c948f4d605d) (ScriptedImporter)MaterialLocation.External is obsolete. External Material Location is no longer supported. (Assets/HIVEMIND/CaveOfHiddenTomb/HDRP (Default)/Art/Assets/Stone/C/SM_Stone_C.fbx)
 -> (Import Result ID: '951c6ce34a7c9caddec919d2d38b0179') in 0.0121616 seconds [static and dynamic dependencies]. Details - ImportResultOutputID=fcdb86e820b166c1e4baab4422800234 DependenciesID=d24c76116ffa3fbf032c625690699970 StaticDependenciesID=86d3663e6fd0ef6edbd83cb64ede87f3 
Number of updated asset objects reloaded before import = 0Number of asset objects unloaded after import = 37

========================================================================
Received Import Request.
  Time since last request: 0.000027 seconds.
  path: Assets/HIVEMIND/CaveOfHiddenTomb/HDRP (Default)/Art/Assets/StonePattern/StonePattern/M_StonePattern_simple.mat
  importAddress: Guid(abc00000000003989469655953257541) Importer(2089858483,b0f066a214c2f5e87bad3c948f4d605d)
Start importing Assets/HIVEMIND/CaveOfHiddenTomb/HDRP (Default)/Art/Assets/StonePattern/StonePattern/M_StonePattern_simple.mat using Guid(abc00000000003989469655953257541) Importer(2089858483,b0f066a214c2f5e87bad3c948f4d605d) (ScriptedImporter) -> (Import Result ID: 'c037dd2e8a865e250daf9a9eaa70e2ca') in 0.0131384 seconds [static and dynamic dependencies]. Details - ImportResultOutputID=71eeadef04cb9bb4cddf282c595c986f DependenciesID=f10315458c3fa6ab74ad2a84f23b46e3 StaticDependenciesID=6f069ec2e6e4c18d268c68459b7c2823 
Number of updated asset objects reloaded before import = 0Number of asset objects unloaded after import = 11

========================================================================
Received Import Request.
  Time since last request: 0.000031 seconds.
  path: Assets/Samples/XR Interaction Toolkit/3.2.1/Starter Assets/DemoSceneAssets/Prefabs/Climb/ClimbTeleportReticle.prefab
  importAddress: Guid(6eb816e9b7ce30f4cadff3d4ad7ad10c) Importer(2089858483,e11c23a36db5f54750b8cd40eac0985b)
Start importing Assets/Samples/XR Interaction Toolkit/3.2.1/Starter Assets/DemoSceneAssets/Prefabs/Climb/ClimbTeleportReticle.prefab using Guid(6eb816e9b7ce30f4cadff3d4ad7ad10c) Importer(2089858483,e11c23a36db5f54750b8cd40eac0985b) (ScriptedImporter) -> (Import Result ID: '1e6e130b8b28e8e8d9399fb77bc3f32c') in 0.0308517 seconds [static and dynamic dependencies]. Details - ImportResultOutputID=e6ee2c7a391f3f6f711f5c3acca699c3 DependenciesID=f759fcee5213479873593fa9bb15c11a StaticDependenciesID=49ec6ae35a68e0daa863fb8f31e4867a 
Number of updated asset objects reloaded before import = 0Number of asset objects unloaded after import = 40

========================================================================
Received Import Request.
  Time since last request: 0.000029 seconds.
  path: Assets/HIVEMIND/CaveOfHiddenTomb/HDRP (Default)/Art/Assets/Stone/A/SM_Stone_A.fbx
  importAddress: Guid(abc00000000004836987231447829055) Importer(2089858483,b0f066a214c2f5e87bad3c948f4d605d)
Start importing Assets/HIVEMIND/CaveOfHiddenTomb/HDRP (Default)/Art/Assets/Stone/A/SM_Stone_A.fbx using Guid(abc00000000004836987231447829055) Importer(2089858483,b0f066a214c2f5e87bad3c948f4d605d) (ScriptedImporter)MaterialLocation.External is obsolete. External Material Location is no longer supported. (Assets/HIVEMIND/CaveOfHiddenTomb/HDRP (Default)/Art/Assets/Stone/A/SM_Stone_A.fbx)
 -> (Import Result ID: '287e970b14ca9553a3bd882ab2787e82') in 0.0132759 seconds [static and dynamic dependencies]. Details - ImportResultOutputID=72b7c86bf383778175795bb759a64a56 DependenciesID=2c4672e1c78e39e7c59dc561ca75f7c3 StaticDependenciesID=0341d567afee69c490e71bdfd6bac6af 
Number of updated asset objects reloaded before import = 0Number of asset objects unloaded after import = 37

========================================================================
Received Import Request.
  Time since last request: 0.000037 seconds.
  path: Assets/HIVEMIND/CaveOfHiddenTomb/HDRP (Default)/Art/Assets/StonePlate/H/SM_StonePlate_H.fbx
  importAddress: Guid(abc00000000002937256569923361613) Importer(2089858483,b0f066a214c2f5e87bad3c948f4d605d)
Start importing Assets/HIVEMIND/CaveOfHiddenTomb/HDRP (Default)/Art/Assets/StonePlate/H/SM_StonePlate_H.fbx using Guid(abc00000000002937256569923361613) Importer(2089858483,b0f066a214c2f5e87bad3c948f4d605d) (ScriptedImporter)MaterialLocation.External is obsolete. External Material Location is no longer supported. (Assets/HIVEMIND/CaveOfHiddenTomb/HDRP (Default)/Art/Assets/StonePlate/H/SM_StonePlate_H.fbx)
 -> (Import Result ID: '0e30f68bd955a9e6bf961a4e13559d97') in 0.0122537 seconds [static and dynamic dependencies]. Details - ImportResultOutputID=fbc8113b953826ed48107b885fabec6f DependenciesID=b9d0636040373d7d74bafa13bebe6836 StaticDependenciesID=57cbbf6c380370cb0773ef921edfa82f 
Number of updated asset objects reloaded before import = 0Number of asset objects unloaded after import = 37

========================================================================
Received Import Request.
  Time since last request: 0.000029 seconds.
  path: Assets/Samples/XR Interaction Toolkit/3.2.1/Starter Assets/DemoSceneAssets/Prefabs/Climb/Climb Sample.prefab
  importAddress: Guid(2ea572d587ee60f44bd5baa3bc2d6503) Importer(2089858483,e11c23a36db5f54750b8cd40eac0985b)
Start importing Assets/Samples/XR Interaction Toolkit/3.2.1/Starter Assets/DemoSceneAssets/Prefabs/Climb/Climb Sample.prefab using Guid(2ea572d587ee60f44bd5baa3bc2d6503) Importer(2089858483,e11c23a36db5f54750b8cd40eac0985b) (ScriptedImporter) -> (Import Result ID: '8de2279a8e2f9c2d46996827928a81e6') in 0.3614891 seconds [static and dynamic dependencies]. Details - ImportResultOutputID=6d1b994bb4119e29c02d9b06aa361eec DependenciesID=86b7559a93daa5afb11b7606d4604a72 StaticDependenciesID=7c9c2c776c305a77795448ad7214df22 
Number of updated asset objects reloaded before import = 0Number of asset objects unloaded after import = 1737

========================================================================
Received Import Request.
  Time since last request: 0.000030 seconds.
  path: Assets/Samples/XR Interaction Toolkit/3.2.1/Starter Assets/DemoSceneAssets/Prefabs/UI/Text Toggle.prefab
  importAddress: Guid(6a448845c7017044e8a9f3d711cfe825) Importer(2089858483,e11c23a36db5f54750b8cd40eac0985b)
Start importing Assets/Samples/XR Interaction Toolkit/3.2.1/Starter Assets/DemoSceneAssets/Prefabs/UI/Text Toggle.prefab using Guid(6a448845c7017044e8a9f3d711cfe825) Importer(2089858483,e11c23a36db5f54750b8cd40eac0985b) (ScriptedImporter) -> (Import Result ID: 'd09f5f34acd663f6d2cad8b412a71806') in 0.0454815 seconds [static and dynamic dependencies]. Details - ImportResultOutputID=3661d00d9ffe20050d411e317cedbfb3 DependenciesID=a9afe9628494c4dd8441637430c0eb71 StaticDependenciesID=c76ff9e6081c55ad00d0ceb8663dbaa8 
Number of updated asset objects reloaded before import = 0Number of asset objects unloaded after import = 25

========================================================================
Received Import Request.
  Time since last request: 0.000038 seconds.
  path: Assets/Samples/XR Interaction Toolkit/3.2.1/Starter Assets/DemoSceneAssets/Prefabs/Interactables/Confetti.prefab
  importAddress: Guid(7942e6544a2b2ae48bcf988d9aed838d) Importer(2089858483,e11c23a36db5f54750b8cd40eac0985b)
Start importing Assets/Samples/XR Interaction Toolkit/3.2.1/Starter Assets/DemoSceneAssets/Prefabs/Interactables/Confetti.prefab using Guid(7942e6544a2b2ae48bcf988d9aed838d) Importer(2089858483,e11c23a36db5f54750b8cd40eac0985b) (ScriptedImporter) -> (Import Result ID: 'adb7340d8dd51d37ceccc8c429de27a9') in 0.0193227 seconds [static and dynamic dependencies]. Details - ImportResultOutputID=a41fe43d5d8c0258b57e444f0d35915a DependenciesID=c38ed81e957b93ab49d392bfa9f3cbf8 StaticDependenciesID=9b26a322f0ac4f68142da65944b1bc49 
Number of updated asset objects reloaded before import = 0Number of asset objects unloaded after import = 6

========================================================================
Received Import Request.
  Time since last request: 0.000023 seconds.
  path: Assets/HIVEMIND/CaveOfHiddenTomb/HDRP (Default)/Art/Assets/AztecMuralWall/AztecMural/Materials/MI_Wall_Aztec.mat
  importAddress: Guid(510cef64c86bd84439c37bcb0f672ce6) Importer(2089858483,b0f066a214c2f5e87bad3c948f4d605d)
Start importing Assets/HIVEMIND/CaveOfHiddenTomb/HDRP (Default)/Art/Assets/AztecMuralWall/AztecMural/Materials/MI_Wall_Aztec.mat using Guid(510cef64c86bd84439c37bcb0f672ce6) Importer(2089858483,b0f066a214c2f5e87bad3c948f4d605d) (ScriptedImporter) -> (Import Result ID: '7c6f8e8557c5264e6f2fa51f10c8df7f') in 0.0055618 seconds [static and dynamic dependencies]. Details - ImportResultOutputID=0730fa44b43839d2774ec7797e3383ab DependenciesID=9a534c110f785bd06fee26f30e39b9b4 StaticDependenciesID=12a192597c06336b057abb5a94a159a6 
Number of updated asset objects reloaded before import = 0Number of asset objects unloaded after import = 1

========================================================================
Received Import Request.
  Time since last request: 0.000027 seconds.
  path: Assets/HIVEMIND/CaveOfHiddenTomb/HDRP (Default)/Art/Assets/Rock/E/Materials/MI_Rock_E.mat
  importAddress: Guid(0fcfdaa991f8afb49b5cd867bf672346) Importer(2089858483,b0f066a214c2f5e87bad3c948f4d605d)
Start importing Assets/HIVEMIND/CaveOfHiddenTomb/HDRP (Default)/Art/Assets/Rock/E/Materials/MI_Rock_E.mat using Guid(0fcfdaa991f8afb49b5cd867bf672346) Importer(2089858483,b0f066a214c2f5e87bad3c948f4d605d) (ScriptedImporter) -> (Import Result ID: '24ca37155b700389d740590547e8f276') in 0.0038715 seconds [static and dynamic dependencies]. Details - ImportResultOutputID=3f41d27d772ae8f4fedc6a640e2d1c69 DependenciesID=b55ad8a884246f2e6e25b2b7e459fdef StaticDependenciesID=6aa44fda32bb1af2e47c87439f682e2a 
Number of updated asset objects reloaded before import = 0Number of asset objects unloaded after import = 1

========================================================================
Received Import Request.
  Time since last request: 0.000027 seconds.
  path: Assets/HIVEMIND/CaveOfHiddenTomb/HDRP (Default)/Art/Assets/FirePit/FireWood/Materials/No Name.mat
  importAddress: Guid(222bf78e558abe246a513bd8c1e429d3) Importer(2089858483,b0f066a214c2f5e87bad3c948f4d605d)
Start importing Assets/HIVEMIND/CaveOfHiddenTomb/HDRP (Default)/Art/Assets/FirePit/FireWood/Materials/No Name.mat using Guid(222bf78e558abe246a513bd8c1e429d3) Importer(2089858483,b0f066a214c2f5e87bad3c948f4d605d) (ScriptedImporter) -> (Import Result ID: '939a2704aae8ae0d3ed96dde064b8f7c') in 0.0040815 seconds [static and dynamic dependencies]. Details - ImportResultOutputID=cb2a7d0c409b0bb0ff5b76332cca1521 DependenciesID=98f51dd14e2d2488595d2038461b25c5 StaticDependenciesID=4bab9e359e9fb75806e1b0e9afdd14d8 
Number of updated asset objects reloaded before import = 0Number of asset objects unloaded after import = 1

========================================================================
Received Import Request.
  Time since last request: 0.000022 seconds.
  path: Assets/HIVEMIND/CaveOfHiddenTomb/HDRP (Default)/Art/Assets/Pillar/D/Materials/No Name.mat
  importAddress: Guid(b6ee86cb3e7f1794e816c67ee0950aee) Importer(2089858483,b0f066a214c2f5e87bad3c948f4d605d)
Start importing Assets/HIVEMIND/CaveOfHiddenTomb/HDRP (Default)/Art/Assets/Pillar/D/Materials/No Name.mat using Guid(b6ee86cb3e7f1794e816c67ee0950aee) Importer(2089858483,b0f066a214c2f5e87bad3c948f4d605d) (ScriptedImporter) -> (Import Result ID: '9e41c95cf1668377a80330b87dd59b69') in 0.0041636 seconds [static and dynamic dependencies]. Details - ImportResultOutputID=b6d43f1626eb7e860836c6dcdbdf9adb DependenciesID=c50dc4d67c84607a8fc964768b56e5b8 StaticDependenciesID=fd1754def392dc99d2109666de8f4b0d 
Number of updated asset objects reloaded before import = 0Number of asset objects unloaded after import = 1

========================================================================
Received Import Request.
  Time since last request: 0.000030 seconds.
  path: Assets/HIVEMIND/CaveOfHiddenTomb/HDRP (Default)/Art/Assets/RockWall/A/Materials/No Name.mat
  importAddress: Guid(dae8773ce542deb41a3075a1081ebc15) Importer(2089858483,b0f066a214c2f5e87bad3c948f4d605d)
Start importing Assets/HIVEMIND/CaveOfHiddenTomb/HDRP (Default)/Art/Assets/RockWall/A/Materials/No Name.mat using Guid(dae8773ce542deb41a3075a1081ebc15) Importer(2089858483,b0f066a214c2f5e87bad3c948f4d605d) (ScriptedImporter) -> (Import Result ID: '4c3396d6f71c7a364152e5e11168e28d') in 0.0049312 seconds [static and dynamic dependencies]. Details - ImportResultOutputID=891974958448878a1c72a391be61809c DependenciesID=7506b9daca50331f7fe1d2068d991a46 StaticDependenciesID=4fbfefda7eb3c6753daf0f876998664c 
Number of updated asset objects reloaded before import = 0Number of asset objects unloaded after import = 1

========================================================================
Received Import Request.
  Time since last request: 0.000039 seconds.
  path: Assets/HIVEMIND/CaveOfHiddenTomb/HDRP (Default)/Art/Assets/Rock/G/Materials/MI_Rock_G.mat
  importAddress: Guid(b4daa82ace71c3e4ea97a070895fa86c) Importer(2089858483,b0f066a214c2f5e87bad3c948f4d605d)
Start importing Assets/HIVEMIND/CaveOfHiddenTomb/HDRP (Default)/Art/Assets/Rock/G/Materials/MI_Rock_G.mat using Guid(b4daa82ace71c3e4ea97a070895fa86c) Importer(2089858483,b0f066a214c2f5e87bad3c948f4d605d) (ScriptedImporter) -> (Import Result ID: 'd4e0d7768b19afec035c3ab6ece1c9fd') in 0.0052852 seconds [static and dynamic dependencies]. Details - ImportResultOutputID=5a2e6d604f54404e23d3b43bce51e241 DependenciesID=1c4739b054d212a97921843d64861337 StaticDependenciesID=2d07a82d6722b71638425f7e69742f46 
Number of updated asset objects reloaded before import = 0Number of asset objects unloaded after import = 1

========================================================================
Received Import Request.
  Time since last request: 0.000022 seconds.
  path: Assets/HIVEMIND/CaveOfHiddenTomb/HDRP (Default)/Art/Assets/FirePit/FirePit_B/Materials/No Name.mat
  importAddress: Guid(c655319dce6a1304fafbb8c7a524c7f2) Importer(2089858483,b0f066a214c2f5e87bad3c948f4d605d)
Start importing Assets/HIVEMIND/CaveOfHiddenTomb/HDRP (Default)/Art/Assets/FirePit/FirePit_B/Materials/No Name.mat using Guid(c655319dce6a1304fafbb8c7a524c7f2) Importer(2089858483,b0f066a214c2f5e87bad3c948f4d605d) (ScriptedImporter) -> (Import Result ID: '4883518ad0a08f29fbac54e1e6414d61') in 0.0041556 seconds [static and dynamic dependencies]. Details - ImportResultOutputID=2d08a1bc0aaede20be65096ed5662c75 DependenciesID=ebddc9dc2e728fabaa985a60d00c3417 StaticDependenciesID=ece1f4379779c685e37cd46268a17ffd 
Number of updated asset objects reloaded before import = 0Number of asset objects unloaded after import = 1

========================================================================
Received Import Request.
  Time since last request: 0.000024 seconds.
  path: Assets/HIVEMIND/CaveOfHiddenTomb/HDRP (Default)/Art/Assets/FirePit/FireWood/Materials/MI_FireWood_01.mat
  importAddress: Guid(50ceb74aef88ee944b5e694a0ff83c9d) Importer(2089858483,b0f066a214c2f5e87bad3c948f4d605d)
Start importing Assets/HIVEMIND/CaveOfHiddenTomb/HDRP (Default)/Art/Assets/FirePit/FireWood/Materials/MI_FireWood_01.mat using Guid(50ceb74aef88ee944b5e694a0ff83c9d) Importer(2089858483,b0f066a214c2f5e87bad3c948f4d605d) (ScriptedImporter) -> (Import Result ID: 'd808335a3739b9061534a3aba0a3a0f0') in 0.0036464 seconds [static and dynamic dependencies]. Details - ImportResultOutputID=4c07ecf8f2b114813741a89eae0febe3 DependenciesID=330ea5172c64bbbc2a4739d1c897fac2 StaticDependenciesID=10b72b63c25c43822ebbe9a2627d78e4 
Number of updated asset objects reloaded before import = 0Number of asset objects unloaded after import = 1

========================================================================
Received Import Request.
  Time since last request: 0.000027 seconds.
  path: Assets/HIVEMIND/CaveOfHiddenTomb/HDRP (Default)/Art/Assets/Rock/C/Materials/MI_Rock_B.mat
  importAddress: Guid(f4b8441784b78a84895c125b2e85b0b7) Importer(2089858483,b0f066a214c2f5e87bad3c948f4d605d)
Start importing Assets/HIVEMIND/CaveOfHiddenTomb/HDRP (Default)/Art/Assets/Rock/C/Materials/MI_Rock_B.mat using Guid(f4b8441784b78a84895c125b2e85b0b7) Importer(2089858483,b0f066a214c2f5e87bad3c948f4d605d) (ScriptedImporter) -> (Import Result ID: '572b012b4ce271fd8d4aec4be5086f08') in 0.0046617 seconds [static and dynamic dependencies]. Details - ImportResultOutputID=90806a914773ff6bea1f49eba2efc1f6 DependenciesID=d60e1833c0f9ea4d6546ed0b1d20f99b StaticDependenciesID=2ce14e23c2f413984f384393d764c3df 
Number of updated asset objects reloaded before import = 0Number of asset objects unloaded after import = 1

========================================================================
Received Import Request.
  Time since last request: 0.000028 seconds.
  path: Assets/HIVEMIND/CaveOfHiddenTomb/HDRP (Default)/Art/Assets/StonePattern/StonePattern/SM_StonePattern_A.fbx
  importAddress: Guid(abc00000000017696493599505447929) Importer(2089858483,b0f066a214c2f5e87bad3c948f4d605d)
Start importing Assets/HIVEMIND/CaveOfHiddenTomb/HDRP (Default)/Art/Assets/StonePattern/StonePattern/SM_StonePattern_A.fbx using Guid(abc00000000017696493599505447929) Importer(2089858483,b0f066a214c2f5e87bad3c948f4d605d) (ScriptedImporter)MaterialLocation.External is obsolete. External Material Location is no longer supported. (Assets/HIVEMIND/CaveOfHiddenTomb/HDRP (Default)/Art/Assets/StonePattern/StonePattern/SM_StonePattern_A.fbx)
 -> (Import Result ID: '934a5926634e8ee3ce1e5ca03da70efc') in 0.0149801 seconds [static and dynamic dependencies]. Details - ImportResultOutputID=b220388efe82fc721dac68be562c4efb DependenciesID=e05997087bebac6cf2aaa1b09bccce5a StaticDependenciesID=6bc5134f2f8d408e07f13c969f6252f1 
Number of updated asset objects reloaded before import = 0Number of asset objects unloaded after import = 37

========================================================================
Received Import Request.
  Time since last request: 0.000028 seconds.
  path: Assets/Samples/XR Interaction Toolkit/3.2.1/Starter Assets/DemoSceneAssets/Prefabs/Interactables/Torus.prefab
  importAddress: Guid(521327bdbcb341f782d36f02cab76cb0) Importer(2089858483,e11c23a36db5f54750b8cd40eac0985b)
Start importing Assets/Samples/XR Interaction Toolkit/3.2.1/Starter Assets/DemoSceneAssets/Prefabs/Interactables/Torus.prefab using Guid(521327bdbcb341f782d36f02cab76cb0) Importer(2089858483,e11c23a36db5f54750b8cd40eac0985b) (ScriptedImporter) -> (Import Result ID: '0a5d61f2bae55bf40b2601c724519dab') in 0.031954 seconds [static and dynamic dependencies]. Details - ImportResultOutputID=b64cded7e7936d1282727ba681ff249e DependenciesID=f5616e7a153ea08125b9e66198227fe3 StaticDependenciesID=8e7664aad932f7a0a408ad60eaff0ddf 
Number of updated asset objects reloaded before import = 0Number of asset objects unloaded after import = 37

========================================================================
Received Import Request.
  Time since last request: 0.000036 seconds.
  path: Assets/HIVEMIND/CaveOfHiddenTomb/HDRP (Default)/Art/Prefabs/SM_EuropeanBeech_XS_01.prefab
  importAddress: Guid(abc00000000002064489860195034057) Importer(2089858483,e11c23a36db5f54750b8cd40eac0985b)
Start importing Assets/HIVEMIND/CaveOfHiddenTomb/HDRP (Default)/Art/Prefabs/SM_EuropeanBeech_XS_01.prefab using Guid(abc00000000002064489860195034057) Importer(2089858483,e11c23a36db5f54750b8cd40eac0985b) (ScriptedImporter) -> (Import Result ID: '1c090c10d8882bbdf5eab8f034796921') in 0.0175808 seconds [static and dynamic dependencies]. Details - ImportResultOutputID=f0522d55ac51b5f8b005f0dad3b91a56 DependenciesID=2d2fe6203581fca330e9ca94bd858897 StaticDependenciesID=254f189b9212123b90b063c9d0bf7e7c 
Number of updated asset objects reloaded before import = 0Number of asset objects unloaded after import = 33

========================================================================
Received Import Request.
  Time since last request: 0.000037 seconds.
  path: Assets/HIVEMIND/CaveOfHiddenTomb/HDRP (Default)/Art/Assets/RockWall/E/Materials/No Name.mat
  importAddress: Guid(b651bb772c2e27b4eb5f17ce18426e56) Importer(2089858483,b0f066a214c2f5e87bad3c948f4d605d)
Start importing Assets/HIVEMIND/CaveOfHiddenTomb/HDRP (Default)/Art/Assets/RockWall/E/Materials/No Name.mat using Guid(b651bb772c2e27b4eb5f17ce18426e56) Importer(2089858483,b0f066a214c2f5e87bad3c948f4d605d) (ScriptedImporter) -> (Import Result ID: 'c96aa1cc3b926a2131ad7f85cba39206') in 0.0045858 seconds [static and dynamic dependencies]. Details - ImportResultOutputID=08b9c14ebcccf86d92e985e44dd0bd5d DependenciesID=f309eba25afc6f79bb04b49705e320d4 StaticDependenciesID=cce0d471d728e9da70ae31977cb3b531 
Number of updated asset objects reloaded before import = 0Number of asset objects unloaded after import = 1

========================================================================
Received Import Request.
  Time since last request: 0.000046 seconds.
  path: Assets/HIVEMIND/CaveOfHiddenTomb/HDRP (Default)/Art/Assets/stalactite/E/Materials/MI_Stalacite_E.mat
  importAddress: Guid(be96e1e4fef3ecb409adf3b00f2db3c6) Importer(2089858483,b0f066a214c2f5e87bad3c948f4d605d)
Start importing Assets/HIVEMIND/CaveOfHiddenTomb/HDRP (Default)/Art/Assets/stalactite/E/Materials/MI_Stalacite_E.mat using Guid(be96e1e4fef3ecb409adf3b00f2db3c6) Importer(2089858483,b0f066a214c2f5e87bad3c948f4d605d) (ScriptedImporter) -> (Import Result ID: 'c39072b88dbc143a19e2bbb87e31fdc6') in 0.0050827 seconds [static and dynamic dependencies]. Details - ImportResultOutputID=990eb4ef0ef45a6d52d21f0e0c449ae5 DependenciesID=21f160680a44867aabcb2e004af0c360 StaticDependenciesID=6eb913bccca6c4d6df00cb76b9db3e7c 
Number of updated asset objects reloaded before import = 0Number of asset objects unloaded after import = 1

========================================================================
Received Import Request.
  Time since last request: 0.000027 seconds.
  path: Assets/HIVEMIND/CaveOfHiddenTomb/HDRP (Default)/Art/Assets/stalactite/C/Materials/No Name.mat
  importAddress: Guid(56b97b734cb85d04580d78144425bd76) Importer(2089858483,b0f066a214c2f5e87bad3c948f4d605d)
Start importing Assets/HIVEMIND/CaveOfHiddenTomb/HDRP (Default)/Art/Assets/stalactite/C/Materials/No Name.mat using Guid(56b97b734cb85d04580d78144425bd76) Importer(2089858483,b0f066a214c2f5e87bad3c948f4d605d) (ScriptedImporter) -> (Import Result ID: 'a1a173990bb72155ac04df098abef87a') in 0.0053513 seconds [static and dynamic dependencies]. Details - ImportResultOutputID=a55570847da9dbefc2243703cb8f6178 DependenciesID=62a87d80812d7b9a999006471db198c7 StaticDependenciesID=f3ad5d7c594ce8b82f7b83da4542aa82 
Number of updated asset objects reloaded before import = 0Number of asset objects unloaded after import = 1

========================================================================
Received Import Request.
  Time since last request: 0.000025 seconds.
  path: Assets/HIVEMIND/CaveOfHiddenTomb/HDRP (Default)/Art/Assets/StonePlate/A/Materials/MI_StonePlate_A.mat
  importAddress: Guid(a5a9660d2ee89c644b585a633765bc8b) Importer(2089858483,b0f066a214c2f5e87bad3c948f4d605d)
Start importing Assets/HIVEMIND/CaveOfHiddenTomb/HDRP (Default)/Art/Assets/StonePlate/A/Materials/MI_StonePlate_A.mat using Guid(a5a9660d2ee89c644b585a633765bc8b) Importer(2089858483,b0f066a214c2f5e87bad3c948f4d605d) (ScriptedImporter) -> (Import Result ID: 'a125362825226fbc56fdc696dfd94512') in 0.0051077 seconds [static and dynamic dependencies]. Details - ImportResultOutputID=7e54a9ec91461c729c2b98e775dacc0c DependenciesID=37df852a48f0dd088b2b290cbd36367d StaticDependenciesID=f823d916f9eb27625c408a140d0d6316 
Number of updated asset objects reloaded before import = 0Number of asset objects unloaded after import = 1

========================================================================
Received Import Request.
  Time since last request: 0.000027 seconds.
  path: Assets/HIVEMIND/CaveOfHiddenTomb/HDRP (Default)/Art/Assets/Scanned_Foliage/Foliage/EagleFern/Meshes/SM_EagleFern_S_02.fbx
  importAddress: Guid(abc00000000010968874312411316132) Importer(2089858483,b0f066a214c2f5e87bad3c948f4d605d)
Start importing Assets/HIVEMIND/CaveOfHiddenTomb/HDRP (Default)/Art/Assets/Scanned_Foliage/Foliage/EagleFern/Meshes/SM_EagleFern_S_02.fbx using Guid(abc00000000010968874312411316132) Importer(2089858483,b0f066a214c2f5e87bad3c948f4d605d) (ScriptedImporter)MaterialLocation.External is obsolete. External Material Location is no longer supported. (Assets/HIVEMIND/CaveOfHiddenTomb/HDRP (Default)/Art/Assets/Scanned_Foliage/Foliage/EagleFern/Meshes/SM_EagleFern_S_02.fbx)
 -> (Import Result ID: '1cee581d35a97431e0fce5d55c75eb0f') in 0.0133454 seconds [static and dynamic dependencies]. Details - ImportResultOutputID=a3d5ffb780cb8dcf645127eeadeb3a14 DependenciesID=b4debacbce700225fc81c70335abc30b StaticDependenciesID=c0aeb714680dfb131ce545bbab10ddbf 
Number of updated asset objects reloaded before import = 0Number of asset objects unloaded after import = 32

========================================================================
Received Import Request.
  Time since last request: 0.000046 seconds.
  path: Assets/HIVEMIND/CaveOfHiddenTomb/HDRP (Default)/Art/Assets/StonePattern/StonePattern/Materials/MI_StonePattern_simple.mat
  importAddress: Guid(b72a6b9f7ab731e43908d638815198a2) Importer(2089858483,b0f066a214c2f5e87bad3c948f4d605d)
Start importing Assets/HIVEMIND/CaveOfHiddenTomb/HDRP (Default)/Art/Assets/StonePattern/StonePattern/Materials/MI_StonePattern_simple.mat using Guid(b72a6b9f7ab731e43908d638815198a2) Importer(2089858483,b0f066a214c2f5e87bad3c948f4d605d) (ScriptedImporter) -> (Import Result ID: 'd096dd808ff17938233ca0e98566b7fe') in 0.0052381 seconds [static and dynamic dependencies]. Details - ImportResultOutputID=220ef17a62741377a503a937fc379582 DependenciesID=a1bd5342be4ac78588da3f17aca90e55 StaticDependenciesID=8b04de8c447e2f2b89628dcd60277398 
Number of updated asset objects reloaded before import = 0Number of asset objects unloaded after import = 1

========================================================================
Received Import Request.
  Time since last request: 0.000024 seconds.
  path: Assets/HIVEMIND/CaveOfHiddenTomb/HDRP (Default)/Art/Assets/StonePattern/G/Materials/No Name.mat
  importAddress: Guid(8937b3d9061b3b34d9af3798b66466d0) Importer(2089858483,b0f066a214c2f5e87bad3c948f4d605d)
Start importing Assets/HIVEMIND/CaveOfHiddenTomb/HDRP (Default)/Art/Assets/StonePattern/G/Materials/No Name.mat using Guid(8937b3d9061b3b34d9af3798b66466d0) Importer(2089858483,b0f066a214c2f5e87bad3c948f4d605d) (ScriptedImporter) -> (Import Result ID: '3ed674799a143e395d5140c5c95cf3e0') in 0.0045067 seconds [static and dynamic dependencies]. Details - ImportResultOutputID=7e334b0d4d074a1006ab8959a7e1329e DependenciesID=5020da3b8c3384b0687f6190012e54c7 StaticDependenciesID=d673a768d00a0665ac8c863148a40dd0 
Number of updated asset objects reloaded before import = 0Number of asset objects unloaded after import = 1

========================================================================
Received Import Request.
  Time since last request: 0.000024 seconds.
  path: Assets/HIVEMIND/CaveOfHiddenTomb/HDRP (Default)/Art/Assets/StonePattern/TempleStoneGround/Materials/MI_StonePattern_f_edge.mat
  importAddress: Guid(fc6aafa7b0d8a434eab3c1d9cf1bb0ca) Importer(2089858483,b0f066a214c2f5e87bad3c948f4d605d)
Start importing Assets/HIVEMIND/CaveOfHiddenTomb/HDRP (Default)/Art/Assets/StonePattern/TempleStoneGround/Materials/MI_StonePattern_f_edge.mat using Guid(fc6aafa7b0d8a434eab3c1d9cf1bb0ca) Importer(2089858483,b0f066a214c2f5e87bad3c948f4d605d) (ScriptedImporter) -> (Import Result ID: 'f379c179ad9306c59168fe0c11cf1ca2') in 0.0050276 seconds [static and dynamic dependencies]. Details - ImportResultOutputID=11c5cab6c9f2c5f84d025923c03e5d05 DependenciesID=3847657fbf859e3a442aa3a429e7d789 StaticDependenciesID=088ff0d4b975aca41abd1442e3a1fa33 
Number of updated asset objects reloaded before import = 0Number of asset objects unloaded after import = 1

========================================================================
Received Import Request.
  Time since last request: 0.000024 seconds.
  path: Assets/HIVEMIND/CaveOfHiddenTomb/HDRP (Default)/Art/Assets/stalactite/F/Materials/MI_Stalacite_F.mat
  importAddress: Guid(2143eda0c9f7d92428313de02b965c30) Importer(2089858483,b0f066a214c2f5e87bad3c948f4d605d)
Start importing Assets/HIVEMIND/CaveOfHiddenTomb/HDRP (Default)/Art/Assets/stalactite/F/Materials/MI_Stalacite_F.mat using Guid(2143eda0c9f7d92428313de02b965c30) Importer(2089858483,b0f066a214c2f5e87bad3c948f4d605d) (ScriptedImporter) -> (Import Result ID: '93150f2096d79cfe1616a13dfd5c2c78') in 0.0050529 seconds [static and dynamic dependencies]. Details - ImportResultOutputID=28d08a215e3d13f290b74c9dafe1da4c DependenciesID=650595d88cf0572a864118929ce997cc StaticDependenciesID=54e9585da61c6996776a2773b4cce213 
Number of updated asset objects reloaded before import = 0Number of asset objects unloaded after import = 1

========================================================================
Received Import Request.
  Time since last request: 0.000025 seconds.
  path: Assets/HIVEMIND/CaveOfHiddenTomb/HDRP (Default)/Art/Assets/Scanned_Foliage/Foliage/EagleFern/Materials/M_EagleFern_Atlas_01.mat
  importAddress: Guid(abc00000000013202983937002439216) Importer(2089858483,b0f066a214c2f5e87bad3c948f4d605d)
Start importing Assets/HIVEMIND/CaveOfHiddenTomb/HDRP (Default)/Art/Assets/Scanned_Foliage/Foliage/EagleFern/Materials/M_EagleFern_Atlas_01.mat using Guid(abc00000000013202983937002439216) Importer(2089858483,b0f066a214c2f5e87bad3c948f4d605d) (ScriptedImporter) -> (Import Result ID: '84afd0a244cf9bf6b14188f8c7249bd3') in 0.1384582 seconds [static and dynamic dependencies]. Details - ImportResultOutputID=9028ae17c91e4973c978a478d9477ef6 DependenciesID=e5ae9c900a78d6082288420e9a92148b StaticDependenciesID=0abcea5ac946563a8e8ad4eee0645378 
Number of updated asset objects reloaded before import = 0Number of asset objects unloaded after import = 9

========================================================================
Received Import Request.
  Time since last request: 0.000028 seconds.
  path: Assets/HIVEMIND/CaveOfHiddenTomb/HDRP (Default)/Art/Assets/Scanned_Foliage/Foliage/EuropeanBeech/Meshes/Materials/MI_EuropeanBeech_Detail_NW_02.mat
  importAddress: Guid(6674cda41957f8146b88a42357631ebf) Importer(2089858483,b0f066a214c2f5e87bad3c948f4d605d)
Start importing Assets/HIVEMIND/CaveOfHiddenTomb/HDRP (Default)/Art/Assets/Scanned_Foliage/Foliage/EuropeanBeech/Meshes/Materials/MI_EuropeanBeech_Detail_NW_02.mat using Guid(6674cda41957f8146b88a42357631ebf) Importer(2089858483,b0f066a214c2f5e87bad3c948f4d605d) (ScriptedImporter) -> (Import Result ID: '84c24cb37eeb292e5ca5699fa9895fe5') in 0.0051035 seconds [static and dynamic dependencies]. Details - ImportResultOutputID=3202233b6f1af71e5a08eabb815620f4 DependenciesID=6362eba10db1a591ff5a5e88719c64f8 StaticDependenciesID=7ad7d714bf2ba484d100246a629bf4f4 
Number of updated asset objects reloaded before import = 0Number of asset objects unloaded after import = 1

========================================================================
Received Import Request.
  Time since last request: 0.000045 seconds.
  path: Assets/HIVEMIND/CaveOfHiddenTomb/HDRP (Default)/Art/Assets/Scanned_Foliage/Foliage/EuropeanBeech/Meshes/SM_EuropeanBeech_XS_03.fbx
  importAddress: Guid(abc00000000007674882410490994691) Importer(2089858483,b0f066a214c2f5e87bad3c948f4d605d)
Start importing Assets/HIVEMIND/CaveOfHiddenTomb/HDRP (Default)/Art/Assets/Scanned_Foliage/Foliage/EuropeanBeech/Meshes/SM_EuropeanBeech_XS_03.fbx using Guid(abc00000000007674882410490994691) Importer(2089858483,b0f066a214c2f5e87bad3c948f4d605d) (ScriptedImporter)MaterialLocation.External is obsolete. External Material Location is no longer supported. (Assets/HIVEMIND/CaveOfHiddenTomb/HDRP (Default)/Art/Assets/Scanned_Foliage/Foliage/EuropeanBeech/Meshes/SM_EuropeanBeech_XS_03.fbx)
 -> (Import Result ID: '039e44ad2c17240014d3c1f15d076b81') in 0.0089474 seconds [static and dynamic dependencies]. Details - ImportResultOutputID=a95d87c30a6f280be3728474e6535507 DependenciesID=b643eca67c6669860e3e9830d6523b16 StaticDependenciesID=b56add108178414d47562b064f0b1046 
Number of updated asset objects reloaded before import = 0Number of asset objects unloaded after import = 32

========================================================================
Received Import Request.
  Time since last request: 0.000024 seconds.
  path: Assets/HIVEMIND/CaveOfHiddenTomb/HDRP (Default)/Art/Assets/Scanned_Foliage/Foliage/EuropeanBeech/Meshes/SM_EuropeanBeech_S_01.fbx
  importAddress: Guid(abc00000000009759247195530729125) Importer(2089858483,b0f066a214c2f5e87bad3c948f4d605d)
Start importing Assets/HIVEMIND/CaveOfHiddenTomb/HDRP (Default)/Art/Assets/Scanned_Foliage/Foliage/EuropeanBeech/Meshes/SM_EuropeanBeech_S_01.fbx using Guid(abc00000000009759247195530729125) Importer(2089858483,b0f066a214c2f5e87bad3c948f4d605d) (ScriptedImporter)MaterialLocation.External is obsolete. External Material Location is no longer supported. (Assets/HIVEMIND/CaveOfHiddenTomb/HDRP (Default)/Art/Assets/Scanned_Foliage/Foliage/EuropeanBeech/Meshes/SM_EuropeanBeech_S_01.fbx)
 -> (Import Result ID: 'b8efaa29529dbf26477b3052566b44f8') in 0.0096283 seconds [static and dynamic dependencies]. Details - ImportResultOutputID=42bf46980c3dbac948a5bb78c0fef1b8 DependenciesID=ba647100015a6377d92b729c88616759 StaticDependenciesID=fc166a0444aad35cccd73e8adf991261 
Number of updated asset objects reloaded before import = 0Number of asset objects unloaded after import = 32

========================================================================
Received Import Request.
  Time since last request: 0.000023 seconds.
  path: Assets/HIVEMIND/CaveOfHiddenTomb/HDRP (Default)/Art/Assets/Scanned_Foliage/Foliage/Ivy/Meshes/SM_Ivy_C.fbx
  importAddress: Guid(abc00000000017701895482160927225) Importer(2089858483,b0f066a214c2f5e87bad3c948f4d605d)
Start importing Assets/HIVEMIND/CaveOfHiddenTomb/HDRP (Default)/Art/Assets/Scanned_Foliage/Foliage/Ivy/Meshes/SM_Ivy_C.fbx using Guid(abc00000000017701895482160927225) Importer(2089858483,b0f066a214c2f5e87bad3c948f4d605d) (ScriptedImporter)MaterialLocation.External is obsolete. External Material Location is no longer supported. (Assets/HIVEMIND/CaveOfHiddenTomb/HDRP (Default)/Art/Assets/Scanned_Foliage/Foliage/Ivy/Meshes/SM_Ivy_C.fbx)
 -> (Import Result ID: '74501926b30c01ff25dcbd2da5014d0b') in 0.0107352 seconds [static and dynamic dependencies]. Details - ImportResultOutputID=ce02aed2bf5416d89a7564a3f9816844 DependenciesID=e90c87a52a6662e064fc635712399819 StaticDependenciesID=55137f147e422a0615755d445d0fdab2 
Number of updated asset objects reloaded before import = 0Number of asset objects unloaded after import = 37

========================================================================
Received Import Request.
  Time since last request: 0.000023 seconds.
  path: Assets/HIVEMIND/CaveOfHiddenTomb/HDRP (Default)/Art/Assets/Scanned_Foliage/Foliage/EuropeanBeech/Meshes/Materials/MI_EuropeanBeech_Detail_NW_01.mat
  importAddress: Guid(93d26fdeb3785fa4bac9d8f21e94ef5e) Importer(2089858483,b0f066a214c2f5e87bad3c948f4d605d)
Start importing Assets/HIVEMIND/CaveOfHiddenTomb/HDRP (Default)/Art/Assets/Scanned_Foliage/Foliage/EuropeanBeech/Meshes/Materials/MI_EuropeanBeech_Detail_NW_01.mat using Guid(93d26fdeb3785fa4bac9d8f21e94ef5e) Importer(2089858483,b0f066a214c2f5e87bad3c948f4d605d) (ScriptedImporter) -> (Import Result ID: '252f65f72f178d725bf9cfdcafb0a96e') in 0.0087212 seconds [static and dynamic dependencies]. Details - ImportResultOutputID=5a2ebb6d1adf93532d7061433a635d43 DependenciesID=5be92e961135e53622f03551733779d1 StaticDependenciesID=7450f5bba231ee5edb261bc2a244003d 
Number of updated asset objects reloaded before import = 0Number of asset objects unloaded after import = 1

========================================================================
Received Import Request.
  Time since last request: 0.000025 seconds.
  path: Assets/HIVEMIND/CaveOfHiddenTomb/HDRP (Default)/Art/Assets/Scanned_Foliage/Foliage/Ivy/Meshes/SM_Ivy_Wall_D.fbx
  importAddress: Guid(abc00000000018243688747090273515) Importer(2089858483,b0f066a214c2f5e87bad3c948f4d605d)
Start importing Assets/HIVEMIND/CaveOfHiddenTomb/HDRP (Default)/Art/Assets/Scanned_Foliage/Foliage/Ivy/Meshes/SM_Ivy_Wall_D.fbx using Guid(abc00000000018243688747090273515) Importer(2089858483,b0f066a214c2f5e87bad3c948f4d605d) (ScriptedImporter)MaterialLocation.External is obsolete. External Material Location is no longer supported. (Assets/HIVEMIND/CaveOfHiddenTomb/HDRP (Default)/Art/Assets/Scanned_Foliage/Foliage/Ivy/Meshes/SM_Ivy_Wall_D.fbx)
 -> (Import Result ID: 'ad69e0f3a0710cd1b421c3df3c6b6f5f') in 0.0172503 seconds [static and dynamic dependencies]. Details - ImportResultOutputID=3b5518633763a602e097137fa9efc191 DependenciesID=eff4d4119bb07f3ac0fff877e0dabc63 StaticDependenciesID=0fc0021c2f64ebdac1c04d646eed821e 
Number of updated asset objects reloaded before import = 0Number of asset objects unloaded after import = 37

========================================================================
Received Import Request.
  Time since last request: 0.000026 seconds.
  path: Assets/HIVEMIND/CaveOfHiddenTomb/HDRP (Default)/Art/Assets/Scanned_Foliage/Foliage/Ivy/Meshes/Materials/MI_Ivy_A.mat
  importAddress: Guid(b41dfc9ddfe072e4e89e5c01e2103614) Importer(2089858483,b0f066a214c2f5e87bad3c948f4d605d)
Start importing Assets/HIVEMIND/CaveOfHiddenTomb/HDRP (Default)/Art/Assets/Scanned_Foliage/Foliage/Ivy/Meshes/Materials/MI_Ivy_A.mat using Guid(b41dfc9ddfe072e4e89e5c01e2103614) Importer(2089858483,b0f066a214c2f5e87bad3c948f4d605d) (ScriptedImporter) -> (Import Result ID: '5f5e3eeeab17c00959675e04943e5229') in 0.0049593 seconds [static and dynamic dependencies]. Details - ImportResultOutputID=41c721f39284c36b978b7c91a57fba86 DependenciesID=4714148726846930b654da013f43f120 StaticDependenciesID=76311d00a5dd1a44b0d6d16f935135cd 
Number of updated asset objects reloaded before import = 0Number of asset objects unloaded after import = 1

========================================================================
Received Import Request.
  Time since last request: 0.000037 seconds.
  path: Assets/HIVEMIND/CaveOfHiddenTomb/HDRP (Default)/Art/Assets/Scanned_Foliage/Foliage/EuropeanBeech/Meshes/SM_EuropeanBeech_XL_01.fbx
  importAddress: Guid(abc00000000018135902099549504814) Importer(2089858483,b0f066a214c2f5e87bad3c948f4d605d)
Start importing Assets/HIVEMIND/CaveOfHiddenTomb/HDRP (Default)/Art/Assets/Scanned_Foliage/Foliage/EuropeanBeech/Meshes/SM_EuropeanBeech_XL_01.fbx using Guid(abc00000000018135902099549504814) Importer(2089858483,b0f066a214c2f5e87bad3c948f4d605d) (ScriptedImporter)MaterialLocation.External is obsolete. External Material Location is no longer supported. (Assets/HIVEMIND/CaveOfHiddenTomb/HDRP (Default)/Art/Assets/Scanned_Foliage/Foliage/EuropeanBeech/Meshes/SM_EuropeanBeech_XL_01.fbx)
 -> (Import Result ID: 'dc208e8e640a6c7985fd8b485c82f51a') in 0.0138364 seconds [static and dynamic dependencies]. Details - ImportResultOutputID=2d8d82b5845fe6ab7ad603500bb2affc DependenciesID=0aa0229bce64615a384ecb0ace9245c6 StaticDependenciesID=40db3203407496720ab941b5d292c743 
Number of updated asset objects reloaded before import = 0Number of asset objects unloaded after import = 34

========================================================================
Received Import Request.
  Time since last request: 0.000027 seconds.
  path: Assets/HIVEMIND/CaveOfHiddenTomb/HDRP (Default)/Art/Assets/Scanned_Foliage/Foliage/EagleFern/Meshes/SM_EagleFern_S_01.fbx
  importAddress: Guid(abc00000000003257824532928157637) Importer(2089858483,b0f066a214c2f5e87bad3c948f4d605d)
Start importing Assets/HIVEMIND/CaveOfHiddenTomb/HDRP (Default)/Art/Assets/Scanned_Foliage/Foliage/EagleFern/Meshes/SM_EagleFern_S_01.fbx using Guid(abc00000000003257824532928157637) Importer(2089858483,b0f066a214c2f5e87bad3c948f4d605d) (ScriptedImporter)MaterialLocation.External is obsolete. External Material Location is no longer supported. (Assets/HIVEMIND/CaveOfHiddenTomb/HDRP (Default)/Art/Assets/Scanned_Foliage/Foliage/EagleFern/Meshes/SM_EagleFern_S_01.fbx)
 -> (Import Result ID: 'daf86dc5f63a316ee4d0fcefc24a47f3') in 0.0093217 seconds [static and dynamic dependencies]. Details - ImportResultOutputID=56e2a7e5a791c534ebc0cfe29b800bb3 DependenciesID=eaa5c3697c83b0871b9d3de2e305c474 StaticDependenciesID=663c26b630aa79e2c3610162fc563eb8 
Number of updated asset objects reloaded before import = 0Number of asset objects unloaded after import = 32

========================================================================
Received Import Request.
  Time since last request: 0.000024 seconds.
  path: Assets/HIVEMIND/CaveOfHiddenTomb/HDRP (Default)/Art/AllTextures1K/T_MI_Wall_Aztec_Edge_BC.png
  importAddress: Guid(abc00000000007757343671842020096) Importer(2089858483,b0f066a214c2f5e87bad3c948f4d605d)
Start importing Assets/HIVEMIND/CaveOfHiddenTomb/HDRP (Default)/Art/AllTextures1K/T_MI_Wall_Aztec_Edge_BC.png using Guid(abc00000000007757343671842020096) Importer(2089858483,b0f066a214c2f5e87bad3c948f4d605d) (ScriptedImporter) -> (Import Result ID: 'c188f432abe9587c7d09fbce74d9eafb') in 0.0061681 seconds [static and dynamic dependencies]. Details - ImportResultOutputID=d78c6a47ae5af412627f99826e387cce DependenciesID=57747e16dd6bf90a9bdda48451c78de9 StaticDependenciesID=82e06c5d21cbb34262a584ff8f0d775e 
Number of updated asset objects reloaded before import = 0Number of asset objects unloaded after import = 1

========================================================================
Received Import Request.
  Time since last request: 0.000024 seconds.
  path: Assets/HIVEMIND/CaveOfHiddenTomb/HDRP (Default)/Art/Prefabs/SM_Ground_B.prefab
  importAddress: Guid(abc00000000012373722089889265507) Importer(2089858483,e11c23a36db5f54750b8cd40eac0985b)
Start importing Assets/HIVEMIND/CaveOfHiddenTomb/HDRP (Default)/Art/Prefabs/SM_Ground_B.prefab using Guid(abc00000000012373722089889265507) Importer(2089858483,e11c23a36db5f54750b8cd40eac0985b) (ScriptedImporter) -> (Import Result ID: '0c342996f887497d7b3e3ba9803f4453') in 0.0199889 seconds [static and dynamic dependencies]. Details - ImportResultOutputID=d4ef7eeae58046f12092314ef9c7ed50 DependenciesID=4fd70c1e971f70a10136c64d9207282a StaticDependenciesID=b3f573a5adcd64e29b0c3b2d4c2635cd 
Number of updated asset objects reloaded before import = 0Number of asset objects unloaded after import = 33

========================================================================
Received Import Request.
  Time since last request: 0.000026 seconds.
  path: Assets/HIVEMIND/CaveOfHiddenTomb/HDRP (Default)/Art/Prefabs/SM_Stone_A.prefab
  importAddress: Guid(abc00000000009162203632334429924) Importer(2089858483,e11c23a36db5f54750b8cd40eac0985b)
Start importing Assets/HIVEMIND/CaveOfHiddenTomb/HDRP (Default)/Art/Prefabs/SM_Stone_A.prefab using Guid(abc00000000009162203632334429924) Importer(2089858483,e11c23a36db5f54750b8cd40eac0985b) (ScriptedImporter) -> (Import Result ID: 'ca9a4bb5086adc3018367e8a9ffaca58') in 0.0176981 seconds [static and dynamic dependencies]. Details - ImportResultOutputID=d38cec3090c6560211bf649c59a08580 DependenciesID=64d1b5b84813a3fdeddf899cafe47364 StaticDependenciesID=4a0746347f767a34e410e728074ea777 
Number of updated asset objects reloaded before import = 0Number of asset objects unloaded after import = 33

========================================================================
Received Import Request.
  Time since last request: 0.000031 seconds.
  path: Assets/SunboxGames/ModularDungeonCaves/Textures/DripStone_01/Stones_01_Paint_DripStone_01_AlbedoTransparency.png
  importAddress: Guid(d7a81d9cb31ab8946b6d4c44b326cbab) Importer(2089858483,b0f066a214c2f5e87bad3c948f4d605d)
Start importing Assets/SunboxGames/ModularDungeonCaves/Textures/DripStone_01/Stones_01_Paint_DripStone_01_AlbedoTransparency.png using Guid(d7a81d9cb31ab8946b6d4c44b326cbab) Importer(2089858483,b0f066a214c2f5e87bad3c948f4d605d) (ScriptedImporter) -> (Import Result ID: '610276d64a0cedd7f61383ffe9accb0c') in 0.0098207 seconds [static and dynamic dependencies]. Details - ImportResultOutputID=4763e2d96eb8a045f90e0a02f7d2519a DependenciesID=9b0408c9937cbc177df2b8ddcb8ebe6a StaticDependenciesID=3cd65bf8575b987d3e1a34d2b61343b1 
Number of updated asset objects reloaded before import = 0Number of asset objects unloaded after import = 1

========================================================================
Received Import Request.
  Time since last request: 0.000036 seconds.
  path: Assets/HIVEMIND/CaveOfHiddenTomb/HDRP (Default)/Art/AllTextures1K/T_stonepattern_f_edge_N.PNG
  importAddress: Guid(e3e087bd996dd5946831b6a68b81ccea) Importer(2089858483,b0f066a214c2f5e87bad3c948f4d605d)
Start importing Assets/HIVEMIND/CaveOfHiddenTomb/HDRP (Default)/Art/AllTextures1K/T_stonepattern_f_edge_N.PNG using Guid(e3e087bd996dd5946831b6a68b81ccea) Importer(2089858483,b0f066a214c2f5e87bad3c948f4d605d) (ScriptedImporter) -> (Import Result ID: '0b763379e48808d30e8d8c104a0099af') in 0.0068682 seconds [static and dynamic dependencies]. Details - ImportResultOutputID=7c9db3c568a4ae3bfe470dc291e188d7 DependenciesID=90377ea1124d5b9871f5b28e47b6b072 StaticDependenciesID=6700db9aa814977deb20641a24e23825 
Number of updated asset objects reloaded before import = 0Number of asset objects unloaded after import = 1

========================================================================
Received Import Request.
  Time since last request: 0.000032 seconds.
  path: Assets/HIVEMIND/CaveOfHiddenTomb/HDRP (Default)/Art/AllTextures1K/T_MI_Stone_A_ORM.png
  importAddress: Guid(abc00000000016244188988199107572) Importer(2089858483,b0f066a214c2f5e87bad3c948f4d605d)
Start importing Assets/HIVEMIND/CaveOfHiddenTomb/HDRP (Default)/Art/AllTextures1K/T_MI_Stone_A_ORM.png using Guid(abc00000000016244188988199107572) Importer(2089858483,b0f066a214c2f5e87bad3c948f4d605d) (ScriptedImporter) -> (Import Result ID: '26bbdce2d2629ba72598c975c3f54769') in 0.0092514 seconds [static and dynamic dependencies]. Details - ImportResultOutputID=c6f2cb16794463c0b99a86a4cd741136 DependenciesID=8479d3a410e55b528bd17b30cc90805a StaticDependenciesID=35810752c42a5b2c3c8a48b8cf6c41ff 
Number of updated asset objects reloaded before import = 0Number of asset objects unloaded after import = 1

========================================================================
Received Import Request.
  Time since last request: 0.000023 seconds.
  path: Assets/audio 1/tomb/Character/3/独白8（4）.wav
  importAddress: Guid(a22340324deb1524c953176c05671fef) Importer(2089858483,b0f066a214c2f5e87bad3c948f4d605d)
Start importing Assets/audio 1/tomb/Character/3/独白8（4）.wav using Guid(a22340324deb1524c953176c05671fef) Importer(2089858483,b0f066a214c2f5e87bad3c948f4d605d) (ScriptedImporter) -> (Import Result ID: 'c89859660796b5a167361c611bf5133c') in 0.0057903 seconds [static and dynamic dependencies]. Details - ImportResultOutputID=058d91c05037edf8e4e24d8a207704db DependenciesID=e6362815c01167886d145e1db7c75ffa StaticDependenciesID=a5ab26ccbf9673e4535300a0d9d4866a 
Number of updated asset objects reloaded before import = 0Number of asset objects unloaded after import = 1

========================================================================
Received Import Request.
  Time since last request: 0.000030 seconds.
  path: Assets/SunboxGames/ModularDungeonCaves/Textures/TestFloors/rocks_ground_01_diff_4k.png
  importAddress: Guid(980721b706c761a43b5fe8f08f672142) Importer(2089858483,b0f066a214c2f5e87bad3c948f4d605d)
Start importing Assets/SunboxGames/ModularDungeonCaves/Textures/TestFloors/rocks_ground_01_diff_4k.png using Guid(980721b706c761a43b5fe8f08f672142) Importer(2089858483,b0f066a214c2f5e87bad3c948f4d605d) (ScriptedImporter) -> (Import Result ID: 'e23d1031c6fa23501e36891278f1d276') in 0.0124764 seconds [static and dynamic dependencies]. Details - ImportResultOutputID=5390bc8bb4c6cc21fe792ce96f3c1811 DependenciesID=e08bd5981415aa38f390be3cd2364540 StaticDependenciesID=e26c04da493ba4fc9e6ec7edfd426605 
Number of updated asset objects reloaded before import = 0Number of asset objects unloaded after import = 1

========================================================================
Received Import Request.
  Time since last request: 0.000025 seconds.
  path: Assets/SunboxGames/ModularDungeonCaves/Textures/LogStairs_01/LogStairs_01_paint_LogStairs_01_AlbedoTransparency.png
  importAddress: Guid(ed36e8b7df0a1a94fa13ebf693facea5) Importer(2089858483,b0f066a214c2f5e87bad3c948f4d605d)
Start importing Assets/SunboxGames/ModularDungeonCaves/Textures/LogStairs_01/LogStairs_01_paint_LogStairs_01_AlbedoTransparency.png using Guid(ed36e8b7df0a1a94fa13ebf693facea5) Importer(2089858483,b0f066a214c2f5e87bad3c948f4d605d) (ScriptedImporter) -> (Import Result ID: 'f0559cab0fd5fbafc29fd3ca0375e9b4') in 0.010419 seconds [static and dynamic dependencies]. Details - ImportResultOutputID=b057a1c7ea588c75ef17d6850943b327 DependenciesID=68981c3c6aecbb119ad2e21376455c64 StaticDependenciesID=30095506a57405cb37f2aeeca411c279 
Number of updated asset objects reloaded before import = 0Number of asset objects unloaded after import = 1

========================================================================
Received Import Request.
  Time since last request: 0.000032 seconds.
  path: Assets/TripoModels/chinese_scholar_statue_3d_model/chinese_scholar_statue_3d_model.fbm/chinese_scholar_statue_3d_model_metallic_Smoothness.png
  importAddress: Guid(c9bc609cde1b92b4fadb1b75df2d228b) Importer(2089858483,b0f066a214c2f5e87bad3c948f4d605d)
Start importing Assets/TripoModels/chinese_scholar_statue_3d_model/chinese_scholar_statue_3d_model.fbm/chinese_scholar_statue_3d_model_metallic_Smoothness.png using Guid(c9bc609cde1b92b4fadb1b75df2d228b) Importer(2089858483,b0f066a214c2f5e87bad3c948f4d605d) (ScriptedImporter) -> (Import Result ID: 'ba6a192bd1a3366ed8d9cc05e1c87fbc') in 0.0083357 seconds [static and dynamic dependencies]. Details - ImportResultOutputID=c8ab1f0413cbfaef2d1b029087636e86 DependenciesID=f40cf368b47ff221dc210a9077b62da7 StaticDependenciesID=9a2a0f95ab2ac961ec641bb6be3969c7 
Number of updated asset objects reloaded before import = 0Number of asset objects unloaded after import = 1

========================================================================
Received Import Request.
  Time since last request: 0.000037 seconds.
  path: Assets/Samples/XR Interaction Toolkit/3.2.1/Starter Assets/DemoSceneAssets/Prefabs/Teleport/Teleport Anchor.prefab
  importAddress: Guid(fad94b617f0540568dbf4c9c4011248c) Importer(2089858483,e11c23a36db5f54750b8cd40eac0985b)
Start importing Assets/Samples/XR Interaction Toolkit/3.2.1/Starter Assets/DemoSceneAssets/Prefabs/Teleport/Teleport Anchor.prefab using Guid(fad94b617f0540568dbf4c9c4011248c) Importer(2089858483,e11c23a36db5f54750b8cd40eac0985b) (ScriptedImporter) -> (Import Result ID: '7aba64c7aed74fd3c893f872f51e4e23') in 0.0098181 seconds [static and dynamic dependencies]. Details - ImportResultOutputID=98310f7eff01e6c87a7be87a8b20aba7 DependenciesID=0783a457e78d788ab5197537aab8c333 StaticDependenciesID=d503dbd2e4afe37cde1b23861d27464a 
Number of updated asset objects reloaded before import = 0Number of asset objects unloaded after import = 14

========================================================================
Received Import Request.
  Time since last request: 0.000022 seconds.
  path: Assets/HIVEMIND/CaveOfHiddenTomb/HDRP (Default)/Art/AllTextures1K/T_MI_Stalacite_BC02.png
  importAddress: Guid(abc00000000011299168593971723992) Importer(2089858483,b0f066a214c2f5e87bad3c948f4d605d)
Start importing Assets/HIVEMIND/CaveOfHiddenTomb/HDRP (Default)/Art/AllTextures1K/T_MI_Stalacite_BC02.png using Guid(abc00000000011299168593971723992) Importer(2089858483,b0f066a214c2f5e87bad3c948f4d605d) (ScriptedImporter) -> (Import Result ID: '867478db649cebcd4bb13666cd0f3c9f') in 0.0071292 seconds [static and dynamic dependencies]. Details - ImportResultOutputID=deb8062d0d1d4d659ac0104b4546e74b DependenciesID=419873c1aa8fd781241b7d349f549252 StaticDependenciesID=658041860a436a05e6ce9a540851fb70 
Number of updated asset objects reloaded before import = 0Number of asset objects unloaded after import = 1

========================================================================
Received Import Request.
  Time since last request: 0.000023 seconds.
  path: Assets/SunboxGames/ModularDungeonCaves/Prefabs/Roots/RootSmall_04.prefab
  importAddress: Guid(cfa06a69de05ae0448ae3685b76aa189) Importer(2089858483,e11c23a36db5f54750b8cd40eac0985b)
Start importing Assets/SunboxGames/ModularDungeonCaves/Prefabs/Roots/RootSmall_04.prefab using Guid(cfa06a69de05ae0448ae3685b76aa189) Importer(2089858483,e11c23a36db5f54750b8cd40eac0985b) (ScriptedImporter) -> (Import Result ID: 'a87ef61f6acf033c20e403a5ad4f8465') in 0.0068317 seconds [static and dynamic dependencies]. Details - ImportResultOutputID=8f182ec9386cc78a37c0a763fbe5f775 DependenciesID=fc146c757b59eb0d8ca52407080b6669 StaticDependenciesID=c2f32a683b4ec94d4acb283492896b3a 
Number of updated asset objects reloaded before import = 0Number of asset objects unloaded after import = 8

========================================================================
Received Import Request.
  Time since last request: 0.000026 seconds.
  path: Assets/HIVEMIND/CaveOfHiddenTomb/HDRP (Default)/Art/Prefabs/SM_StonePattern_A.prefab
  importAddress: Guid(abc00000000018136966501971557078) Importer(2089858483,e11c23a36db5f54750b8cd40eac0985b)
Start importing Assets/HIVEMIND/CaveOfHiddenTomb/HDRP (Default)/Art/Prefabs/SM_StonePattern_A.prefab using Guid(abc00000000018136966501971557078) Importer(2089858483,e11c23a36db5f54750b8cd40eac0985b) (ScriptedImporter) -> (Import Result ID: 'aee6d4c363944b939d1a0a1625bc8180') in 0.0201651 seconds [static and dynamic dependencies]. Details - ImportResultOutputID=f6bc00391aabd69401fb053c87c7daa1 DependenciesID=8dee9b3725bdfd987a9257cc26ca7bff StaticDependenciesID=83c09b9e29932b46955bd0b365ccff9b 
Number of updated asset objects reloaded before import = 0Number of asset objects unloaded after import = 33

Editor requested this worker to shutdown with reason: Scaling down because of idle timeout
AssetImportWorker is now disconnected from the server
Process exiting
Exiting without the bug reporter. Application will terminate with return code 0