[Licensing::Module] Trying to connect to existing licensing client channel...
Built from '6000.4/staging' branch; Version is '6000.4.6f1 (0b051c2e5d54) revision 722204'; Using compiler version '194234433'; Build Type 'Release'
[Licensing::IpcConnector] Successfully connected to: "LicenseClient-15490" at "2026-08-12T23:04:22.8309217Z"
OS: 'Windows 11  (10.0.26200) CoreCountrySpecific' Language: 'zh' Physical Memory: 32212 MB
BatchMode: 1, IsHumanControllingUs: 0, StartBugReporterOnCrash: 0, Is64bit: 1
System  architecture: x64
Process architecture: x64
Date: 2026-08-12T23:04:22Z

COMMAND LINE ARGUMENTS:
D:\unity\Editor\Unity.exe
-adb2
-batchMode
-noUpm
-name
AssetImportWorker1
-projectPath
D:/Yin
-logFile
Logs/AssetImportWorker1.log
-srvPort
9633
-licensingIpc
LicenseClient-15490
-force-d3d12
-job-worker-count
11
-background-job-worker-count
8
-gc-helper-count
1
-name
AssetImport
Successfully changed project path to: D:/Yin
D:/Yin
[UnityMemory] Configuration Parameters - Can be set up in boot.config
    "memorysetup-temp-allocator-size-gi-baking-worker=262144"
    "memorysetup-temp-allocator-size-gi-baking-worker=262144"
    "memorysetup-temp-allocator-size-gi-baking-worker=262144"
    "memorysetup-temp-allocator-size-gi-baking-worker=262144"
    "memorysetup-temp-allocator-size-gi-baking-worker=262144"
    "memorysetup-temp-allocator-size-nav-mesh-worker=65536"
    "memorysetup-temp-allocator-size-audio-worker=65536"
    "memorysetup-temp-allocator-size-cloud-worker=32768"
    "memorysetup-temp-allocator-size-gfx=262144"
    "memorysetup-temp-allocator-size-preload-manager=33554432"
    "memorysetup-temp-allocator-size-job-worker=262144"
    "memorysetup-temp-allocator-size-background-worker=32768"
    "memorysetup-allocator-temp-initial-block-size-main=262144"
    "memorysetup-allocator-temp-initial-block-size-worker=262144"
    "memorysetup-bucket-allocator-granularity=16"
    "memorysetup-bucket-allocator-bucket-count=8"
    "memorysetup-bucket-allocator-block-size=33554432"
    "memorysetup-bucket-allocator-block-count=8"
    "memorysetup-main-allocator-block-size=16777216"
    "memorysetup-thread-allocator-block-size=16777216"
    "memorysetup-gfx-main-allocator-block-size=16777216"
    "memorysetup-gfx-thread-allocator-block-size=16777216"
    "memorysetup-cache-allocator-block-size=4194304"
    "memorysetup-typetree-allocator-block-size=2097152"
    "memorysetup-profiler-bucket-allocator-granularity=16"
    "memorysetup-profiler-bucket-allocator-bucket-count=8"
    "memorysetup-profiler-bucket-allocator-block-size=33554432"
    "memorysetup-profiler-bucket-allocator-block-count=8"
    "memorysetup-profiler-allocator-block-size=16777216"
    "memorysetup-profiler-editor-allocator-block-size=1048576"
    "memorysetup-temp-allocator-size-main=16777216"
    "memorysetup-job-temp-allocator-block-size=2097152"
    "memorysetup-job-temp-allocator-block-size-background=1048576"
    "memorysetup-job-temp-allocator-reduction-small-platforms=262144"
Player connection [11680]  Target information:

Player connection [11680]  * "[IP] 192.168.1.139 [Port] 0 [Flags] 2 [Guid] 3779054194 [EditorId] 3779054194 [Version] 1048832 [Id] WindowsEditor(7,9daY) [Debug] 1 [PackageName] WindowsEditor [ProjectName] Editor" 

Player connection [11680] Host joined multi-casting on [225.0.0.222:54997]...
Player connection [11680] Host joined alternative multi-casting on [225.0.0.222:34997]...
JobSystem: Creating JobQueue using job-worker-count value 11
Input System module state changed to: Initialized.
[Physics::Module] Initialized fallback backend.
[Physics::Module] Id: 0xdecafbad
Library Redirect Path: Library/
[Physics::Module] Selected backend.
[Physics::Module] Name: PhysX
[Physics::Module] Id: 0xf2b8ea05
[Physics::Module] SDK Version: 4.1.2
[Physics::Module] Integration Version: 1.0.0
[Physics::Module] Threading Mode: Multi-Threaded
Refreshing native plugins compatible for Editor in 58.24 ms, found 10 plugins.
Initialize engine version: 6000.4.6f1 (0b051c2e5d54)
[Subsystems] Discovering subsystems at path D:/unity/Editor/Data/Resources/UnitySubsystems
[Subsystems] Discovering subsystems at path D:/Yin/Assets
Forcing GfxDevice: Direct3D 12
GfxDevice: creating device client; kGfxThreadingModeNonThreaded
d3d12: failed to query info queue interface (0x80004002).
Direct3D:
    Version:         Direct3D 12 [level 12.2]
    Renderer:        NVIDIA GeForce RTX 5070 Laptop GPU (ID=0x2d58)
    Vendor:          NVIDIA
    VRAM:            7891 MB
    App VRAM Budget: 7123 MB
    Driver:          32.0.15.9608
Initialize mono
Mono path[0] = 'D:/unity/Editor/Data/Managed'
Mono path[1] = 'D:/unity/Editor/Data/MonoBleedingEdge/lib/mono/unityjit-win32'
Mono config path = 'D:/unity/Editor/Data/MonoBleedingEdge/etc'
Using monoOptions --debugger-agent=transport=dt_socket,embedding=1,server=y,suspend=n,address=127.0.0.1:56260
CodeReloadManager initialized
Begin MonoManager ReloadAssembly
Registering precompiled unity dll's ...
Register platform support module: D:/unity/Editor/Data/PlaybackEngines/WindowsStandaloneSupport/UnityEditor.WindowsStandalone.Extensions.dll
Registered in 0.002642 seconds.
Native extension for WindowsStandalone target not found
[Licensing::Client] Error: HandshakeResponse reported an error:
	ResponseCode: 505
	ResponseStatus: Unsupported protocol version '1.18.1'.
[Licensing::Module] Error: Failed to handshake to channel: "LicenseClient-15490"
[Licensing::IpcConnector] LicenseClient-15490 channel disconnected successfully.
[Licensing::IpcConnector] Successfully connected to: "LicenseClient-15490-6000.4.6" at "2026-08-12T23:04:24.9925907Z"
[Licensing::Client] Code 10 while verifying Licensing Client signature (process Id: 35024, path: "D:/unity/Editor/Data/Resources/Licensing/Client/Unity.Licensing.Client.exe")
[Licensing::Module] LicensingClient has failed validation; ignoring
[Licensing::Client] Handshaking with LicensingClient:
  Version:                 1.18.1+9fbee8e
  Session Id:              e4247d6d48fc49d1b61bd496ffc92fa3
  Correlation Id:          cfff11d5d07d6708b66774ab2c5d5809
  External correlation Id: 4010423765326640919
  Machine Id:              DJWBFtPZt+einrVuex0hynKXsRc=
[Licensing::Module] Successfully connected to LicensingClient on channel: "LicenseClient-15490-6000.4.6" (connect: 0.01s, validation: 0.00s, handshake: 0.01s)
Package Manager log level set to [2]
[Package Manager] Failed to launch server process. Reason: Unity was launched with the -noUpm command-line argument
[Package Manager] Unable to send message (not connected to server process).
[Package Manager] Cannot connect to Unity Package Manager local server
[Licensing::IpcConnector] Successfully connected to: "LicenseClient-15490-6000.4.6-notifications" at "2026-08-12T23:04:25.0085645Z"
[Licensing::Module] Licensing Background thread has ended after 2.18s
ScheduleIndexationOnStartup MainProcess:False IndexOnStartup:True
Mono: successfully reloaded assembly
- Finished resetting the current domain, in  0.386 seconds
Domain Reload Profiling: 937ms
	BeginReloadAssembly (157ms)
	RebuildCommonClasses (39ms)
	RebuildNativeTypeToScriptingClass (14ms)
	initialDomainReloadingComplete (68ms)
	LoadAllAssembliesAndSetupDomain (272ms)
		LoadAssemblies (156ms)
		AnalyzeDomain (262ms)
			TypeCache.Refresh (260ms)
				TypeCache.ScanAssembly (247ms)
	FinalizeReload (387ms)
		SetupLoadedEditorAssemblies (0ms)
			InitializePlatformSupportModulesInManaged (42ms)
			BeforeProcessingInitializeOnLoad (70ms)
			ProcessInitializeOnLoadAttributes (120ms)
			ProcessInitializeOnLoadMethodAttributes (81ms)
========================================================================
Worker process is ready to serve import requests
Import Worker Mode flag is 0x00
Begin MonoManager ReloadAssembly
[Licensing::Client] Successfully resolved entitlement details
[Licensing::Module] License group:
  Id: 5773964460127-UnityPersXXXX
  Product: Unity Personal
  Type: Assigned
  Expiration: Unlimited
Assembly Assembly-CSharp-Editor-firstpass.dll at Library/ScriptAssemblies/Assembly-CSharp-Editor-firstpass.dll not valid. Loading of assembly skipped.
Assembly Assembly-CSharp-firstpass.dll at Library/ScriptAssemblies/Assembly-CSharp-firstpass.dll not valid. Loading of assembly skipped.
Assembly DocCodeExamples.dll at Library/ScriptAssemblies/DocCodeExamples.dll not valid. Loading of assembly skipped.
Assembly TestNewCustomAssembly.dll at Library/ScriptAssemblies/TestNewCustomAssembly.dll not valid. Loading of assembly skipped.
Assembly Unity.Collections.BurstCompatibilityGen.dll at Library/ScriptAssemblies/Unity.Collections.BurstCompatibilityGen.dll not valid. Loading of assembly skipped.
Assembly Unity.Collections.DocCodeSamples.dll at Library/ScriptAssemblies/Unity.Collections.DocCodeSamples.dll not valid. Loading of assembly skipped.
Assembly Unity.Collections.PerformanceTests.dll at Library/ScriptAssemblies/Unity.Collections.PerformanceTests.dll not valid. Loading of assembly skipped.
Assembly Unity.Collections.Tests.dll at Library/ScriptAssemblies/Unity.Collections.Tests.dll not valid. Loading of assembly skipped.
Assembly Unity.Collections.Tests.Playmode.dll at Library/ScriptAssemblies/Unity.Collections.Tests.Playmode.dll not valid. Loading of assembly skipped.
Assembly Unity.InputSystem.IntegrationTests.dll at Library/ScriptAssemblies/Unity.InputSystem.IntegrationTests.dll not valid. Loading of assembly skipped.
Assembly Unity.Mathematics.Tests.dll at Library/ScriptAssemblies/Unity.Mathematics.Tests.dll not valid. Loading of assembly skipped.
Assembly Unity.Multiplayer.Center.Editor.Tests.dll at Library/ScriptAssemblies/Unity.Multiplayer.Center.Editor.Tests.dll not valid. Loading of assembly skipped.
Assembly Unity.Multiplayer.Center.Tests.dll at Library/ScriptAssemblies/Unity.Multiplayer.Center.Tests.dll not valid. Loading of assembly skipped.
Assembly Unity.Nuget.Mono-Cecil.dll at Library/ScriptAssemblies/Unity.Nuget.Mono-Cecil.dll not valid. Loading of assembly skipped.
Assembly Unity.PathTracing.Editor.Tests.dll at Library/ScriptAssemblies/Unity.PathTracing.Editor.Tests.dll not valid. Loading of assembly skipped.
Assembly Unity.PathTracing.Runtime.Tests.dll at Library/ScriptAssemblies/Unity.PathTracing.Runtime.Tests.dll not valid. Loading of assembly skipped.
Assembly Unity.RenderPipelines.Core.Editor.Tests.dll at Library/ScriptAssemblies/Unity.RenderPipelines.Core.Editor.Tests.dll not valid. Loading of assembly skipped.
Assembly Unity.RenderPipelines.Core.Runtime.Tests.dll at Library/ScriptAssemblies/Unity.RenderPipelines.Core.Runtime.Tests.dll not valid. Loading of assembly skipped.
Assembly Unity.RenderPipelines.Universal.Config.Editor.Tests.dll at Library/ScriptAssemblies/Unity.RenderPipelines.Universal.Config.Editor.Tests.dll not valid. Loading of assembly skipped.
Assembly Unity.RenderPipelines.Universal.Editor.Tests.dll at Library/ScriptAssemblies/Unity.RenderPipelines.Universal.Editor.Tests.dll not valid. Loading of assembly skipped.
Assembly Unity.RenderPipelines.Universal.Runtime.Tests.dll at Library/ScriptAssemblies/Unity.RenderPipelines.Universal.Runtime.Tests.dll not valid. Loading of assembly skipped.
Assembly Unity.Searcher.EditorTests.dll at Library/ScriptAssemblies/Unity.Searcher.EditorTests.dll not valid. Loading of assembly skipped.
Assembly Unity.ShaderGraph.Editor.Tests.dll at Library/ScriptAssemblies/Unity.ShaderGraph.Editor.Tests.dll not valid. Loading of assembly skipped.
Assembly Unity.TextMeshPro.Editor.Tests.dll at Library/ScriptAssemblies/Unity.TextMeshPro.Editor.Tests.dll not valid. Loading of assembly skipped.
Assembly Unity.TextMeshPro.Tests.dll at Library/ScriptAssemblies/Unity.TextMeshPro.Tests.dll not valid. Loading of assembly skipped.
Assembly Unity.UnifiedRayTracing.Editor.Tests.dll at Library/ScriptAssemblies/Unity.UnifiedRayTracing.Editor.Tests.dll not valid. Loading of assembly skipped.
Assembly Unity.XR.CoreUtils.CodeSamples.Tests.dll at Library/ScriptAssemblies/Unity.XR.CoreUtils.CodeSamples.Tests.dll not valid. Loading of assembly skipped.
Assembly Unity.XR.CoreUtils.Editor.Tests.dll at Library/ScriptAssemblies/Unity.XR.CoreUtils.Editor.Tests.dll not valid. Loading of assembly skipped.
Assembly Unity.XR.CoreUtils.Tests.dll at Library/ScriptAssemblies/Unity.XR.CoreUtils.Tests.dll not valid. Loading of assembly skipped.
Assembly Unity.XR.Interaction.Toolkit.Editor.Tests.dll at Library/ScriptAssemblies/Unity.XR.Interaction.Toolkit.Editor.Tests.dll not valid. Loading of assembly skipped.
Assembly Unity.XR.Interaction.Toolkit.Tests.dll at Library/ScriptAssemblies/Unity.XR.Interaction.Toolkit.Tests.dll not valid. Loading of assembly skipped.
Assembly Unity.XR.Management.EditorTests.dll at Library/ScriptAssemblies/Unity.XR.Management.EditorTests.dll not valid. Loading of assembly skipped.
Assembly Unity.XR.Management.TestPackage.dll at Library/ScriptAssemblies/Unity.XR.Management.TestPackage.dll not valid. Loading of assembly skipped.
Assembly Unity.XR.Management.TestPackage.Editor.dll at Library/ScriptAssemblies/Unity.XR.Management.TestPackage.Editor.dll not valid. Loading of assembly skipped.
Assembly Unity.XR.Management.Tests.dll at Library/ScriptAssemblies/Unity.XR.Management.Tests.dll not valid. Loading of assembly skipped.
Assembly Unity.XR.Management.Tests.Standalone.dll at Library/ScriptAssemblies/Unity.XR.Management.Tests.Standalone.dll not valid. Loading of assembly skipped.
Assembly Unity.XR.OpenXR.Editor.Tests.dll at Library/ScriptAssemblies/Unity.XR.OpenXR.Editor.Tests.dll not valid. Loading of assembly skipped.
Assembly Unity.XR.OpenXR.Tests.dll at Library/ScriptAssemblies/Unity.XR.OpenXR.Tests.dll not valid. Loading of assembly skipped.
Assembly Unity.XR.OpenXR.Ubuntu.Tests.dll at Library/ScriptAssemblies/Unity.XR.OpenXR.Ubuntu.Tests.dll not valid. Loading of assembly skipped.
Assembly Unity.XR.TestSupport.dll at Library/ScriptAssemblies/Unity.XR.TestSupport.dll not valid. Loading of assembly skipped.
Assembly UnityEditor.UI.Common.Tests.dll at Library/ScriptAssemblies/UnityEditor.UI.Common.Tests.dll not valid. Loading of assembly skipped.
Assembly UnityEditor.UI.EditorTests.dll at Library/ScriptAssemblies/UnityEditor.UI.EditorTests.dll not valid. Loading of assembly skipped.
Assembly UnityEditor.XR.LegacyInputHelpers.Tests.dll at Library/ScriptAssemblies/UnityEditor.XR.LegacyInputHelpers.Tests.dll not valid. Loading of assembly skipped.
Assembly UnityEngine.SpatialTracking.Tests.dll at Library/ScriptAssemblies/UnityEngine.SpatialTracking.Tests.dll not valid. Loading of assembly skipped.
Assembly UnityEngine.UI.Tests.dll at Library/ScriptAssemblies/UnityEngine.UI.Tests.dll not valid. Loading of assembly skipped.
Assembly UnityEngine.XR.OpenXR.CodeSamples.Editor.Tests.dll at Library/ScriptAssemblies/UnityEngine.XR.OpenXR.CodeSamples.Editor.Tests.dll not valid. Loading of assembly skipped.
Refreshing native plugins compatible for Editor in 6.84 ms, found 10 plugins.
Native extension for WindowsStandalone target not found
[Package Manager] Failed to launch server process. Reason: Unity was launched with the -noUpm command-line argument
[Package Manager] Unable to send message (not connected to server process).
[Package Manager] Cannot connect to Unity Package Manager local server
Refreshing native plugins compatible for Editor in 5.08 ms, found 10 plugins.
[Package Manager] Failed to launch server process. Reason: Unity was launched with the -noUpm command-line argument
[Package Manager] Unable to send message (not connected to server process).
[Package Manager] Cannot connect to Unity Package Manager local server
ScheduleIndexationOnStartup MainProcess:False IndexOnStartup:True
Mono: successfully reloaded assembly
[Package Manager] Failed to launch server process. Reason: Unity was launched with the -noUpm command-line argument
[Package Manager] Unable to send message (not connected to server process).
[Package Manager] Cannot connect to Unity Package Manager local server
[Package Manager] Failed to launch server process. Reason: Unity was launched with the -noUpm command-line argument
[Package Manager] Unable to send message (not connected to server process).
[Package Manager] Cannot connect to Unity Package Manager local server
- Finished resetting the current domain, in  0.842 seconds
Domain Reload Profiling: 1712ms
	BeginReloadAssembly (179ms)
		DisableScriptedObjects (4ms)
		CreateAndSetChildDomain (38ms)
	RebuildCommonClasses (29ms)
	RebuildNativeTypeToScriptingClass (9ms)
	initialDomainReloadingComplete (106ms)
	LoadAllAssembliesAndSetupDomain (548ms)
		LoadAssemblies (405ms)
		AnalyzeDomain (242ms)
			TypeCache.Refresh (178ms)
				TypeCache.ScanAssembly (156ms)
			BuildScriptInfoCaches (51ms)
			ResolveRequiredComponents (10ms)
	FinalizeReload (842ms)
		SetupLoadedEditorAssemblies (0ms)
			BeforeProcessingInitializeOnLoad (124ms)
			ProcessInitializeOnLoadAttributes (406ms)
			ProcessInitializeOnLoadMethodAttributes (104ms)
		AwakeInstancesAfterBackupRestoration (6ms)
Launched and connected shader compiler UnityShaderCompiler.exe after 0.02 seconds
Refreshing native plugins compatible for Editor in 6.80 ms, found 10 plugins.
Unloading 24 Unused Serialized files (Serialized files now loaded: 0)
Unloading 7707 unused Assets / (6.2 MB). Loaded Objects now: 8549.
Memory consumption went from 188.0 MB to 181.8 MB.
Total: 10.764900 ms (FindLiveObjects: 1.276300 ms CreateObjectMapping: 1.013500 ms MarkObjects: 4.820000 ms  DeleteObjects: 3.651500 ms)

========================================================================
Received Import Request.
  Time since last request: 189159.113394 seconds.
  path: Assets/materials/Sand_3.mat
  importAddress: Guid(99fce07f2ada2be4a83389c8cf91fd00) Importer(2089858483,b0f066a214c2f5e87bad3c948f4d605d)
Start importing Assets/materials/Sand_3.mat using Guid(99fce07f2ada2be4a83389c8cf91fd00) Importer(2089858483,b0f066a214c2f5e87bad3c948f4d605d) (ScriptedImporter) -> (Import Result ID: 'dedc5c024d5934479159dc48b05da596') in 0.0967792 seconds [static and dynamic dependencies]. Details - ImportResultOutputID=0736bdd0d20369e9e0f2059e15e37690 DependenciesID=3e848161086a72f997d789c5ab7b2342 StaticDependenciesID=198a13949fca1c37705912d343855018 
Number of updated asset objects reloaded before import = 0Number of asset objects unloaded after import = 5

========================================================================
Received Import Request.
  Time since last request: 0.000030 seconds.
  path: Assets/gallery/7d8f1ca6b5d13142bbf3bedba9193c3a.png
  importAddress: Guid(6ff75cf0f54847d45bd5b473b9956f88) Importer(2089858483,b0f066a214c2f5e87bad3c948f4d605d)
Start importing Assets/gallery/7d8f1ca6b5d13142bbf3bedba9193c3a.png using Guid(6ff75cf0f54847d45bd5b473b9956f88) Importer(2089858483,b0f066a214c2f5e87bad3c948f4d605d) (ScriptedImporter) -> (Import Result ID: '6291e332834508fdd9131a9326c8edf4') in 0.0488119 seconds [static and dynamic dependencies]. Details - ImportResultOutputID=e65a519f99898d0aac258d350015d6c7 DependenciesID=5ee1d3f63be38c4e8e9e3d7d2ba24805 StaticDependenciesID=bdab63e121d2f71ebd1b676c61eec080 
Number of updated asset objects reloaded before import = 0Number of asset objects unloaded after import = 3

========================================================================
Received Import Request.
  Time since last request: 0.000027 seconds.
  path: Assets/Resources/rock_moss_set_02_4k.fbx
  importAddress: Guid(d583627e5e61baf4480ba74b2a8647b1) Importer(2089858483,b0f066a214c2f5e87bad3c948f4d605d)
Start importing Assets/Resources/rock_moss_set_02_4k.fbx using Guid(d583627e5e61baf4480ba74b2a8647b1) Importer(2089858483,b0f066a214c2f5e87bad3c948f4d605d) (ScriptedImporter) -> (Import Result ID: 'bb01787501bbfd855ea718f8571616c4') in 0.0410361 seconds [static and dynamic dependencies]. Details - ImportResultOutputID=84fd939bccc8173107829abe7912da8e DependenciesID=93e2f9cb8e2440937ef0b2edf251f80a StaticDependenciesID=9e7a9d6f9b37414dcc0225e5e9ce9d73 
Number of updated asset objects reloaded before import = 0Number of asset objects unloaded after import = 42

========================================================================
Received Import Request.
  Time since last request: 0.000047 seconds.
  path: Assets/Resources/WU1.fbx
  importAddress: Guid(687abaf74cf007a4eb0e94440919fb37) Importer(2089858483,b0f066a214c2f5e87bad3c948f4d605d)
Start importing Assets/Resources/WU1.fbx using Guid(687abaf74cf007a4eb0e94440919fb37) Importer(2089858483,b0f066a214c2f5e87bad3c948f4d605d) (ScriptedImporter) -> (Import Result ID: '37babafdbd6d135e9ef93bb26acb8d86') in 0.111611 seconds [static and dynamic dependencies]. Details - ImportResultOutputID=7e1904116f41c5b2901a0c9d7f1654b4 DependenciesID=82b28c0320e67c9e42fa73d4015215c0 StaticDependenciesID=fd2cf3ae7028dbaea7c31af2f556bf85 
Number of updated asset objects reloaded before import = 0Number of asset objects unloaded after import = 387

========================================================================
Received Import Request.
  Time since last request: 0.000040 seconds.
  path: Assets/animations/c9ee55e0113451cb7aad144264ca7771.png
  importAddress: Guid(75a39fa32f86e594b8479b03e8bb6ab1) Importer(2089858483,b0f066a214c2f5e87bad3c948f4d605d)
Start importing Assets/animations/c9ee55e0113451cb7aad144264ca7771.png using Guid(75a39fa32f86e594b8479b03e8bb6ab1) Importer(2089858483,b0f066a214c2f5e87bad3c948f4d605d) (ScriptedImporter) -> (Import Result ID: '890b146a0907c2a5d58d0951eb3db43d') in 0.0087624 seconds [static and dynamic dependencies]. Details - ImportResultOutputID=f188bb790012dbce9e7f16e1c5c5fd44 DependenciesID=897ba339f210aeedce33c028ac243e6f StaticDependenciesID=bbb37804c9fa50b23a1c720d41950c82 
Number of updated asset objects reloaded before import = 0Number of asset objects unloaded after import = 1

========================================================================
Received Import Request.
  Time since last request: 0.000021 seconds.
  path: Assets/audio/空.wav
  importAddress: Guid(d7cd614b325f13347b14186b0d3e82ec) Importer(2089858483,b0f066a214c2f5e87bad3c948f4d605d)
Start importing Assets/audio/空.wav using Guid(d7cd614b325f13347b14186b0d3e82ec) Importer(2089858483,b0f066a214c2f5e87bad3c948f4d605d) (ScriptedImporter) -> (Import Result ID: '4654e730e0918b01f96d5253959540ba') in 0.0069066 seconds [static and dynamic dependencies]. Details - ImportResultOutputID=d1220ce17892160cb0ffa4835c142988 DependenciesID=7024d9c4c94fe30f3abbfd4ddd7e703f StaticDependenciesID=eb3633c312c23937eb046fd9693794d6 
Number of updated asset objects reloaded before import = 0Number of asset objects unloaded after import = 1

========================================================================
Received Import Request.
  Time since last request: 0.000023 seconds.
  path: Assets/Resources/宗庙结构.fbx
  importAddress: Guid(a8955d243590da842a27646fbe7f9623) Importer(2089858483,b0f066a214c2f5e87bad3c948f4d605d)
Start importing Assets/Resources/宗庙结构.fbx using Guid(a8955d243590da842a27646fbe7f9623) Importer(2089858483,b0f066a214c2f5e87bad3c948f4d605d) (ScriptedImporter) -> (Import Result ID: '947f3c5c2e086eaac902480f28f8a840') in 0.0801294 seconds [static and dynamic dependencies]. Details - ImportResultOutputID=6985c55fec56c3bc3c77e71d50b565ce DependenciesID=92fc691c6ff029d6e1163b003c5e4026 StaticDependenciesID=bf547933f096261fe6de1b6ca80c17cf 
Number of updated asset objects reloaded before import = 0Number of asset objects unloaded after import = 599

========================================================================
Received Import Request.
  Time since last request: 0.000035 seconds.
  path: Assets/Scenes/WU2.unity
  importAddress: Guid(cf0efa7c73c2c42429a82a34e7e5e346) Importer(2089858483,e11c23a36db5f54750b8cd40eac0985b)
Start importing Assets/Scenes/WU2.unity using Guid(cf0efa7c73c2c42429a82a34e7e5e346) Importer(2089858483,e11c23a36db5f54750b8cd40eac0985b) (ScriptedImporter)Opening scene 'Assets/Scenes/WU2.unity additively'
Loaded scene 'Assets/Scenes/WU2.unity'
	Deserialize:            31.649 ms
	Integration:            997.275 ms
	Integration of assets:  2.341 ms
	Thread Wait Time:       -1.987 ms
	Total Operation Time:   1029.278 ms
MaterialLocation.External is obsolete. External Material Location is no longer supported. (Assets/animations/妇好骨骼模型.fbx)
 -> (Import Result ID: 'ace61dcdc135cae19e73cd90c8c667cd') in 4.3885457 seconds [static and dynamic dependencies]. Details - ImportResultOutputID=00e16f26dd673808b5fb29daf1e697bd DependenciesID=56f8fc111da0616104b07072e764712d StaticDependenciesID=f52f2d629fe96b167a089d6ae3e9a912 
Number of updated asset objects reloaded before import = 0Number of asset objects unloaded after import = 23463

========================================================================
Received Import Request.
  Time since last request: 0.000034 seconds.
  path: Assets/materials/Oracle Bones/Mat3d66_15132010_12_39459.mat
  importAddress: Guid(66e3d3c3f872d66489b3ceddf2e3a6f2) Importer(2089858483,b0f066a214c2f5e87bad3c948f4d605d)
Start importing Assets/materials/Oracle Bones/Mat3d66_15132010_12_39459.mat using Guid(66e3d3c3f872d66489b3ceddf2e3a6f2) Importer(2089858483,b0f066a214c2f5e87bad3c948f4d605d) (ScriptedImporter) -> (Import Result ID: 'c28f916265d10cdc22159f96ac125f95') in 0.0305634 seconds [static and dynamic dependencies]. Details - ImportResultOutputID=d58d521a35d15cda75b3fd5897296fa9 DependenciesID=3f850d71e1eb20ed2de00e82f7b478f8 StaticDependenciesID=2c9937942e22ce0150ed31e6dd914d0c 
Number of updated asset objects reloaded before import = 0Number of asset objects unloaded after import = 2

========================================================================
Received Import Request.
  Time since last request: 0.000034 seconds.
  path: Assets/materials/Meshy_AI_Ancient_Bronze_Plaque_0731180540_texture_fbx/Meshy_AI_Ancient_Bronze_Plaque_0731180540_texture_metallic.png
  importAddress: Guid(b0d1066329bf437488c78a2d302b27f8) Importer(2089858483,b0f066a214c2f5e87bad3c948f4d605d)
Start importing Assets/materials/Meshy_AI_Ancient_Bronze_Plaque_0731180540_texture_fbx/Meshy_AI_Ancient_Bronze_Plaque_0731180540_texture_metallic.png using Guid(b0d1066329bf437488c78a2d302b27f8) Importer(2089858483,b0f066a214c2f5e87bad3c948f4d605d) (ScriptedImporter) -> (Import Result ID: 'ba83da0a403b7bee7a9b2dc71a452809') in 0.0082777 seconds [static and dynamic dependencies]. Details - ImportResultOutputID=796df376b25e1f4974e7137a316092ac DependenciesID=1d4735e3e70cb59d6c7b08510a26c72b StaticDependenciesID=98b2f7948e2ad5a27b7970de90089bd5 
Number of updated asset objects reloaded before import = 0Number of asset objects unloaded after import = 1

========================================================================
Received Import Request.
  Time since last request: 0.000018 seconds.
  path: Assets/materials/burn/burn1 1.mat
  importAddress: Guid(80f8e89d6a9b6c94bb211eb2a2fb3b21) Importer(2089858483,b0f066a214c2f5e87bad3c948f4d605d)
Start importing Assets/materials/burn/burn1 1.mat using Guid(80f8e89d6a9b6c94bb211eb2a2fb3b21) Importer(2089858483,b0f066a214c2f5e87bad3c948f4d605d) (ScriptedImporter) -> (Import Result ID: '59b700ba160796c66446a4dbb001c133') in 0.0138249 seconds [static and dynamic dependencies]. Details - ImportResultOutputID=20767fd1abf55a9285f841236fcf596f DependenciesID=dd3cd3aa11ecd477165aa437a89d05e1 StaticDependenciesID=70c011ffe24ab86d6a1e7120dfe93e35 
Number of updated asset objects reloaded before import = 0Number of asset objects unloaded after import = 8

========================================================================
Received Import Request.
  Time since last request: 0.000021 seconds.
  path: Assets/materials/Meshy_AI_Fragmented_Clay_Table_0801055023_texture_fbx/Meshy_AI_Fragmented_Clay_Table_0801055023_texture.png
  importAddress: Guid(4ff5b729104278e499b2859ef360d87b) Importer(2089858483,b0f066a214c2f5e87bad3c948f4d605d)
Start importing Assets/materials/Meshy_AI_Fragmented_Clay_Table_0801055023_texture_fbx/Meshy_AI_Fragmented_Clay_Table_0801055023_texture.png using Guid(4ff5b729104278e499b2859ef360d87b) Importer(2089858483,b0f066a214c2f5e87bad3c948f4d605d) (ScriptedImporter) -> (Import Result ID: 'e35624915d98ef12684e22a24a9c0090') in 0.0115683 seconds [static and dynamic dependencies]. Details - ImportResultOutputID=769b4dfcf8dacbf26851be4157a2d773 DependenciesID=f323bf1b288bac0ca5ebc237679b8562 StaticDependenciesID=77c463b43bab26e8d3a5f5c1483d8b45 
Number of updated asset objects reloaded before import = 0Number of asset objects unloaded after import = 1

========================================================================
Received Import Request.
  Time since last request: 0.000017 seconds.
  path: Assets/materials/Oracle Bones/Mat3d66_15132010_7_24668.mat
  importAddress: Guid(eaf0ef5ed8143cb488ddd89924dc14bd) Importer(2089858483,b0f066a214c2f5e87bad3c948f4d605d)
Start importing Assets/materials/Oracle Bones/Mat3d66_15132010_7_24668.mat using Guid(eaf0ef5ed8143cb488ddd89924dc14bd) Importer(2089858483,b0f066a214c2f5e87bad3c948f4d605d) (ScriptedImporter) -> (Import Result ID: '589a17d3bc38100b132e59cfb1ff46d6') in 0.0067836 seconds [static and dynamic dependencies]. Details - ImportResultOutputID=68ba66eeccba9711f26704c99c53851e DependenciesID=36ecf31d1bdbfb6f213c3e9629b39de7 StaticDependenciesID=3f0fa480b83127d63e8c293d9031e526 
Number of updated asset objects reloaded before import = 0Number of asset objects unloaded after import = 2

========================================================================
Received Import Request.
  Time since last request: 0.000021 seconds.
  path: Assets/materials/burn/burn1 3.mat
  importAddress: Guid(9bea63eb17e612f4bb3f8f8a825592ad) Importer(2089858483,b0f066a214c2f5e87bad3c948f4d605d)
Start importing Assets/materials/burn/burn1 3.mat using Guid(9bea63eb17e612f4bb3f8f8a825592ad) Importer(2089858483,b0f066a214c2f5e87bad3c948f4d605d) (ScriptedImporter) -> (Import Result ID: '4cffc96cb2f9b7e50658685746d5a8d2') in 0.0117311 seconds [static and dynamic dependencies]. Details - ImportResultOutputID=9ef86441863c287c68fff37cd90eeb50 DependenciesID=d94b77f5eb58f853f6271db814b51596 StaticDependenciesID=bf6ef0b81055a14c4fbf48ce8b3ff680 
Number of updated asset objects reloaded before import = 0Number of asset objects unloaded after import = 8

========================================================================
Received Import Request.
  Time since last request: 0.000034 seconds.
  path: Assets/materials/Meshy_AI_Fragmented_Clay_Table_0801055023_texture_fbx/Meshy_AI_Fragmented_Clay_Table_0801055023_texture_roughness.png
  importAddress: Guid(480a969478902ce478ec3007b600bbcc) Importer(2089858483,b0f066a214c2f5e87bad3c948f4d605d)
Start importing Assets/materials/Meshy_AI_Fragmented_Clay_Table_0801055023_texture_fbx/Meshy_AI_Fragmented_Clay_Table_0801055023_texture_roughness.png using Guid(480a969478902ce478ec3007b600bbcc) Importer(2089858483,b0f066a214c2f5e87bad3c948f4d605d) (ScriptedImporter) -> (Import Result ID: 'c0910a68166e0467bd2147fbec5d6eea') in 0.009305 seconds [static and dynamic dependencies]. Details - ImportResultOutputID=55441e1355357ed6d38af8a037a6bdc3 DependenciesID=713f28699ffc5a049f705ebb57520b9b StaticDependenciesID=9b7743bcf5be2bd794c3239f9faee366 
Number of updated asset objects reloaded before import = 0Number of asset objects unloaded after import = 1

========================================================================
Received Import Request.
  Time since last request: 0.000032 seconds.
  path: Assets/Ian's Fire Pack Universal/Textures/CandleStick.png
  importAddress: Guid(0f3c176fadf454ec698d75556d288660) Importer(2089858483,b0f066a214c2f5e87bad3c948f4d605d)
Start importing Assets/Ian's Fire Pack Universal/Textures/CandleStick.png using Guid(0f3c176fadf454ec698d75556d288660) Importer(2089858483,b0f066a214c2f5e87bad3c948f4d605d) (ScriptedImporter) -> (Import Result ID: 'ff8bd5fb4e3c392d06b7ff2d71230dbb') in 0.0071944 seconds [static and dynamic dependencies]. Details - ImportResultOutputID=77ba9359e1333d5f73cfb5673ecfbe9d DependenciesID=bfabe5cec7e5c1036f36bfd1849e28c1 StaticDependenciesID=b592b0ffceece1bda01152addb934f94 
Number of updated asset objects reloaded before import = 0Number of asset objects unloaded after import = 1

========================================================================
Received Import Request.
  Time since last request: 0.000021 seconds.
  path: Assets/materials/Meshy_AI_Fragmented_Cuneiform__0801054947_texture_fbx/Meshy_AI_Fragmented_Cuneiform__0801054947_texture_roughness.png
  importAddress: Guid(14b1f4bff5bfaf74b9e1bf57d1370ad8) Importer(2089858483,b0f066a214c2f5e87bad3c948f4d605d)
Start importing Assets/materials/Meshy_AI_Fragmented_Cuneiform__0801054947_texture_fbx/Meshy_AI_Fragmented_Cuneiform__0801054947_texture_roughness.png using Guid(14b1f4bff5bfaf74b9e1bf57d1370ad8) Importer(2089858483,b0f066a214c2f5e87bad3c948f4d605d) (ScriptedImporter) -> (Import Result ID: '447a36d11cfc22b4bee56df791c76630') in 0.0102854 seconds [static and dynamic dependencies]. Details - ImportResultOutputID=08d8e2d91da1da2880ee8ff5a1c1005e DependenciesID=824289abd1d5b245c8bd8dac3137c6f7 StaticDependenciesID=6393a59fdb5a659c20f4e22b653b16cb 
Number of updated asset objects reloaded before import = 0Number of asset objects unloaded after import = 1

========================================================================
Received Import Request.
  Time since last request: 0.000021 seconds.
  path: Assets/materials/Meshy_AI_Fragmented_Cuneiform__0801054947_texture_fbx/Meshy_AI_Fragmented_Cuneiform__0801054947_texture.png
  importAddress: Guid(ea4257e9ebe643e488f875506aa1b415) Importer(2089858483,b0f066a214c2f5e87bad3c948f4d605d)
Start importing Assets/materials/Meshy_AI_Fragmented_Cuneiform__0801054947_texture_fbx/Meshy_AI_Fragmented_Cuneiform__0801054947_texture.png using Guid(ea4257e9ebe643e488f875506aa1b415) Importer(2089858483,b0f066a214c2f5e87bad3c948f4d605d) (ScriptedImporter) -> (Import Result ID: '649cf14711203e3598a0293c53a35722') in 0.0086206 seconds [static and dynamic dependencies]. Details - ImportResultOutputID=969dbd62a811ada1b9febbe3e825adfa DependenciesID=167044616d07bd9b735cd647b9774c5e StaticDependenciesID=559e3823911788e6c7bf60f57f1a7a38 
Number of updated asset objects reloaded before import = 0Number of asset objects unloaded after import = 1

========================================================================
Received Import Request.
  Time since last request: 0.000019 seconds.
  path: Assets/audio/甲骨前对话2.wav
  importAddress: Guid(bd44aef2c40d29c4cad71cd15562bd24) Importer(2089858483,b0f066a214c2f5e87bad3c948f4d605d)
Start importing Assets/audio/甲骨前对话2.wav using Guid(bd44aef2c40d29c4cad71cd15562bd24) Importer(2089858483,b0f066a214c2f5e87bad3c948f4d605d) (ScriptedImporter) -> (Import Result ID: '5f220df893b01b344970d1be1f397375') in 0.0035937 seconds [static and dynamic dependencies]. Details - ImportResultOutputID=8fd42895b3bc97794bdc34684dce2ad1 DependenciesID=01530470715f81077702d1255fff2405 StaticDependenciesID=54439fcec9b4bb2f3755efe3440cbfc7 
Number of updated asset objects reloaded before import = 0Number of asset objects unloaded after import = 1

========================================================================
Received Import Request.
  Time since last request: 0.000018 seconds.
  path: Assets/audio 1/character_voicec/男5（1）.wav
  importAddress: Guid(782a35cdf26e99844bad09799ee28df9) Importer(2089858483,b0f066a214c2f5e87bad3c948f4d605d)
Start importing Assets/audio 1/character_voicec/男5（1）.wav using Guid(782a35cdf26e99844bad09799ee28df9) Importer(2089858483,b0f066a214c2f5e87bad3c948f4d605d) (ScriptedImporter) -> (Import Result ID: '67d04ed699d1aa63d0f5ce9690e90a43') in 0.00363 seconds [static and dynamic dependencies]. Details - ImportResultOutputID=077310f816d16a4eba31720d4f6fd5be DependenciesID=b6ff817687592e7886a4b60a9c8ed7bf StaticDependenciesID=dd2bcdd08dbc43d7669e5dac99fc4de5 
Number of updated asset objects reloaded before import = 0Number of asset objects unloaded after import = 1

========================================================================
Received Import Request.
  Time since last request: 0.000019 seconds.
  path: Assets/audio 1/shenmiao/独白14（1）.wav
  importAddress: Guid(2398dcc45eace9343981a9d98550574a) Importer(2089858483,b0f066a214c2f5e87bad3c948f4d605d)
Start importing Assets/audio 1/shenmiao/独白14（1）.wav using Guid(2398dcc45eace9343981a9d98550574a) Importer(2089858483,b0f066a214c2f5e87bad3c948f4d605d) (ScriptedImporter) -> (Import Result ID: '8c5e8d94fbfb1bf4a3ea87807bdfb614') in 0.0038846 seconds [static and dynamic dependencies]. Details - ImportResultOutputID=68942c00c75c261803fdf50177b293d2 DependenciesID=9d63d8247550694f5ae2c67121bfd9e7 StaticDependenciesID=5803e338228edd0f68d30b308bf0f92d 
Number of updated asset objects reloaded before import = 0Number of asset objects unloaded after import = 1

========================================================================
Received Import Request.
  Time since last request: 0.000031 seconds.
  path: Assets/Shader Graph/transparent.shadergraph
  importAddress: Guid(19a99033739ced44d93567ddf8d9fd99) Importer(2089858483,b0f066a214c2f5e87bad3c948f4d605d)
Start importing Assets/Shader Graph/transparent.shadergraph using Guid(19a99033739ced44d93567ddf8d9fd99) Importer(2089858483,b0f066a214c2f5e87bad3c948f4d605d) (ScriptedImporter) -> (Import Result ID: 'fd6c3ee1d9558d6551a3eb1105b6eb3d') in 0.0117424 seconds [static and dynamic dependencies]. Details - ImportResultOutputID=d231149415fe666a103a7b4993d201d2 DependenciesID=59f83f759841d475fd93a47f82ccbf3a StaticDependenciesID=d272ff0342a409e0924aad42e2f4d8e3 
Number of updated asset objects reloaded before import = 0Number of asset objects unloaded after import = 5

========================================================================
Received Import Request.
  Time since last request: 0.000019 seconds.
  path: Assets/Scripts/WuoneManager.cs
  importAddress: Guid(a7ab47344327129408d6bba47a8bd3dc) Importer(2089858483,b0f066a214c2f5e87bad3c948f4d605d)
Start importing Assets/Scripts/WuoneManager.cs using Guid(a7ab47344327129408d6bba47a8bd3dc) Importer(2089858483,b0f066a214c2f5e87bad3c948f4d605d) (ScriptedImporter) -> (Import Result ID: '4eb112e9b392cead89dd85ed9acf1234') in 0.0033629 seconds [static and dynamic dependencies]. Details - ImportResultOutputID=d50a47cc5debd9c5a36fb4e096067dea DependenciesID=ca6ea5c5ba6a722e3ed7de1459671115 StaticDependenciesID=c89554bd343f97bc8f39034f067335b0 
Number of updated asset objects reloaded before import = 0Number of asset objects unloaded after import = 0

========================================================================
Received Import Request.
  Time since last request: 0.000018 seconds.
  path: Assets/materials/Meshy_AI_Ritual_bronze_ding_0703085930_texture_emission.png
  importAddress: Guid(c1c99cb26fa2b08419ed64771154208f) Importer(2089858483,b0f066a214c2f5e87bad3c948f4d605d)
Start importing Assets/materials/Meshy_AI_Ritual_bronze_ding_0703085930_texture_emission.png using Guid(c1c99cb26fa2b08419ed64771154208f) Importer(2089858483,b0f066a214c2f5e87bad3c948f4d605d) (ScriptedImporter) -> (Import Result ID: 'bb8e90b525366cb55d5618abd96f9cf1') in 0.0070725 seconds [static and dynamic dependencies]. Details - ImportResultOutputID=18fee80ca7202c80c5055a81913f35ab DependenciesID=b05b9e9b9ed018f34dccf337db119567 StaticDependenciesID=9d93cfd6a83b4c60faead262d80c351a 
Number of updated asset objects reloaded before import = 0Number of asset objects unloaded after import = 1

========================================================================
Received Import Request.
  Time since last request: 0.000018 seconds.
  path: Assets/audio 1/character_voicec/男5（2）.wav
  importAddress: Guid(b15e0418ab5cb444799bc9a6c987c75f) Importer(2089858483,b0f066a214c2f5e87bad3c948f4d605d)
Start importing Assets/audio 1/character_voicec/男5（2）.wav using Guid(b15e0418ab5cb444799bc9a6c987c75f) Importer(2089858483,b0f066a214c2f5e87bad3c948f4d605d) (ScriptedImporter) -> (Import Result ID: 'b404d1a33e9a7523c59e7832a02f7970') in 0.0042198 seconds [static and dynamic dependencies]. Details - ImportResultOutputID=170bbe3ebd4cfe9cd51ec71c8efc3bbc DependenciesID=2684cdcbbe0c440ab6c8271fed184a0f StaticDependenciesID=bef09a62a171ad63f677226617d5a83a 
Number of updated asset objects reloaded before import = 0Number of asset objects unloaded after import = 1

========================================================================
Received Import Request.
  Time since last request: 0.000030 seconds.
  path: Assets/materials/Meshy_AI_Fragmented_Runic_Tabl_0801055010_texture_fbx/Meshy_AI_Fragmented_Runic_Tabl_0801055010_texture.png
  importAddress: Guid(8c14d7378819fbb459b2a8f47125fc46) Importer(2089858483,b0f066a214c2f5e87bad3c948f4d605d)
Start importing Assets/materials/Meshy_AI_Fragmented_Runic_Tabl_0801055010_texture_fbx/Meshy_AI_Fragmented_Runic_Tabl_0801055010_texture.png using Guid(8c14d7378819fbb459b2a8f47125fc46) Importer(2089858483,b0f066a214c2f5e87bad3c948f4d605d) (ScriptedImporter) -> (Import Result ID: '5abbbd2f2070de48708c4f5af046ce8d') in 0.0121206 seconds [static and dynamic dependencies]. Details - ImportResultOutputID=b6c267b52d408b79b225af581a519370 DependenciesID=2c894ebfd50a87056d44131546704a55 StaticDependenciesID=d2741f370bae99953bc5a2fe8b63e003 
Number of updated asset objects reloaded before import = 0Number of asset objects unloaded after import = 1

========================================================================
Received Import Request.
  Time since last request: 0.090353 seconds.
  path: Assets/materials/reuv/NewBase1.png
  importAddress: Guid(e5a901ecbf2645048962b0420d8ffd83) Importer(2089858483,b0f066a214c2f5e87bad3c948f4d605d)
Start importing Assets/materials/reuv/NewBase1.png using Guid(e5a901ecbf2645048962b0420d8ffd83) Importer(2089858483,b0f066a214c2f5e87bad3c948f4d605d) (ScriptedImporter) -> (Import Result ID: '9f193b1a8dd6b25dfaf89449914473fe') in 0.0073881 seconds [static and dynamic dependencies]. Details - ImportResultOutputID=d7f812e600ae2ddecf7f3212c41cbe3b DependenciesID=7f11d6be73be2889acdc877f359d6832 StaticDependenciesID=52cf4530d9cfc01e4dd3b4edf089950a 
Number of updated asset objects reloaded before import = 0Number of asset objects unloaded after import = 1

========================================================================
Received Import Request.
  Time since last request: 0.000018 seconds.
  path: Assets/TextMesh Pro/Shaders/TMP_SDF.shader
  importAddress: Guid(68e6db2ebdc24f95958faec2be5558d6) Importer(2089858483,b0f066a214c2f5e87bad3c948f4d605d)
Start importing Assets/TextMesh Pro/Shaders/TMP_SDF.shader using Guid(68e6db2ebdc24f95958faec2be5558d6) Importer(2089858483,b0f066a214c2f5e87bad3c948f4d605d) (ScriptedImporter) -> (Import Result ID: 'b86c529758924fb9871432d0004be58c') in 0.0039439 seconds [static and dynamic dependencies]. Details - ImportResultOutputID=158e06971189111a11341ca23091fd6f DependenciesID=d9db5375602675c926a97c787abe8792 StaticDependenciesID=02f2f145754d21c99257be40712f4a63 
Number of updated asset objects reloaded before import = 0Number of asset objects unloaded after import = 1

========================================================================
Received Import Request.
  Time since last request: 0.000017 seconds.
  path: Assets/Textures/Mud_1/Mud_1_Height.png
  importAddress: Guid(860c40e48703fc24d8c0952c471d0c0b) Importer(2089858483,b0f066a214c2f5e87bad3c948f4d605d)
Start importing Assets/Textures/Mud_1/Mud_1_Height.png using Guid(860c40e48703fc24d8c0952c471d0c0b) Importer(2089858483,b0f066a214c2f5e87bad3c948f4d605d) (ScriptedImporter) -> (Import Result ID: '45a47345f2e7efccfa556c2ec4811d92') in 0.0062351 seconds [static and dynamic dependencies]. Details - ImportResultOutputID=0b0b482a88ef34e632778c5fe9749a17 DependenciesID=9497364d958ad85f6b3ed51a9e6b42dc StaticDependenciesID=8d690ebd8ba24d0798e73de01303a0ad 
Number of updated asset objects reloaded before import = 0Number of asset objects unloaded after import = 1

========================================================================
Received Import Request.
  Time since last request: 0.000026 seconds.
  path: Assets/TripoModels/stone_fire_pit_3d_model/stone_fire_pit_3d_model.fbx
  importAddress: Guid(6cb2fb0dddded2c409757344e56b29a5) Importer(2089858483,b0f066a214c2f5e87bad3c948f4d605d)
Start importing Assets/TripoModels/stone_fire_pit_3d_model/stone_fire_pit_3d_model.fbx using Guid(6cb2fb0dddded2c409757344e56b29a5) Importer(2089858483,b0f066a214c2f5e87bad3c948f4d605d) (ScriptedImporter)MaterialLocation.External is obsolete. External Material Location is no longer supported. (Assets/TripoModels/stone_fire_pit_3d_model/stone_fire_pit_3d_model.fbx)
d3d12: upload buffer was too small for the requested resource! Size: 16777216. Requested: 57720624.
 -> (Import Result ID: 'dbae363f0147b58e526abdb7fe774c45') in 0.1450739 seconds [static and dynamic dependencies]. Details - ImportResultOutputID=ce094f0effa7c1382d9715e77bf21515 DependenciesID=ecc5469ab6de81398faa695980ad3a07 StaticDependenciesID=9530487d8aef271aca600dd25b0f7489 
Number of updated asset objects reloaded before import = 0Number of asset objects unloaded after import = 8

========================================================================
Received Import Request.
  Time since last request: 0.000064 seconds.
  path: Assets/TripoModels/goddess_statue_3d_model/goddess_statue_3d_model.fbx
  importAddress: Guid(2b4e9ed1cc1631b4683e25b02ec38aff) Importer(2089858483,b0f066a214c2f5e87bad3c948f4d605d)
Start importing Assets/TripoModels/goddess_statue_3d_model/goddess_statue_3d_model.fbx using Guid(2b4e9ed1cc1631b4683e25b02ec38aff) Importer(2089858483,b0f066a214c2f5e87bad3c948f4d605d) (ScriptedImporter) -> (Import Result ID: '36a4d15119f69979f49da0ec803bb67b') in 0.016285 seconds [static and dynamic dependencies]. Details - ImportResultOutputID=a3ee144a5ab2026841152e8ddb4d8480 DependenciesID=103b7cc60a4c04a818e1693e0b53805e StaticDependenciesID=489142ceb305309472d48d3fb71aff30 
Number of updated asset objects reloaded before import = 0Number of asset objects unloaded after import = 10

========================================================================
Received Import Request.
  Time since last request: 0.000024 seconds.
  path: Assets/TripoModels/ancient_chinese_statue_3d_model_4/ancient_chinese_statue_3d_model_4.fbx
  importAddress: Guid(2a0dfd199e0028441bbdfa43cfba1e55) Importer(2089858483,b0f066a214c2f5e87bad3c948f4d605d)
Start importing Assets/TripoModels/ancient_chinese_statue_3d_model_4/ancient_chinese_statue_3d_model_4.fbx using Guid(2a0dfd199e0028441bbdfa43cfba1e55) Importer(2089858483,b0f066a214c2f5e87bad3c948f4d605d) (ScriptedImporter)MaterialLocation.External is obsolete. External Material Location is no longer supported. (Assets/TripoModels/ancient_chinese_statue_3d_model_4/ancient_chinese_statue_3d_model_4.fbx)
 -> (Import Result ID: '1e34897ca2412ed643863fbb9850f3c4') in 0.0085738 seconds [static and dynamic dependencies]. Details - ImportResultOutputID=33f57ee1ae022c595c157a749e30a58e DependenciesID=86a933db6ec0566e6ca59db94dab8643 StaticDependenciesID=3900ab6cd02ac1fe53732bafeeb1d8d7 
Number of updated asset objects reloaded before import = 0Number of asset objects unloaded after import = 8

========================================================================
Received Import Request.
  Time since last request: 0.000021 seconds.
  path: Assets/TripoModels/ancient_warrior_statue_3d_model/ancient_warrior_statue_3d_model.fbx
  importAddress: Guid(74a7677e2e0cdde4899f2dcd99763d93) Importer(2089858483,b0f066a214c2f5e87bad3c948f4d605d)
Start importing Assets/TripoModels/ancient_warrior_statue_3d_model/ancient_warrior_statue_3d_model.fbx using Guid(74a7677e2e0cdde4899f2dcd99763d93) Importer(2089858483,b0f066a214c2f5e87bad3c948f4d605d) (ScriptedImporter)MaterialLocation.External is obsolete. External Material Location is no longer supported. (Assets/TripoModels/ancient_warrior_statue_3d_model/ancient_warrior_statue_3d_model.fbx)
 -> (Import Result ID: 'd5a4c8d245c6c6774ca953e350783b53') in 0.008432 seconds [static and dynamic dependencies]. Details - ImportResultOutputID=a419851aa509c6ffe020c962d8d6ff5d DependenciesID=d8c442eef08a2dfe8752d43839b9c2b9 StaticDependenciesID=ff63b5c5a728fd0da987ba842d68b644 
Number of updated asset objects reloaded before import = 0Number of asset objects unloaded after import = 8

========================================================================
Received Import Request.
  Time since last request: 0.000020 seconds.
  path: Assets/TripoModels/pregnant_goddess_statue_3d_model/pregnant_goddess_statue_3d_model.fbx
  importAddress: Guid(e4b727abc35eeed4c978a241eea43a3c) Importer(2089858483,b0f066a214c2f5e87bad3c948f4d605d)
Start importing Assets/TripoModels/pregnant_goddess_statue_3d_model/pregnant_goddess_statue_3d_model.fbx using Guid(e4b727abc35eeed4c978a241eea43a3c) Importer(2089858483,b0f066a214c2f5e87bad3c948f4d605d) (ScriptedImporter) -> (Import Result ID: '51311fbf51023877bc58852624d7b6ec') in 0.0196499 seconds [static and dynamic dependencies]. Details - ImportResultOutputID=bdb3867c05c7cf05362ff04bbe5d25b2 DependenciesID=5225a9a552a826bb84e3ca49891e4012 StaticDependenciesID=e22994208761022b66c833fbc84f0175 
Number of updated asset objects reloaded before import = 0Number of asset objects unloaded after import = 10

========================================================================
Received Import Request.
  Time since last request: 0.000026 seconds.
  path: Assets/Scripts/Gaze/GazeAudioAction.cs
  importAddress: Guid(86f29c7631ad09c40b5922d22c0d6497) Importer(2089858483,b0f066a214c2f5e87bad3c948f4d605d)
Start importing Assets/Scripts/Gaze/GazeAudioAction.cs using Guid(86f29c7631ad09c40b5922d22c0d6497) Importer(2089858483,b0f066a214c2f5e87bad3c948f4d605d) (ScriptedImporter) -> (Import Result ID: 'f22db4a8d541fdebe382cda208669215') in 0.0036461 seconds [static and dynamic dependencies]. Details - ImportResultOutputID=a8b9cda0bf3bd12268ba0515172bb14e DependenciesID=9bad924e44248b342563c505559063b8 StaticDependenciesID=3500c3ea11282742d7f1fc7dbc0b7d92 
Number of updated asset objects reloaded before import = 0Number of asset objects unloaded after import = 0

========================================================================
Received Import Request.
  Time since last request: 0.000025 seconds.
  path: Assets/TextMesh Pro/Fonts/LiberationSans - OFL.txt
  importAddress: Guid(6e59c59b81ab47f9b6ec5781fa725d2c) Importer(2089858483,b0f066a214c2f5e87bad3c948f4d605d)
Start importing Assets/TextMesh Pro/Fonts/LiberationSans - OFL.txt using Guid(6e59c59b81ab47f9b6ec5781fa725d2c) Importer(2089858483,b0f066a214c2f5e87bad3c948f4d605d) (ScriptedImporter) -> (Import Result ID: '8edb16ebec00f2b745e0cf16a1deffe7') in 0.0042106 seconds [static and dynamic dependencies]. Details - ImportResultOutputID=7c72a0a74c511103c28ed38d908589b6 DependenciesID=6a2f663f61d50380090220a35058d61a StaticDependenciesID=7649750a4598ec734fc3c768683475c9 
Number of updated asset objects reloaded before import = 0Number of asset objects unloaded after import = 1

========================================================================
Received Import Request.
  Time since last request: 0.000033 seconds.
  path: Assets/TextMesh Pro/Shaders/TMP_SDF-Mobile-2-Pass.shader
  importAddress: Guid(0178fcb869bafef4690d177d31d17db8) Importer(2089858483,b0f066a214c2f5e87bad3c948f4d605d)
Start importing Assets/TextMesh Pro/Shaders/TMP_SDF-Mobile-2-Pass.shader using Guid(0178fcb869bafef4690d177d31d17db8) Importer(2089858483,b0f066a214c2f5e87bad3c948f4d605d) (ScriptedImporter) -> (Import Result ID: 'ca364ef1867e81b44178e8375b0612a9') in 0.0038705 seconds [static and dynamic dependencies]. Details - ImportResultOutputID=bbd7100cbee8c391c19bf22d8089840e DependenciesID=d28afc64ffb5f426007afbfd9eaaa867 StaticDependenciesID=2936f04a1dd55b511cbbf5990c3e04da 
Number of updated asset objects reloaded before import = 0Number of asset objects unloaded after import = 1

========================================================================
Received Import Request.
  Time since last request: 0.000015 seconds.
  path: Assets/TextMesh Pro/Shaders/TMP_SDF-HDRP LIT.shadergraph
  importAddress: Guid(ca2ed216f98028c4dae6c5224a952b3c) Importer(2089858483,b0f066a214c2f5e87bad3c948f4d605d)
Start importing Assets/TextMesh Pro/Shaders/TMP_SDF-HDRP LIT.shadergraph using Guid(ca2ed216f98028c4dae6c5224a952b3c) Importer(2089858483,b0f066a214c2f5e87bad3c948f4d605d) (ScriptedImporter) -> (Import Result ID: '48b8199db949c906f9dfa021a46c13d5') in 0.0052142 seconds [static and dynamic dependencies]. Details - ImportResultOutputID=853bb55f46eb02adffcdfd822b4ec3b6 DependenciesID=76e12806a6065d62b500afd134e4cc95 StaticDependenciesID=d2e47b0202b7793cc774999f519fc45b 
Number of updated asset objects reloaded before import = 0Number of asset objects unloaded after import = 3

========================================================================
Received Import Request.
  Time since last request: 0.000020 seconds.
  path: Assets/TripoModels/ancient_chinese_statue_3d_model/ancient_chinese_statue_3d_model.fbx
  importAddress: Guid(182f809cf45a03a419621e108d482d4e) Importer(2089858483,b0f066a214c2f5e87bad3c948f4d605d)
Start importing Assets/TripoModels/ancient_chinese_statue_3d_model/ancient_chinese_statue_3d_model.fbx using Guid(182f809cf45a03a419621e108d482d4e) Importer(2089858483,b0f066a214c2f5e87bad3c948f4d605d) (ScriptedImporter)MaterialLocation.External is obsolete. External Material Location is no longer supported. (Assets/TripoModels/ancient_chinese_statue_3d_model/ancient_chinese_statue_3d_model.fbx)
 -> (Import Result ID: '04a69e074ee4dce690583ef15e9f54a4') in 0.0088166 seconds [static and dynamic dependencies]. Details - ImportResultOutputID=46958dc51a4f97a0efc5963f82b00c13 DependenciesID=2c1228c0e2262517bdaf271d80a80faf StaticDependenciesID=45ee3bc619e2a3f27acd08acb6eddcf5 
Number of updated asset objects reloaded before import = 0Number of asset objects unloaded after import = 8

========================================================================
Received Import Request.
  Time since last request: 0.000018 seconds.
  path: Assets/TripoModels/ancient_statue_3d_model_4/ancient_statue_3d_model_4.fbx
  importAddress: Guid(42ab4b8c4975a5b4fa10f0034bb1a6d9) Importer(2089858483,b0f066a214c2f5e87bad3c948f4d605d)
Start importing Assets/TripoModels/ancient_statue_3d_model_4/ancient_statue_3d_model_4.fbx using Guid(42ab4b8c4975a5b4fa10f0034bb1a6d9) Importer(2089858483,b0f066a214c2f5e87bad3c948f4d605d) (ScriptedImporter)MaterialLocation.External is obsolete. External Material Location is no longer supported. (Assets/TripoModels/ancient_statue_3d_model_4/ancient_statue_3d_model_4.fbx)
 -> (Import Result ID: '27a504f96f01a6242fed175a99b65bab') in 0.0076106 seconds [static and dynamic dependencies]. Details - ImportResultOutputID=83e60354b1a7f175364e5b5d850dc01c DependenciesID=80a200d0250e73d3d9344da1e5e3629c StaticDependenciesID=d82c607846b576b2e0c4e82295fde391 
Number of updated asset objects reloaded before import = 0Number of asset objects unloaded after import = 8

========================================================================
Received Import Request.
  Time since last request: 0.000016 seconds.
  path: Assets/TripoModels/ancient_ceremonial_statue_3d_model/ancient_ceremonial_statue_3d_model.fbx
  importAddress: Guid(d2112433cc6548d4a8ed6f9ff97dfc0e) Importer(2089858483,b0f066a214c2f5e87bad3c948f4d605d)
Start importing Assets/TripoModels/ancient_ceremonial_statue_3d_model/ancient_ceremonial_statue_3d_model.fbx using Guid(d2112433cc6548d4a8ed6f9ff97dfc0e) Importer(2089858483,b0f066a214c2f5e87bad3c948f4d605d) (ScriptedImporter)MaterialLocation.External is obsolete. External Material Location is no longer supported. (Assets/TripoModels/ancient_ceremonial_statue_3d_model/ancient_ceremonial_statue_3d_model.fbx)
 -> (Import Result ID: '6c1d23a8c8ebce54f92cc646f4f72917') in 0.0071703 seconds [static and dynamic dependencies]. Details - ImportResultOutputID=b4f92ab579f1d0f2b60cbc8224878dcf DependenciesID=f03880becc75fc73a5cdd07538804cd5 StaticDependenciesID=ae573442a7595b381ea50d7d5ae7d361 
Number of updated asset objects reloaded before import = 0Number of asset objects unloaded after import = 8

========================================================================
Received Import Request.
  Time since last request: 0.000020 seconds.
  path: Assets/TextMesh Pro/Shaders/TMP_Bitmap.shader
  importAddress: Guid(128e987d567d4e2c824d754223b3f3b0) Importer(2089858483,b0f066a214c2f5e87bad3c948f4d605d)
Start importing Assets/TextMesh Pro/Shaders/TMP_Bitmap.shader using Guid(128e987d567d4e2c824d754223b3f3b0) Importer(2089858483,b0f066a214c2f5e87bad3c948f4d605d) (ScriptedImporter) -> (Import Result ID: '0fc07fe7a403559a255edafb20aa9337') in 0.0034481 seconds [static and dynamic dependencies]. Details - ImportResultOutputID=d69d2ff07d7cff71a4f28ece431d9445 DependenciesID=7d77b5e9fe754698ef1729636c2edc2b StaticDependenciesID=54796b178d1ac5560e8bbc383702abfe 
Number of updated asset objects reloaded before import = 0Number of asset objects unloaded after import = 1

========================================================================
Received Import Request.
  Time since last request: 0.000033 seconds.
  path: Assets/Textures/Mud_1/Mud_1_Normal.png
  importAddress: Guid(b95db752bf3825741a3e4e30cdee2713) Importer(2089858483,b0f066a214c2f5e87bad3c948f4d605d)
Start importing Assets/Textures/Mud_1/Mud_1_Normal.png using Guid(b95db752bf3825741a3e4e30cdee2713) Importer(2089858483,b0f066a214c2f5e87bad3c948f4d605d) (ScriptedImporter) -> (Import Result ID: '9921c34215acb8588a7ab6b1e670c07b') in 0.007269 seconds [static and dynamic dependencies]. Details - ImportResultOutputID=265424f5c0084dfb38e280f75b6a1f6a DependenciesID=57c9c7adbcd263de3da1ddc7e43ebff3 StaticDependenciesID=1cbac61ae2cbd850297dd1fe30c19ba1 
Number of updated asset objects reloaded before import = 0Number of asset objects unloaded after import = 1

========================================================================
Received Import Request.
  Time since last request: 0.438265 seconds.
  path: Assets/XR/Loaders/OpenXRLoader.asset
  importAddress: Guid(77eee975f4e14634590717a945ed4731) Importer(2089858483,b0f066a214c2f5e87bad3c948f4d605d)
Start importing Assets/XR/Loaders/OpenXRLoader.asset using Guid(77eee975f4e14634590717a945ed4731) Importer(2089858483,b0f066a214c2f5e87bad3c948f4d605d) (ScriptedImporter) -> (Import Result ID: '2115bc57d1d6fc6cefb9d5357c9a9974') in 0.0050387 seconds [static and dynamic dependencies]. Details - ImportResultOutputID=00107f2d549b9a8e1045676499c10643 DependenciesID=86d1c80489e59a50b92a502be0f0cb69 StaticDependenciesID=60023144199feeecc6e3d3358470bc60 
Number of updated asset objects reloaded before import = 0Number of asset objects unloaded after import = 1

========================================================================
Received Import Request.
  Time since last request: 0.000015 seconds.
  path: Assets/mesh/烧裂甲骨/Meshy_AI_Cracked_Marble_Bust_0801173147_texture_fbx/Meshy_AI_Cracked_Marble_Bust_0801173147_texture.fbx
  importAddress: Guid(93115b9542f6e2743b54fc508351d99e) Importer(2089858483,b0f066a214c2f5e87bad3c948f4d605d)
Start importing Assets/mesh/烧裂甲骨/Meshy_AI_Cracked_Marble_Bust_0801173147_texture_fbx/Meshy_AI_Cracked_Marble_Bust_0801173147_texture.fbx using Guid(93115b9542f6e2743b54fc508351d99e) Importer(2089858483,b0f066a214c2f5e87bad3c948f4d605d) (ScriptedImporter) -> (Import Result ID: 'a1b24e3727eafe1758165d0c44e38a1b') in 0.0122144 seconds [static and dynamic dependencies]. Details - ImportResultOutputID=2a453f2036071b9db6d62f373213438c DependenciesID=66fabf34a09e1e9f3225e37a8eb6d1fd StaticDependenciesID=7c959710480f13abb68276c6d96f5cc4 
Number of updated asset objects reloaded before import = 0Number of asset objects unloaded after import = 8

========================================================================
Received Import Request.
  Time since last request: 0.000019 seconds.
  path: Assets/SunboxGames/ModularDungeonCaves/Materials/VineStem.mat
  importAddress: Guid(3e440dfcc182a204884c0dfde4a66bc9) Importer(2089858483,b0f066a214c2f5e87bad3c948f4d605d)
Start importing Assets/SunboxGames/ModularDungeonCaves/Materials/VineStem.mat using Guid(3e440dfcc182a204884c0dfde4a66bc9) Importer(2089858483,b0f066a214c2f5e87bad3c948f4d605d) (ScriptedImporter) -> (Import Result ID: '4e7f653409a73f98f20c15429d25874f') in 0.0468884 seconds [static and dynamic dependencies]. Details - ImportResultOutputID=5eb3b59dd6247ed1be1687f11b4504de DependenciesID=b3bedc4f6cb79ff037b48e4195991750 StaticDependenciesID=a4d712f60e84f6cac7ebe8daee3401cc 
Number of updated asset objects reloaded before import = 0Number of asset objects unloaded after import = 4

========================================================================
Received Import Request.
  Time since last request: 0.000042 seconds.
  path: Assets/mesh/未烧裂甲骨/Meshy_AI_Turtle_shell_fragment_0801173027_texture_fbx/Meshy_AI_Turtle_shell_fragment_0801173027_texture_emission.png
  importAddress: Guid(fb0be5e19e4d895489eee2a3d8cbdee2) Importer(2089858483,b0f066a214c2f5e87bad3c948f4d605d)
Start importing Assets/mesh/未烧裂甲骨/Meshy_AI_Turtle_shell_fragment_0801173027_texture_fbx/Meshy_AI_Turtle_shell_fragment_0801173027_texture_emission.png using Guid(fb0be5e19e4d895489eee2a3d8cbdee2) Importer(2089858483,b0f066a214c2f5e87bad3c948f4d605d) (ScriptedImporter) -> (Import Result ID: 'a3e0ca52def39b506edb909028fd7636') in 0.0146586 seconds [static and dynamic dependencies]. Details - ImportResultOutputID=28b5b26a769366575b18e00e65468084 DependenciesID=5593af8af9e96777506f5b68e5f74def StaticDependenciesID=fa12bc33e85c47fcf97a258d893b88bb 
Number of updated asset objects reloaded before import = 0Number of asset objects unloaded after import = 1

========================================================================
Received Import Request.
  Time since last request: 0.000031 seconds.
  path: Assets/SunboxGames/ModularDungeonCaves/Materials/TorchFlame.mat
  importAddress: Guid(f463e2a73ac99bd42ba13b8fea07fc7d) Importer(2089858483,b0f066a214c2f5e87bad3c948f4d605d)
Start importing Assets/SunboxGames/ModularDungeonCaves/Materials/TorchFlame.mat using Guid(f463e2a73ac99bd42ba13b8fea07fc7d) Importer(2089858483,b0f066a214c2f5e87bad3c948f4d605d) (ScriptedImporter) -> (Import Result ID: 'f6183ca1ab08a64f92c7eda46713dfe7') in 0.0047112 seconds [static and dynamic dependencies]. Details - ImportResultOutputID=e590d3e600d4e0bf9b80fed1daeac89a DependenciesID=230e9f34e295e9e4ba8987e7ce8480f3 StaticDependenciesID=3c533ec14e935710ba5691c149ebbcec 
Number of updated asset objects reloaded before import = 0Number of asset objects unloaded after import = 1

========================================================================
Received Import Request.
  Time since last request: 0.000023 seconds.
  path: Assets/Ian's Fire Pack Universal/_URP Specific/Prefabs/Torch URP.prefab
  importAddress: Guid(676873420440d4ea284d3316a44f5516) Importer(2089858483,e11c23a36db5f54750b8cd40eac0985b)
Start importing Assets/Ian's Fire Pack Universal/_URP Specific/Prefabs/Torch URP.prefab using Guid(676873420440d4ea284d3316a44f5516) Importer(2089858483,e11c23a36db5f54750b8cd40eac0985b) (ScriptedImporter) -> (Import Result ID: '4332819bf04aa18964e0e8869b163c02') in 0.0484418 seconds [static and dynamic dependencies]. Details - ImportResultOutputID=939f89d328283d884b2efd1498893883 DependenciesID=91da6a4ef45452f56495aab65ea98345 StaticDependenciesID=37f16b3feb0a4cfbac9570c90a6b5a7a 
Number of updated asset objects reloaded before import = 0Number of asset objects unloaded after import = 30

========================================================================
Received Import Request.
  Time since last request: 0.000018 seconds.
  path: Assets/SunboxGames/ModularDungeonCaves/Materials/Mushrooms_Brown.mat
  importAddress: Guid(eee6b4f624205a841a53fa5fd78e8b15) Importer(2089858483,b0f066a214c2f5e87bad3c948f4d605d)
Start importing Assets/SunboxGames/ModularDungeonCaves/Materials/Mushrooms_Brown.mat using Guid(eee6b4f624205a841a53fa5fd78e8b15) Importer(2089858483,b0f066a214c2f5e87bad3c948f4d605d) (ScriptedImporter) -> (Import Result ID: 'eab3dab8657d3eebecb7df0800e10aab') in 0.1238508 seconds [static and dynamic dependencies]. Details - ImportResultOutputID=2a859fc9fe98032410cc46590b6f13bd DependenciesID=ee6d14c30339729bf70d499ebee89dc5 StaticDependenciesID=5fd74c749fae2377df94b7fe32d0a1ba 
Number of updated asset objects reloaded before import = 0Number of asset objects unloaded after import = 6

========================================================================
Received Import Request.
  Time since last request: 0.000028 seconds.
  path: Assets/QuickOutline/Samples/Materials/Plane.mat
  importAddress: Guid(f58cf65ea995c4b45be95713bdea8134) Importer(2089858483,b0f066a214c2f5e87bad3c948f4d605d)
Start importing Assets/QuickOutline/Samples/Materials/Plane.mat using Guid(f58cf65ea995c4b45be95713bdea8134) Importer(2089858483,b0f066a214c2f5e87bad3c948f4d605d) (ScriptedImporter) -> (Import Result ID: 'f4ac384c75bdb38d96eeabbd4196cd4e') in 0.0056972 seconds [static and dynamic dependencies]. Details - ImportResultOutputID=f86cfdd600e2bac68a21e41022416dc9 DependenciesID=440df378fe7e83ede5e2f6cd9927e359 StaticDependenciesID=93dcf65ded0ce8baf7f46450dee92c97 
Number of updated asset objects reloaded before import = 0Number of asset objects unloaded after import = 1

========================================================================
Received Import Request.
  Time since last request: 0.000032 seconds.
  path: Assets/SunboxGames/ModularDungeonCaves/Materials/DungeonProps04_Glass_Metal.mat
  importAddress: Guid(d6e11ba74be7c8f48a068b65b6c97c91) Importer(2089858483,b0f066a214c2f5e87bad3c948f4d605d)
Start importing Assets/SunboxGames/ModularDungeonCaves/Materials/DungeonProps04_Glass_Metal.mat using Guid(d6e11ba74be7c8f48a068b65b6c97c91) Importer(2089858483,b0f066a214c2f5e87bad3c948f4d605d) (ScriptedImporter) -> (Import Result ID: '1cf7a8e7926169c61e50d1279d5e687c') in 0.0667646 seconds [static and dynamic dependencies]. Details - ImportResultOutputID=ebfdba4bbb8f2d4817179fe7b23bc1d7 DependenciesID=b4988b7c5addae5e1f7911c3919981d7 StaticDependenciesID=db552f235d6906970e27d723ccc2e217 
Number of updated asset objects reloaded before import = 0Number of asset objects unloaded after import = 4

========================================================================
Received Import Request.
  Time since last request: 0.000023 seconds.
  path: Assets/TripoModels/ancient_goddess_statue_3d_model/ancient_goddess_statue_3d_model.fbm/ancient_goddess_statue_3d_model_normal.JPEG
  importAddress: Guid(ba3ec43a463fbeb479c195703c94bd8d) Importer(2089858483,b0f066a214c2f5e87bad3c948f4d605d)
Start importing Assets/TripoModels/ancient_goddess_statue_3d_model/ancient_goddess_statue_3d_model.fbm/ancient_goddess_statue_3d_model_normal.JPEG using Guid(ba3ec43a463fbeb479c195703c94bd8d) Importer(2089858483,b0f066a214c2f5e87bad3c948f4d605d) (ScriptedImporter) -> (Import Result ID: '2ba12dc5506eae9724e545ad70bf7448') in 0.007568 seconds [static and dynamic dependencies]. Details - ImportResultOutputID=20513fcc795d4140554d481305de676e DependenciesID=41892102ea3cca35400e738cd7f204fa StaticDependenciesID=93fb490264f08406ba45b29230e1bb16 
Number of updated asset objects reloaded before import = 0Number of asset objects unloaded after import = 1

========================================================================
Received Import Request.
  Time since last request: 0.000021 seconds.
  path: Assets/QuickOutline/Samples/Scenes/QuickOutline.unity
  importAddress: Guid(f23712c79adc910408e872b127e825cf) Importer(2089858483,e11c23a36db5f54750b8cd40eac0985b)
Start importing Assets/QuickOutline/Samples/Scenes/QuickOutline.unity using Guid(f23712c79adc910408e872b127e825cf) Importer(2089858483,e11c23a36db5f54750b8cd40eac0985b) (ScriptedImporter)Opening scene 'Assets/QuickOutline/Samples/Scenes/QuickOutline.unity additively'
Loaded scene 'Assets/QuickOutline/Samples/Scenes/QuickOutline.unity'
	Deserialize:            1.934 ms
	Integration:            1.943 ms
	Integration of assets:  0.003 ms
	Thread Wait Time:       0.015 ms
	Total Operation Time:   3.895 ms
 -> (Import Result ID: 'db56e56aad4df2196490628b3f5eaa44') in 0.0202231 seconds [static and dynamic dependencies]. Details - ImportResultOutputID=0ceb25fba43e89fecc971800dd85405a DependenciesID=28fbf73eb3d427f01c0f287202af3afb StaticDependenciesID=0dff67e7f903162b6810bc45027d2e78 
Number of updated asset objects reloaded before import = 0Number of asset objects unloaded after import = 2

========================================================================
Received Import Request.
  Time since last request: 0.000021 seconds.
  path: Assets/SunboxGames/ModularDungeonCaves/Models/CavePlatforms_01.fbx
  importAddress: Guid(a453ed13c61560a48bc7b19defa96c32) Importer(2089858483,b0f066a214c2f5e87bad3c948f4d605d)
Start importing Assets/SunboxGames/ModularDungeonCaves/Models/CavePlatforms_01.fbx using Guid(a453ed13c61560a48bc7b19defa96c32) Importer(2089858483,b0f066a214c2f5e87bad3c948f4d605d) (ScriptedImporter) -> (Import Result ID: '2d51965bf085d9e52d2498c81aeb4f9d') in 0.0162241 seconds [static and dynamic dependencies]. Details - ImportResultOutputID=8773e24417c7546e188494b92c8633c0 DependenciesID=73a3461f27f781af1f8b0a36121e7691 StaticDependenciesID=7a039cb7b74f7cd87043d6c849c793fd 
Number of updated asset objects reloaded before import = 0Number of asset objects unloaded after import = 64

========================================================================
Received Import Request.
  Time since last request: 0.000024 seconds.
  path: Assets/Ian's Fire Pack Universal/_URP Specific/Materials/CandleStickURP.mat
  importAddress: Guid(6a669ad9bcb6e494bbe9da4ff15ee83d) Importer(2089858483,b0f066a214c2f5e87bad3c948f4d605d)
Start importing Assets/Ian's Fire Pack Universal/_URP Specific/Materials/CandleStickURP.mat using Guid(6a669ad9bcb6e494bbe9da4ff15ee83d) Importer(2089858483,b0f066a214c2f5e87bad3c948f4d605d) (ScriptedImporter) -> (Import Result ID: 'd5daba0fdf4dc7f58adc032b1d658cab') in 0.0089505 seconds [static and dynamic dependencies]. Details - ImportResultOutputID=7ed8adf762f464ea37b7458b9d569847 DependenciesID=23f0f9ae82150e99a34cf7d917d83057 StaticDependenciesID=dd6d97dac5a009b75d9a9a72d991cfd6 
Number of updated asset objects reloaded before import = 0Number of asset objects unloaded after import = 4

========================================================================
Received Import Request.
  Time since last request: 0.000040 seconds.
  path: Assets/SunboxGames/ModularDungeonCaves/Models/Plugs_01.fbx
  importAddress: Guid(c78f03a6d92598e49a3256b3eb7cce9d) Importer(2089858483,b0f066a214c2f5e87bad3c948f4d605d)
Start importing Assets/SunboxGames/ModularDungeonCaves/Models/Plugs_01.fbx using Guid(c78f03a6d92598e49a3256b3eb7cce9d) Importer(2089858483,b0f066a214c2f5e87bad3c948f4d605d) (ScriptedImporter) -> (Import Result ID: '2cafd8cf8934bb04fd0434717d4fae6e') in 0.0125449 seconds [static and dynamic dependencies]. Details - ImportResultOutputID=5f9c550cb395df7ce294a24c7baee148 DependenciesID=2de5793838ce5027760b7710574e55bf StaticDependenciesID=99335b2ac0675499533a866cce66dbf7 
Number of updated asset objects reloaded before import = 0Number of asset objects unloaded after import = 104

========================================================================
Received Import Request.
  Time since last request: 0.000024 seconds.
  path: Assets/SunboxGames/ModularDungeonCaves/Models/Cobweb_01.fbx
  importAddress: Guid(6bf3384351577c8469a4d405b8f7c901) Importer(2089858483,b0f066a214c2f5e87bad3c948f4d605d)
Start importing Assets/SunboxGames/ModularDungeonCaves/Models/Cobweb_01.fbx using Guid(6bf3384351577c8469a4d405b8f7c901) Importer(2089858483,b0f066a214c2f5e87bad3c948f4d605d) (ScriptedImporter) -> (Import Result ID: '152b76d5834da5ab523630cb177e5dc5') in 0.0087581 seconds [static and dynamic dependencies]. Details - ImportResultOutputID=f326ae5567d770718273a2f1caab396d DependenciesID=78a647e5574d342561ce83ff38d7c265 StaticDependenciesID=e4b49489d43e67e169e4864d0d1c64d6 
Number of updated asset objects reloaded before import = 0Number of asset objects unloaded after import = 24

========================================================================
Received Import Request.
  Time since last request: 0.000024 seconds.
  path: Assets/Ian's Fire Pack Universal/Textures/Particles/TorchFlame.png
  importAddress: Guid(9045335e51f7f4dd7a71ff246131985b) Importer(2089858483,b0f066a214c2f5e87bad3c948f4d605d)
Start importing Assets/Ian's Fire Pack Universal/Textures/Particles/TorchFlame.png using Guid(9045335e51f7f4dd7a71ff246131985b) Importer(2089858483,b0f066a214c2f5e87bad3c948f4d605d) (ScriptedImporter) -> (Import Result ID: '18e89437a960b38289a9c669806571fc') in 0.0113331 seconds [static and dynamic dependencies]. Details - ImportResultOutputID=8b115d99b76442f0419571c6b495af39 DependenciesID=27dbd2b42a02ce3f33eca1a0b946f8ef StaticDependenciesID=bf05149ab53037dd4e4f4f4162e51f0c 
Number of updated asset objects reloaded before import = 0Number of asset objects unloaded after import = 1

========================================================================
Received Import Request.
  Time since last request: 0.000025 seconds.
  path: Assets/TripoModels/ancient_chinese_queen_3d_model/ancient_chinese_queen_3d_model.fbm/ancient_chinese_queen_3d_model_basecolor.JPEG
  importAddress: Guid(72321f5b55e53f9448ae541bfc73517e) Importer(2089858483,b0f066a214c2f5e87bad3c948f4d605d)
Start importing Assets/TripoModels/ancient_chinese_queen_3d_model/ancient_chinese_queen_3d_model.fbm/ancient_chinese_queen_3d_model_basecolor.JPEG using Guid(72321f5b55e53f9448ae541bfc73517e) Importer(2089858483,b0f066a214c2f5e87bad3c948f4d605d) (ScriptedImporter) -> (Import Result ID: '4de6ec1c9c8dc7b3137bd624122df0fd') in 0.007718 seconds [static and dynamic dependencies]. Details - ImportResultOutputID=502c68b9ab782b3f3ed52cc2a4fa3c6d DependenciesID=bbb18fb4c294a83ae357282bb57b27be StaticDependenciesID=8d96106847f7c96b3ab5b648290f3e11 
Number of updated asset objects reloaded before import = 0Number of asset objects unloaded after import = 1

========================================================================
Received Import Request.
  Time since last request: 0.000021 seconds.
  path: Assets/mesh/未烧裂甲骨/Meshy_AI_Turtle_shell_fragment_0801173027_texture_fbx/Meshy_AI_Turtle_shell_fragment_0801173027_texture_metallic.png
  importAddress: Guid(f05aade5329c1fa4696752b7bf07100a) Importer(2089858483,b0f066a214c2f5e87bad3c948f4d605d)
Start importing Assets/mesh/未烧裂甲骨/Meshy_AI_Turtle_shell_fragment_0801173027_texture_fbx/Meshy_AI_Turtle_shell_fragment_0801173027_texture_metallic.png using Guid(f05aade5329c1fa4696752b7bf07100a) Importer(2089858483,b0f066a214c2f5e87bad3c948f4d605d) (ScriptedImporter) -> (Import Result ID: '9fc4fdb1f252e98610f871a0f85a7020') in 0.0077168 seconds [static and dynamic dependencies]. Details - ImportResultOutputID=273128311f0946d46872255078fcd7a4 DependenciesID=63420bb2cadf9432392adeba6243713a StaticDependenciesID=77310e74dd94d91a78345144425e48f0 
Number of updated asset objects reloaded before import = 0Number of asset objects unloaded after import = 1

========================================================================
Received Import Request.
  Time since last request: 0.000025 seconds.
  path: Assets/XRI/Settings/XRInteractionEditorSettings.asset
  importAddress: Guid(cdfb0ae97e0839a48bd846bddc98f148) Importer(2089858483,b0f066a214c2f5e87bad3c948f4d605d)
Start importing Assets/XRI/Settings/XRInteractionEditorSettings.asset using Guid(cdfb0ae97e0839a48bd846bddc98f148) Importer(2089858483,b0f066a214c2f5e87bad3c948f4d605d) (ScriptedImporter) -> (Import Result ID: '4dbb279074ea92b6c2041fb8c4428a2f') in 0.0053863 seconds [static and dynamic dependencies]. Details - ImportResultOutputID=dcec708160e8e97cbb39cef762fcdcad DependenciesID=fb2bd123cc1ccf1700da13fe1f244967 StaticDependenciesID=8ef9cd0ad7371cc7a2e7d45735776846 
Number of updated asset objects reloaded before import = 0Number of asset objects unloaded after import = 1

========================================================================
Received Import Request.
  Time since last request: 0.000029 seconds.
  path: Assets/SunboxGames/ModularDungeonCaves/Materials/CandleFlame.mat
  importAddress: Guid(1abdf150dd2eda341a64b39fa5b50791) Importer(2089858483,b0f066a214c2f5e87bad3c948f4d605d)
Start importing Assets/SunboxGames/ModularDungeonCaves/Materials/CandleFlame.mat using Guid(1abdf150dd2eda341a64b39fa5b50791) Importer(2089858483,b0f066a214c2f5e87bad3c948f4d605d) (ScriptedImporter) -> (Import Result ID: 'bec3de0fd7e3ff5a604d62eff6c9fd6b') in 0.0060543 seconds [static and dynamic dependencies]. Details - ImportResultOutputID=782c3f1c9f9bb08ab8d626bc06f26be0 DependenciesID=6bb9bd06bc19731406ab766c580e0e18 StaticDependenciesID=d68d22738a1dce5652ee31aeec77e9fe 
Number of updated asset objects reloaded before import = 0Number of asset objects unloaded after import = 2

========================================================================
Received Import Request.
  Time since last request: 0.000022 seconds.
  path: Assets/SunboxGames/ModularDungeonCaves/Materials/LogStairs_01.mat
  importAddress: Guid(c6f11323ded428542b411f4d1ef99033) Importer(2089858483,b0f066a214c2f5e87bad3c948f4d605d)
Start importing Assets/SunboxGames/ModularDungeonCaves/Materials/LogStairs_01.mat using Guid(c6f11323ded428542b411f4d1ef99033) Importer(2089858483,b0f066a214c2f5e87bad3c948f4d605d) (ScriptedImporter) -> (Import Result ID: 'f1e34c137e33c8a47b8a9653fc11e91c') in 0.075089 seconds [static and dynamic dependencies]. Details - ImportResultOutputID=90e1d85b34b6793a78df325a0261b4c0 DependenciesID=ae058860d39fe21fae2bb731d541803f StaticDependenciesID=519c023dc30c0098f77d2b80aa166cf2 
Number of updated asset objects reloaded before import = 0Number of asset objects unloaded after import = 5

========================================================================
Received Import Request.
  Time since last request: 0.000026 seconds.
  path: Assets/TripoModels/ancient_statue_3d_model/ancient_statue_3d_model.fbm/ancient_statue_3d_model_basecolor.JPEG
  importAddress: Guid(5a4df92fa3df04a47be6bfcf18bc872b) Importer(2089858483,b0f066a214c2f5e87bad3c948f4d605d)
Start importing Assets/TripoModels/ancient_statue_3d_model/ancient_statue_3d_model.fbm/ancient_statue_3d_model_basecolor.JPEG using Guid(5a4df92fa3df04a47be6bfcf18bc872b) Importer(2089858483,b0f066a214c2f5e87bad3c948f4d605d) (ScriptedImporter) -> (Import Result ID: '530b1d9965a7aa37351d3a2a6aa89445') in 0.0108071 seconds [static and dynamic dependencies]. Details - ImportResultOutputID=7abd82758fe92ed6eefc6eb21286c1cc DependenciesID=abb3da93a4480c230ad245b3ea6a1508 StaticDependenciesID=0d92b16185d81d0da279531e7fde96ff 
Number of updated asset objects reloaded before import = 0Number of asset objects unloaded after import = 1

========================================================================
Received Import Request.
  Time since last request: 0.000023 seconds.
  path: Assets/Ian's Fire Pack Universal/Textures/Particles/CandleAnim.png
  importAddress: Guid(edb0d5554db164c91a4a6b0088dc3dad) Importer(2089858483,b0f066a214c2f5e87bad3c948f4d605d)
Start importing Assets/Ian's Fire Pack Universal/Textures/Particles/CandleAnim.png using Guid(edb0d5554db164c91a4a6b0088dc3dad) Importer(2089858483,b0f066a214c2f5e87bad3c948f4d605d) (ScriptedImporter) -> (Import Result ID: '54eb54c98b3aa5d408069055556d5893') in 0.0088399 seconds [static and dynamic dependencies]. Details - ImportResultOutputID=a2cd0b5fd94549eb4c14805b85df12b7 DependenciesID=289d62c99d4e6e2afe9702d661138ba4 StaticDependenciesID=880ae7e13009de2fa13238f368fa997a 
Number of updated asset objects reloaded before import = 0Number of asset objects unloaded after import = 1

========================================================================
Received Import Request.
  Time since last request: 0.000024 seconds.
  path: Assets/materials/rusty_metal_sheet_4k/textures/rusty_metal_sheet_rough_4k.exr
  importAddress: Guid(5460b87e044861c42bae960a33411e12) Importer(2089858483,b0f066a214c2f5e87bad3c948f4d605d)
Start importing Assets/materials/rusty_metal_sheet_4k/textures/rusty_metal_sheet_rough_4k.exr using Guid(5460b87e044861c42bae960a33411e12) Importer(2089858483,b0f066a214c2f5e87bad3c948f4d605d) (ScriptedImporter) -> (Import Result ID: 'b9391137cd4e207b85d1c18e9d1a0a93') in 0.0076706 seconds [static and dynamic dependencies]. Details - ImportResultOutputID=497b27b5b4fa5cdd9cc9174ee10888b2 DependenciesID=42953bf8336e19ee20299865bc4afd09 StaticDependenciesID=7dc0045f8d8a1cde6045715f5e48da3c 
Number of updated asset objects reloaded before import = 0Number of asset objects unloaded after import = 1

========================================================================
Received Import Request.
  Time since last request: 0.000036 seconds.
  path: Assets/SunboxGames/ModularDungeonCaves/Models/Vines_01.fbx
  importAddress: Guid(1cced79cf4a741642ae3aa1e542ec451) Importer(2089858483,b0f066a214c2f5e87bad3c948f4d605d)
Start importing Assets/SunboxGames/ModularDungeonCaves/Models/Vines_01.fbx using Guid(1cced79cf4a741642ae3aa1e542ec451) Importer(2089858483,b0f066a214c2f5e87bad3c948f4d605d) (ScriptedImporter) -> (Import Result ID: '29b2afb95951e98f32b2d949f55fcc02') in 0.0071879 seconds [static and dynamic dependencies]. Details - ImportResultOutputID=a8d978d8d7b3de7fe5db19f90929d5c7 DependenciesID=edc35565da37ff780947a2995c0364a6 StaticDependenciesID=e6ce92c72c4540f53d46afb621ce7302 
Number of updated asset objects reloaded before import = 0Number of asset objects unloaded after import = 24

========================================================================
Received Import Request.
  Time since last request: 0.000021 seconds.
  path: Assets/TripoModels/ancient_chinese_statue_3d_model_3/ancient_chinese_statue_3d_model_3.fbm/ancient_chinese_statue_3d_model_basecolor.JPEG
  importAddress: Guid(455a14bf20704b0498d80df7c8b1b8f1) Importer(2089858483,b0f066a214c2f5e87bad3c948f4d605d)
Start importing Assets/TripoModels/ancient_chinese_statue_3d_model_3/ancient_chinese_statue_3d_model_3.fbm/ancient_chinese_statue_3d_model_basecolor.JPEG using Guid(455a14bf20704b0498d80df7c8b1b8f1) Importer(2089858483,b0f066a214c2f5e87bad3c948f4d605d) (ScriptedImporter) -> (Import Result ID: '3028d533470a12ab81ae025b7877be94') in 0.0070986 seconds [static and dynamic dependencies]. Details - ImportResultOutputID=092a2badd6764009cf135745d5cee43b DependenciesID=4df9bf6072be79dd36479ddb73ed4d3e StaticDependenciesID=f3afebba56f379be03fa6a5070df0a22 
Number of updated asset objects reloaded before import = 0Number of asset objects unloaded after import = 1

========================================================================
Received Import Request.
  Time since last request: 0.000024 seconds.
  path: Assets/TextMesh Pro/Resources/Fonts & Materials/LiberationSans SDF - Fallback.asset
  importAddress: Guid(2e498d1c8094910479dc3e1b768306a4) Importer(2089858483,b0f066a214c2f5e87bad3c948f4d605d)
Start importing Assets/TextMesh Pro/Resources/Fonts & Materials/LiberationSans SDF - Fallback.asset using Guid(2e498d1c8094910479dc3e1b768306a4) Importer(2089858483,b0f066a214c2f5e87bad3c948f4d605d) (ScriptedImporter) -> (Import Result ID: '35c949c0c34574a7a62965b85a9a63c9') in 0.0172925 seconds [static and dynamic dependencies]. Details - ImportResultOutputID=334a37ac3544af3eea1752e4d8f892de DependenciesID=edf6f769862fa712861445a95d4b60f7 StaticDependenciesID=8517010cdcf415fd45c6afe5df9513bc 
Number of updated asset objects reloaded before import = 0Number of asset objects unloaded after import = 5

========================================================================
Received Import Request.
  Time since last request: 0.000021 seconds.
  path: Assets/audio 1/tomb/Character/1/独白6（1）.wav
  importAddress: Guid(f9de4e26d762457499dad24b27f8dd0a) Importer(2089858483,b0f066a214c2f5e87bad3c948f4d605d)
Start importing Assets/audio 1/tomb/Character/1/独白6（1）.wav using Guid(f9de4e26d762457499dad24b27f8dd0a) Importer(2089858483,b0f066a214c2f5e87bad3c948f4d605d) (ScriptedImporter) -> (Import Result ID: '3eeb330cc3e1eadfda95416a2cdb761e') in 0.0042379 seconds [static and dynamic dependencies]. Details - ImportResultOutputID=e875d1e7bfd8c330c5ca65cb08201ced DependenciesID=6b464e7ca5e7f91d3c2901b32b03a414 StaticDependenciesID=b42fbc907793e2f2fa6ac9a423d51604 
Number of updated asset objects reloaded before import = 0Number of asset objects unloaded after import = 1

========================================================================
Received Import Request.
  Time since last request: 0.000022 seconds.
  path: Assets/SunboxGames/ModularDungeonCaves/Prefabs/ModularPieces/SmallPlug_01.prefab
  importAddress: Guid(23ea0b64ad6ab3043a470d12c89954b1) Importer(2089858483,e11c23a36db5f54750b8cd40eac0985b)
Start importing Assets/SunboxGames/ModularDungeonCaves/Prefabs/ModularPieces/SmallPlug_01.prefab using Guid(23ea0b64ad6ab3043a470d12c89954b1) Importer(2089858483,e11c23a36db5f54750b8cd40eac0985b) (ScriptedImporter) -> (Import Result ID: 'ee10cd1a32dba0ebc9b756384f7a92b1') in 0.0093829 seconds [static and dynamic dependencies]. Details - ImportResultOutputID=bee677b4115a02de285ebda19c8e2217 DependenciesID=6390e9560102c92acac73eb865480965 StaticDependenciesID=04b11c3172efbc94dbf7ea4d99eadb48 
Number of updated asset objects reloaded before import = 0Number of asset objects unloaded after import = 15

========================================================================
Received Import Request.
  Time since last request: 0.000020 seconds.
  path: Assets/mesh/烧裂甲骨/Meshy_AI_Cracked_Marble_Bust_0801173147_texture_fbx/Materials/Meshy_AI_Cracked_Marble_Bust_0801173147_texture.mat
  importAddress: Guid(8335e733f24504c4db59ddf941d5f6af) Importer(2089858483,b0f066a214c2f5e87bad3c948f4d605d)
Start importing Assets/mesh/烧裂甲骨/Meshy_AI_Cracked_Marble_Bust_0801173147_texture_fbx/Materials/Meshy_AI_Cracked_Marble_Bust_0801173147_texture.mat using Guid(8335e733f24504c4db59ddf941d5f6af) Importer(2089858483,b0f066a214c2f5e87bad3c948f4d605d) (ScriptedImporter) -> (Import Result ID: '285f6853293fc065995627a41afe0261') in 0.0093179 seconds [static and dynamic dependencies]. Details - ImportResultOutputID=f47d49576eba8d24f961d8914abd9286 DependenciesID=b3fe5ec5d4126bd0eb6f898862dc42f3 StaticDependenciesID=9689cb26a4a993c94bfdc471b29f1401 
Number of updated asset objects reloaded before import = 0Number of asset objects unloaded after import = 4

========================================================================
Received Import Request.
  Time since last request: 0.000028 seconds.
  path: Assets/XR/Animated Hands/Animations/l_hand_default_anim.fbx
  importAddress: Guid(1ae9aefe37a62de429ddc2edd1ca36f3) Importer(2089858483,b0f066a214c2f5e87bad3c948f4d605d)
Start importing Assets/XR/Animated Hands/Animations/l_hand_default_anim.fbx using Guid(1ae9aefe37a62de429ddc2edd1ca36f3) Importer(2089858483,b0f066a214c2f5e87bad3c948f4d605d) (ScriptedImporter) -> (Import Result ID: '07adc48f8aed4b57b4659715ae47f971') in 0.0229184 seconds [static and dynamic dependencies]. Details - ImportResultOutputID=903ab35955cb3ac21a00d6c3a2825b1c DependenciesID=84d7a07824f95715a5b2ca7f12324b23 StaticDependenciesID=8fa6fc904954ab6f3ea8d5f68944a2fd 
Number of updated asset objects reloaded before import = 0Number of asset objects unloaded after import = 57

========================================================================
Received Import Request.
  Time since last request: 0.000065 seconds.
  path: Assets/audio 1/tomb/Character/3/独白8（2）.wav
  importAddress: Guid(7107079586f902e4ca90f2e024d43daa) Importer(2089858483,b0f066a214c2f5e87bad3c948f4d605d)
Start importing Assets/audio 1/tomb/Character/3/独白8（2）.wav using Guid(7107079586f902e4ca90f2e024d43daa) Importer(2089858483,b0f066a214c2f5e87bad3c948f4d605d) (ScriptedImporter) -> (Import Result ID: 'c6507efe9af5370d8247c21420c8892c') in 0.0518341 seconds [static and dynamic dependencies]. Details - ImportResultOutputID=12a566767d69c27133cd579a4e9462a6 DependenciesID=98096d20b82e45fda275a545131f5a7c StaticDependenciesID=cb7289901b7ff5f2a4a128e60fb31c83 
Number of updated asset objects reloaded before import = 0Number of asset objects unloaded after import = 1

========================================================================
Received Import Request.
  Time since last request: 0.000040 seconds.
  path: Assets/TripoModels/ornate_crown_statue_3d_model/ornate_crown_statue_3d_model.fbm/ornate_crown_statue_3d_model_normal.JPEG
  importAddress: Guid(465b8be6d954f2447b19b3ff0e918940) Importer(2089858483,b0f066a214c2f5e87bad3c948f4d605d)
Start importing Assets/TripoModels/ornate_crown_statue_3d_model/ornate_crown_statue_3d_model.fbm/ornate_crown_statue_3d_model_normal.JPEG using Guid(465b8be6d954f2447b19b3ff0e918940) Importer(2089858483,b0f066a214c2f5e87bad3c948f4d605d) (ScriptedImporter) -> (Import Result ID: 'aa9f13a9de4a8604a9735ae920b66ca8') in 0.0275997 seconds [static and dynamic dependencies]. Details - ImportResultOutputID=bc204062417a5c2ab5f11a319982a022 DependenciesID=d7a5698d3caa6a625426ffb9be83f9fa StaticDependenciesID=66e0b4a01a8c1f0165ee140758e3edb3 
Number of updated asset objects reloaded before import = 0Number of asset objects unloaded after import = 1

========================================================================
Received Import Request.
  Time since last request: 0.000028 seconds.
  path: Assets/audio 1/tomb/Character/1/独白6（3）.wav
  importAddress: Guid(f076103f85d34f74ba552ea65f67e6a9) Importer(2089858483,b0f066a214c2f5e87bad3c948f4d605d)
Start importing Assets/audio 1/tomb/Character/1/独白6（3）.wav using Guid(f076103f85d34f74ba552ea65f67e6a9) Importer(2089858483,b0f066a214c2f5e87bad3c948f4d605d) (ScriptedImporter) -> (Import Result ID: 'c7a5c51afcb9f60118b62730ee3594ea') in 0.0064767 seconds [static and dynamic dependencies]. Details - ImportResultOutputID=d8a97f83a222217ea972185831d9f611 DependenciesID=9bf04c2d9a5dad0fa18b17de7258df86 StaticDependenciesID=5686f44edf5f8f6846ca8eeed12bf1d8 
Number of updated asset objects reloaded before import = 0Number of asset objects unloaded after import = 1

========================================================================
Received Import Request.
  Time since last request: 0.000043 seconds.
  path: Assets/SunboxGames/ModularDungeonCaves/Materials/CavePieces/MediumChamber_01.mat
  importAddress: Guid(c3776b2d1be7d834683ca5fb288ab1ee) Importer(2089858483,b0f066a214c2f5e87bad3c948f4d605d)
Start importing Assets/SunboxGames/ModularDungeonCaves/Materials/CavePieces/MediumChamber_01.mat using Guid(c3776b2d1be7d834683ca5fb288ab1ee) Importer(2089858483,b0f066a214c2f5e87bad3c948f4d605d) (ScriptedImporter) -> (Import Result ID: 'e11624e248218ca3ef2e6545adf5c971') in 0.0633663 seconds [static and dynamic dependencies]. Details - ImportResultOutputID=2ba69e2c17d1f84b48d8fef5877f3f41 DependenciesID=a779f954b57514bf966680d62bcaef25 StaticDependenciesID=c5ce0a641c35142fa2e7364c4e739707 
Number of updated asset objects reloaded before import = 0Number of asset objects unloaded after import = 8

========================================================================
Received Import Request.
  Time since last request: 0.000036 seconds.
  path: Assets/XRI/Settings/Resources/XRDeviceSimulatorSettings.asset
  importAddress: Guid(eff7c364eea0e4545b9a8c7120cb79a7) Importer(2089858483,b0f066a214c2f5e87bad3c948f4d605d)
Start importing Assets/XRI/Settings/Resources/XRDeviceSimulatorSettings.asset using Guid(eff7c364eea0e4545b9a8c7120cb79a7) Importer(2089858483,b0f066a214c2f5e87bad3c948f4d605d) (ScriptedImporter) -> (Import Result ID: '35bfa2c4831e3e1d032c6d5c0b806246') in 0.0123606 seconds [static and dynamic dependencies]. Details - ImportResultOutputID=ef7e285baca64c7987345b9a28264eb4 DependenciesID=ad114935dbcea6a6c81a48ba24108380 StaticDependenciesID=048a40192c105a589e61319c7947ae61 
Number of updated asset objects reloaded before import = 0Number of asset objects unloaded after import = 1

========================================================================
Received Import Request.
  Time since last request: 0.000029 seconds.
  path: Assets/TripoModels/stone_fire_pit_3d_model/stone_fire_pit_3d_model.fbm/stone_fire_pit_3d_model_metallic.JPEG
  importAddress: Guid(d130eddcd479b784e99e69d2ff2a8a7d) Importer(2089858483,b0f066a214c2f5e87bad3c948f4d605d)
Start importing Assets/TripoModels/stone_fire_pit_3d_model/stone_fire_pit_3d_model.fbm/stone_fire_pit_3d_model_metallic.JPEG using Guid(d130eddcd479b784e99e69d2ff2a8a7d) Importer(2089858483,b0f066a214c2f5e87bad3c948f4d605d) (ScriptedImporter) -> (Import Result ID: 'dc6b3f93559db7e093a69929b0b7a954') in 0.0121853 seconds [static and dynamic dependencies]. Details - ImportResultOutputID=40114f9118eb7d9e7f324f490c98efca DependenciesID=d98febebb77b487f7798e654199482e2 StaticDependenciesID=5a0e5588dd27097eaee00ce05bdfe92d 
Number of updated asset objects reloaded before import = 0Number of asset objects unloaded after import = 1

========================================================================
Received Import Request.
  Time since last request: 0.000031 seconds.
  path: Assets/TripoModels/ancient_statue_3d_model_4/ancient_statue_3d_model_4.fbm/ancient_statue_3d_model_normal.JPEG
  importAddress: Guid(3148308a87a9283439e7b98a7a22994e) Importer(2089858483,b0f066a214c2f5e87bad3c948f4d605d)
Start importing Assets/TripoModels/ancient_statue_3d_model_4/ancient_statue_3d_model_4.fbm/ancient_statue_3d_model_normal.JPEG using Guid(3148308a87a9283439e7b98a7a22994e) Importer(2089858483,b0f066a214c2f5e87bad3c948f4d605d) (ScriptedImporter) -> (Import Result ID: 'e74a7becc5b393a7f3b3dc726787a2ab') in 0.0148456 seconds [static and dynamic dependencies]. Details - ImportResultOutputID=e2503d94cc97b3e9d6ce75b6a3af3e43 DependenciesID=53b236e5cb45385b8e5ab52a628bee6d StaticDependenciesID=dbe91905ea0073b9fe2ced60ae3fdf74 
Number of updated asset objects reloaded before import = 0Number of asset objects unloaded after import = 1

========================================================================
Received Import Request.
  Time since last request: 0.000043 seconds.
  path: Assets/TripoModels/ancient_statue_3d_model_3/Materials/ancient_statue_3d_model_basecolor.mat
  importAddress: Guid(16d2cef9575003244bc0933a6935aba4) Importer(2089858483,b0f066a214c2f5e87bad3c948f4d605d)
Start importing Assets/TripoModels/ancient_statue_3d_model_3/Materials/ancient_statue_3d_model_basecolor.mat using Guid(16d2cef9575003244bc0933a6935aba4) Importer(2089858483,b0f066a214c2f5e87bad3c948f4d605d) (ScriptedImporter) -> (Import Result ID: 'a92afe146c725708386115a9c1705d8c') in 0.0258909 seconds [static and dynamic dependencies]. Details - ImportResultOutputID=bd153f918bc9eb56ad5facc2c86eaee9 DependenciesID=6b8a9981e481ddc6c3e96c05470fbda3 StaticDependenciesID=2adab0b4e315dcaa18b2884ef7aeb37c 
Number of updated asset objects reloaded before import = 0Number of asset objects unloaded after import = 4

========================================================================
Received Import Request.
  Time since last request: 0.000035 seconds.
  path: Assets/SunboxGames/ModularDungeonCaves/Materials/CavePieces/MediumChamber_03.mat
  importAddress: Guid(23704b4ed894ea449a91fd42ceb12053) Importer(2089858483,b0f066a214c2f5e87bad3c948f4d605d)
Start importing Assets/SunboxGames/ModularDungeonCaves/Materials/CavePieces/MediumChamber_03.mat using Guid(23704b4ed894ea449a91fd42ceb12053) Importer(2089858483,b0f066a214c2f5e87bad3c948f4d605d) (ScriptedImporter) -> (Import Result ID: '3704b91fbd8eded7cf15acc9e7a132c7') in 0.0512091 seconds [static and dynamic dependencies]. Details - ImportResultOutputID=683cc7c7a606ad4e4e1f5c073da92d43 DependenciesID=f3b8ce925a7633886ea891698109c153 StaticDependenciesID=cca55bbcc999802ff6f015ee06d648e6 
Number of updated asset objects reloaded before import = 0Number of asset objects unloaded after import = 8

========================================================================
Received Import Request.
  Time since last request: 0.000036 seconds.
  path: Assets/TripoModels/stone_fire_pit_3d_model/Materials/stone_fire_pit_3d_model_basecolor.mat
  importAddress: Guid(2249fb0764a2fa4458edd64a3e38d114) Importer(2089858483,b0f066a214c2f5e87bad3c948f4d605d)
Start importing Assets/TripoModels/stone_fire_pit_3d_model/Materials/stone_fire_pit_3d_model_basecolor.mat using Guid(2249fb0764a2fa4458edd64a3e38d114) Importer(2089858483,b0f066a214c2f5e87bad3c948f4d605d) (ScriptedImporter) -> (Import Result ID: '200570f6e856c96faccf04157a6dad6c') in 0.0231966 seconds [static and dynamic dependencies]. Details - ImportResultOutputID=e230b6e47f076456bf3f332fcdfc7d0d DependenciesID=d45277d5c375c7fb885dd68747ba4212 StaticDependenciesID=e996b9bf1214291cd69cb8c1289b6e78 
Number of updated asset objects reloaded before import = 0Number of asset objects unloaded after import = 4

========================================================================
Received Import Request.
  Time since last request: 0.000056 seconds.
  path: Assets/SunboxGames/ModularDungeonCaves/Prefabs/Rocks/Dripstone_03.prefab
  importAddress: Guid(01cfb7d3901241a49b2bda1464bea868) Importer(2089858483,e11c23a36db5f54750b8cd40eac0985b)
Start importing Assets/SunboxGames/ModularDungeonCaves/Prefabs/Rocks/Dripstone_03.prefab using Guid(01cfb7d3901241a49b2bda1464bea868) Importer(2089858483,e11c23a36db5f54750b8cd40eac0985b) (ScriptedImporter) -> (Import Result ID: 'd68625320aa388a27bef9eaeb1b17e1d') in 0.0153739 seconds [static and dynamic dependencies]. Details - ImportResultOutputID=a78314c5a6e55927d2fc75bb7e7f8f68 DependenciesID=0baa688a0d558e8608dd9c521d2d3e64 StaticDependenciesID=187bec42643e0167ba5245fc71d3c199 
Number of updated asset objects reloaded before import = 0Number of asset objects unloaded after import = 11

========================================================================
Received Import Request.
  Time since last request: 0.000029 seconds.
  path: Assets/SunboxGames/ModularDungeonCaves/Prefabs/Various/Cobweb03.prefab
  importAddress: Guid(a0200d194f90cc34d98b147bed24af73) Importer(2089858483,e11c23a36db5f54750b8cd40eac0985b)
Start importing Assets/SunboxGames/ModularDungeonCaves/Prefabs/Various/Cobweb03.prefab using Guid(a0200d194f90cc34d98b147bed24af73) Importer(2089858483,e11c23a36db5f54750b8cd40eac0985b) (ScriptedImporter) -> (Import Result ID: 'f6a44636f77417b825b23aedd0c56afb') in 0.0114206 seconds [static and dynamic dependencies]. Details - ImportResultOutputID=23c5a08a438d0ffae56d91aa7c60ad4a DependenciesID=db0118708d1a192171958546c87c8a96 StaticDependenciesID=be81934ab300d10e8977f2530f297351 
Number of updated asset objects reloaded before import = 0Number of asset objects unloaded after import = 8

========================================================================
Received Import Request.
  Time since last request: 0.000033 seconds.
  path: Assets/SunboxGames/ModularDungeonCaves/Prefabs/Various/MountedTorch01.prefab
  importAddress: Guid(b1fdee6ca5c4f9d4d8f81fc6fa216fcf) Importer(2089858483,e11c23a36db5f54750b8cd40eac0985b)
Start importing Assets/SunboxGames/ModularDungeonCaves/Prefabs/Various/MountedTorch01.prefab using Guid(b1fdee6ca5c4f9d4d8f81fc6fa216fcf) Importer(2089858483,e11c23a36db5f54750b8cd40eac0985b) (ScriptedImporter) -> (Import Result ID: '9819ddcdef7d5e7fb15adab4ade25f1a') in 0.035043 seconds [static and dynamic dependencies]. Details - ImportResultOutputID=1aa2d879a1cb5b330372fc046bcf5773 DependenciesID=704d4fd9fba9a0f1b173515fb9d31349 StaticDependenciesID=3c0804cbbde4b575a40568f49403846a 
Number of updated asset objects reloaded before import = 0Number of asset objects unloaded after import = 23

========================================================================
Received Import Request.
  Time since last request: 0.000063 seconds.
  path: Assets/TripoModels/stone_sculpture_prop_3d_model/stone_sculpture_prop_3d_model.fbm/stone_sculpture_prop_3d_model_basecolor.JPEG
  importAddress: Guid(bc6f2479dd78b5746af30195ff5c914e) Importer(2089858483,b0f066a214c2f5e87bad3c948f4d605d)
Start importing Assets/TripoModels/stone_sculpture_prop_3d_model/stone_sculpture_prop_3d_model.fbm/stone_sculpture_prop_3d_model_basecolor.JPEG using Guid(bc6f2479dd78b5746af30195ff5c914e) Importer(2089858483,b0f066a214c2f5e87bad3c948f4d605d) (ScriptedImporter) -> (Import Result ID: '53c8595c24d17180befa10654874aec3') in 0.0109382 seconds [static and dynamic dependencies]. Details - ImportResultOutputID=398dcffecb3873682c06e8787fcc0f02 DependenciesID=dbf8bb4025e131a11642f82f7c007e83 StaticDependenciesID=aa6cc3ad44201f4b041a2795ba19c139 
Number of updated asset objects reloaded before import = 0Number of asset objects unloaded after import = 1

========================================================================
Received Import Request.
  Time since last request: 0.000045 seconds.
  path: Assets/SunboxGames/ModularDungeonCaves/Scenes/CaveDemoScene02/ReflectionProbe-1.exr
  importAddress: Guid(6d8d0de47ac167d4f9a2bfa0e0769f3c) Importer(2089858483,b0f066a214c2f5e87bad3c948f4d605d)
Start importing Assets/SunboxGames/ModularDungeonCaves/Scenes/CaveDemoScene02/ReflectionProbe-1.exr using Guid(6d8d0de47ac167d4f9a2bfa0e0769f3c) Importer(2089858483,b0f066a214c2f5e87bad3c948f4d605d) (ScriptedImporter) -> (Import Result ID: '4ec86ed46329eddd8109aab1dcf8bb9d') in 0.0124352 seconds [static and dynamic dependencies]. Details - ImportResultOutputID=f95592bca4b56583276b71070f81a6d2 DependenciesID=d8f5438690f3da06651cb8d64807976b StaticDependenciesID=414ea238e5ee1f2eb73f86e3c88f9fbf 
Number of updated asset objects reloaded before import = 0Number of asset objects unloaded after import = 1

========================================================================
Received Import Request.
  Time since last request: 0.000025 seconds.
  path: Assets/SunboxGames/ModularDungeonCaves/Prefabs/Mushrooms/Mushroom04_Brown.prefab
  importAddress: Guid(32ce578893da48a4e9b19c609627679f) Importer(2089858483,e11c23a36db5f54750b8cd40eac0985b)
Start importing Assets/SunboxGames/ModularDungeonCaves/Prefabs/Mushrooms/Mushroom04_Brown.prefab using Guid(32ce578893da48a4e9b19c609627679f) Importer(2089858483,e11c23a36db5f54750b8cd40eac0985b) (ScriptedImporter) -> (Import Result ID: 'd1862bc70deab629e8b268f99fed9129') in 0.0094045 seconds [static and dynamic dependencies]. Details - ImportResultOutputID=55ba99948ac5ea80d4513bc3e36e76ca DependenciesID=e898029b45bce41af72dc551c9304afc StaticDependenciesID=d9172439489b27ae2dfd538c0b4d1f88 
Number of updated asset objects reloaded before import = 0Number of asset objects unloaded after import = 8

========================================================================
Received Import Request.
  Time since last request: 0.000024 seconds.
  path: Assets/XR/Animated Hands/Animations/r_hand_pinch_anim.fbx
  importAddress: Guid(165871bb4fa915847973b6955c7a670d) Importer(2089858483,b0f066a214c2f5e87bad3c948f4d605d)
Start importing Assets/XR/Animated Hands/Animations/r_hand_pinch_anim.fbx using Guid(165871bb4fa915847973b6955c7a670d) Importer(2089858483,b0f066a214c2f5e87bad3c948f4d605d) (ScriptedImporter) -> (Import Result ID: 'daf22dd8b5caa7310ab9d7121d47672e') in 0.0107626 seconds [static and dynamic dependencies]. Details - ImportResultOutputID=776a10b6680fc7accdfd544064ebe45c DependenciesID=4e0bedeb10f9a773f7a0a1351e274d1d StaticDependenciesID=1a81513a261522c9d65ec109aeff9a8f 
Number of updated asset objects reloaded before import = 0Number of asset objects unloaded after import = 57

========================================================================
Received Import Request.
  Time since last request: 0.000026 seconds.
  path: Assets/TripoModels/stone_fire_pit_3d_model/stone_fire_pit_3d_model.fbm/stone_fire_pit_3d_model_basecolor.JPEG
  importAddress: Guid(e94d256bf4cb98547b814400bab88ab4) Importer(2089858483,b0f066a214c2f5e87bad3c948f4d605d)
Start importing Assets/TripoModels/stone_fire_pit_3d_model/stone_fire_pit_3d_model.fbm/stone_fire_pit_3d_model_basecolor.JPEG using Guid(e94d256bf4cb98547b814400bab88ab4) Importer(2089858483,b0f066a214c2f5e87bad3c948f4d605d) (ScriptedImporter) -> (Import Result ID: '51487de3eb307cd9a08def3c77cd7ab9') in 0.0088934 seconds [static and dynamic dependencies]. Details - ImportResultOutputID=bc6847661636cd03803e44be2badabbd DependenciesID=0b4c544d708dcc6ea762df052459f00e StaticDependenciesID=ab4e41f23dab3b94096475008533cf3b 
Number of updated asset objects reloaded before import = 0Number of asset objects unloaded after import = 1

========================================================================
Received Import Request.
  Time since last request: 0.000027 seconds.
  path: Assets/TripoModels/stone_fire_pit_3d_model/stone_fire_pit_3d_model.fbm/stone_fire_pit_3d_model_rm.JPEG
  importAddress: Guid(38f60b84a23a8b140ad5e7227c6e0a25) Importer(2089858483,b0f066a214c2f5e87bad3c948f4d605d)
Start importing Assets/TripoModels/stone_fire_pit_3d_model/stone_fire_pit_3d_model.fbm/stone_fire_pit_3d_model_rm.JPEG using Guid(38f60b84a23a8b140ad5e7227c6e0a25) Importer(2089858483,b0f066a214c2f5e87bad3c948f4d605d) (ScriptedImporter) -> (Import Result ID: 'f30dcc0747023ea2bc7453a768a762bd') in 0.0129347 seconds [static and dynamic dependencies]. Details - ImportResultOutputID=837a551f4d7eb44d8a247271445da150 DependenciesID=512be322adf2960fc1fd79f7cdea4c64 StaticDependenciesID=e9a7b494b8d4437f055c83625135df14 
Number of updated asset objects reloaded before import = 0Number of asset objects unloaded after import = 1

========================================================================
Received Import Request.
  Time since last request: 0.000028 seconds.
  path: Assets/BefourStudios/AsianDynastyEnvironment/Art/Prefabs/SM_Bazaar_Props11.prefab
  importAddress: Guid(abc00000000014975231452980376153) Importer(2089858483,e11c23a36db5f54750b8cd40eac0985b)
Start importing Assets/BefourStudios/AsianDynastyEnvironment/Art/Prefabs/SM_Bazaar_Props11.prefab using Guid(abc00000000014975231452980376153) Importer(2089858483,e11c23a36db5f54750b8cd40eac0985b) (ScriptedImporter) -> (Import Result ID: '610525774abbf9e80d80c778aa326a57') in 0.0296056 seconds [static and dynamic dependencies]. Details - ImportResultOutputID=4fadda7f6cc18bc83672a08afc5d2e9b DependenciesID=b50e7348f94fa1c26cda47c88791029f StaticDependenciesID=d9a82723a5f26a29302effa27ac974e5 
Number of updated asset objects reloaded before import = 0Number of asset objects unloaded after import = 39

========================================================================
Received Import Request.
  Time since last request: 0.000026 seconds.
  path: Assets/SunboxGames/ModularDungeonCaves/Prefabs/Various/StandingTorch01.prefab
  importAddress: Guid(795370f51a295294fa64ddb148e3ea74) Importer(2089858483,e11c23a36db5f54750b8cd40eac0985b)
Start importing Assets/SunboxGames/ModularDungeonCaves/Prefabs/Various/StandingTorch01.prefab using Guid(795370f51a295294fa64ddb148e3ea74) Importer(2089858483,e11c23a36db5f54750b8cd40eac0985b) (ScriptedImporter) -> (Import Result ID: 'c94a10b9030539f99c55f856692a2133') in 0.0272626 seconds [static and dynamic dependencies]. Details - ImportResultOutputID=d84d2ae0db0a3cbf551238ff0fdef47c DependenciesID=ee1d71f6f1edb153a587dad058f36cf0 StaticDependenciesID=7182dc69a2427d3ca6aed05abbffd97f 
Number of updated asset objects reloaded before import = 0Number of asset objects unloaded after import = 23

========================================================================
Received Import Request.
  Time since last request: 0.000030 seconds.
  path: Assets/SunboxGames/ModularDungeonCaves/Prefabs/Mushrooms/Mushroom04_Red.prefab
  importAddress: Guid(97099a5dc1f4310478a7ba0ec326b901) Importer(2089858483,e11c23a36db5f54750b8cd40eac0985b)
Start importing Assets/SunboxGames/ModularDungeonCaves/Prefabs/Mushrooms/Mushroom04_Red.prefab using Guid(97099a5dc1f4310478a7ba0ec326b901) Importer(2089858483,e11c23a36db5f54750b8cd40eac0985b) (ScriptedImporter) -> (Import Result ID: '2da455716be78b0d86a37ead0bd525f7') in 0.0100751 seconds [static and dynamic dependencies]. Details - ImportResultOutputID=65688ffb30360cd9d3cbc331f4308c6e DependenciesID=573e831f57eb48c4a3534cfeae34694a StaticDependenciesID=00d6e1368f265646bb06a9ad975a54c0 
Number of updated asset objects reloaded before import = 0Number of asset objects unloaded after import = 9

========================================================================
Received Import Request.
  Time since last request: 0.000026 seconds.
  path: Assets/TripoModels/pregnant_goddess_statue_3d_model/pregnant_goddess_statue_3d_model.fbm/pregnant_goddess_statue_3d_model_basecolor.JPEG
  importAddress: Guid(1c426520ab15b9a46aa8caf1dee2179c) Importer(2089858483,b0f066a214c2f5e87bad3c948f4d605d)
Start importing Assets/TripoModels/pregnant_goddess_statue_3d_model/pregnant_goddess_statue_3d_model.fbm/pregnant_goddess_statue_3d_model_basecolor.JPEG using Guid(1c426520ab15b9a46aa8caf1dee2179c) Importer(2089858483,b0f066a214c2f5e87bad3c948f4d605d) (ScriptedImporter) -> (Import Result ID: '218c6c37c754ab5087e178dd694190f5') in 0.0097141 seconds [static and dynamic dependencies]. Details - ImportResultOutputID=f0af3ae434c5f2cdef6ff36ddfded906 DependenciesID=7f378c4188eefe319466ebaa18af086f StaticDependenciesID=5ef85497f9bd68d23c656235692a3dbe 
Number of updated asset objects reloaded before import = 0Number of asset objects unloaded after import = 1

========================================================================
Received Import Request.
  Time since last request: 0.000043 seconds.
  path: Assets/BefourStudios/AsianDynastyEnvironment/Art/Textures/T_TreesBillboard_BaseColor.png
  importAddress: Guid(abc00000000006671877366767101217) Importer(2089858483,b0f066a214c2f5e87bad3c948f4d605d)
Start importing Assets/BefourStudios/AsianDynastyEnvironment/Art/Textures/T_TreesBillboard_BaseColor.png using Guid(abc00000000006671877366767101217) Importer(2089858483,b0f066a214c2f5e87bad3c948f4d605d) (ScriptedImporter) -> (Import Result ID: '9498b68703595178b3a8acf3233608e8') in 0.0088518 seconds [static and dynamic dependencies]. Details - ImportResultOutputID=9c175568a4a5c88c647550ec51101f9b DependenciesID=a2c25ed4fc6d64df717cda64bf93d463 StaticDependenciesID=86f539b1a0a5041afe0a9b9b6014cf7f 
Number of updated asset objects reloaded before import = 0Number of asset objects unloaded after import = 1

========================================================================
Received Import Request.
  Time since last request: 0.000022 seconds.
  path: Assets/SunboxGames/ModularDungeonCaves/Textures/MediumChamber_02/MediumChamber_02_collider_MediumChamber_02_AlbedoTransparency.png
  importAddress: Guid(d8eca47318f78d2499c8f1a0f54e7d35) Importer(2089858483,b0f066a214c2f5e87bad3c948f4d605d)
Start importing Assets/SunboxGames/ModularDungeonCaves/Textures/MediumChamber_02/MediumChamber_02_collider_MediumChamber_02_AlbedoTransparency.png using Guid(d8eca47318f78d2499c8f1a0f54e7d35) Importer(2089858483,b0f066a214c2f5e87bad3c948f4d605d) (ScriptedImporter) -> (Import Result ID: '73e5914927d26346f12ed5c02d28521b') in 0.0164208 seconds [static and dynamic dependencies]. Details - ImportResultOutputID=a3edf038a4948ea4d87391569d6a1328 DependenciesID=c47a89d1bdebd7b60ba164f9604d575a StaticDependenciesID=db4e58947814ff66e5594a935daf91fc 
Number of updated asset objects reloaded before import = 0Number of asset objects unloaded after import = 1

========================================================================
Received Import Request.
  Time since last request: 0.000027 seconds.
  path: Assets/SunboxGames/ModularDungeonCaves/Textures/CaveStone_01/Stones_01_Paint_CaveStone_01_SpecularSmoothness.png
  importAddress: Guid(3a09a46923b7a764590d3420e1258384) Importer(2089858483,b0f066a214c2f5e87bad3c948f4d605d)
Start importing Assets/SunboxGames/ModularDungeonCaves/Textures/CaveStone_01/Stones_01_Paint_CaveStone_01_SpecularSmoothness.png using Guid(3a09a46923b7a764590d3420e1258384) Importer(2089858483,b0f066a214c2f5e87bad3c948f4d605d) (ScriptedImporter) -> (Import Result ID: '1987341295a74f876c01ba0c569ea0e0') in 0.0335221 seconds [static and dynamic dependencies]. Details - ImportResultOutputID=ce3177aebc3d726a0ac0819e558cecdb DependenciesID=c8e4804e43cab321164fe69689cb765b StaticDependenciesID=5a23a34392bd9904790e6f5dec9a4a5a 
Number of updated asset objects reloaded before import = 0Number of asset objects unloaded after import = 1

========================================================================
Received Import Request.
  Time since last request: 0.000022 seconds.
  path: Assets/SunboxGames/ModularDungeonCaves/Textures/MediumChamber_03/MediumChamber_03_Paint_MediumChamber_03_AlbedoTransparency.png
  importAddress: Guid(6abd9e109bc370c429bba9d69656ad80) Importer(2089858483,b0f066a214c2f5e87bad3c948f4d605d)
Start importing Assets/SunboxGames/ModularDungeonCaves/Textures/MediumChamber_03/MediumChamber_03_Paint_MediumChamber_03_AlbedoTransparency.png using Guid(6abd9e109bc370c429bba9d69656ad80) Importer(2089858483,b0f066a214c2f5e87bad3c948f4d605d) (ScriptedImporter) -> (Import Result ID: '2dcf813ceb0f0d2cc06d923d95d09d34') in 0.0134778 seconds [static and dynamic dependencies]. Details - ImportResultOutputID=5197bae476ec35a97b5e23eac20214a4 DependenciesID=9d731fc0f6533f7b7f93a2f0d8ba1c0d StaticDependenciesID=2a6034241585e1a1b83dbaaf64486970 
Number of updated asset objects reloaded before import = 0Number of asset objects unloaded after import = 1

========================================================================
Received Import Request.
  Time since last request: 0.000028 seconds.
  path: Assets/SunboxGames/ModularDungeonCaves/Scenes/CaveDemoScene02/ReflectionProbe-8.exr
  importAddress: Guid(e878c2a4d9055a5489d4548c0bae821e) Importer(2089858483,b0f066a214c2f5e87bad3c948f4d605d)
Start importing Assets/SunboxGames/ModularDungeonCaves/Scenes/CaveDemoScene02/ReflectionProbe-8.exr using Guid(e878c2a4d9055a5489d4548c0bae821e) Importer(2089858483,b0f066a214c2f5e87bad3c948f4d605d) (ScriptedImporter) -> (Import Result ID: '47ec23495d673744a5eea805e0a284a4') in 0.0081549 seconds [static and dynamic dependencies]. Details - ImportResultOutputID=15b06ed6c04d05e857e131172a88b288 DependenciesID=4dac66cbdf36e293e66b08a20fd39763 StaticDependenciesID=b15ebef5030f3c6b63b0da88e4b811d8 
Number of updated asset objects reloaded before import = 0Number of asset objects unloaded after import = 1

========================================================================
Received Import Request.
  Time since last request: 0.000043 seconds.
  path: Assets/SunboxGames/ModularDungeonCaves/Textures/Mushrooms/Mushrooms_AO.png
  importAddress: Guid(43812975aa637ab4fb4ffc88d5aefdc5) Importer(2089858483,b0f066a214c2f5e87bad3c948f4d605d)
Start importing Assets/SunboxGames/ModularDungeonCaves/Textures/Mushrooms/Mushrooms_AO.png using Guid(43812975aa637ab4fb4ffc88d5aefdc5) Importer(2089858483,b0f066a214c2f5e87bad3c948f4d605d) (ScriptedImporter) -> (Import Result ID: '14874ea908e0335b7d0818c877d9ccc8') in 0.0224212 seconds [static and dynamic dependencies]. Details - ImportResultOutputID=8f1baabee7d91ff2bb0d8d9d448bd8c6 DependenciesID=9cdab80047b57b83e3c1786a71f69a83 StaticDependenciesID=5a89ef28f040219e8be03e5c98a80fef 
Number of updated asset objects reloaded before import = 0Number of asset objects unloaded after import = 1

========================================================================
Received Import Request.
  Time since last request: 0.000029 seconds.
  path: Assets/SunboxGames/ModularDungeonCaves/Textures/DungeonProps04/DungeonProps04_MetallicSmoothness.png
  importAddress: Guid(415a1d02ca433f04190394be6b680c06) Importer(2089858483,b0f066a214c2f5e87bad3c948f4d605d)
Start importing Assets/SunboxGames/ModularDungeonCaves/Textures/DungeonProps04/DungeonProps04_MetallicSmoothness.png using Guid(415a1d02ca433f04190394be6b680c06) Importer(2089858483,b0f066a214c2f5e87bad3c948f4d605d) (ScriptedImporter) -> (Import Result ID: '9c2515d5c952980059de846592a69b24') in 0.0247472 seconds [static and dynamic dependencies]. Details - ImportResultOutputID=45d70fd3410b8948f49ad1c229bc748c DependenciesID=d3fc2222c8f165484b63140202cabe1c StaticDependenciesID=7881d27dccfb3ecb4b5713225f4586ee 
Number of updated asset objects reloaded before import = 0Number of asset objects unloaded after import = 1

========================================================================
Received Import Request.
  Time since last request: 0.000020 seconds.
  path: Assets/SunboxGames/ModularDungeonCaves/Textures/DripStone_01/Stones_01_Paint_DripStone_01_AlbedoTransparency.png
  importAddress: Guid(d7a81d9cb31ab8946b6d4c44b326cbab) Importer(2089858483,b0f066a214c2f5e87bad3c948f4d605d)
Start importing Assets/SunboxGames/ModularDungeonCaves/Textures/DripStone_01/Stones_01_Paint_DripStone_01_AlbedoTransparency.png using Guid(d7a81d9cb31ab8946b6d4c44b326cbab) Importer(2089858483,b0f066a214c2f5e87bad3c948f4d605d) (ScriptedImporter) -> (Import Result ID: 'f84d63b047d7c3063aee210315a5ef6f') in 0.0129238 seconds [static and dynamic dependencies]. Details - ImportResultOutputID=77e8cac5d419a7a1a1f26ba539420fd8 DependenciesID=9b0408c9937cbc177df2b8ddcb8ebe6a StaticDependenciesID=3cd65bf8575b987d3e1a34d2b61343b1 
Number of updated asset objects reloaded before import = 0Number of asset objects unloaded after import = 1

========================================================================
Received Import Request.
  Time since last request: 0.000019 seconds.
  path: Assets/audio 1/tomb/Character/3/独白8（4）.wav
  importAddress: Guid(a22340324deb1524c953176c05671fef) Importer(2089858483,b0f066a214c2f5e87bad3c948f4d605d)
Start importing Assets/audio 1/tomb/Character/3/独白8（4）.wav using Guid(a22340324deb1524c953176c05671fef) Importer(2089858483,b0f066a214c2f5e87bad3c948f4d605d) (ScriptedImporter) -> (Import Result ID: '46854785d856bc034832df98f6e4c5a8') in 0.0058621 seconds [static and dynamic dependencies]. Details - ImportResultOutputID=25967b733e13ddf14f1aac94674b6e0d DependenciesID=e6362815c01167886d145e1db7c75ffa StaticDependenciesID=a5ab26ccbf9673e4535300a0d9d4866a 
Number of updated asset objects reloaded before import = 0Number of asset objects unloaded after import = 1

========================================================================
Received Import Request.
  Time since last request: 0.000026 seconds.
  path: Assets/materials/TextureHaven/wood_4k/wood_4k_materials/brown_planks_04.mat
  importAddress: Guid(b1906119684821e4d8af446f6dec6b60) Importer(2089858483,b0f066a214c2f5e87bad3c948f4d605d)
Start importing Assets/materials/TextureHaven/wood_4k/wood_4k_materials/brown_planks_04.mat using Guid(b1906119684821e4d8af446f6dec6b60) Importer(2089858483,b0f066a214c2f5e87bad3c948f4d605d) (ScriptedImporter) -> (Import Result ID: 'a779ab6a003299d3d76e8b751951af3d') in 0.0172294 seconds [static and dynamic dependencies]. Details - ImportResultOutputID=e762cdfc6f3be692bb1e3b3bf063b357 DependenciesID=74601547ee373db240a95a49fdc3c233 StaticDependenciesID=44b22cbb0beb110c3804da4ca8b58898 
Number of updated asset objects reloaded before import = 0Number of asset objects unloaded after import = 5

========================================================================
Received Import Request.
  Time since last request: 0.000040 seconds.
  path: Assets/SunboxGames/ModularDungeonCaves/Prefabs/Rocks/SmallStone_01.prefab
  importAddress: Guid(5d9cba9a0e20da8468564d6a6ded4c3e) Importer(2089858483,e11c23a36db5f54750b8cd40eac0985b)
Start importing Assets/SunboxGames/ModularDungeonCaves/Prefabs/Rocks/SmallStone_01.prefab using Guid(5d9cba9a0e20da8468564d6a6ded4c3e) Importer(2089858483,e11c23a36db5f54750b8cd40eac0985b) (ScriptedImporter) -> (Import Result ID: '1e03ea912b5e0c4c5342621b629f8ca6') in 0.0113872 seconds [static and dynamic dependencies]. Details - ImportResultOutputID=e5be8ab3051687ad44c47287abb46926 DependenciesID=1782ac722baa43115abb45f34355b85c StaticDependenciesID=7a0b4cb1f00b29dae909868ecd526013 
Number of updated asset objects reloaded before import = 0Number of asset objects unloaded after import = 11

========================================================================
Received Import Request.
  Time since last request: 0.000020 seconds.
  path: Assets/SunboxGames/ModularDungeonCaves/Textures/Mushrooms/Mushrooms_Diffuse_Red.png
  importAddress: Guid(74f263c0405584143b293b1ae7547b2f) Importer(2089858483,b0f066a214c2f5e87bad3c948f4d605d)
Start importing Assets/SunboxGames/ModularDungeonCaves/Textures/Mushrooms/Mushrooms_Diffuse_Red.png using Guid(74f263c0405584143b293b1ae7547b2f) Importer(2089858483,b0f066a214c2f5e87bad3c948f4d605d) (ScriptedImporter) -> (Import Result ID: 'be3fe5d10c797ec954e0819a6570efe3') in 0.0133223 seconds [static and dynamic dependencies]. Details - ImportResultOutputID=3795e6df556faa5d0cc6fb01547baddd DependenciesID=64e05ac1fdc5359418f47d2ad965c0e7 StaticDependenciesID=326fddbfd38c25e61fb5bca7abc2361c 
Number of updated asset objects reloaded before import = 0Number of asset objects unloaded after import = 1

========================================================================
Received Import Request.
  Time since last request: 0.000027 seconds.
  path: Assets/SunboxGames/ModularDungeonCaves/Prefabs/Mushrooms/Mushroom05_Red.prefab
  importAddress: Guid(3d42148d3ee7bfa459422d75f9da0d28) Importer(2089858483,e11c23a36db5f54750b8cd40eac0985b)
Start importing Assets/SunboxGames/ModularDungeonCaves/Prefabs/Mushrooms/Mushroom05_Red.prefab using Guid(3d42148d3ee7bfa459422d75f9da0d28) Importer(2089858483,e11c23a36db5f54750b8cd40eac0985b) (ScriptedImporter) -> (Import Result ID: 'b3e671aa2f72f125abc6457cb2f40076') in 0.0099328 seconds [static and dynamic dependencies]. Details - ImportResultOutputID=f7776aa99fcec3f2468cc8fc1abef66d DependenciesID=5dea4a968b1241c7dd3e50e352eb875c StaticDependenciesID=1824e8032f689d9ef496c49cf216b21f 
Number of updated asset objects reloaded before import = 0Number of asset objects unloaded after import = 9

========================================================================
Received Import Request.
  Time since last request: 0.000023 seconds.
  path: Assets/SunboxGames/ModularDungeonCaves/Prefabs/Mushrooms/Mushroom06_Red.prefab
  importAddress: Guid(4de67bd9d845d9446875c90dfd9ee534) Importer(2089858483,e11c23a36db5f54750b8cd40eac0985b)
Start importing Assets/SunboxGames/ModularDungeonCaves/Prefabs/Mushrooms/Mushroom06_Red.prefab using Guid(4de67bd9d845d9446875c90dfd9ee534) Importer(2089858483,e11c23a36db5f54750b8cd40eac0985b) (ScriptedImporter) -> (Import Result ID: '1ae3000f24be8f3de99913ab385cef1d') in 0.0092188 seconds [static and dynamic dependencies]. Details - ImportResultOutputID=bd764bd6b1415f217df11fc9e0a39958 DependenciesID=5c3ddf9eb69672f4c22995866dfee431 StaticDependenciesID=2ec6a565fa291b01d054083a89d2084e 
Number of updated asset objects reloaded before import = 0Number of asset objects unloaded after import = 9

========================================================================
Received Import Request.
  Time since last request: 0.000022 seconds.
  path: Assets/SunboxGames/ModularDungeonCaves/Prefabs/Rocks/LargeStone_01.prefab
  importAddress: Guid(3a7ae1c9125e7364c99e01c0172a2717) Importer(2089858483,e11c23a36db5f54750b8cd40eac0985b)
Start importing Assets/SunboxGames/ModularDungeonCaves/Prefabs/Rocks/LargeStone_01.prefab using Guid(3a7ae1c9125e7364c99e01c0172a2717) Importer(2089858483,e11c23a36db5f54750b8cd40eac0985b) (ScriptedImporter) -> (Import Result ID: '83a5887dab557a54cdfefdeb542839a7') in 0.0095318 seconds [static and dynamic dependencies]. Details - ImportResultOutputID=303ded57562aa8b89bb99fe3f3925cf7 DependenciesID=95e00ba027fed48bc70408fd2584bbf5 StaticDependenciesID=a4c5445ea83c8945a91da1fbd3818793 
Number of updated asset objects reloaded before import = 0Number of asset objects unloaded after import = 11

========================================================================
Received Import Request.
  Time since last request: 0.000034 seconds.
  path: Assets/SunboxGames/ModularDungeonCaves/Textures/MediumChamber_02/MediumChamber_02_collider_MediumChamber_02_SpecularSmoothness.png
  importAddress: Guid(0c04e869372671845b6076a1eb3efe17) Importer(2089858483,b0f066a214c2f5e87bad3c948f4d605d)
Start importing Assets/SunboxGames/ModularDungeonCaves/Textures/MediumChamber_02/MediumChamber_02_collider_MediumChamber_02_SpecularSmoothness.png using Guid(0c04e869372671845b6076a1eb3efe17) Importer(2089858483,b0f066a214c2f5e87bad3c948f4d605d) (ScriptedImporter) -> (Import Result ID: 'b3e8672a741ee3465b00ec1033a66ec0') in 0.0262816 seconds [static and dynamic dependencies]. Details - ImportResultOutputID=9ba3803561fd40bca18590b95a8bf44d DependenciesID=99a5ff107122214da61d16b1bad6e89b StaticDependenciesID=923b618eabf60da88d7bb3363c8c86a9 
Number of updated asset objects reloaded before import = 0Number of asset objects unloaded after import = 1

========================================================================
Received Import Request.
  Time since last request: 0.000021 seconds.
  path: Assets/SunboxGames/ModularDungeonCaves/Prefabs/Mushrooms/Mushroom07_Brown.prefab
  importAddress: Guid(a41df69289637dd499ac3f8ff9539bc5) Importer(2089858483,e11c23a36db5f54750b8cd40eac0985b)
Start importing Assets/SunboxGames/ModularDungeonCaves/Prefabs/Mushrooms/Mushroom07_Brown.prefab using Guid(a41df69289637dd499ac3f8ff9539bc5) Importer(2089858483,e11c23a36db5f54750b8cd40eac0985b) (ScriptedImporter) -> (Import Result ID: '4245a9046e90f3dfb162d7b26ec06d10') in 0.0091341 seconds [static and dynamic dependencies]. Details - ImportResultOutputID=68bc708bb901a2f3fd38b14e0a73c86f DependenciesID=6def78cdccfe6f7f4a8c3a0a94ef166a StaticDependenciesID=494fefec102e10263e1fb902c4c06355 
Number of updated asset objects reloaded before import = 0Number of asset objects unloaded after import = 8

========================================================================
Received Import Request.
  Time since last request: 0.000030 seconds.
  path: Assets/TripoModels/xiugai1/shengxiang3/goddess_statue_3d_model.fbm/tripo_image_c6a62d08-010b-42c5-b7fe-bba035de5315_0_0.jpg
  importAddress: Guid(d417d5c8ee2928941980fb8d6a35a349) Importer(2089858483,b0f066a214c2f5e87bad3c948f4d605d)
Start importing Assets/TripoModels/xiugai1/shengxiang3/goddess_statue_3d_model.fbm/tripo_image_c6a62d08-010b-42c5-b7fe-bba035de5315_0_0.jpg using Guid(d417d5c8ee2928941980fb8d6a35a349) Importer(2089858483,b0f066a214c2f5e87bad3c948f4d605d) (ScriptedImporter) -> (Import Result ID: 'e9514b6a5caff3cdaf53fb58b7b7fa01') in 0.0098813 seconds [static and dynamic dependencies]. Details - ImportResultOutputID=2afec456015b3d07e07fdba5f9945e70 DependenciesID=38f761a1d9d153862a7392b44375e5f2 StaticDependenciesID=279e6a18b67930544828fea10944cd61 
Number of updated asset objects reloaded before import = 0Number of asset objects unloaded after import = 1

========================================================================
Received Import Request.
  Time since last request: 0.000027 seconds.
  path: Assets/TripoModels/xiugai1/shengxiang1/bodhisattva_statue_3d_model.fbm/tripo_node_57e870f7-486d-4261-8958-c5cb5b7b1075_Normal_Bake.jpg
  importAddress: Guid(e15d3089df0cfb447b92ce860a63858f) Importer(2089858483,b0f066a214c2f5e87bad3c948f4d605d)
Start importing Assets/TripoModels/xiugai1/shengxiang1/bodhisattva_statue_3d_model.fbm/tripo_node_57e870f7-486d-4261-8958-c5cb5b7b1075_Normal_Bake.jpg using Guid(e15d3089df0cfb447b92ce860a63858f) Importer(2089858483,b0f066a214c2f5e87bad3c948f4d605d) (ScriptedImporter) -> (Import Result ID: 'a58e496959c195a7d6371d5a41ae1c4e') in 0.008672 seconds [static and dynamic dependencies]. Details - ImportResultOutputID=754d459c49fbe85cdf5da15aa5afde0d DependenciesID=b8cd80fb4be2ec672e8b7a0d28ed5982 StaticDependenciesID=85e4eaba1d08c995a116925b04dca74f 
Number of updated asset objects reloaded before import = 0Number of asset objects unloaded after import = 1

========================================================================
Received Import Request.
  Time since last request: 0.000023 seconds.
  path: Assets/TripoModels/pregnant_goddess_statue_3d_model/pregnant_goddess_statue_3d_model.fbm/Materials/pregnant_goddess_statue_3d_model_basecolor.mat
  importAddress: Guid(3500dbeb22e053747aa46d8b22176fce) Importer(2089858483,b0f066a214c2f5e87bad3c948f4d605d)
Start importing Assets/TripoModels/pregnant_goddess_statue_3d_model/pregnant_goddess_statue_3d_model.fbm/Materials/pregnant_goddess_statue_3d_model_basecolor.mat using Guid(3500dbeb22e053747aa46d8b22176fce) Importer(2089858483,b0f066a214c2f5e87bad3c948f4d605d) (ScriptedImporter) -> (Import Result ID: 'f820a8bc272e7c0452867b64f429a408') in 0.0076727 seconds [static and dynamic dependencies]. Details - ImportResultOutputID=72c65f2db26b9dcac9587cdd73edbba9 DependenciesID=dbc23450d17f5cca12bb009b5cd7f23a StaticDependenciesID=e1a47e52c2c52e00bd73b699a95232cf 
Number of updated asset objects reloaded before import = 0Number of asset objects unloaded after import = 2

========================================================================
Received Import Request.
  Time since last request: 0.000035 seconds.
  path: Assets/TripoModels/xiugai1/shengxiang1/bodhisattva_statue_3d_model.fbm/bodhisattva_statue_3d_model_metallic.JPEG
  importAddress: Guid(ae9a79085b1cbd14a9daef17c3075c87) Importer(2089858483,b0f066a214c2f5e87bad3c948f4d605d)
Start importing Assets/TripoModels/xiugai1/shengxiang1/bodhisattva_statue_3d_model.fbm/bodhisattva_statue_3d_model_metallic.JPEG using Guid(ae9a79085b1cbd14a9daef17c3075c87) Importer(2089858483,b0f066a214c2f5e87bad3c948f4d605d) (ScriptedImporter) -> (Import Result ID: '30340f7283bb2988d3c9e407fe7f5225') in 0.0099364 seconds [static and dynamic dependencies]. Details - ImportResultOutputID=63e36d1616060b0579bf52150f8ca7a3 DependenciesID=d2825b06cfcc636c34d056b46a175d2e StaticDependenciesID=f2aa068fadf59065860a00461a69bca4 
Number of updated asset objects reloaded before import = 0Number of asset objects unloaded after import = 1

========================================================================
Received Import Request.
  Time since last request: 0.000024 seconds.
  path: Assets/TripoModels/xiugai1/shengxiang2/bodhisattva_statue_3d_model_1.fbm/bodhisattva_statue_3d_model_metallic.JPEG
  importAddress: Guid(5e27e5c97d7527f4aa07fe19a1f6e997) Importer(2089858483,b0f066a214c2f5e87bad3c948f4d605d)
Start importing Assets/TripoModels/xiugai1/shengxiang2/bodhisattva_statue_3d_model_1.fbm/bodhisattva_statue_3d_model_metallic.JPEG using Guid(5e27e5c97d7527f4aa07fe19a1f6e997) Importer(2089858483,b0f066a214c2f5e87bad3c948f4d605d) (ScriptedImporter) -> (Import Result ID: '3990132f8934a200cf75aaa659638d80') in 0.0118219 seconds [static and dynamic dependencies]. Details - ImportResultOutputID=cd1dd4dcc3dbc0e53cb9f074ad1df3bb DependenciesID=c1b4bb37066c4033ed54a5ff528fc9f5 StaticDependenciesID=e2d771b9bb6153ea487a0f115fc94992 
Number of updated asset objects reloaded before import = 0Number of asset objects unloaded after import = 1

========================================================================
Received Import Request.
  Time since last request: 0.000024 seconds.
  path: Assets/BefourStudios/AsianDynastyEnvironment/Art/Meshes/Materials/MI_Treebark.mat
  importAddress: Guid(e154e2a665ad8a542921d4add8c278e8) Importer(2089858483,b0f066a214c2f5e87bad3c948f4d605d)
Start importing Assets/BefourStudios/AsianDynastyEnvironment/Art/Meshes/Materials/MI_Treebark.mat using Guid(e154e2a665ad8a542921d4add8c278e8) Importer(2089858483,b0f066a214c2f5e87bad3c948f4d605d) (ScriptedImporter) -> (Import Result ID: '9d5adb7c3d2f314877264b85867fd41e') in 0.0101978 seconds [static and dynamic dependencies]. Details - ImportResultOutputID=95b71c6ae45c3e89b6e760e5325e239b DependenciesID=5c5ffe86e9baa9253484e74787741b6e StaticDependenciesID=b093bd790b1e8d494eeaa0410280520f 
Number of updated asset objects reloaded before import = 0Number of asset objects unloaded after import = 1

========================================================================
Received Import Request.
  Time since last request: 0.000020 seconds.
  path: Assets/fog/Demo Assets/INab Studio/Scripts/Highlighters/ObjectOscilate.cs
  importAddress: Guid(f3673f63a6b49dc4c9ebcb2cf0f2d6b8) Importer(2089858483,b0f066a214c2f5e87bad3c948f4d605d)
Start importing Assets/fog/Demo Assets/INab Studio/Scripts/Highlighters/ObjectOscilate.cs using Guid(f3673f63a6b49dc4c9ebcb2cf0f2d6b8) Importer(2089858483,b0f066a214c2f5e87bad3c948f4d605d) (ScriptedImporter) -> (Import Result ID: 'af1e0b744cf330a73850712d39b6486c') in 0.0034445 seconds [static and dynamic dependencies]. Details - ImportResultOutputID=c57d982d53eed705f3952542b547f747 DependenciesID=55a5196c12044cb0dd65cca36fa26304 StaticDependenciesID=96cee35eba05f116fe6813c086146bdd 
Number of updated asset objects reloaded before import = 0Number of asset objects unloaded after import = 0

========================================================================
Received Import Request.
  Time since last request: 0.000028 seconds.
  path: Assets/BefourStudios/AsianDynastyEnvironment/Art/Meshes/Materials/MI_TreeBranch.mat
  importAddress: Guid(a9c01ff12d41adf449196ed4e4ac259b) Importer(2089858483,b0f066a214c2f5e87bad3c948f4d605d)
Start importing Assets/BefourStudios/AsianDynastyEnvironment/Art/Meshes/Materials/MI_TreeBranch.mat using Guid(a9c01ff12d41adf449196ed4e4ac259b) Importer(2089858483,b0f066a214c2f5e87bad3c948f4d605d) (ScriptedImporter) -> (Import Result ID: 'b5a23621aef680b2037161d7abb0253d') in 0.0062435 seconds [static and dynamic dependencies]. Details - ImportResultOutputID=2fd53149a70c7e81782d3d123e8c1f39 DependenciesID=fb20fae8a51c048de15e01c0a9803e3d StaticDependenciesID=24026cc1ffdfa404e6d93db0789c80e4 
Number of updated asset objects reloaded before import = 0Number of asset objects unloaded after import = 1

========================================================================
Received Import Request.
  Time since last request: 0.000040 seconds.
  path: Assets/TripoModels/xiugai1/shengxiang3/goddess_statue_3d_model.fbm/goddess_statue_3d_model_metallic_Smoothness.png
  importAddress: Guid(a94a68af6df39494c91e5d309d1a91ce) Importer(2089858483,b0f066a214c2f5e87bad3c948f4d605d)
Start importing Assets/TripoModels/xiugai1/shengxiang3/goddess_statue_3d_model.fbm/goddess_statue_3d_model_metallic_Smoothness.png using Guid(a94a68af6df39494c91e5d309d1a91ce) Importer(2089858483,b0f066a214c2f5e87bad3c948f4d605d) (ScriptedImporter) -> (Import Result ID: '0aeb4823705ea3414e180f59ec74bc20') in 0.0125694 seconds [static and dynamic dependencies]. Details - ImportResultOutputID=bcf916bd1ead0f52e11f7b0cb9a772fa DependenciesID=059919e1b0895defcb644625739cd1aa StaticDependenciesID=f273c7398275969a4c2ae1bc1d911995 
Number of updated asset objects reloaded before import = 0Number of asset objects unloaded after import = 1

========================================================================
Received Import Request.
  Time since last request: 0.000020 seconds.
  path: Assets/TripoModels/xiugai1/shengxiang4/pregnant_goddess_statue_3d_model.fbm/tripo_image_16387d8f-11bd-43ea-af54-1247494e7c6d_0_0.jpg
  importAddress: Guid(f76dc71f79ac3f84e80b8149c8bb4984) Importer(2089858483,b0f066a214c2f5e87bad3c948f4d605d)
Start importing Assets/TripoModels/xiugai1/shengxiang4/pregnant_goddess_statue_3d_model.fbm/tripo_image_16387d8f-11bd-43ea-af54-1247494e7c6d_0_0.jpg using Guid(f76dc71f79ac3f84e80b8149c8bb4984) Importer(2089858483,b0f066a214c2f5e87bad3c948f4d605d) (ScriptedImporter) -> (Import Result ID: '833e17f0266804540d4a31dfba9a0255') in 0.0125943 seconds [static and dynamic dependencies]. Details - ImportResultOutputID=ad635d015d0a9511b31ec57b70c565e6 DependenciesID=34cf811c0ec80991810ce74212611902 StaticDependenciesID=edcf5ba30cab236278da7aaea3df6baa 
Number of updated asset objects reloaded before import = 0Number of asset objects unloaded after import = 1

========================================================================
Received Import Request.
  Time since last request: 0.000022 seconds.
  path: Assets/SunboxGames/ModularDungeonCaves/Scenes/CaveDemoScene02/ReflectionProbe-7.exr
  importAddress: Guid(de1be86e59dca4f4bb6a38279af7046f) Importer(2089858483,b0f066a214c2f5e87bad3c948f4d605d)
Start importing Assets/SunboxGames/ModularDungeonCaves/Scenes/CaveDemoScene02/ReflectionProbe-7.exr using Guid(de1be86e59dca4f4bb6a38279af7046f) Importer(2089858483,b0f066a214c2f5e87bad3c948f4d605d) (ScriptedImporter) -> (Import Result ID: 'a372c80f9cde9970ef71a766f72164ea') in 0.0072753 seconds [static and dynamic dependencies]. Details - ImportResultOutputID=2dd9b2ce8a91c0d64a0a8bac96d16b08 DependenciesID=e330a6b16bbc0cfa82591ad1d249519b StaticDependenciesID=f52b1e7947ec490230e0099dccebfa2a 
Number of updated asset objects reloaded before import = 0Number of asset objects unloaded after import = 1

========================================================================
Received Import Request.
  Time since last request: 0.000032 seconds.
  path: Assets/SunboxGames/ModularDungeonCaves/Textures/Plugs_01/Plugs_01_paint_Plugs_01_SpecularSmoothness.png
  importAddress: Guid(8f32e28b5be841b47a3d67f7b752cad2) Importer(2089858483,b0f066a214c2f5e87bad3c948f4d605d)
Start importing Assets/SunboxGames/ModularDungeonCaves/Textures/Plugs_01/Plugs_01_paint_Plugs_01_SpecularSmoothness.png using Guid(8f32e28b5be841b47a3d67f7b752cad2) Importer(2089858483,b0f066a214c2f5e87bad3c948f4d605d) (ScriptedImporter) -> (Import Result ID: 'a09ea98223c18183d4c0cd22dbdcb0d5') in 0.0361638 seconds [static and dynamic dependencies]. Details - ImportResultOutputID=ab10042a452a82447dc398793b587e7b DependenciesID=693ff82747427fc4b814aec60db26615 StaticDependenciesID=ec67ca03f085a9cc42e0a5a419e44581 
Number of updated asset objects reloaded before import = 0Number of asset objects unloaded after import = 1

========================================================================
Received Import Request.
  Time since last request: 0.000032 seconds.
  path: Assets/SunboxGames/ModularDungeonCaves/Textures/VineStem/VineStems_Paint_VineStem_SpecularSmoothness.png
  importAddress: Guid(5df71ff499c51b24589a5d13646f613d) Importer(2089858483,b0f066a214c2f5e87bad3c948f4d605d)
Start importing Assets/SunboxGames/ModularDungeonCaves/Textures/VineStem/VineStems_Paint_VineStem_SpecularSmoothness.png using Guid(5df71ff499c51b24589a5d13646f613d) Importer(2089858483,b0f066a214c2f5e87bad3c948f4d605d) (ScriptedImporter) -> (Import Result ID: '749839d5fefb991652b6ea8c16bebab0') in 0.0311434 seconds [static and dynamic dependencies]. Details - ImportResultOutputID=0c5d17c7311e90d855e6df75b0d963d6 DependenciesID=70af3d54c77efa6a641084a65a94fc24 StaticDependenciesID=048e9ae361f14e80def54a20e4d7482c 
Number of updated asset objects reloaded before import = 0Number of asset objects unloaded after import = 1

========================================================================
Received Import Request.
  Time since last request: 0.000043 seconds.
  path: Assets/TripoModels/xiugai1/shengxiang2/bodhisattva_statue_3d_model_1.fbx
  importAddress: Guid(d7384ca98a730614094f5233393e4925) Importer(2089858483,b0f066a214c2f5e87bad3c948f4d605d)
Start importing Assets/TripoModels/xiugai1/shengxiang2/bodhisattva_statue_3d_model_1.fbx using Guid(d7384ca98a730614094f5233393e4925) Importer(2089858483,b0f066a214c2f5e87bad3c948f4d605d) (ScriptedImporter)MaterialLocation.External is obsolete. External Material Location is no longer supported. (Assets/TripoModels/xiugai1/shengxiang2/bodhisattva_statue_3d_model_1.fbx)
 -> (Import Result ID: 'f7dbcdd48478fbffdd85ed38ad04d2ec') in 0.0145462 seconds [static and dynamic dependencies]. Details - ImportResultOutputID=fde5525f7096598059d90c68f4ddd37f DependenciesID=41b80ae73e8c16b5b874d2ea936e1fe8 StaticDependenciesID=91db695fd8885232441427ad6dc02374 
Number of updated asset objects reloaded before import = 0Number of asset objects unloaded after import = 9

========================================================================
Received Import Request.
  Time since last request: 0.000019 seconds.
  path: Assets/fog/Demo Assets/INab Studio/Scripts/Highlighters/Camera_Controller.cs
  importAddress: Guid(42dd1a894d85db548a183bdc6a398828) Importer(2089858483,b0f066a214c2f5e87bad3c948f4d605d)
Start importing Assets/fog/Demo Assets/INab Studio/Scripts/Highlighters/Camera_Controller.cs using Guid(42dd1a894d85db548a183bdc6a398828) Importer(2089858483,b0f066a214c2f5e87bad3c948f4d605d) (ScriptedImporter) -> (Import Result ID: '164fa868743231e80154bae95611d58c') in 0.0035509 seconds [static and dynamic dependencies]. Details - ImportResultOutputID=d5f121cc6dd79ff4bf991c329a23e7f0 DependenciesID=3598d432b75d9b2726555dc5954a1640 StaticDependenciesID=61701a01bfe577a17383313988283cb8 
Number of updated asset objects reloaded before import = 0Number of asset objects unloaded after import = 0

========================================================================
Received Import Request.
  Time since last request: 0.000024 seconds.
  path: Assets/HIVEMIND/CaveOfHiddenTomb/HDRP (Default)/Art/AllTextures1K/T_Fire01_SubUV.TGA
  importAddress: Guid(6890bfdc2f8c4b84daa1f3a584998c30) Importer(2089858483,b0f066a214c2f5e87bad3c948f4d605d)
Start importing Assets/HIVEMIND/CaveOfHiddenTomb/HDRP (Default)/Art/AllTextures1K/T_Fire01_SubUV.TGA using Guid(6890bfdc2f8c4b84daa1f3a584998c30) Importer(2089858483,b0f066a214c2f5e87bad3c948f4d605d) (ScriptedImporter) -> (Import Result ID: '38fc513abab0dcee97e03b73a6274861') in 0.0080974 seconds [static and dynamic dependencies]. Details - ImportResultOutputID=a8efd946344412fae9c0f070458c6211 DependenciesID=a7e25675ce7dfa402e5b3756bd726a69 StaticDependenciesID=715a8fa377ac29b71d57dfb4b99d9cbe 
Number of updated asset objects reloaded before import = 0Number of asset objects unloaded after import = 1

========================================================================
Received Import Request.
  Time since last request: 0.000020 seconds.
  path: Assets/HIVEMIND/CaveOfHiddenTomb/HDRP (Default)/Art/AllTextures1K/T_MineWall_N.png
  importAddress: Guid(abc00000000001625802072605415762) Importer(2089858483,b0f066a214c2f5e87bad3c948f4d605d)
Start importing Assets/HIVEMIND/CaveOfHiddenTomb/HDRP (Default)/Art/AllTextures1K/T_MineWall_N.png using Guid(abc00000000001625802072605415762) Importer(2089858483,b0f066a214c2f5e87bad3c948f4d605d) (ScriptedImporter) -> (Import Result ID: '6dce0c23015610109bc54f28f23f9dea') in 0.009581 seconds [static and dynamic dependencies]. Details - ImportResultOutputID=bc5db855f173d83a9b73bb42202ca0ab DependenciesID=f0e9b582305c618f2fc61fe0b9bbfa10 StaticDependenciesID=b96210aa805d6ac06574bb7d75be5d55 
Number of updated asset objects reloaded before import = 0Number of asset objects unloaded after import = 1

========================================================================
Received Import Request.
  Time since last request: 0.000026 seconds.
  path: Assets/HIVEMIND/CaveOfHiddenTomb/HDRP (Default)/Art/AllTextures1K/T_MI_Arch_A_ORD.png
  importAddress: Guid(abc00000000008561815711424482295) Importer(2089858483,b0f066a214c2f5e87bad3c948f4d605d)
Start importing Assets/HIVEMIND/CaveOfHiddenTomb/HDRP (Default)/Art/AllTextures1K/T_MI_Arch_A_ORD.png using Guid(abc00000000008561815711424482295) Importer(2089858483,b0f066a214c2f5e87bad3c948f4d605d) (ScriptedImporter) -> (Import Result ID: 'b5cf2918355fd618c592c47bbdf154b0') in 0.0092875 seconds [static and dynamic dependencies]. Details - ImportResultOutputID=372b9e9598c4238b02ed91cee05675ad DependenciesID=db381a96ccb3fc2c203fda50f6395d8d StaticDependenciesID=a61755989854e3589ee342d87d384162 
Number of updated asset objects reloaded before import = 0Number of asset objects unloaded after import = 1

========================================================================
Received Import Request.
  Time since last request: 0.000070 seconds.
  path: Assets/HIVEMIND/CaveOfHiddenTomb/HDRP (Default)/Art/AllTextures1K/T_AztecWall_Trim_AORD.png
  importAddress: Guid(abc00000000012403775644215353548) Importer(2089858483,b0f066a214c2f5e87bad3c948f4d605d)
Start importing Assets/HIVEMIND/CaveOfHiddenTomb/HDRP (Default)/Art/AllTextures1K/T_AztecWall_Trim_AORD.png using Guid(abc00000000012403775644215353548) Importer(2089858483,b0f066a214c2f5e87bad3c948f4d605d) (ScriptedImporter) -> (Import Result ID: '93dbabae19b43f4f2fc7db2ed5af374e') in 0.0135967 seconds [static and dynamic dependencies]. Details - ImportResultOutputID=e51612b47ecbe317d8065fed503425c2 DependenciesID=6757563678be9dcebfc67f26318d371d StaticDependenciesID=fa549dd37787fe693af55b8c34be8e58 
Number of updated asset objects reloaded before import = 0Number of asset objects unloaded after import = 1

========================================================================
Received Import Request.
  Time since last request: 0.000018 seconds.
  path: Assets/HIVEMIND/CaveOfHiddenTomb/HDRP (Default)/Art/AllTextures1K/T_EagleFern_01_N.png
  importAddress: Guid(abc00000000005840446345541265668) Importer(2089858483,b0f066a214c2f5e87bad3c948f4d605d)
Start importing Assets/HIVEMIND/CaveOfHiddenTomb/HDRP (Default)/Art/AllTextures1K/T_EagleFern_01_N.png using Guid(abc00000000005840446345541265668) Importer(2089858483,b0f066a214c2f5e87bad3c948f4d605d) (ScriptedImporter) -> (Import Result ID: 'c17f75b604020ecb58fe9ef44306a882') in 0.0104331 seconds [static and dynamic dependencies]. Details - ImportResultOutputID=1faa0a3a3da06f1654c3721bc6b40528 DependenciesID=78b2e01b9367bfaf39c2d44660b5b661 StaticDependenciesID=d28248d3d48dc4470768bae29fa28e1f 
Number of updated asset objects reloaded before import = 0Number of asset objects unloaded after import = 1

========================================================================
Received Import Request.
  Time since last request: 0.000020 seconds.
  path: Assets/HIVEMIND/CaveOfHiddenTomb/HDRP (Default)/Art/AllTextures1K/T_EuropeanBeech_Detail_01_N.png
  importAddress: Guid(abc00000000002924065860252861538) Importer(2089858483,b0f066a214c2f5e87bad3c948f4d605d)
Start importing Assets/HIVEMIND/CaveOfHiddenTomb/HDRP (Default)/Art/AllTextures1K/T_EuropeanBeech_Detail_01_N.png using Guid(abc00000000002924065860252861538) Importer(2089858483,b0f066a214c2f5e87bad3c948f4d605d) (ScriptedImporter) -> (Import Result ID: '526d3e2f90f8a9fa0bf010d9b7cdcd2b') in 0.0091301 seconds [static and dynamic dependencies]. Details - ImportResultOutputID=78af02c03da06fb91e714a3bd6ac376d DependenciesID=4d8318c1db6c3e19a76077fd45431455 StaticDependenciesID=b24009c7d905866e29d271298ba75fae 
Number of updated asset objects reloaded before import = 0Number of asset objects unloaded after import = 1

========================================================================
Received Import Request.
  Time since last request: 0.000023 seconds.
  path: Assets/HIVEMIND/CaveOfHiddenTomb/HDRP (Default)/Art/AllTextures1K/T_MI_Boulder_D_BC.png
  importAddress: Guid(abc00000000015815368117250203695) Importer(2089858483,b0f066a214c2f5e87bad3c948f4d605d)
Start importing Assets/HIVEMIND/CaveOfHiddenTomb/HDRP (Default)/Art/AllTextures1K/T_MI_Boulder_D_BC.png using Guid(abc00000000015815368117250203695) Importer(2089858483,b0f066a214c2f5e87bad3c948f4d605d) (ScriptedImporter) -> (Import Result ID: '72ece93f18f5d649529f123fda5bf70f') in 0.0081874 seconds [static and dynamic dependencies]. Details - ImportResultOutputID=fd16440384cb2ac3185f722bd975d148 DependenciesID=751c43af2cd73371b3f1ad468f5dea4f StaticDependenciesID=21bd7a789b419ef4dd72215d637f182d 
Number of updated asset objects reloaded before import = 0Number of asset objects unloaded after import = 1

========================================================================
Received Import Request.
  Time since last request: 0.000027 seconds.
  path: Assets/HIVEMIND/CaveOfHiddenTomb/HDRP (Default)/Art/AllTextures1K/T_MI_FireWood_E_002.png
  importAddress: Guid(abc00000000018155344380402586728) Importer(2089858483,b0f066a214c2f5e87bad3c948f4d605d)
Start importing Assets/HIVEMIND/CaveOfHiddenTomb/HDRP (Default)/Art/AllTextures1K/T_MI_FireWood_E_002.png using Guid(abc00000000018155344380402586728) Importer(2089858483,b0f066a214c2f5e87bad3c948f4d605d) (ScriptedImporter) -> (Import Result ID: 'b2e479583aedd1aeeedfc8120c51970c') in 0.0092001 seconds [static and dynamic dependencies]. Details - ImportResultOutputID=65b9b7abe20f3ce8a4901c5beee18bf8 DependenciesID=4adb7c6b170890bc97c7a199e83a8094 StaticDependenciesID=569e4c26d1a36225574bd95f4e1628e4 
Number of updated asset objects reloaded before import = 0Number of asset objects unloaded after import = 1

========================================================================
Received Import Request.
  Time since last request: 0.000039 seconds.
  path: Assets/HIVEMIND/CaveOfHiddenTomb/HDRP (Default)/Art/AllTextures1K/T_EuropeanBeech_Bark_01_M.png
  importAddress: Guid(abc00000000002990883068600922882) Importer(2089858483,b0f066a214c2f5e87bad3c948f4d605d)
Start importing Assets/HIVEMIND/CaveOfHiddenTomb/HDRP (Default)/Art/AllTextures1K/T_EuropeanBeech_Bark_01_M.png using Guid(abc00000000002990883068600922882) Importer(2089858483,b0f066a214c2f5e87bad3c948f4d605d) (ScriptedImporter) -> (Import Result ID: '0bc405b51b00827dea4925d6d0fdc1ba') in 0.0104071 seconds [static and dynamic dependencies]. Details - ImportResultOutputID=d9314bea6f54b9c6aba7ef0a74b39ee7 DependenciesID=92de2cb9d91e91027c76450f725675dd StaticDependenciesID=cb402dde95f1a85ac4cf9ae84ebe49a8 
Number of updated asset objects reloaded before import = 0Number of asset objects unloaded after import = 1

========================================================================
Received Import Request.
  Time since last request: 0.000020 seconds.
  path: Assets/HIVEMIND/CaveOfHiddenTomb/HDRP (Default)/Art/AllTextures1K/T_MI_Pillar_A_ORD.png
  importAddress: Guid(abc00000000006340646510774193575) Importer(2089858483,b0f066a214c2f5e87bad3c948f4d605d)
Start importing Assets/HIVEMIND/CaveOfHiddenTomb/HDRP (Default)/Art/AllTextures1K/T_MI_Pillar_A_ORD.png using Guid(abc00000000006340646510774193575) Importer(2089858483,b0f066a214c2f5e87bad3c948f4d605d) (ScriptedImporter) -> (Import Result ID: 'fb2478cf8ef8a0df62ad083aff9a9660') in 0.0159175 seconds [static and dynamic dependencies]. Details - ImportResultOutputID=82e05950dc10b4b5ea16bc20682822e5 DependenciesID=14653f781d76afcd222c8e3098758a8a StaticDependenciesID=b4bf4856d5b1d148eb3dfb659138d645 
Number of updated asset objects reloaded before import = 0Number of asset objects unloaded after import = 1

========================================================================
Received Import Request.
  Time since last request: 0.000022 seconds.
  path: Assets/HIVEMIND/CaveOfHiddenTomb/HDRP (Default)/Art/AllTextures1K/T_EuropeanBeechDetail_02_D.png
  importAddress: Guid(abc00000000012829357639489176154) Importer(2089858483,b0f066a214c2f5e87bad3c948f4d605d)
Start importing Assets/HIVEMIND/CaveOfHiddenTomb/HDRP (Default)/Art/AllTextures1K/T_EuropeanBeechDetail_02_D.png using Guid(abc00000000012829357639489176154) Importer(2089858483,b0f066a214c2f5e87bad3c948f4d605d) (ScriptedImporter) -> (Import Result ID: 'bfeb489d007ffca2011e18e62f064a7d') in 0.0090352 seconds [static and dynamic dependencies]. Details - ImportResultOutputID=a9a7360a1c1e5cd406232bc0fb4bbdd8 DependenciesID=7b7425cb27fe88eb370b70f5ddc94874 StaticDependenciesID=b65098f624c66738a41171c4f44f051d 
Number of updated asset objects reloaded before import = 0Number of asset objects unloaded after import = 1

========================================================================
Received Import Request.
  Time since last request: 0.000025 seconds.
  path: Assets/HIVEMIND/CaveOfHiddenTomb/HDRP (Default)/Art/AllTextures1K/T_Ivy_normal.png
  importAddress: Guid(abc00000000014341405898936783907) Importer(2089858483,b0f066a214c2f5e87bad3c948f4d605d)
Start importing Assets/HIVEMIND/CaveOfHiddenTomb/HDRP (Default)/Art/AllTextures1K/T_Ivy_normal.png using Guid(abc00000000014341405898936783907) Importer(2089858483,b0f066a214c2f5e87bad3c948f4d605d) (ScriptedImporter) -> (Import Result ID: 'ac633c53f3dfbdd819447e540e38d670') in 0.0093164 seconds [static and dynamic dependencies]. Details - ImportResultOutputID=a6a20766bab0f495fd6e04ea8b559cc4 DependenciesID=31b640a6a750fdc31f59cc76ff73d0c2 StaticDependenciesID=b4a038fef584a2ba5ad0f8f2769cec1f 
Number of updated asset objects reloaded before import = 0Number of asset objects unloaded after import = 1

========================================================================
Received Import Request.
  Time since last request: 0.000026 seconds.
  path: Assets/SunboxGames/ModularDungeonCaves/Textures/RootsLarge/Roots_01_RootsLarge_AlbedoTransparency.png
  importAddress: Guid(0d8b8605c817f2f45b07480949d1813e) Importer(2089858483,b0f066a214c2f5e87bad3c948f4d605d)
Start importing Assets/SunboxGames/ModularDungeonCaves/Textures/RootsLarge/Roots_01_RootsLarge_AlbedoTransparency.png using Guid(0d8b8605c817f2f45b07480949d1813e) Importer(2089858483,b0f066a214c2f5e87bad3c948f4d605d) (ScriptedImporter) -> (Import Result ID: 'faf6acc43ac1d6a5cc3ef1b87c579864') in 0.0123298 seconds [static and dynamic dependencies]. Details - ImportResultOutputID=4fc73d5c96eb74d84f80584e3ba52263 DependenciesID=ba25874e21a0025fb2c2efc83a295e74 StaticDependenciesID=d4b53fc99554bc6b988efaa9a2926ce3 
Number of updated asset objects reloaded before import = 0Number of asset objects unloaded after import = 1

========================================================================
Received Import Request.
  Time since last request: 0.000046 seconds.
  path: Assets/HIVEMIND/CaveOfHiddenTomb/HDRP (Default)/Art/AllTextures1K/T_Boulder_ORD02.png
  importAddress: Guid(abc00000000016107310492764158095) Importer(2089858483,b0f066a214c2f5e87bad3c948f4d605d)
Start importing Assets/HIVEMIND/CaveOfHiddenTomb/HDRP (Default)/Art/AllTextures1K/T_Boulder_ORD02.png using Guid(abc00000000016107310492764158095) Importer(2089858483,b0f066a214c2f5e87bad3c948f4d605d) (ScriptedImporter) -> (Import Result ID: '7795407e68c7082802440c77b3b6e669') in 0.0133622 seconds [static and dynamic dependencies]. Details - ImportResultOutputID=89f7a643b0d2085b78302d270ebc2dd0 DependenciesID=4c7407013eab6764b4e1ebfff67b8c2d StaticDependenciesID=a9de81812daa0898058dab8e607393fc 
Number of updated asset objects reloaded before import = 0Number of asset objects unloaded after import = 1

========================================================================
Received Import Request.
  Time since last request: 0.000024 seconds.
  path: Assets/SunboxGames/ModularDungeonCaves/Prefabs/ModularPieces/MediumChamber_02.prefab
  importAddress: Guid(fa3915ecfc66b4d4da39badd00d7916e) Importer(2089858483,e11c23a36db5f54750b8cd40eac0985b)
Start importing Assets/SunboxGames/ModularDungeonCaves/Prefabs/ModularPieces/MediumChamber_02.prefab using Guid(fa3915ecfc66b4d4da39badd00d7916e) Importer(2089858483,e11c23a36db5f54750b8cd40eac0985b) (ScriptedImporter) -> (Import Result ID: 'b5f7355f19cf6f91666370f349f9b16f') in 0.017368 seconds [static and dynamic dependencies]. Details - ImportResultOutputID=da6bab7b14b2712e71452d0c3c68a03b DependenciesID=86ae7b6414d52e469b64fdc470637a74 StaticDependenciesID=34479cbdf89b123aa36e53dac545904f 
Number of updated asset objects reloaded before import = 0Number of asset objects unloaded after import = 23

========================================================================
Received Import Request.
  Time since last request: 0.000021 seconds.
  path: Assets/HIVEMIND/CaveOfHiddenTomb/HDRP (Default)/Art/AllTextures1K/T_MI_Stone_A_N.png
  importAddress: Guid(abc00000000003728005439301109170) Importer(2089858483,b0f066a214c2f5e87bad3c948f4d605d)
Start importing Assets/HIVEMIND/CaveOfHiddenTomb/HDRP (Default)/Art/AllTextures1K/T_MI_Stone_A_N.png using Guid(abc00000000003728005439301109170) Importer(2089858483,b0f066a214c2f5e87bad3c948f4d605d) (ScriptedImporter) -> (Import Result ID: 'f1768fe08d6b60273335219a6377fcd7') in 0.0082955 seconds [static and dynamic dependencies]. Details - ImportResultOutputID=a74ec2c8eaa2f854d7ddb4f9ee70760e DependenciesID=32d7502468c09983fb1903645a44400b StaticDependenciesID=d1244f7185743b7d03f11ba4135b5fc2 
Number of updated asset objects reloaded before import = 0Number of asset objects unloaded after import = 1

========================================================================
Received Import Request.
  Time since last request: 0.000018 seconds.
  path: Assets/HIVEMIND/CaveOfHiddenTomb/HDRP (Default)/Art/AllTextures1K/T_MI_Stone_C_ORM.png
  importAddress: Guid(abc00000000009147322867028245764) Importer(2089858483,b0f066a214c2f5e87bad3c948f4d605d)
Start importing Assets/HIVEMIND/CaveOfHiddenTomb/HDRP (Default)/Art/AllTextures1K/T_MI_Stone_C_ORM.png using Guid(abc00000000009147322867028245764) Importer(2089858483,b0f066a214c2f5e87bad3c948f4d605d) (ScriptedImporter) -> (Import Result ID: '101735b0b7169db1be7e6db4eee33e03') in 0.0130507 seconds [static and dynamic dependencies]. Details - ImportResultOutputID=cda19c805432583deea2ea4cf9a60e52 DependenciesID=7e18bb8292a0b8f8f32678e195ef48e3 StaticDependenciesID=f9623ebbc40bfdc9cf66547a56abc230 
Number of updated asset objects reloaded before import = 0Number of asset objects unloaded after import = 1

========================================================================
Received Import Request.
  Time since last request: 0.000022 seconds.
  path: Assets/HIVEMIND/CaveOfHiddenTomb/HDRP (Default)/Art/AllTextures1K/T_MI_Stalacite_N04.png
  importAddress: Guid(abc00000000015265274727608524135) Importer(2089858483,b0f066a214c2f5e87bad3c948f4d605d)
Start importing Assets/HIVEMIND/CaveOfHiddenTomb/HDRP (Default)/Art/AllTextures1K/T_MI_Stalacite_N04.png using Guid(abc00000000015265274727608524135) Importer(2089858483,b0f066a214c2f5e87bad3c948f4d605d) (ScriptedImporter) -> (Import Result ID: '382e47089a88424cceebb96324280e39') in 0.0098878 seconds [static and dynamic dependencies]. Details - ImportResultOutputID=69a0650761f42aa5158e518781f40c23 DependenciesID=1dda739fe688d9afb84c84a616fa77e5 StaticDependenciesID=b73556b13269967430252f0c33b916e9 
Number of updated asset objects reloaded before import = 0Number of asset objects unloaded after import = 1

========================================================================
Received Import Request.
  Time since last request: 0.000038 seconds.
  path: Assets/HIVEMIND/CaveOfHiddenTomb/HDRP (Default)/Art/AllTextures1K/T_MI_Stalacite_N02.png
  importAddress: Guid(abc00000000015991768703604754173) Importer(2089858483,b0f066a214c2f5e87bad3c948f4d605d)
Start importing Assets/HIVEMIND/CaveOfHiddenTomb/HDRP (Default)/Art/AllTextures1K/T_MI_Stalacite_N02.png using Guid(abc00000000015991768703604754173) Importer(2089858483,b0f066a214c2f5e87bad3c948f4d605d) (ScriptedImporter) -> (Import Result ID: 'b24c9418962333cd3fc3e892c0b97ff0') in 0.0090783 seconds [static and dynamic dependencies]. Details - ImportResultOutputID=2e46e711bd2130e89c712b987d798882 DependenciesID=85d6db8197173c56acd40028de273b46 StaticDependenciesID=3ecf71ff1dd8809e546c5ddab6893a30 
Number of updated asset objects reloaded before import = 0Number of asset objects unloaded after import = 1

========================================================================
Received Import Request.
  Time since last request: 0.000023 seconds.
  path: Assets/HIVEMIND/CaveOfHiddenTomb/HDRP (Default)/Art/AllTextures1K/T_MI_Wall_Aztec_BC.png
  importAddress: Guid(abc00000000008704111451277991830) Importer(2089858483,b0f066a214c2f5e87bad3c948f4d605d)
Start importing Assets/HIVEMIND/CaveOfHiddenTomb/HDRP (Default)/Art/AllTextures1K/T_MI_Wall_Aztec_BC.png using Guid(abc00000000008704111451277991830) Importer(2089858483,b0f066a214c2f5e87bad3c948f4d605d) (ScriptedImporter) -> (Import Result ID: '7451d2e31dd657059cd67446a7572847') in 0.0121569 seconds [static and dynamic dependencies]. Details - ImportResultOutputID=bcc722890d984eebe0aea6ad22155742 DependenciesID=b8df7e5b754ca9f0095595d0e6bbfe71 StaticDependenciesID=419fd76274c34ebdda7f249947548a3d 
Number of updated asset objects reloaded before import = 0Number of asset objects unloaded after import = 1

========================================================================
Received Import Request.
  Time since last request: 0.000017 seconds.
  path: Assets/HIVEMIND/CaveOfHiddenTomb/HDRP (Default)/Art/AllTextures1K/T_Mud_N.png
  importAddress: Guid(abc00000000008902796377141949428) Importer(2089858483,b0f066a214c2f5e87bad3c948f4d605d)
Start importing Assets/HIVEMIND/CaveOfHiddenTomb/HDRP (Default)/Art/AllTextures1K/T_Mud_N.png using Guid(abc00000000008902796377141949428) Importer(2089858483,b0f066a214c2f5e87bad3c948f4d605d) (ScriptedImporter) -> (Import Result ID: 'b8bad025a0e7254ca785a2ed6afb5276') in 0.0089676 seconds [static and dynamic dependencies]. Details - ImportResultOutputID=54abcfdac1ccd0515f7dac1f966835b0 DependenciesID=8857dce8234551c1ab4995da92be2d5a StaticDependenciesID=353ee45b7996ead8491a8d61f5185020 
Number of updated asset objects reloaded before import = 0Number of asset objects unloaded after import = 1

========================================================================
Received Import Request.
  Time since last request: 0.000017 seconds.
  path: Assets/HIVEMIND/CaveOfHiddenTomb/HDRP (Default)/Art/AllTextures1K/T_Mud_AORD.png
  importAddress: Guid(abc00000000010227347377496998854) Importer(2089858483,b0f066a214c2f5e87bad3c948f4d605d)
Start importing Assets/HIVEMIND/CaveOfHiddenTomb/HDRP (Default)/Art/AllTextures1K/T_Mud_AORD.png using Guid(abc00000000010227347377496998854) Importer(2089858483,b0f066a214c2f5e87bad3c948f4d605d) (ScriptedImporter) -> (Import Result ID: 'd88c4bb6f2026f8f072efee7a58f6f70') in 0.0100723 seconds [static and dynamic dependencies]. Details - ImportResultOutputID=24409e5529ee70cd961288d40d41b34b DependenciesID=380e09150ad4b452f886d052e07a251d StaticDependenciesID=4c99f8d7efce5521590467edf0345a6a 
Number of updated asset objects reloaded before import = 0Number of asset objects unloaded after import = 1

========================================================================
Received Import Request.
  Time since last request: 0.000029 seconds.
  path: Assets/HIVEMIND/CaveOfHiddenTomb/HDRP (Default)/Art/AllTextures1K/T_MI_Stone_B_ORM.png
  importAddress: Guid(abc00000000003000272765539685922) Importer(2089858483,b0f066a214c2f5e87bad3c948f4d605d)
Start importing Assets/HIVEMIND/CaveOfHiddenTomb/HDRP (Default)/Art/AllTextures1K/T_MI_Stone_B_ORM.png using Guid(abc00000000003000272765539685922) Importer(2089858483,b0f066a214c2f5e87bad3c948f4d605d) (ScriptedImporter) -> (Import Result ID: '2f577556ebae3b47d6f8be48eda642f8') in 0.0145497 seconds [static and dynamic dependencies]. Details - ImportResultOutputID=ee08c841d583247a5142599c90cb2c13 DependenciesID=eea4e84d9f227f09604653aced18d062 StaticDependenciesID=59e8f304e242f6209672d10aedf5764c 
Number of updated asset objects reloaded before import = 0Number of asset objects unloaded after import = 1

========================================================================
Received Import Request.
  Time since last request: 0.000033 seconds.
  path: Assets/HIVEMIND/CaveOfHiddenTomb/HDRP (Default)/Art/AllTextures1K/T_MI_Stone_B_N.png
  importAddress: Guid(abc00000000005621117829992261996) Importer(2089858483,b0f066a214c2f5e87bad3c948f4d605d)
Start importing Assets/HIVEMIND/CaveOfHiddenTomb/HDRP (Default)/Art/AllTextures1K/T_MI_Stone_B_N.png using Guid(abc00000000005621117829992261996) Importer(2089858483,b0f066a214c2f5e87bad3c948f4d605d) (ScriptedImporter) -> (Import Result ID: 'c61c1e8db4962511f43b4ccd09b639ba') in 0.0088478 seconds [static and dynamic dependencies]. Details - ImportResultOutputID=6dbf9e6fefe70339129368f1b9c34e77 DependenciesID=e852618fc74b19310bd2598c8b83a594 StaticDependenciesID=ccfa925ea85d030fa58f58dd46aa413f 
Number of updated asset objects reloaded before import = 0Number of asset objects unloaded after import = 1

========================================================================
Received Import Request.
  Time since last request: 0.000023 seconds.
  path: Assets/HIVEMIND/CaveOfHiddenTomb/HDRP (Default)/Art/AllTextures1K/T_MI_Pillar_C_N.png
  importAddress: Guid(abc00000000003452496414273656022) Importer(2089858483,b0f066a214c2f5e87bad3c948f4d605d)
Start importing Assets/HIVEMIND/CaveOfHiddenTomb/HDRP (Default)/Art/AllTextures1K/T_MI_Pillar_C_N.png using Guid(abc00000000003452496414273656022) Importer(2089858483,b0f066a214c2f5e87bad3c948f4d605d) (ScriptedImporter) -> (Import Result ID: '1f9d2b5a8572698df517951cb2be74ff') in 0.0096652 seconds [static and dynamic dependencies]. Details - ImportResultOutputID=8a00e4dfc153d704478402222534da43 DependenciesID=084b3a6a6b67ae5a0f1ceabbe0d62524 StaticDependenciesID=ecabfb6f9ed76f3e849664d5cd53b851 
Number of updated asset objects reloaded before import = 0Number of asset objects unloaded after import = 1

========================================================================
Received Import Request.
  Time since last request: 0.000020 seconds.
  path: Assets/HIVEMIND/CaveOfHiddenTomb/HDRP (Default)/Art/AllTextures1K/T_MI_StonePattern_N02.png
  importAddress: Guid(abc00000000015797085486859705990) Importer(2089858483,b0f066a214c2f5e87bad3c948f4d605d)
Start importing Assets/HIVEMIND/CaveOfHiddenTomb/HDRP (Default)/Art/AllTextures1K/T_MI_StonePattern_N02.png using Guid(abc00000000015797085486859705990) Importer(2089858483,b0f066a214c2f5e87bad3c948f4d605d) (ScriptedImporter) -> (Import Result ID: 'a16b073772135fddef11d603ea5071fa') in 0.0110229 seconds [static and dynamic dependencies]. Details - ImportResultOutputID=f8765ed4ec8c19ca00d916923bd618a8 DependenciesID=8f0732122ced3f33ee9715ae681b4ef3 StaticDependenciesID=b055c503b8b9fc6ee080674001d307b5 
Number of updated asset objects reloaded before import = 0Number of asset objects unloaded after import = 1

========================================================================
Received Import Request.
  Time since last request: 0.000022 seconds.
  path: Assets/SunboxGames/ModularDungeonCaves/Textures/LogStairs_01/LogStairs_01_paint_LogStairs_01_MetallicSmoothness.png
  importAddress: Guid(7ef3e4c1afdb2df4fb950030d0b155c7) Importer(2089858483,b0f066a214c2f5e87bad3c948f4d605d)
Start importing Assets/SunboxGames/ModularDungeonCaves/Textures/LogStairs_01/LogStairs_01_paint_LogStairs_01_MetallicSmoothness.png using Guid(7ef3e4c1afdb2df4fb950030d0b155c7) Importer(2089858483,b0f066a214c2f5e87bad3c948f4d605d) (ScriptedImporter) -> (Import Result ID: 'f70cf9077cfcb90c1cba532caf3e1c2b') in 0.0246698 seconds [static and dynamic dependencies]. Details - ImportResultOutputID=84d63f3a5cc9dc684ff011c7c9b8b179 DependenciesID=37606518b1b1a3a6823c0feff2afa86c StaticDependenciesID=f17fd2778297c9218a01bbe5334c829c 
Number of updated asset objects reloaded before import = 0Number of asset objects unloaded after import = 1

========================================================================
Received Import Request.
  Time since last request: 0.000028 seconds.
  path: Assets/HIVEMIND/CaveOfHiddenTomb/HDRP (Default)/Art/AllTextures1K/T_EuropeanBeech_01_M.png
  importAddress: Guid(abc00000000014050937310573915643) Importer(2089858483,b0f066a214c2f5e87bad3c948f4d605d)
Start importing Assets/HIVEMIND/CaveOfHiddenTomb/HDRP (Default)/Art/AllTextures1K/T_EuropeanBeech_01_M.png using Guid(abc00000000014050937310573915643) Importer(2089858483,b0f066a214c2f5e87bad3c948f4d605d) (ScriptedImporter) -> (Import Result ID: '9483560349084eeab888267f3821a162') in 0.0132253 seconds [static and dynamic dependencies]. Details - ImportResultOutputID=25d11668bee9e0e87226028484e00e27 DependenciesID=4e0a2efb48cff3895683ebca425697a9 StaticDependenciesID=415aaf8f5ae32b70b7cfa4f11ece0017 
Number of updated asset objects reloaded before import = 0Number of asset objects unloaded after import = 1

========================================================================
Received Import Request.
  Time since last request: 0.000043 seconds.
  path: Assets/SunboxGames/ModularDungeonCaves/Prefabs/Mushrooms/Mushroom03_Red.prefab
  importAddress: Guid(14d909e69d703a242864c1fd219e7eb6) Importer(2089858483,e11c23a36db5f54750b8cd40eac0985b)
Start importing Assets/SunboxGames/ModularDungeonCaves/Prefabs/Mushrooms/Mushroom03_Red.prefab using Guid(14d909e69d703a242864c1fd219e7eb6) Importer(2089858483,e11c23a36db5f54750b8cd40eac0985b) (ScriptedImporter) -> (Import Result ID: '43013d2ab3b84a503fbcc0e96985a701') in 0.0094206 seconds [static and dynamic dependencies]. Details - ImportResultOutputID=20d29bdd9babdd520c7d5b1d0a3f03b7 DependenciesID=c21bcad71afaa04a7294c2fdebf6b202 StaticDependenciesID=ff57cbce2adc7fd5b900929068c21f45 
Number of updated asset objects reloaded before import = 0Number of asset objects unloaded after import = 9

========================================================================
Received Import Request.
  Time since last request: 0.000017 seconds.
  path: Assets/HIVEMIND/CaveOfHiddenTomb/HDRP (Default)/Art/AllTextures1K/T_stonepattern_g_ORD.PNG
  importAddress: Guid(deda447e8a0ffa6418bdd43106909810) Importer(2089858483,b0f066a214c2f5e87bad3c948f4d605d)
Start importing Assets/HIVEMIND/CaveOfHiddenTomb/HDRP (Default)/Art/AllTextures1K/T_stonepattern_g_ORD.PNG using Guid(deda447e8a0ffa6418bdd43106909810) Importer(2089858483,b0f066a214c2f5e87bad3c948f4d605d) (ScriptedImporter) -> (Import Result ID: '7903250e72ed8513c7f05a2866cf377b') in 0.0083171 seconds [static and dynamic dependencies]. Details - ImportResultOutputID=9125f5b139bc6b9bf48215312cb253cc DependenciesID=c41cc77fa8a83c8b1bd2ab67df454518 StaticDependenciesID=a3b98f7f175e0b73163d761e56c8f307 
Number of updated asset objects reloaded before import = 0Number of asset objects unloaded after import = 1

========================================================================
Received Import Request.
  Time since last request: 0.000024 seconds.
  path: Assets/HIVEMIND/CaveOfHiddenTomb/HDRP (Default)/Art/AllTextures1K/T_RockWall_BC.png
  importAddress: Guid(abc00000000001171683740332456784) Importer(2089858483,b0f066a214c2f5e87bad3c948f4d605d)
Start importing Assets/HIVEMIND/CaveOfHiddenTomb/HDRP (Default)/Art/AllTextures1K/T_RockWall_BC.png using Guid(abc00000000001171683740332456784) Importer(2089858483,b0f066a214c2f5e87bad3c948f4d605d) (ScriptedImporter) -> (Import Result ID: '5266f5e89eecef9c8599066587d71e93') in 0.0139487 seconds [static and dynamic dependencies]. Details - ImportResultOutputID=074931851a1e53befaf8b69ed5ce1cd4 DependenciesID=d6aa9ff62b7c236fa1daca82ada0bf13 StaticDependenciesID=bea4601963959e5b6f4d69a203e757ba 
Number of updated asset objects reloaded before import = 0Number of asset objects unloaded after import = 1

========================================================================
Received Import Request.
  Time since last request: 0.000019 seconds.
  path: Assets/HIVEMIND/CaveOfHiddenTomb/HDRP (Default)/Art/AllTextures1K/T_TempleStoneGround_AORD.png
  importAddress: Guid(abc00000000017234471269131414307) Importer(2089858483,b0f066a214c2f5e87bad3c948f4d605d)
Start importing Assets/HIVEMIND/CaveOfHiddenTomb/HDRP (Default)/Art/AllTextures1K/T_TempleStoneGround_AORD.png using Guid(abc00000000017234471269131414307) Importer(2089858483,b0f066a214c2f5e87bad3c948f4d605d) (ScriptedImporter) -> (Import Result ID: '5b8e02fb65efb41052959525f135b7c6') in 0.0089937 seconds [static and dynamic dependencies]. Details - ImportResultOutputID=6cf45006c721fe8882512de2672a1a1d DependenciesID=3dac09e280e7641c515e56254a9fd9f1 StaticDependenciesID=ff8e788237ef8f6a4f9f8aad4ff2c58e 
Number of updated asset objects reloaded before import = 0Number of asset objects unloaded after import = 1

========================================================================
Received Import Request.
  Time since last request: 0.000023 seconds.
  path: Assets/HIVEMIND/CaveOfHiddenTomb/HDRP (Default)/Art/AllTextures1K/T_stoneplate_g_ORD.PNG
  importAddress: Guid(36b9041cbe9a44047a07b32f024035fc) Importer(2089858483,b0f066a214c2f5e87bad3c948f4d605d)
Start importing Assets/HIVEMIND/CaveOfHiddenTomb/HDRP (Default)/Art/AllTextures1K/T_stoneplate_g_ORD.PNG using Guid(36b9041cbe9a44047a07b32f024035fc) Importer(2089858483,b0f066a214c2f5e87bad3c948f4d605d) (ScriptedImporter) -> (Import Result ID: '01f0fb3e94babdd4505c1944cefc105d') in 0.0095375 seconds [static and dynamic dependencies]. Details - ImportResultOutputID=a90748fd41a15681a5f1c35d025c244d DependenciesID=25ed6d2806f736f5a34551fe616f27c0 StaticDependenciesID=1ff0dffb61380c0bf20ab5221c1ab12e 
Number of updated asset objects reloaded before import = 0Number of asset objects unloaded after import = 1

========================================================================
Received Import Request.
  Time since last request: 0.000035 seconds.
  path: Assets/HIVEMIND/CaveOfHiddenTomb/HDRP (Default)/Art/AllTextures1K/T_SM_Pillar_B_ORD.png
  importAddress: Guid(abc00000000013855648843364803961) Importer(2089858483,b0f066a214c2f5e87bad3c948f4d605d)
Start importing Assets/HIVEMIND/CaveOfHiddenTomb/HDRP (Default)/Art/AllTextures1K/T_SM_Pillar_B_ORD.png using Guid(abc00000000013855648843364803961) Importer(2089858483,b0f066a214c2f5e87bad3c948f4d605d) (ScriptedImporter) -> (Import Result ID: '480868406ffc9fa34a31f63980613e87') in 0.0130431 seconds [static and dynamic dependencies]. Details - ImportResultOutputID=63f39654f947e16707e22fc45736010a DependenciesID=d123f310e331c8a70c0d75b1651a3ad9 StaticDependenciesID=29fe864711d8dad02ea0a13d59bcbad3 
Number of updated asset objects reloaded before import = 0Number of asset objects unloaded after import = 1

========================================================================
Received Import Request.
  Time since last request: 0.000020 seconds.
  path: Assets/HIVEMIND/CaveOfHiddenTomb/HDRP (Default)/Art/AllTextures1K/T_Rock_ORD03.png
  importAddress: Guid(abc00000000000221177093136062622) Importer(2089858483,b0f066a214c2f5e87bad3c948f4d605d)
Start importing Assets/HIVEMIND/CaveOfHiddenTomb/HDRP (Default)/Art/AllTextures1K/T_Rock_ORD03.png using Guid(abc00000000000221177093136062622) Importer(2089858483,b0f066a214c2f5e87bad3c948f4d605d) (ScriptedImporter) -> (Import Result ID: 'a98ab7988ae59255521d1da396760c78') in 0.0132053 seconds [static and dynamic dependencies]. Details - ImportResultOutputID=7217a51c096a0d64c53fe6b733e8442c DependenciesID=ad67716885c9cda102db38e5fbecebd7 StaticDependenciesID=6304ceaa6ae2f42d672ec542647f4c96 
Number of updated asset objects reloaded before import = 0Number of asset objects unloaded after import = 1

========================================================================
Received Import Request.
  Time since last request: 0.000019 seconds.
  path: Assets/HIVEMIND/CaveOfHiddenTomb/HDRP (Default)/Art/AllTextures1K/T_StonePlate_Albedo02.png
  importAddress: Guid(abc00000000001475971319133348755) Importer(2089858483,b0f066a214c2f5e87bad3c948f4d605d)
Start importing Assets/HIVEMIND/CaveOfHiddenTomb/HDRP (Default)/Art/AllTextures1K/T_StonePlate_Albedo02.png using Guid(abc00000000001475971319133348755) Importer(2089858483,b0f066a214c2f5e87bad3c948f4d605d) (ScriptedImporter) -> (Import Result ID: '99b1e77461d3a643fe529b3383eebd92') in 0.0080755 seconds [static and dynamic dependencies]. Details - ImportResultOutputID=26edb181d0e11c091bfac7b1fc65eb01 DependenciesID=a95fdabcd5ffbf6c966c7ff4617760db StaticDependenciesID=f5f6fa5f04b04430e095f2d3c4327482 
Number of updated asset objects reloaded before import = 0Number of asset objects unloaded after import = 1

========================================================================
Received Import Request.
  Time since last request: 0.000019 seconds.
  path: Assets/HIVEMIND/CaveOfHiddenTomb/HDRP (Default)/Art/AllTextures1K/T_stonepattern_f_edge_N.PNG
  importAddress: Guid(e3e087bd996dd5946831b6a68b81ccea) Importer(2089858483,b0f066a214c2f5e87bad3c948f4d605d)
Start importing Assets/HIVEMIND/CaveOfHiddenTomb/HDRP (Default)/Art/AllTextures1K/T_stonepattern_f_edge_N.PNG using Guid(e3e087bd996dd5946831b6a68b81ccea) Importer(2089858483,b0f066a214c2f5e87bad3c948f4d605d) (ScriptedImporter) -> (Import Result ID: 'c7eae998431db94e3e3478afd2f1f6d1') in 0.01034 seconds [static and dynamic dependencies]. Details - ImportResultOutputID=0a77f53f303444b21b2d1b46919f3848 DependenciesID=90377ea1124d5b9871f5b28e47b6b072 StaticDependenciesID=6700db9aa814977deb20641a24e23825 
Number of updated asset objects reloaded before import = 0Number of asset objects unloaded after import = 1

========================================================================
Received Import Request.
  Time since last request: 0.000020 seconds.
  path: Assets/HIVEMIND/CaveOfHiddenTomb/HDRP (Default)/Art/AllTextures1K/T_Rock_N05.png
  importAddress: Guid(abc00000000012726100118473983773) Importer(2089858483,b0f066a214c2f5e87bad3c948f4d605d)
Start importing Assets/HIVEMIND/CaveOfHiddenTomb/HDRP (Default)/Art/AllTextures1K/T_Rock_N05.png using Guid(abc00000000012726100118473983773) Importer(2089858483,b0f066a214c2f5e87bad3c948f4d605d) (ScriptedImporter) -> (Import Result ID: '6db08ce3f362d97a2a8f79cc68b21785') in 0.0097657 seconds [static and dynamic dependencies]. Details - ImportResultOutputID=c9d66fe7207096739f1647989bf11929 DependenciesID=97e8678e55b9b3be389ce2c312a441bd StaticDependenciesID=9151605741376a4ab83cd53f0aa58800 
Number of updated asset objects reloaded before import = 0Number of asset objects unloaded after import = 1

========================================================================
Received Import Request.
  Time since last request: 0.000034 seconds.
  path: Assets/HIVEMIND/CaveOfHiddenTomb/HDRP (Default)/Art/AllTextures1K/T_StonePlate_AORD02.png
  importAddress: Guid(abc00000000005761517231500978916) Importer(2089858483,b0f066a214c2f5e87bad3c948f4d605d)
Start importing Assets/HIVEMIND/CaveOfHiddenTomb/HDRP (Default)/Art/AllTextures1K/T_StonePlate_AORD02.png using Guid(abc00000000005761517231500978916) Importer(2089858483,b0f066a214c2f5e87bad3c948f4d605d) (ScriptedImporter) -> (Import Result ID: 'cf0299c33cb2a3d0f755ad2d4ac93504') in 0.0121854 seconds [static and dynamic dependencies]. Details - ImportResultOutputID=09a9d4b9be17f239879741e0ae3a7ef6 DependenciesID=2716665ac14ed4e582ee22705eb948b1 StaticDependenciesID=e5712d6df5d428fcea65ca46c197a413 
Number of updated asset objects reloaded before import = 0Number of asset objects unloaded after import = 1

========================================================================
Received Import Request.
  Time since last request: 0.000025 seconds.
  path: Assets/HIVEMIND/CaveOfHiddenTomb/HDRP (Default)/Art/AllTextures1K/T_stonepattern_g_N.PNG
  importAddress: Guid(d4b813779ffaa7045bade06621956f03) Importer(2089858483,b0f066a214c2f5e87bad3c948f4d605d)
Start importing Assets/HIVEMIND/CaveOfHiddenTomb/HDRP (Default)/Art/AllTextures1K/T_stonepattern_g_N.PNG using Guid(d4b813779ffaa7045bade06621956f03) Importer(2089858483,b0f066a214c2f5e87bad3c948f4d605d) (ScriptedImporter) -> (Import Result ID: 'fa7f34fc65d4fa9d028959e83a6216bd') in 0.0098677 seconds [static and dynamic dependencies]. Details - ImportResultOutputID=be7cc3c6ac5cc3753e7d64eb36e7df92 DependenciesID=a477d573256c26caeb8c834622962c47 StaticDependenciesID=3f72e86e89a668c9dfd4c1c76b4ef012 
Number of updated asset objects reloaded before import = 0Number of asset objects unloaded after import = 1

========================================================================
Received Import Request.
  Time since last request: 0.000019 seconds.
  path: Assets/HIVEMIND/CaveOfHiddenTomb/HDRP (Default)/Art/AllTextures1K/T_stonepattern_f_edge_BC.PNG
  importAddress: Guid(4b3eafed20f62af43957f2efd2bfdbeb) Importer(2089858483,b0f066a214c2f5e87bad3c948f4d605d)
Start importing Assets/HIVEMIND/CaveOfHiddenTomb/HDRP (Default)/Art/AllTextures1K/T_stonepattern_f_edge_BC.PNG using Guid(4b3eafed20f62af43957f2efd2bfdbeb) Importer(2089858483,b0f066a214c2f5e87bad3c948f4d605d) (ScriptedImporter) -> (Import Result ID: '60721be9bc70bd56051b07edd87bdc49') in 0.0106594 seconds [static and dynamic dependencies]. Details - ImportResultOutputID=ce88ea85448bfbcff73b4f662105b88d DependenciesID=8708a0d927fc4308d39176f71d943a3d StaticDependenciesID=85f1de8b9ae72b1f08755121e6b571b2 
Number of updated asset objects reloaded before import = 0Number of asset objects unloaded after import = 1

========================================================================
Received Import Request.
  Time since last request: 0.000018 seconds.
  path: Assets/HIVEMIND/CaveOfHiddenTomb/HDRP (Default)/Art/Prefabs/SM_Pillar_D.prefab
  importAddress: Guid(abc00000000008566488508193822840) Importer(2089858483,e11c23a36db5f54750b8cd40eac0985b)
Start importing Assets/HIVEMIND/CaveOfHiddenTomb/HDRP (Default)/Art/Prefabs/SM_Pillar_D.prefab using Guid(abc00000000008566488508193822840) Importer(2089858483,e11c23a36db5f54750b8cd40eac0985b) (ScriptedImporter) -> (Import Result ID: '0f7034bc213931575bb856e4fa50086e') in 0.0285595 seconds [static and dynamic dependencies]. Details - ImportResultOutputID=310a55fc024d13e88832b2ea8b080a00 DependenciesID=002ef34d752ba276cc238af95b6cae7a StaticDependenciesID=8b8cee1ea028baf82f355e1252c82e34 
Number of updated asset objects reloaded before import = 0Number of asset objects unloaded after import = 35

========================================================================
Received Import Request.
  Time since last request: 0.000020 seconds.
  path: Assets/HIVEMIND/CaveOfHiddenTomb/HDRP (Default)/Art/Prefabs/SM_RockWall_E.prefab
  importAddress: Guid(abc00000000008808662298152300386) Importer(2089858483,e11c23a36db5f54750b8cd40eac0985b)
Start importing Assets/HIVEMIND/CaveOfHiddenTomb/HDRP (Default)/Art/Prefabs/SM_RockWall_E.prefab using Guid(abc00000000008808662298152300386) Importer(2089858483,e11c23a36db5f54750b8cd40eac0985b) (ScriptedImporter) -> (Import Result ID: 'c5d8121b817c9479e3b700bac966fa58') in 0.0243009 seconds [static and dynamic dependencies]. Details - ImportResultOutputID=ac40b35fff3ea59c4c4bead351ec7701 DependenciesID=6de91561d702101e64a7a21e7241f093 StaticDependenciesID=160c8b7d4fec49519354171c228f1044 
Number of updated asset objects reloaded before import = 0Number of asset objects unloaded after import = 33

========================================================================
Received Import Request.
  Time since last request: 0.000042 seconds.
  path: Assets/HIVEMIND/CaveOfHiddenTomb/HDRP (Default)/Art/Prefabs/SM_Ground_A.prefab
  importAddress: Guid(abc00000000005823514002359406168) Importer(2089858483,e11c23a36db5f54750b8cd40eac0985b)
Start importing Assets/HIVEMIND/CaveOfHiddenTomb/HDRP (Default)/Art/Prefabs/SM_Ground_A.prefab using Guid(abc00000000005823514002359406168) Importer(2089858483,e11c23a36db5f54750b8cd40eac0985b) (ScriptedImporter) -> (Import Result ID: '3118cf1de3506c1b304d2e012a4db115') in 0.0194686 seconds [static and dynamic dependencies]. Details - ImportResultOutputID=e76baa6fe1b3a578481d450c778aca22 DependenciesID=1e206018937345b26ab84cafed252ab3 StaticDependenciesID=9678b72515fe7c162205220c45a86172 
Number of updated asset objects reloaded before import = 0Number of asset objects unloaded after import = 33

========================================================================
Received Import Request.
  Time since last request: 0.000024 seconds.
  path: Assets/HIVEMIND/CaveOfHiddenTomb/HDRP (Default)/Art/AllTextures1K/T_Wall_CobbleStone_A_AORD.png
  importAddress: Guid(abc00000000018214369588204825733) Importer(2089858483,b0f066a214c2f5e87bad3c948f4d605d)
Start importing Assets/HIVEMIND/CaveOfHiddenTomb/HDRP (Default)/Art/AllTextures1K/T_Wall_CobbleStone_A_AORD.png using Guid(abc00000000018214369588204825733) Importer(2089858483,b0f066a214c2f5e87bad3c948f4d605d) (ScriptedImporter) -> (Import Result ID: '5ee7153d9cd44daa65859d87e759ae08') in 0.0124251 seconds [static and dynamic dependencies]. Details - ImportResultOutputID=75bd6b586526bcfd82a7243dfb1cdae6 DependenciesID=5251b5da56a4643469e1bcf09777f4c1 StaticDependenciesID=2d277a754463820b05719390502d7632 
Number of updated asset objects reloaded before import = 0Number of asset objects unloaded after import = 1

========================================================================
Received Import Request.
  Time since last request: 0.000023 seconds.
  path: Assets/HIVEMIND/CaveOfHiddenTomb/HDRP (Default)/Art/Prefabs/SM_Arch_B.prefab
  importAddress: Guid(abc00000000013122705845475440050) Importer(2089858483,e11c23a36db5f54750b8cd40eac0985b)
Start importing Assets/HIVEMIND/CaveOfHiddenTomb/HDRP (Default)/Art/Prefabs/SM_Arch_B.prefab using Guid(abc00000000013122705845475440050) Importer(2089858483,e11c23a36db5f54750b8cd40eac0985b) (ScriptedImporter) -> (Import Result ID: 'df3fcc9ddefd7095655fac1c565ff329') in 0.0252991 seconds [static and dynamic dependencies]. Details - ImportResultOutputID=33ec73127ad94b0ad2f23b9bc4075827 DependenciesID=9249a1681ba3b1cf1161e548219eb105 StaticDependenciesID=22a965bcc7b985f2e27e1373f88d33da 
Number of updated asset objects reloaded before import = 0Number of asset objects unloaded after import = 38

========================================================================
Received Import Request.
  Time since last request: 0.000021 seconds.
  path: Assets/HIVEMIND/CaveOfHiddenTomb/HDRP (Default)/Art/Prefabs/SM_Ground_A_2.prefab
  importAddress: Guid(abc00000000003639299895211850663) Importer(2089858483,e11c23a36db5f54750b8cd40eac0985b)
Start importing Assets/HIVEMIND/CaveOfHiddenTomb/HDRP (Default)/Art/Prefabs/SM_Ground_A_2.prefab using Guid(abc00000000003639299895211850663) Importer(2089858483,e11c23a36db5f54750b8cd40eac0985b) (ScriptedImporter) -> (Import Result ID: 'bdb6c6ef5b77c1a9ffb7f3b4b60b286e') in 0.0184086 seconds [static and dynamic dependencies]. Details - ImportResultOutputID=c9127d2189f6bfe5dd0acee23536d0f7 DependenciesID=a5be7b64fc94a1604e887f3450b00032 StaticDependenciesID=5f5e3b860d088659bad3ab3b085b03fd 
Number of updated asset objects reloaded before import = 0Number of asset objects unloaded after import = 33

========================================================================
Received Import Request.
  Time since last request: 0.000026 seconds.
  path: Assets/HIVEMIND/CaveOfHiddenTomb/HDRP (Default)/Art/Prefabs/SM_Ivy_Wall_C.prefab
  importAddress: Guid(abc00000000011488074467563626598) Importer(2089858483,e11c23a36db5f54750b8cd40eac0985b)
Start importing Assets/HIVEMIND/CaveOfHiddenTomb/HDRP (Default)/Art/Prefabs/SM_Ivy_Wall_C.prefab using Guid(abc00000000011488074467563626598) Importer(2089858483,e11c23a36db5f54750b8cd40eac0985b) (ScriptedImporter) -> (Import Result ID: 'c61e964bb68a9db083f47d0252146c9d') in 0.0266294 seconds [static and dynamic dependencies]. Details - ImportResultOutputID=b6517b0190bf1f04b150c868b1f968bf DependenciesID=391d28eb9f541eaf31304f559d5a9f18 StaticDependenciesID=04c6fd1f3588dc2f4bea7b36867e4255 
Number of updated asset objects reloaded before import = 0Number of asset objects unloaded after import = 32

========================================================================
Received Import Request.
  Time since last request: 0.000040 seconds.
  path: Assets/HIVEMIND/CaveOfHiddenTomb/HDRP (Default)/Art/AllTextures1K/T_Wall_CobbleStone_A_N.png
  importAddress: Guid(abc00000000011518601354385901245) Importer(2089858483,b0f066a214c2f5e87bad3c948f4d605d)
Start importing Assets/HIVEMIND/CaveOfHiddenTomb/HDRP (Default)/Art/AllTextures1K/T_Wall_CobbleStone_A_N.png using Guid(abc00000000011518601354385901245) Importer(2089858483,b0f066a214c2f5e87bad3c948f4d605d) (ScriptedImporter) -> (Import Result ID: 'ba89bf28f2e29174998dfaf255fdf3fc') in 0.0092781 seconds [static and dynamic dependencies]. Details - ImportResultOutputID=ae9bc0f74d8cb98d1bb59ebd7efd0ac8 DependenciesID=2f6277fd2b26c3814a4367e8fa28ee28 StaticDependenciesID=8515de1ffeed16467dc5c45ee6101c7b 
Number of updated asset objects reloaded before import = 0Number of asset objects unloaded after import = 1

========================================================================
Received Import Request.
  Time since last request: 0.000027 seconds.
  path: Assets/HIVEMIND/CaveOfHiddenTomb/HDRP (Default)/Art/Prefabs/SM_Rock_A.prefab
  importAddress: Guid(abc00000000004595663221840188358) Importer(2089858483,e11c23a36db5f54750b8cd40eac0985b)
Start importing Assets/HIVEMIND/CaveOfHiddenTomb/HDRP (Default)/Art/Prefabs/SM_Rock_A.prefab using Guid(abc00000000004595663221840188358) Importer(2089858483,e11c23a36db5f54750b8cd40eac0985b) (ScriptedImporter) -> (Import Result ID: 'd6180d924d2882e511dd6f239ae2300b') in 0.022437 seconds [static and dynamic dependencies]. Details - ImportResultOutputID=815e83357f96c920e591e607d8ebcb34 DependenciesID=f7bd5c2c2e2da26052d627953c8ccf3d StaticDependenciesID=6d89dbafddfd32932f45a1d16eccdd51 
Number of updated asset objects reloaded before import = 0Number of asset objects unloaded after import = 33

========================================================================
Received Import Request.
  Time since last request: 0.000028 seconds.
  path: Assets/HIVEMIND/CaveOfHiddenTomb/HDRP (Default)/Art/AllTextures1K/T_RockWall_ORD02.png
  importAddress: Guid(abc00000000015924160883973010627) Importer(2089858483,b0f066a214c2f5e87bad3c948f4d605d)
Start importing Assets/HIVEMIND/CaveOfHiddenTomb/HDRP (Default)/Art/AllTextures1K/T_RockWall_ORD02.png using Guid(abc00000000015924160883973010627) Importer(2089858483,b0f066a214c2f5e87bad3c948f4d605d) (ScriptedImporter) -> (Import Result ID: '62d84a07c3fc0658149b131af52ca2ac') in 0.0119582 seconds [static and dynamic dependencies]. Details - ImportResultOutputID=32055774cc49b8d7cd87c5183f8a7fd2 DependenciesID=e3d360075f89cbe32850fd68ef9c94b5 StaticDependenciesID=301822db113f01fbcdc08c251dc368f8 
Number of updated asset objects reloaded before import = 0Number of asset objects unloaded after import = 1

========================================================================
Received Import Request.
  Time since last request: 0.000024 seconds.
  path: Assets/HIVEMIND/CaveOfHiddenTomb/HDRP (Default)/Art/Prefabs/SM_Sculpt_B.prefab
  importAddress: Guid(abc00000000017035910702876779915) Importer(2089858483,e11c23a36db5f54750b8cd40eac0985b)
Start importing Assets/HIVEMIND/CaveOfHiddenTomb/HDRP (Default)/Art/Prefabs/SM_Sculpt_B.prefab using Guid(abc00000000017035910702876779915) Importer(2089858483,e11c23a36db5f54750b8cd40eac0985b) (ScriptedImporter) -> (Import Result ID: 'b3707c2e2cb6e0892d5aaeb22808d19f') in 0.0249573 seconds [static and dynamic dependencies]. Details - ImportResultOutputID=0d83af0eddaa3d855968a25ca1d6932e DependenciesID=2088127f8395a49b3f6d619556b8e67a StaticDependenciesID=2aa1e5367fcdefb9b47833488d1c0f04 
Number of updated asset objects reloaded before import = 0Number of asset objects unloaded after import = 33

========================================================================
Received Import Request.
  Time since last request: 0.000029 seconds.
  path: Assets/HIVEMIND/CaveOfHiddenTomb/HDRP (Default)/Art/Prefabs/SM_StonePattern_E.prefab
  importAddress: Guid(abc00000000007268444134616244522) Importer(2089858483,e11c23a36db5f54750b8cd40eac0985b)
Start importing Assets/HIVEMIND/CaveOfHiddenTomb/HDRP (Default)/Art/Prefabs/SM_StonePattern_E.prefab using Guid(abc00000000007268444134616244522) Importer(2089858483,e11c23a36db5f54750b8cd40eac0985b) (ScriptedImporter) -> (Import Result ID: '40967a32cfd3f3dab5c4d8560d1f78a2') in 0.0232957 seconds [static and dynamic dependencies]. Details - ImportResultOutputID=ccf8082ce8f2e22632fd2a66820c1bfd DependenciesID=4f5196d30fe7d06c525c2f06c1aea6b2 StaticDependenciesID=4e981885378fef4f0de583fd41a85c43 
Number of updated asset objects reloaded before import = 0Number of asset objects unloaded after import = 33

========================================================================
Received Import Request.
  Time since last request: 0.000041 seconds.
  path: Assets/HIVEMIND/CaveOfHiddenTomb/HDRP (Default)/Art/Prefabs/SM_StonePattern_D.prefab
  importAddress: Guid(abc00000000001420823762789386931) Importer(2089858483,e11c23a36db5f54750b8cd40eac0985b)
Start importing Assets/HIVEMIND/CaveOfHiddenTomb/HDRP (Default)/Art/Prefabs/SM_StonePattern_D.prefab using Guid(abc00000000001420823762789386931) Importer(2089858483,e11c23a36db5f54750b8cd40eac0985b) (ScriptedImporter) -> (Import Result ID: 'c04d4c07c5f36bf76cd083e4287c4ba7') in 0.022654 seconds [static and dynamic dependencies]. Details - ImportResultOutputID=f95fcfa87d7ed6e4ebfcff61a1126a43 DependenciesID=cefd75e5ee268a262d93a3362eadb526 StaticDependenciesID=829f0b7729e4c4edcf8f0a0b503c987a 
Number of updated asset objects reloaded before import = 0Number of asset objects unloaded after import = 33

========================================================================
Received Import Request.
  Time since last request: 0.000024 seconds.
  path: Assets/HIVEMIND/CaveOfHiddenTomb/HDRP (Default)/Art/Prefabs/SM_StonePattern_F.prefab
  importAddress: Guid(abc00000000004849183865032227185) Importer(2089858483,e11c23a36db5f54750b8cd40eac0985b)
Start importing Assets/HIVEMIND/CaveOfHiddenTomb/HDRP (Default)/Art/Prefabs/SM_StonePattern_F.prefab using Guid(abc00000000004849183865032227185) Importer(2089858483,e11c23a36db5f54750b8cd40eac0985b) (ScriptedImporter) -> (Import Result ID: '685baf9fbdb64a0ba19e61c2bdab6108') in 0.0290793 seconds [static and dynamic dependencies]. Details - ImportResultOutputID=dedf524a1e761caefdce39c5316c23e8 DependenciesID=e6d61949fb1ff3d389510b663839364d StaticDependenciesID=a12b866b8c9fb0d97effb228775b884b 
Number of updated asset objects reloaded before import = 0Number of asset objects unloaded after import = 36

========================================================================
Received Import Request.
  Time since last request: 0.000030 seconds.
  path: Assets/HIVEMIND/CaveOfHiddenTomb/HDRP (Default)/Art/Prefabs/SM_Wall_Aztec_C.prefab
  importAddress: Guid(abc00000000007350727321798800617) Importer(2089858483,e11c23a36db5f54750b8cd40eac0985b)
Start importing Assets/HIVEMIND/CaveOfHiddenTomb/HDRP (Default)/Art/Prefabs/SM_Wall_Aztec_C.prefab using Guid(abc00000000007350727321798800617) Importer(2089858483,e11c23a36db5f54750b8cd40eac0985b) (ScriptedImporter) -> (Import Result ID: 'bcf462b60b12f9f5254375cb377429f4') in 0.0320101 seconds [static and dynamic dependencies]. Details - ImportResultOutputID=f4749494d26b2f51e516318d16b93729 DependenciesID=87b2e39a668888230602caffa3e3a12a StaticDependenciesID=c5db1ce497695247bcf237fb4b10d87e 
Number of updated asset objects reloaded before import = 0Number of asset objects unloaded after import = 35

========================================================================
Received Import Request.
  Time since last request: 0.000026 seconds.
  path: Assets/HIVEMIND/CaveOfHiddenTomb/HDRP (Default)/Art/Prefabs/SM_Stalacite_C.prefab
  importAddress: Guid(abc00000000009788093523600431391) Importer(2089858483,e11c23a36db5f54750b8cd40eac0985b)
Start importing Assets/HIVEMIND/CaveOfHiddenTomb/HDRP (Default)/Art/Prefabs/SM_Stalacite_C.prefab using Guid(abc00000000009788093523600431391) Importer(2089858483,e11c23a36db5f54750b8cd40eac0985b) (ScriptedImporter) -> (Import Result ID: '7ca9f7d94df39a93ee6a8c8e40a9d19b') in 0.0213206 seconds [static and dynamic dependencies]. Details - ImportResultOutputID=962a68448d46da6d4ae430d18cbcc812 DependenciesID=7d0aa6b3810bf88e2de4aae54b3e18e5 StaticDependenciesID=8e5bcb003ebccf9f072941a2b533dec0 
Number of updated asset objects reloaded before import = 0Number of asset objects unloaded after import = 34

========================================================================
Received Import Request.
  Time since last request: 0.000040 seconds.
  path: Assets/HIVEMIND/CaveOfHiddenTomb/HDRP (Default)/Art/Prefabs/SM_StonePlate_A.prefab
  importAddress: Guid(abc00000000002407263336612789528) Importer(2089858483,e11c23a36db5f54750b8cd40eac0985b)
Start importing Assets/HIVEMIND/CaveOfHiddenTomb/HDRP (Default)/Art/Prefabs/SM_StonePlate_A.prefab using Guid(abc00000000002407263336612789528) Importer(2089858483,e11c23a36db5f54750b8cd40eac0985b) (ScriptedImporter) -> (Import Result ID: '729c85bfbf4794cb6a5f4490909105b3') in 0.025414 seconds [static and dynamic dependencies]. Details - ImportResultOutputID=c51a4e69a0fa5883f06da7e351b9bf3c DependenciesID=415e3ca34659ca7b8bfaabbcc765fdd1 StaticDependenciesID=d92db8edcc1b0f41d05b09ea261ad0e7 
Number of updated asset objects reloaded before import = 0Number of asset objects unloaded after import = 35

========================================================================
Received Import Request.
  Time since last request: 0.000021 seconds.
  path: Assets/HIVEMIND/CaveOfHiddenTomb/HDRP (Default)/Art/Prefabs/SM_Stone_B.prefab
  importAddress: Guid(abc00000000009871749953278875391) Importer(2089858483,e11c23a36db5f54750b8cd40eac0985b)
Start importing Assets/HIVEMIND/CaveOfHiddenTomb/HDRP (Default)/Art/Prefabs/SM_Stone_B.prefab using Guid(abc00000000009871749953278875391) Importer(2089858483,e11c23a36db5f54750b8cd40eac0985b) (ScriptedImporter) -> (Import Result ID: '0d8baf64a55c5b784493bf0da68c059b') in 0.0231382 seconds [static and dynamic dependencies]. Details - ImportResultOutputID=16097dda67cd1c23297b91010ffd9e4d DependenciesID=231c029fdac645abe46887c98776f40b StaticDependenciesID=82025bebd4b94ee81f5b2aae3adbe18a 
Number of updated asset objects reloaded before import = 0Number of asset objects unloaded after import = 33

========================================================================
Received Import Request.
  Time since last request: 0.000024 seconds.
  path: Assets/Samples/XR Interaction Toolkit/3.2.1/Starter Assets/Materials/Flat Blue.mat
  importAddress: Guid(91ff3830fc4055a4fb0d0d2be32101a7) Importer(2089858483,b0f066a214c2f5e87bad3c948f4d605d)
Start importing Assets/Samples/XR Interaction Toolkit/3.2.1/Starter Assets/Materials/Flat Blue.mat using Guid(91ff3830fc4055a4fb0d0d2be32101a7) Importer(2089858483,b0f066a214c2f5e87bad3c948f4d605d) (ScriptedImporter) -> (Import Result ID: '31deaa8d682819b823f5057cf2513e88') in 0.0048781 seconds [static and dynamic dependencies]. Details - ImportResultOutputID=dcc0130691c3849fdcf67cb896ea1fe7 DependenciesID=7301f4cd3dce571dc4f834713e9372b7 StaticDependenciesID=4b3ffcff0084c898909ecfe5ad035c48 
Number of updated asset objects reloaded before import = 0Number of asset objects unloaded after import = 1

========================================================================
Received Import Request.
  Time since last request: 0.000024 seconds.
  path: Assets/Samples/XR Interaction Toolkit/3.2.1/Starter Assets/AffordanceThemes/PokeSphereInteraction.asset
  importAddress: Guid(c2712227db89c5142adad58b143bf039) Importer(2089858483,b0f066a214c2f5e87bad3c948f4d605d)
Start importing Assets/Samples/XR Interaction Toolkit/3.2.1/Starter Assets/AffordanceThemes/PokeSphereInteraction.asset using Guid(c2712227db89c5142adad58b143bf039) Importer(2089858483,b0f066a214c2f5e87bad3c948f4d605d) (ScriptedImporter) -> (Import Result ID: 'afc381683f9a1592c2fe08c15e66574a') in 0.0076646 seconds [static and dynamic dependencies]. Details - ImportResultOutputID=a82e2db43c30182c1e3adedad44134c2 DependenciesID=92185484bb9d5229ca8490e897c85b27 StaticDependenciesID=13ad221bf3a8411a325a569995e3ac62 
Number of updated asset objects reloaded before import = 0Number of asset objects unloaded after import = 1

========================================================================
Received Import Request.
  Time since last request: 0.000021 seconds.
  path: Assets/Samples/XR Interaction Toolkit/3.2.1/Starter Assets/Presets/XRI Default Left Controller InputActionManager.preset
  importAddress: Guid(c3d4ecc12d5e0f14c93fd734af32ab63) Importer(2089858483,b0f066a214c2f5e87bad3c948f4d605d)
Start importing Assets/Samples/XR Interaction Toolkit/3.2.1/Starter Assets/Presets/XRI Default Left Controller InputActionManager.preset using Guid(c3d4ecc12d5e0f14c93fd734af32ab63) Importer(2089858483,b0f066a214c2f5e87bad3c948f4d605d) (ScriptedImporter) -> (Import Result ID: '0cf6f254a008f48604bf471083633851') in 0.0139731 seconds [static and dynamic dependencies]. Details - ImportResultOutputID=f2a7f481f9e200144caeb04439a7cc0d DependenciesID=c84869d4fbae687ae537c1d5c1d29320 StaticDependenciesID=e4130c949c5f044e6a7d9d842915c7f4 
Number of updated asset objects reloaded before import = 0Number of asset objects unloaded after import = 8

========================================================================
Received Import Request.
  Time since last request: 0.000027 seconds.
  path: Assets/Samples/XR Interaction Toolkit/3.2.1/Starter Assets/Animations/Climb Teleport Arrow.controller
  importAddress: Guid(db6239f7ccb29ca4aac63126c6a35e7d) Importer(2089858483,b0f066a214c2f5e87bad3c948f4d605d)
Start importing Assets/Samples/XR Interaction Toolkit/3.2.1/Starter Assets/Animations/Climb Teleport Arrow.controller using Guid(db6239f7ccb29ca4aac63126c6a35e7d) Importer(2089858483,b0f066a214c2f5e87bad3c948f4d605d) (ScriptedImporter) -> (Import Result ID: '32ba883579a8adbc4b419e538e965479') in 0.0057373 seconds [static and dynamic dependencies]. Details - ImportResultOutputID=d746bd6921ecc839f227075f035c5dc3 DependenciesID=d3d97d816c1d486c29d8a3c2f25c329d StaticDependenciesID=262706f77e8b39d2016fcbc11d031184 
Number of updated asset objects reloaded before import = 0Number of asset objects unloaded after import = 4

========================================================================
Received Import Request.
  Time since last request: 0.000017 seconds.
  path: Assets/Samples/XR Interaction Toolkit/3.2.1/Starter Assets/Materials/MaterialPipelineHandler.asset
  importAddress: Guid(dbe8dcb68b75cd2498ab6c1d96e072a4) Importer(2089858483,b0f066a214c2f5e87bad3c948f4d605d)
Start importing Assets/Samples/XR Interaction Toolkit/3.2.1/Starter Assets/Materials/MaterialPipelineHandler.asset using Guid(dbe8dcb68b75cd2498ab6c1d96e072a4) Importer(2089858483,b0f066a214c2f5e87bad3c948f4d605d) (ScriptedImporter) -> (Import Result ID: '65f358b9df1a2304cc8d1e4f3ea49ce8') in 0.0121769 seconds [static and dynamic dependencies]. Details - ImportResultOutputID=9831fe49116504e3c141c089f1b10d70 DependenciesID=edf732fb96f425e7913979716fc925e6 StaticDependenciesID=532918f8dfa26df66f03b52db9982aed 
Number of updated asset objects reloaded before import = 0Number of asset objects unloaded after import = 9

========================================================================
Received Import Request.
  Time since last request: 0.000020 seconds.
  path: Assets/Samples/XR Interaction Toolkit/3.2.1/Starter Assets/Presets/XRI Default Left Grab Move.preset
  importAddress: Guid(e2e08fffc3edfbb47a429bae0c5a6343) Importer(2089858483,b0f066a214c2f5e87bad3c948f4d605d)
Start importing Assets/Samples/XR Interaction Toolkit/3.2.1/Starter Assets/Presets/XRI Default Left Grab Move.preset using Guid(e2e08fffc3edfbb47a429bae0c5a6343) Importer(2089858483,b0f066a214c2f5e87bad3c948f4d605d) (ScriptedImporter) -> (Import Result ID: '432b38f8c03b709fb617bbb3823c4715') in 0.0077364 seconds [static and dynamic dependencies]. Details - ImportResultOutputID=575c6401eac19272cdf6db7dacf41a87 DependenciesID=2bc667949128400ad072f54997033e9a StaticDependenciesID=b5d6568415121e907f4f6c7b52144538 
Number of updated asset objects reloaded before import = 0Number of asset objects unloaded after import = 3

========================================================================
Received Import Request.
  Time since last request: 0.000023 seconds.
  path: Assets/HIVEMIND/CaveOfHiddenTomb/HDRP (Default)/Art/Prefabs/SM_Stalacite_E.prefab
  importAddress: Guid(abc00000000014656417446587813729) Importer(2089858483,e11c23a36db5f54750b8cd40eac0985b)
Start importing Assets/HIVEMIND/CaveOfHiddenTomb/HDRP (Default)/Art/Prefabs/SM_Stalacite_E.prefab using Guid(abc00000000014656417446587813729) Importer(2089858483,e11c23a36db5f54750b8cd40eac0985b) (ScriptedImporter) -> (Import Result ID: 'b772b59612a1e0cd6e69629bd4f4250c') in 0.0264694 seconds [static and dynamic dependencies]. Details - ImportResultOutputID=399f2755d4f913e2e7c1d23b1f85e086 DependenciesID=b4d0f834ed2c744c4e105cd0a0ea8544 StaticDependenciesID=21c656b2aae67ddb823a6c7bb175f3cb 
Number of updated asset objects reloaded before import = 0Number of asset objects unloaded after import = 34

========================================================================
Received Import Request.
  Time since last request: 0.000024 seconds.
  path: Assets/HIVEMIND/CaveOfHiddenTomb/HDRP (Default)/Art/Prefabs/SM_StonePlate_B.prefab
  importAddress: Guid(abc00000000014941573544909454371) Importer(2089858483,e11c23a36db5f54750b8cd40eac0985b)
Start importing Assets/HIVEMIND/CaveOfHiddenTomb/HDRP (Default)/Art/Prefabs/SM_StonePlate_B.prefab using Guid(abc00000000014941573544909454371) Importer(2089858483,e11c23a36db5f54750b8cd40eac0985b) (ScriptedImporter) -> (Import Result ID: 'ed6c4baeea26b225afb98c2a9a2c277f') in 0.023607 seconds [static and dynamic dependencies]. Details - ImportResultOutputID=0d851e5f52628faa6bb959df47b106e0 DependenciesID=7ed8e4b75e619739808b2dfc1e7e7598 StaticDependenciesID=538d1b147eb58dc2559a5b58a5c65c7e 
Number of updated asset objects reloaded before import = 0Number of asset objects unloaded after import = 35

========================================================================
Received Import Request.
  Time since last request: 0.000037 seconds.
  path: Assets/HIVEMIND/CaveOfHiddenTomb/HDRP (Default)/Art/Prefabs/SM_Stalacite_A.prefab
  importAddress: Guid(abc00000000004374687155857891501) Importer(2089858483,e11c23a36db5f54750b8cd40eac0985b)
Start importing Assets/HIVEMIND/CaveOfHiddenTomb/HDRP (Default)/Art/Prefabs/SM_Stalacite_A.prefab using Guid(abc00000000004374687155857891501) Importer(2089858483,e11c23a36db5f54750b8cd40eac0985b) (ScriptedImporter) -> (Import Result ID: '9a6f3bd67fd28d35ab093543e3b50b57') in 0.0233546 seconds [static and dynamic dependencies]. Details - ImportResultOutputID=eefe17b840845923760e6b5e3ca97e31 DependenciesID=ec8b0b34c9d7d0f33382496de4ef1bc5 StaticDependenciesID=0f451172a3231def0afa561c416e290d 
Number of updated asset objects reloaded before import = 0Number of asset objects unloaded after import = 34

========================================================================
Received Import Request.
  Time since last request: 0.000023 seconds.
  path: Assets/Samples/XR Interaction Toolkit/3.2.1/Starter Assets/Scripts/ControllerInputActionManager.cs
  importAddress: Guid(f9ac216f0eb04754b1d938aac6380b31) Importer(2089858483,b0f066a214c2f5e87bad3c948f4d605d)
Start importing Assets/Samples/XR Interaction Toolkit/3.2.1/Starter Assets/Scripts/ControllerInputActionManager.cs using Guid(f9ac216f0eb04754b1d938aac6380b31) Importer(2089858483,b0f066a214c2f5e87bad3c948f4d605d) (ScriptedImporter) -> (Import Result ID: '0e1344743f80926038f1b40dbc73b4f6') in 0.0040586 seconds [static and dynamic dependencies]. Details - ImportResultOutputID=8ba1fd1af1e492dd1b7b2beb3b86103a DependenciesID=5021cecd9171626a98597952152d636e StaticDependenciesID=4f315b325014238e863dc427a857d8d9 
Number of updated asset objects reloaded before import = 0Number of asset objects unloaded after import = 0

========================================================================
Received Import Request.
  Time since last request: 0.000026 seconds.
  path: Assets/Samples/XR Interaction Toolkit/3.2.1/Starter Assets/Shaders/Unlit_Fresnel.shadergraph
  importAddress: Guid(e19b5bb6cb8e91e43b1b5d81a069296f) Importer(2089858483,b0f066a214c2f5e87bad3c948f4d605d)
Start importing Assets/Samples/XR Interaction Toolkit/3.2.1/Starter Assets/Shaders/Unlit_Fresnel.shadergraph using Guid(e19b5bb6cb8e91e43b1b5d81a069296f) Importer(2089858483,b0f066a214c2f5e87bad3c948f4d605d) (ScriptedImporter) -> (Import Result ID: '0f0b85003693ab38a19e314ee21ad461') in 0.2015756 seconds [static and dynamic dependencies]. Details - ImportResultOutputID=e7bb9aaad87868e4115d20d2a3524636 DependenciesID=27e135581f92d93d9d598096fae22322 StaticDependenciesID=b4307c8dcca4f289f839a55bb90e655d 
Number of updated asset objects reloaded before import = 0Number of asset objects unloaded after import = 6

========================================================================
Received Import Request.
  Time since last request: 0.000033 seconds.
  path: Assets/Samples/XR Interaction Toolkit/3.2.1/Starter Assets/Textures/DefaultMaterial_AO.png
  importAddress: Guid(85e675893a909864d9c237e20202651b) Importer(2089858483,b0f066a214c2f5e87bad3c948f4d605d)
Start importing Assets/Samples/XR Interaction Toolkit/3.2.1/Starter Assets/Textures/DefaultMaterial_AO.png using Guid(85e675893a909864d9c237e20202651b) Importer(2089858483,b0f066a214c2f5e87bad3c948f4d605d) (ScriptedImporter) -> (Import Result ID: 'd151672fcb80b750dfcb1e9bd432c237') in 0.008573 seconds [static and dynamic dependencies]. Details - ImportResultOutputID=bde96c2a96abc6b7a0a5fcf1661f7b3d DependenciesID=c5ce623f27e9490ae8dc1a5b1f2464c8 StaticDependenciesID=30f24a1b0e28c11ad190a9df5378f84d 
Number of updated asset objects reloaded before import = 0Number of asset objects unloaded after import = 1

========================================================================
Received Import Request.
  Time since last request: 0.000039 seconds.
  path: Assets/Samples/XR Interaction Toolkit/3.2.1/Starter Assets/Presets/XRI Default XR UI Input Module.preset
  importAddress: Guid(2c3e7ff9ab352b74da862a5a8779b276) Importer(2089858483,b0f066a214c2f5e87bad3c948f4d605d)
Start importing Assets/Samples/XR Interaction Toolkit/3.2.1/Starter Assets/Presets/XRI Default XR UI Input Module.preset using Guid(2c3e7ff9ab352b74da862a5a8779b276) Importer(2089858483,b0f066a214c2f5e87bad3c948f4d605d) (ScriptedImporter) -> (Import Result ID: 'deeeeae512408ee8160e749c188d4f06') in 0.0080676 seconds [static and dynamic dependencies]. Details - ImportResultOutputID=b5a6c4392a5aa9a31ea4dfc09e17044b DependenciesID=9aa4ed8f33cfef604e81a7c7923745a2 StaticDependenciesID=85b44d29cb3d0341407ec677edf8d63c 
Number of updated asset objects reloaded before import = 0Number of asset objects unloaded after import = 10

========================================================================
Received Import Request.
  Time since last request: 0.000023 seconds.
  path: Assets/Samples/XR Interaction Toolkit/3.2.1/Starter Assets/TunnelingVignette/TunnelingVignetteSG.shadergraph
  importAddress: Guid(c109fab5d2bf5f64598ed69d2c16ceb3) Importer(2089858483,b0f066a214c2f5e87bad3c948f4d605d)
Start importing Assets/Samples/XR Interaction Toolkit/3.2.1/Starter Assets/TunnelingVignette/TunnelingVignetteSG.shadergraph using Guid(c109fab5d2bf5f64598ed69d2c16ceb3) Importer(2089858483,b0f066a214c2f5e87bad3c948f4d605d) (ScriptedImporter) -> (Import Result ID: '7a417f1358cdc0874ddd758a15ca9855') in 0.0092087 seconds [static and dynamic dependencies]. Details - ImportResultOutputID=287c4db991a52fc5ea7d83d99032de80 DependenciesID=1ca0fe1aaa11e98eca98fd276e246903 StaticDependenciesID=c24901733c312f181083fb357329f967 
Number of updated asset objects reloaded before import = 0Number of asset objects unloaded after import = 5

========================================================================
Received Import Request.
  Time since last request: 0.000027 seconds.
  path: Assets/HIVEMIND/CaveOfHiddenTomb/HDRP (Default)/Art/Assets/Vines/M_Vinewood.mat
  importAddress: Guid(abc00000000010816262849069528230) Importer(2089858483,b0f066a214c2f5e87bad3c948f4d605d)
Start importing Assets/HIVEMIND/CaveOfHiddenTomb/HDRP (Default)/Art/Assets/Vines/M_Vinewood.mat using Guid(abc00000000010816262849069528230) Importer(2089858483,b0f066a214c2f5e87bad3c948f4d605d) (ScriptedImporter) -> (Import Result ID: 'ce9aa7d3620c809d0065a92dcafbf6ec') in 0.0167222 seconds [static and dynamic dependencies]. Details - ImportResultOutputID=058d80d6a3a96ce6590a9aa6a0bf49f0 DependenciesID=52f65b7eda47de8ff803cb824135e3f7 StaticDependenciesID=4ac2392af3dee8200d1c0ee0d14a913f 
Number of updated asset objects reloaded before import = 0Number of asset objects unloaded after import = 11

========================================================================
Received Import Request.
  Time since last request: 0.000028 seconds.
  path: Assets/HIVEMIND/CaveOfHiddenTomb/HDRP (Default)/Art/Assets/Vines/SM_Vine_Mid.fbx
  importAddress: Guid(abc00000000009052597909127406071) Importer(2089858483,b0f066a214c2f5e87bad3c948f4d605d)
Start importing Assets/HIVEMIND/CaveOfHiddenTomb/HDRP (Default)/Art/Assets/Vines/SM_Vine_Mid.fbx using Guid(abc00000000009052597909127406071) Importer(2089858483,b0f066a214c2f5e87bad3c948f4d605d) (ScriptedImporter)MaterialLocation.External is obsolete. External Material Location is no longer supported. (Assets/HIVEMIND/CaveOfHiddenTomb/HDRP (Default)/Art/Assets/Vines/SM_Vine_Mid.fbx)
 -> (Import Result ID: '66d61a569461e6d1759be0db689b4971') in 0.017971 seconds [static and dynamic dependencies]. Details - ImportResultOutputID=ae4e94563b447cb1aa72f48aa109c3f4 DependenciesID=f50e2f0e4f6459a42a50da6b2999e410 StaticDependenciesID=fe9b3f9c97d693fbb7aa3318390b1b0e 
Number of updated asset objects reloaded before import = 0Number of asset objects unloaded after import = 42

========================================================================
Received Import Request.
  Time since last request: 0.000025 seconds.
  path: Assets/Samples/XR Interaction Toolkit/3.2.1/Starter Assets/DemoSceneAssets/Audio/Button Pop.wav
  importAddress: Guid(16fba6d30ed741d4a9fdd6e79ee2f3ac) Importer(2089858483,b0f066a214c2f5e87bad3c948f4d605d)
Start importing Assets/Samples/XR Interaction Toolkit/3.2.1/Starter Assets/DemoSceneAssets/Audio/Button Pop.wav using Guid(16fba6d30ed741d4a9fdd6e79ee2f3ac) Importer(2089858483,b0f066a214c2f5e87bad3c948f4d605d) (ScriptedImporter) -> (Import Result ID: 'ccc8a43f3239c0391b0745d469f21deb') in 0.0072004 seconds [static and dynamic dependencies]. Details - ImportResultOutputID=cc834c7ae25d92453c6619e2b67ec380 DependenciesID=f6a434fa6a9d121b13b95a1aa336a726 StaticDependenciesID=39861d8437562290a9af52930a2254f6 
Number of updated asset objects reloaded before import = 0Number of asset objects unloaded after import = 1

========================================================================
Received Import Request.
  Time since last request: 0.000062 seconds.
  path: Assets/HIVEMIND/CaveOfHiddenTomb/HDRP (Default)/Art/Assets/Ground/SM_Ground_A.fbx
  importAddress: Guid(abc00000000008186717104218905497) Importer(2089858483,b0f066a214c2f5e87bad3c948f4d605d)
Start importing Assets/HIVEMIND/CaveOfHiddenTomb/HDRP (Default)/Art/Assets/Ground/SM_Ground_A.fbx using Guid(abc00000000008186717104218905497) Importer(2089858483,b0f066a214c2f5e87bad3c948f4d605d) (ScriptedImporter)MaterialLocation.External is obsolete. External Material Location is no longer supported. (Assets/HIVEMIND/CaveOfHiddenTomb/HDRP (Default)/Art/Assets/Ground/SM_Ground_A.fbx)
 -> (Import Result ID: '304006a7157c8a16fc8b9ae1788851c0') in 0.016863 seconds [static and dynamic dependencies]. Details - ImportResultOutputID=16f968930f8c593150a237eeb8245c97 DependenciesID=8cece4043810f8a6d6b8a3e3d1468894 StaticDependenciesID=b385ae3e51816e9d31d84fa020a0fff5 
Number of updated asset objects reloaded before import = 0Number of asset objects unloaded after import = 32

========================================================================
Received Import Request.
  Time since last request: 0.000022 seconds.
  path: Assets/HIVEMIND/CaveOfHiddenTomb/HDRP (Default)/Art/Assets/Vines/SM_Vine_B.fbx
  importAddress: Guid(abc00000000010055368489755414999) Importer(2089858483,b0f066a214c2f5e87bad3c948f4d605d)
Start importing Assets/HIVEMIND/CaveOfHiddenTomb/HDRP (Default)/Art/Assets/Vines/SM_Vine_B.fbx using Guid(abc00000000010055368489755414999) Importer(2089858483,b0f066a214c2f5e87bad3c948f4d605d) (ScriptedImporter)MaterialLocation.External is obsolete. External Material Location is no longer supported. (Assets/HIVEMIND/CaveOfHiddenTomb/HDRP (Default)/Art/Assets/Vines/SM_Vine_B.fbx)
 -> (Import Result ID: 'a06e0f5e321112a596465fca21afae87') in 0.0171536 seconds [static and dynamic dependencies]. Details - ImportResultOutputID=af23d2451a9fa757af513fb8839c5f0b DependenciesID=b73b11d57a7ff740efbfb025d3f59bbf StaticDependenciesID=e7d6a175fb630db2f6b991fb3b313356 
Number of updated asset objects reloaded before import = 0Number of asset objects unloaded after import = 37

========================================================================
Received Import Request.
  Time since last request: 0.000021 seconds.
  path: Assets/Samples/XR Interaction Toolkit/3.2.1/Starter Assets/DemoSceneAssets/Models/Primitive_Blaster_Long.fbx
  importAddress: Guid(e51d3dbfe79e4c646bb30424a11f23a0) Importer(2089858483,b0f066a214c2f5e87bad3c948f4d605d)
Start importing Assets/Samples/XR Interaction Toolkit/3.2.1/Starter Assets/DemoSceneAssets/Models/Primitive_Blaster_Long.fbx using Guid(e51d3dbfe79e4c646bb30424a11f23a0) Importer(2089858483,b0f066a214c2f5e87bad3c948f4d605d) (ScriptedImporter) -> (Import Result ID: 'b29e299abead4d030e8650a6ca34b8d7') in 0.0118302 seconds [static and dynamic dependencies]. Details - ImportResultOutputID=4f3cf9b8cb3f0ce9bb87eb3fa96cfaa2 DependenciesID=9dcb10bdf1660ea831372687555d6e67 StaticDependenciesID=4d2a2813359768fb6872bb58ee0ab03e 
Number of updated asset objects reloaded before import = 0Number of asset objects unloaded after import = 9

========================================================================
Received Import Request.
  Time since last request: 0.000032 seconds.
  path: Assets/Samples/XR Interaction Toolkit/3.2.1/Starter Assets/Shaders/Interactable.shadergraph
  importAddress: Guid(0927d29e476ce5843b1f7d2a96943c51) Importer(2089858483,b0f066a214c2f5e87bad3c948f4d605d)
Start importing Assets/Samples/XR Interaction Toolkit/3.2.1/Starter Assets/Shaders/Interactable.shadergraph using Guid(0927d29e476ce5843b1f7d2a96943c51) Importer(2089858483,b0f066a214c2f5e87bad3c948f4d605d) (ScriptedImporter) -> (Import Result ID: '65a368fd25b1aa05f1bd2d8849f8660a') in 0.1613212 seconds [static and dynamic dependencies]. Details - ImportResultOutputID=e8a67ed176a9d25231ae85fda18bc97a DependenciesID=5ac15b97e7efc6181bbbcec17ec9160c StaticDependenciesID=3aa8dd63c281aed174bbdd8ff890d78e 
Number of updated asset objects reloaded before import = 0Number of asset objects unloaded after import = 6

========================================================================
Received Import Request.
  Time since last request: 0.000029 seconds.
  path: Assets/Samples/XR Interaction Toolkit/3.2.1/Starter Assets/Prefabs/Affordances/HighlightInteractionAffordance.prefab
  importAddress: Guid(6b12f432fa58c224baf0d659706362be) Importer(2089858483,e11c23a36db5f54750b8cd40eac0985b)
Start importing Assets/Samples/XR Interaction Toolkit/3.2.1/Starter Assets/Prefabs/Affordances/HighlightInteractionAffordance.prefab using Guid(6b12f432fa58c224baf0d659706362be) Importer(2089858483,e11c23a36db5f54750b8cd40eac0985b) (ScriptedImporter) -> (Import Result ID: '441f1548bc0a62d17ccbaa3ddfa628a8') in 0.0348243 seconds [static and dynamic dependencies]. Details - ImportResultOutputID=1371749e1e3cc2c37715afc4c061bc7f DependenciesID=8fda510f242422b8510523bb01d6def8 StaticDependenciesID=a139d643eaae50b65499a13b2211d523 
Number of updated asset objects reloaded before import = 0Number of asset objects unloaded after import = 12

========================================================================
Received Import Request.
  Time since last request: 0.000041 seconds.
  path: Assets/Samples/XR Interaction Toolkit/3.2.1/Starter Assets/DemoSceneAssets/Prefabs/Teleportation Environment.prefab
  importAddress: Guid(3e07eccb5e6f459d886de95044adb1d9) Importer(2089858483,e11c23a36db5f54750b8cd40eac0985b)
Start importing Assets/Samples/XR Interaction Toolkit/3.2.1/Starter Assets/DemoSceneAssets/Prefabs/Teleportation Environment.prefab using Guid(3e07eccb5e6f459d886de95044adb1d9) Importer(2089858483,e11c23a36db5f54750b8cd40eac0985b) (ScriptedImporter) -> (Import Result ID: '1cb957c7f8ebdfc3b4d97c60df09714b') in 0.0918756 seconds [static and dynamic dependencies]. Details - ImportResultOutputID=1b50c5f62fe99877a6fcc9e326f6a6de DependenciesID=2a957e7ac4d57ef909dc26b8ee099436 StaticDependenciesID=dc1f56d6a14a325a6a192ebe802a4bcf 
Number of updated asset objects reloaded before import = 0Number of asset objects unloaded after import = 161

========================================================================
Received Import Request.
  Time since last request: 0.000034 seconds.
  path: Assets/Samples/XR Interaction Toolkit/3.2.1/Starter Assets/Prefabs/Interactors/Teleport Interactor.prefab
  importAddress: Guid(c1800acf6366418a9b5f610249000331) Importer(2089858483,e11c23a36db5f54750b8cd40eac0985b)
Start importing Assets/Samples/XR Interaction Toolkit/3.2.1/Starter Assets/Prefabs/Interactors/Teleport Interactor.prefab using Guid(c1800acf6366418a9b5f610249000331) Importer(2089858483,e11c23a36db5f54750b8cd40eac0985b) (ScriptedImporter) -> (Import Result ID: '12b31981ee548faeea19516a14e3eec4') in 0.0855477 seconds [static and dynamic dependencies]. Details - ImportResultOutputID=b9de5fe2ba3f8351234759272e84b306 DependenciesID=d7277f463d1b8dcc78f40f59f42bde3d StaticDependenciesID=9e9d70e78427cb611aa955046cb4272c 
Number of updated asset objects reloaded before import = 0Number of asset objects unloaded after import = 38

========================================================================
Received Import Request.
  Time since last request: 0.000032 seconds.
  path: Assets/Samples/XR Interaction Toolkit/3.2.1/Starter Assets/DemoSceneAssets/Sprites/LegibilityMask.png
  importAddress: Guid(a85d80c1edb5d2f458d42e79f78055b9) Importer(2089858483,b0f066a214c2f5e87bad3c948f4d605d)
Start importing Assets/Samples/XR Interaction Toolkit/3.2.1/Starter Assets/DemoSceneAssets/Sprites/LegibilityMask.png using Guid(a85d80c1edb5d2f458d42e79f78055b9) Importer(2089858483,b0f066a214c2f5e87bad3c948f4d605d) (ScriptedImporter) -> (Import Result ID: '1eefeb300e98321ea0a4ef63d0d4cac7') in 0.0128966 seconds [static and dynamic dependencies]. Details - ImportResultOutputID=bf4e96b42755e6af944716783e0dfc28 DependenciesID=e22a1a0160faa3f2dc25e254e0af2017 StaticDependenciesID=00d54fe333311dff15fd3975ac5adb4a 
Number of updated asset objects reloaded before import = 0Number of asset objects unloaded after import = 3

========================================================================
Received Import Request.
  Time since last request: 0.000041 seconds.
  path: Assets/Samples/XR Interaction Toolkit/3.2.1/Starter Assets/DemoSceneAssets/Textures/Concrete_Albedo.tif
  importAddress: Guid(5a327724a94a9674a8a93e6b4e9a6eee) Importer(2089858483,b0f066a214c2f5e87bad3c948f4d605d)
Start importing Assets/Samples/XR Interaction Toolkit/3.2.1/Starter Assets/DemoSceneAssets/Textures/Concrete_Albedo.tif using Guid(5a327724a94a9674a8a93e6b4e9a6eee) Importer(2089858483,b0f066a214c2f5e87bad3c948f4d605d) (ScriptedImporter) -> (Import Result ID: '8b50671e35631287adcacf3d3adef4b5') in 0.0134736 seconds [static and dynamic dependencies]. Details - ImportResultOutputID=cf5d1554cddde6e4d0ce32a5e3da12d7 DependenciesID=a97d530c0f69b82b4a068fb645882757 StaticDependenciesID=eea9a5e9efed1d13587529e1af08ad55 
Number of updated asset objects reloaded before import = 0Number of asset objects unloaded after import = 1

========================================================================
Received Import Request.
  Time since last request: 0.000022 seconds.
  path: Assets/Samples/XR Interaction Toolkit/3.2.1/Starter Assets/Prefabs/Controllers/XR Controller Right.prefab
  importAddress: Guid(9f3369e30fbd31f4bb596b1a99babe83) Importer(2089858483,e11c23a36db5f54750b8cd40eac0985b)
Start importing Assets/Samples/XR Interaction Toolkit/3.2.1/Starter Assets/Prefabs/Controllers/XR Controller Right.prefab using Guid(9f3369e30fbd31f4bb596b1a99babe83) Importer(2089858483,e11c23a36db5f54750b8cd40eac0985b) (ScriptedImporter) -> (Import Result ID: '6f65c9bc70809f0c61239cca57de859c') in 0.0349218 seconds [static and dynamic dependencies]. Details - ImportResultOutputID=58588a66184c63d1cb248b4b5344d7af DependenciesID=1226301e44e75acebd4d39c71d7b0602 StaticDependenciesID=52afda6b1d5ac809d2543d6fd0995320 
Number of updated asset objects reloaded before import = 0Number of asset objects unloaded after import = 61

========================================================================
Received Import Request.
  Time since last request: 0.000026 seconds.
  path: Assets/HIVEMIND/CaveOfHiddenTomb/HDRP (Default)/Art/Assets/FirePit/FireWood/SM_FireWood.fbx
  importAddress: Guid(abc00000000001559304550889893295) Importer(2089858483,b0f066a214c2f5e87bad3c948f4d605d)
Start importing Assets/HIVEMIND/CaveOfHiddenTomb/HDRP (Default)/Art/Assets/FirePit/FireWood/SM_FireWood.fbx using Guid(abc00000000001559304550889893295) Importer(2089858483,b0f066a214c2f5e87bad3c948f4d605d) (ScriptedImporter)MaterialLocation.External is obsolete. External Material Location is no longer supported. (Assets/HIVEMIND/CaveOfHiddenTomb/HDRP (Default)/Art/Assets/FirePit/FireWood/SM_FireWood.fbx)
 -> (Import Result ID: '8d290a8dc0a69ede1adac08d196c785f') in 0.0168945 seconds [static and dynamic dependencies]. Details - ImportResultOutputID=d996dc564db23de42e39126da937b164 DependenciesID=9ebcaff2a4dd7a6edf87bfb37325a840 StaticDependenciesID=5de8a2240ce380d5ab024f1e4dd13b4f 
Number of updated asset objects reloaded before import = 0Number of asset objects unloaded after import = 37

========================================================================
Received Import Request.
  Time since last request: 0.000026 seconds.
  path: Assets/HIVEMIND/CaveOfHiddenTomb/HDRP (Default)/Art/Assets/Pillar/A/SM_Pillar_A.fbx
  importAddress: Guid(abc00000000007287251103548759205) Importer(2089858483,b0f066a214c2f5e87bad3c948f4d605d)
Start importing Assets/HIVEMIND/CaveOfHiddenTomb/HDRP (Default)/Art/Assets/Pillar/A/SM_Pillar_A.fbx using Guid(abc00000000007287251103548759205) Importer(2089858483,b0f066a214c2f5e87bad3c948f4d605d) (ScriptedImporter)MaterialLocation.External is obsolete. External Material Location is no longer supported. (Assets/HIVEMIND/CaveOfHiddenTomb/HDRP (Default)/Art/Assets/Pillar/A/SM_Pillar_A.fbx)
 -> (Import Result ID: 'effe35ba85ac1685329a2e305dfb8c81') in 0.0181603 seconds [static and dynamic dependencies]. Details - ImportResultOutputID=c91b557267fe51a53838fe136d9a7bbe DependenciesID=b12960d01609f737a992a62150a581c0 StaticDependenciesID=5de891bdd6cd418cdcb3600562e0db3c 
Number of updated asset objects reloaded before import = 0Number of asset objects unloaded after import = 37

========================================================================
Received Import Request.
  Time since last request: 0.000041 seconds.
  path: Assets/HIVEMIND/CaveOfHiddenTomb/HDRP (Default)/Art/Assets/Boulder/A/SM_Boulder_A.fbx
  importAddress: Guid(abc00000000001902826037169237167) Importer(2089858483,b0f066a214c2f5e87bad3c948f4d605d)
Start importing Assets/HIVEMIND/CaveOfHiddenTomb/HDRP (Default)/Art/Assets/Boulder/A/SM_Boulder_A.fbx using Guid(abc00000000001902826037169237167) Importer(2089858483,b0f066a214c2f5e87bad3c948f4d605d) (ScriptedImporter)MaterialLocation.External is obsolete. External Material Location is no longer supported. (Assets/HIVEMIND/CaveOfHiddenTomb/HDRP (Default)/Art/Assets/Boulder/A/SM_Boulder_A.fbx)
 -> (Import Result ID: '86bf7a053f9e273411b0d67e0e661152') in 0.014084 seconds [static and dynamic dependencies]. Details - ImportResultOutputID=3067ef83b079ce944aec0bf1cc371f2b DependenciesID=676ceacc23ee902cf7e72ef6efc517bd StaticDependenciesID=d94edcb439ecc2bbaf5c1250e5044c44 
Number of updated asset objects reloaded before import = 0Number of asset objects unloaded after import = 37

========================================================================
Received Import Request.
  Time since last request: 0.000062 seconds.
  path: Assets/HIVEMIND/CaveOfHiddenTomb/HDRP (Default)/Art/Assets/FirePit/FirePit_B/M_FirePit_B.mat
  importAddress: Guid(abc00000000004075862447821761582) Importer(2089858483,b0f066a214c2f5e87bad3c948f4d605d)
Start importing Assets/HIVEMIND/CaveOfHiddenTomb/HDRP (Default)/Art/Assets/FirePit/FirePit_B/M_FirePit_B.mat using Guid(abc00000000004075862447821761582) Importer(2089858483,b0f066a214c2f5e87bad3c948f4d605d) (ScriptedImporter) -> (Import Result ID: '8c9c60243583b6a0c63b6ca771cb2919') in 0.0208879 seconds [static and dynamic dependencies]. Details - ImportResultOutputID=caa622770bb76bbe3dd641a76d70fa92 DependenciesID=1aff6b022b073f20d3071b221b6772c1 StaticDependenciesID=e3ee06954346fc5751f1ae7d2d36a492 
Number of updated asset objects reloaded before import = 0Number of asset objects unloaded after import = 11

========================================================================
Received Import Request.
  Time since last request: 0.000027 seconds.
  path: Assets/HIVEMIND/CaveOfHiddenTomb/HDRP (Default)/Art/Assets/AztecMuralWall/AztecMural/M_Wall_Aztec.mat
  importAddress: Guid(abc00000000015292572251621140021) Importer(2089858483,b0f066a214c2f5e87bad3c948f4d605d)
Start importing Assets/HIVEMIND/CaveOfHiddenTomb/HDRP (Default)/Art/Assets/AztecMuralWall/AztecMural/M_Wall_Aztec.mat using Guid(abc00000000015292572251621140021) Importer(2089858483,b0f066a214c2f5e87bad3c948f4d605d) (ScriptedImporter) -> (Import Result ID: '378ea8f3de1cd6e6f9bffffc53da72d0') in 0.0152446 seconds [static and dynamic dependencies]. Details - ImportResultOutputID=5ded3bbd5da223af23f454d114a92a0e DependenciesID=4c80b4db54a0eaa15a5463ba4f532ff5 StaticDependenciesID=33e9f58e3ca6c7f394846f5b8c1bbbf6 
Number of updated asset objects reloaded before import = 0Number of asset objects unloaded after import = 11

========================================================================
Received Import Request.
  Time since last request: 0.000041 seconds.
  path: Assets/Samples/XR Interaction Toolkit/3.2.1/Starter Assets/DemoSceneAssets/Models/Primitive_Pyramid.fbx
  importAddress: Guid(63e02ddb08ce42da868504e1333d48ae) Importer(2089858483,b0f066a214c2f5e87bad3c948f4d605d)
Start importing Assets/Samples/XR Interaction Toolkit/3.2.1/Starter Assets/DemoSceneAssets/Models/Primitive_Pyramid.fbx using Guid(63e02ddb08ce42da868504e1333d48ae) Importer(2089858483,b0f066a214c2f5e87bad3c948f4d605d) (ScriptedImporter) -> (Import Result ID: '3b8603ff239f0cc94a0b7cabe509bda5') in 0.0107638 seconds [static and dynamic dependencies]. Details - ImportResultOutputID=1a96e4885e56cee21eba62bef73712ea DependenciesID=8220130640711750ff91821fb8247119 StaticDependenciesID=76e036024e5fd9966cb6e8a6d2de0d51 
Number of updated asset objects reloaded before import = 0Number of asset objects unloaded after import = 9

========================================================================
Received Import Request.
  Time since last request: 0.000022 seconds.
  path: Assets/HIVEMIND/CaveOfHiddenTomb/HDRP (Default)/Art/Assets/Arch/B/SM_Arch_B.fbx
  importAddress: Guid(abc00000000006241803560763834157) Importer(2089858483,b0f066a214c2f5e87bad3c948f4d605d)
Start importing Assets/HIVEMIND/CaveOfHiddenTomb/HDRP (Default)/Art/Assets/Arch/B/SM_Arch_B.fbx using Guid(abc00000000006241803560763834157) Importer(2089858483,b0f066a214c2f5e87bad3c948f4d605d) (ScriptedImporter)MaterialLocation.External is obsolete. External Material Location is no longer supported. (Assets/HIVEMIND/CaveOfHiddenTomb/HDRP (Default)/Art/Assets/Arch/B/SM_Arch_B.fbx)
 -> (Import Result ID: '92df054ed78e16e286f30d432881b716') in 0.0204295 seconds [static and dynamic dependencies]. Details - ImportResultOutputID=9bc4fd5105c89638be535e516d4c2aaa DependenciesID=3defe9e964dbaecfdb6f10f4e1898e38 StaticDependenciesID=3a89c739f93b6e8ec51a63a0ebe553cf 
Number of updated asset objects reloaded before import = 0Number of asset objects unloaded after import = 42

========================================================================
Received Import Request.
  Time since last request: 0.000027 seconds.
  path: Assets/HIVEMIND/CaveOfHiddenTomb/HDRP (Default)/Art/Assets/Sculpt/A/SM_Sculpt_A.fbx
  importAddress: Guid(abc00000000006511583663215072129) Importer(2089858483,b0f066a214c2f5e87bad3c948f4d605d)
Start importing Assets/HIVEMIND/CaveOfHiddenTomb/HDRP (Default)/Art/Assets/Sculpt/A/SM_Sculpt_A.fbx using Guid(abc00000000006511583663215072129) Importer(2089858483,b0f066a214c2f5e87bad3c948f4d605d) (ScriptedImporter)MaterialLocation.External is obsolete. External Material Location is no longer supported. (Assets/HIVEMIND/CaveOfHiddenTomb/HDRP (Default)/Art/Assets/Sculpt/A/SM_Sculpt_A.fbx)
 -> (Import Result ID: 'eb50bc2cdc95de7849efcfb10addaff3') in 0.01396 seconds [static and dynamic dependencies]. Details - ImportResultOutputID=0789e9b9e41eb657f6b358d3f2c196f3 DependenciesID=aa6bb88fe9ea93530f03bf420d373fb5 StaticDependenciesID=d36d01b2c92b0dd88222e2c1d15c58a9 
Number of updated asset objects reloaded before import = 0Number of asset objects unloaded after import = 37

========================================================================
Received Import Request.
  Time since last request: 0.000034 seconds.
  path: Assets/HIVEMIND/CaveOfHiddenTomb/HDRP (Default)/Art/Assets/Rock/E/SM_Rock_E.fbx
  importAddress: Guid(abc00000000011271821972346715813) Importer(2089858483,b0f066a214c2f5e87bad3c948f4d605d)
Start importing Assets/HIVEMIND/CaveOfHiddenTomb/HDRP (Default)/Art/Assets/Rock/E/SM_Rock_E.fbx using Guid(abc00000000011271821972346715813) Importer(2089858483,b0f066a214c2f5e87bad3c948f4d605d) (ScriptedImporter)MaterialLocation.External is obsolete. External Material Location is no longer supported. (Assets/HIVEMIND/CaveOfHiddenTomb/HDRP (Default)/Art/Assets/Rock/E/SM_Rock_E.fbx)
 -> (Import Result ID: '9257efd6789f40bbf4ae1bc6372589da') in 0.015413 seconds [static and dynamic dependencies]. Details - ImportResultOutputID=3a423bd67bfa6beeeba95624c9c3d432 DependenciesID=f010466ab5dd7b4c30afe2171eb29428 StaticDependenciesID=67dc413cc1da9aa11d7d461858704c95 
Number of updated asset objects reloaded before import = 0Number of asset objects unloaded after import = 32

========================================================================
Received Import Request.
  Time since last request: 0.000023 seconds.
  path: Assets/HIVEMIND/CaveOfHiddenTomb/HDRP (Default)/Art/Assets/Pillar/C/M_Pillar_C.mat
  importAddress: Guid(abc00000000005275931876730997467) Importer(2089858483,b0f066a214c2f5e87bad3c948f4d605d)
Start importing Assets/HIVEMIND/CaveOfHiddenTomb/HDRP (Default)/Art/Assets/Pillar/C/M_Pillar_C.mat using Guid(abc00000000005275931876730997467) Importer(2089858483,b0f066a214c2f5e87bad3c948f4d605d) (ScriptedImporter) -> (Import Result ID: 'd4b39a89ec1eb899030470e5991d2396') in 0.0170642 seconds [static and dynamic dependencies]. Details - ImportResultOutputID=3445830b759d7e5e0ff1041218170761 DependenciesID=2bd427d4fa31b4394f5988a6cd03bddf StaticDependenciesID=117eb9950406f7f0edc4d7fb581525e5 
Number of updated asset objects reloaded before import = 0Number of asset objects unloaded after import = 11

========================================================================
Received Import Request.
  Time since last request: 0.000026 seconds.
  path: Assets/HIVEMIND/CaveOfHiddenTomb/HDRP (Default)/Art/Assets/Rock/G/SM_Rock_G.fbx
  importAddress: Guid(abc00000000008050642724442413101) Importer(2089858483,b0f066a214c2f5e87bad3c948f4d605d)
Start importing Assets/HIVEMIND/CaveOfHiddenTomb/HDRP (Default)/Art/Assets/Rock/G/SM_Rock_G.fbx using Guid(abc00000000008050642724442413101) Importer(2089858483,b0f066a214c2f5e87bad3c948f4d605d) (ScriptedImporter)MaterialLocation.External is obsolete. External Material Location is no longer supported. (Assets/HIVEMIND/CaveOfHiddenTomb/HDRP (Default)/Art/Assets/Rock/G/SM_Rock_G.fbx)
 -> (Import Result ID: 'f313fc94a9469790484621ee8e75850e') in 0.0111401 seconds [static and dynamic dependencies]. Details - ImportResultOutputID=dc466a704c343d19c5eb435d65053f75 DependenciesID=2cf14d16725c92014cffc3dc576f30db StaticDependenciesID=4c08d6e5201a550645f6e84168bbcc73 
Number of updated asset objects reloaded before import = 0Number of asset objects unloaded after import = 32

========================================================================
Received Import Request.
  Time since last request: 0.000025 seconds.
  path: Assets/HIVEMIND/CaveOfHiddenTomb/HDRP (Default)/Art/Assets/RockWall/C/SM_RockWall_C.fbx
  importAddress: Guid(abc00000000008484306470759024097) Importer(2089858483,b0f066a214c2f5e87bad3c948f4d605d)
Start importing Assets/HIVEMIND/CaveOfHiddenTomb/HDRP (Default)/Art/Assets/RockWall/C/SM_RockWall_C.fbx using Guid(abc00000000008484306470759024097) Importer(2089858483,b0f066a214c2f5e87bad3c948f4d605d) (ScriptedImporter)MaterialLocation.External is obsolete. External Material Location is no longer supported. (Assets/HIVEMIND/CaveOfHiddenTomb/HDRP (Default)/Art/Assets/RockWall/C/SM_RockWall_C.fbx)
 -> (Import Result ID: '6575cf349614587beea388de639f8f1e') in 0.02202 seconds [static and dynamic dependencies]. Details - ImportResultOutputID=9f16c11cd90a5093ebc600831ef758da DependenciesID=d9fea57fa0964616d6e94204bd49a250 StaticDependenciesID=8cd3879037d13896cc539c40d81fa2e5 
Number of updated asset objects reloaded before import = 0Number of asset objects unloaded after import = 37

========================================================================
Received Import Request.
  Time since last request: 0.000030 seconds.
  path: Assets/HIVEMIND/CaveOfHiddenTomb/HDRP (Default)/Art/Assets/Pillar/D/SM_Pillar_D.fbx
  importAddress: Guid(abc00000000001989692109280151821) Importer(2089858483,b0f066a214c2f5e87bad3c948f4d605d)
Start importing Assets/HIVEMIND/CaveOfHiddenTomb/HDRP (Default)/Art/Assets/Pillar/D/SM_Pillar_D.fbx using Guid(abc00000000001989692109280151821) Importer(2089858483,b0f066a214c2f5e87bad3c948f4d605d) (ScriptedImporter)MaterialLocation.External is obsolete. External Material Location is no longer supported. (Assets/HIVEMIND/CaveOfHiddenTomb/HDRP (Default)/Art/Assets/Pillar/D/SM_Pillar_D.fbx)
 -> (Import Result ID: 'aee919876870388e19c4b0d506add0e4') in 0.0166098 seconds [static and dynamic dependencies]. Details - ImportResultOutputID=0b8409f0916ecb60e9be7bee3eb87f35 DependenciesID=bbb33f7a38104bc48d7d4f66dc2ab323 StaticDependenciesID=e305a66bf5c9b38f8a4294a5e734f268 
Number of updated asset objects reloaded before import = 0Number of asset objects unloaded after import = 37

========================================================================
Received Import Request.
  Time since last request: 0.000039 seconds.
  path: Assets/HIVEMIND/CaveOfHiddenTomb/HDRP (Default)/Art/Assets/RockWall/D/SM_RockWall_D.fbx
  importAddress: Guid(abc00000000006626494340383589365) Importer(2089858483,b0f066a214c2f5e87bad3c948f4d605d)
Start importing Assets/HIVEMIND/CaveOfHiddenTomb/HDRP (Default)/Art/Assets/RockWall/D/SM_RockWall_D.fbx using Guid(abc00000000006626494340383589365) Importer(2089858483,b0f066a214c2f5e87bad3c948f4d605d) (ScriptedImporter)MaterialLocation.External is obsolete. External Material Location is no longer supported. (Assets/HIVEMIND/CaveOfHiddenTomb/HDRP (Default)/Art/Assets/RockWall/D/SM_RockWall_D.fbx)
 -> (Import Result ID: '900e3423e61f57e443338fec42c9536c') in 0.0161396 seconds [static and dynamic dependencies]. Details - ImportResultOutputID=1c58ad4d4babadc78b803e4c8616efa0 DependenciesID=c99d025809ee6c79f02f7f0c9fe2d9bc StaticDependenciesID=7d48b8126b685ddea1e44cb6808e8685 
Number of updated asset objects reloaded before import = 0Number of asset objects unloaded after import = 37

========================================================================
Received Import Request.
  Time since last request: 0.000029 seconds.
  path: Assets/HIVEMIND/CaveOfHiddenTomb/HDRP (Default)/Art/Assets/BasicShapes/Materials/MI_Water.mat
  importAddress: Guid(07afe02218d7bed49bede834d308cb25) Importer(2089858483,b0f066a214c2f5e87bad3c948f4d605d)
Start importing Assets/HIVEMIND/CaveOfHiddenTomb/HDRP (Default)/Art/Assets/BasicShapes/Materials/MI_Water.mat using Guid(07afe02218d7bed49bede834d308cb25) Importer(2089858483,b0f066a214c2f5e87bad3c948f4d605d) (ScriptedImporter) -> (Import Result ID: '4b308aad43fc92885a9264c886f5c3bd') in 0.0057563 seconds [static and dynamic dependencies]. Details - ImportResultOutputID=79e0819a1980648961ce57432b50a591 DependenciesID=9cdc16ee97964d798292ba39a5e37d85 StaticDependenciesID=40fd11ee22b1fdcfcf35be24a122ec97 
Number of updated asset objects reloaded before import = 0Number of asset objects unloaded after import = 1

========================================================================
Received Import Request.
  Time since last request: 0.000021 seconds.
  path: Assets/HIVEMIND/CaveOfHiddenTomb/HDRP (Default)/Art/Assets/AztecMuralWall/AztecMural/SM_Wall_Aztec_B.fbx
  importAddress: Guid(abc00000000011948413482093175901) Importer(2089858483,b0f066a214c2f5e87bad3c948f4d605d)
Start importing Assets/HIVEMIND/CaveOfHiddenTomb/HDRP (Default)/Art/Assets/AztecMuralWall/AztecMural/SM_Wall_Aztec_B.fbx using Guid(abc00000000011948413482093175901) Importer(2089858483,b0f066a214c2f5e87bad3c948f4d605d) (ScriptedImporter)MaterialLocation.External is obsolete. External Material Location is no longer supported. (Assets/HIVEMIND/CaveOfHiddenTomb/HDRP (Default)/Art/Assets/AztecMuralWall/AztecMural/SM_Wall_Aztec_B.fbx)
 -> (Import Result ID: '2eeea738d9d4c95b3e7fad764941a7f4') in 0.0130753 seconds [static and dynamic dependencies]. Details - ImportResultOutputID=18a0dd377e523fa3e1bdbbf486ebaeaa DependenciesID=0e4eb8aaacf8accac9b1ae2a082732fb StaticDependenciesID=bc852d05880efb3186cb3c7b908743fa 
Number of updated asset objects reloaded before import = 0Number of asset objects unloaded after import = 37

========================================================================
Received Import Request.
  Time since last request: 0.000023 seconds.
  path: Assets/HIVEMIND/CaveOfHiddenTomb/HDRP (Default)/Art/Assets/Stone/B/M_Stone_B.mat
  importAddress: Guid(abc00000000008018592238768537719) Importer(2089858483,b0f066a214c2f5e87bad3c948f4d605d)
Start importing Assets/HIVEMIND/CaveOfHiddenTomb/HDRP (Default)/Art/Assets/Stone/B/M_Stone_B.mat using Guid(abc00000000008018592238768537719) Importer(2089858483,b0f066a214c2f5e87bad3c948f4d605d) (ScriptedImporter) -> (Import Result ID: '20ac8d9933781db2d607bdb821bb8e55') in 0.0169786 seconds [static and dynamic dependencies]. Details - ImportResultOutputID=bfccea642099aa209dc46bfae3095e59 DependenciesID=908212c834c749943d7a3d04a1c8b6a4 StaticDependenciesID=d624f88cf83444a80c8fc7698570f042 
Number of updated asset objects reloaded before import = 0Number of asset objects unloaded after import = 11

========================================================================
Received Import Request.
  Time since last request: 0.000068 seconds.
  path: Assets/HIVEMIND/CaveOfHiddenTomb/HDRP (Default)/Art/Assets/StonePattern/StonePattern/SM_StonePattern_E.fbx
  importAddress: Guid(abc00000000013931630474153729509) Importer(2089858483,b0f066a214c2f5e87bad3c948f4d605d)
Start importing Assets/HIVEMIND/CaveOfHiddenTomb/HDRP (Default)/Art/Assets/StonePattern/StonePattern/SM_StonePattern_E.fbx using Guid(abc00000000013931630474153729509) Importer(2089858483,b0f066a214c2f5e87bad3c948f4d605d) (ScriptedImporter)MaterialLocation.External is obsolete. External Material Location is no longer supported. (Assets/HIVEMIND/CaveOfHiddenTomb/HDRP (Default)/Art/Assets/StonePattern/StonePattern/SM_StonePattern_E.fbx)
 -> (Import Result ID: '4b90ea8d9922209e3f90c6f404686409') in 0.0186257 seconds [static and dynamic dependencies]. Details - ImportResultOutputID=c0179e8515ca08ed7ffb03cb23f5753b DependenciesID=436234691c012d000c806e098bf86a9d StaticDependenciesID=375fdc5b42d4d19deb3fb5fa47282871 
Number of updated asset objects reloaded before import = 0Number of asset objects unloaded after import = 37

========================================================================
Received Import Request.
  Time since last request: 0.000066 seconds.
  path: Assets/HIVEMIND/CaveOfHiddenTomb/HDRP (Default)/Art/Assets/StonePlate/A/SM_StonePlate_A.fbx
  importAddress: Guid(abc00000000011069412916377597045) Importer(2089858483,b0f066a214c2f5e87bad3c948f4d605d)
Start importing Assets/HIVEMIND/CaveOfHiddenTomb/HDRP (Default)/Art/Assets/StonePlate/A/SM_StonePlate_A.fbx using Guid(abc00000000011069412916377597045) Importer(2089858483,b0f066a214c2f5e87bad3c948f4d605d) (ScriptedImporter)MaterialLocation.External is obsolete. External Material Location is no longer supported. (Assets/HIVEMIND/CaveOfHiddenTomb/HDRP (Default)/Art/Assets/StonePlate/A/SM_StonePlate_A.fbx)
 -> (Import Result ID: '02c8f5644ac25dced29cd0ff18ab8325') in 0.0129058 seconds [static and dynamic dependencies]. Details - ImportResultOutputID=30de05a2b431e45b04b399b30daa5ceb DependenciesID=e507ed5d0d21aa68c319f53887a6dc35 StaticDependenciesID=94fa3b3c07a4b648568d845041704db6 
Number of updated asset objects reloaded before import = 0Number of asset objects unloaded after import = 32

========================================================================
Received Import Request.
  Time since last request: 0.000022 seconds.
  path: Assets/HIVEMIND/CaveOfHiddenTomb/HDRP (Default)/Art/Assets/StonePlate/D/SM_StonePlate_D.fbx
  importAddress: Guid(abc00000000003679599998966590445) Importer(2089858483,b0f066a214c2f5e87bad3c948f4d605d)
Start importing Assets/HIVEMIND/CaveOfHiddenTomb/HDRP (Default)/Art/Assets/StonePlate/D/SM_StonePlate_D.fbx using Guid(abc00000000003679599998966590445) Importer(2089858483,b0f066a214c2f5e87bad3c948f4d605d) (ScriptedImporter)MaterialLocation.External is obsolete. External Material Location is no longer supported. (Assets/HIVEMIND/CaveOfHiddenTomb/HDRP (Default)/Art/Assets/StonePlate/D/SM_StonePlate_D.fbx)
 -> (Import Result ID: '56cbd26a7050c598c57bf5553afa98c2') in 0.0128758 seconds [static and dynamic dependencies]. Details - ImportResultOutputID=d1d89f99a30d46521947ce89ed03631f DependenciesID=ea594972ceb3c6f78d6d27e5726d0ac2 StaticDependenciesID=04402a0e5b5290bbf834f863f4fb8485 
Number of updated asset objects reloaded before import = 0Number of asset objects unloaded after import = 32

========================================================================
Received Import Request.
  Time since last request: 0.000024 seconds.
  path: Assets/HIVEMIND/CaveOfHiddenTomb/HDRP (Default)/Art/Assets/StonePlate/C/SM_StonePlate_C.fbx
  importAddress: Guid(abc00000000010835587504715573061) Importer(2089858483,b0f066a214c2f5e87bad3c948f4d605d)
Start importing Assets/HIVEMIND/CaveOfHiddenTomb/HDRP (Default)/Art/Assets/StonePlate/C/SM_StonePlate_C.fbx using Guid(abc00000000010835587504715573061) Importer(2089858483,b0f066a214c2f5e87bad3c948f4d605d) (ScriptedImporter)MaterialLocation.External is obsolete. External Material Location is no longer supported. (Assets/HIVEMIND/CaveOfHiddenTomb/HDRP (Default)/Art/Assets/StonePlate/C/SM_StonePlate_C.fbx)
 -> (Import Result ID: '91c07fd896e8092df63e8e29064310e4') in 0.0131875 seconds [static and dynamic dependencies]. Details - ImportResultOutputID=193dc077874d9f538a9a2ba4051c0542 DependenciesID=96c5edbffa0505b7f9799ade412917f3 StaticDependenciesID=efebecfc7d5e747dec6d84d7773f035f 
Number of updated asset objects reloaded before import = 0Number of asset objects unloaded after import = 32

========================================================================
Received Import Request.
  Time since last request: 0.000025 seconds.
  path: Assets/HIVEMIND/CaveOfHiddenTomb/HDRP (Default)/Art/Assets/Stone/B/SM_Stone_B.fbx
  importAddress: Guid(abc00000000015219837688740450565) Importer(2089858483,b0f066a214c2f5e87bad3c948f4d605d)
Start importing Assets/HIVEMIND/CaveOfHiddenTomb/HDRP (Default)/Art/Assets/Stone/B/SM_Stone_B.fbx using Guid(abc00000000015219837688740450565) Importer(2089858483,b0f066a214c2f5e87bad3c948f4d605d) (ScriptedImporter)MaterialLocation.External is obsolete. External Material Location is no longer supported. (Assets/HIVEMIND/CaveOfHiddenTomb/HDRP (Default)/Art/Assets/Stone/B/SM_Stone_B.fbx)
 -> (Import Result ID: '225d8b2dba6f2fc9d3d88342c3279f22') in 0.0195878 seconds [static and dynamic dependencies]. Details - ImportResultOutputID=e66615a6639e2063866e2bbaa1763dac DependenciesID=7a74269c3ad6b5d972015873e31d18ab StaticDependenciesID=3e77fb6ca73fb880d271561c7161738b 
Number of updated asset objects reloaded before import = 0Number of asset objects unloaded after import = 37

========================================================================
Received Import Request.
  Time since last request: 0.000026 seconds.
  path: Assets/HIVEMIND/CaveOfHiddenTomb/HDRP (Default)/Art/Assets/StonePattern/StonePattern/M_StonePattern_simple.mat
  importAddress: Guid(abc00000000003989469655953257541) Importer(2089858483,b0f066a214c2f5e87bad3c948f4d605d)
Start importing Assets/HIVEMIND/CaveOfHiddenTomb/HDRP (Default)/Art/Assets/StonePattern/StonePattern/M_StonePattern_simple.mat using Guid(abc00000000003989469655953257541) Importer(2089858483,b0f066a214c2f5e87bad3c948f4d605d) (ScriptedImporter) -> (Import Result ID: 'f7cf65af0a721385ba51c46168937cda') in 0.0214713 seconds [static and dynamic dependencies]. Details - ImportResultOutputID=eb5b56ce8106e87157afead52628ba67 DependenciesID=f10315458c3fa6ab74ad2a84f23b46e3 StaticDependenciesID=6f069ec2e6e4c18d268c68459b7c2823 
Number of updated asset objects reloaded before import = 0Number of asset objects unloaded after import = 11

========================================================================
Received Import Request.
  Time since last request: 0.000050 seconds.
  path: Assets/HIVEMIND/CaveOfHiddenTomb/HDRP (Default)/Art/Assets/StonePlate/B/SM_StonePlate_B.fbx
  importAddress: Guid(abc00000000016478070274254297317) Importer(2089858483,b0f066a214c2f5e87bad3c948f4d605d)
Start importing Assets/HIVEMIND/CaveOfHiddenTomb/HDRP (Default)/Art/Assets/StonePlate/B/SM_StonePlate_B.fbx using Guid(abc00000000016478070274254297317) Importer(2089858483,b0f066a214c2f5e87bad3c948f4d605d) (ScriptedImporter)MaterialLocation.External is obsolete. External Material Location is no longer supported. (Assets/HIVEMIND/CaveOfHiddenTomb/HDRP (Default)/Art/Assets/StonePlate/B/SM_StonePlate_B.fbx)
 -> (Import Result ID: 'bfdd6d98efb8adf1ee768a4d4fb1387c') in 0.015365 seconds [static and dynamic dependencies]. Details - ImportResultOutputID=8c9d851d017320b51e922c78e780e156 DependenciesID=f70ea4d11130884fec161d294a0d9024 StaticDependenciesID=8650778f44ab5b1fae9baed095f01405 
Number of updated asset objects reloaded before import = 0Number of asset objects unloaded after import = 32

========================================================================
Received Import Request.
  Time since last request: 0.000025 seconds.
  path: Assets/HIVEMIND/CaveOfHiddenTomb/HDRP (Default)/Art/Assets/Vines/Materials/MI_Vine_Leaf.mat
  importAddress: Guid(70d1423df00cd5148ac2bcd591c0a368) Importer(2089858483,b0f066a214c2f5e87bad3c948f4d605d)
Start importing Assets/HIVEMIND/CaveOfHiddenTomb/HDRP (Default)/Art/Assets/Vines/Materials/MI_Vine_Leaf.mat using Guid(70d1423df00cd5148ac2bcd591c0a368) Importer(2089858483,b0f066a214c2f5e87bad3c948f4d605d) (ScriptedImporter) -> (Import Result ID: '793ccf600632240789cc479fa16a75cb') in 0.0062939 seconds [static and dynamic dependencies]. Details - ImportResultOutputID=28bfa815e3513666b15a4c46d8f2c308 DependenciesID=daf0b6750eca9df09f8c5e7614e1b964 StaticDependenciesID=5d68444a5c956adeb1c236b6f5ee45cf 
Number of updated asset objects reloaded before import = 0Number of asset objects unloaded after import = 1

========================================================================
Received Import Request.
  Time since last request: 0.000025 seconds.
  path: Assets/Samples/XR Interaction Toolkit/3.2.1/Starter Assets/DemoSceneAssets/Prefabs/Climb/Multi Floor Ladder.prefab
  importAddress: Guid(652585f331bff7e44afb8fe71ec2119f) Importer(2089858483,e11c23a36db5f54750b8cd40eac0985b)
Start importing Assets/Samples/XR Interaction Toolkit/3.2.1/Starter Assets/DemoSceneAssets/Prefabs/Climb/Multi Floor Ladder.prefab using Guid(652585f331bff7e44afb8fe71ec2119f) Importer(2089858483,e11c23a36db5f54750b8cd40eac0985b) (ScriptedImporter) -> (Import Result ID: 'aa33b7bb260d7786a92200bed181565b') in 0.1935369 seconds [static and dynamic dependencies]. Details - ImportResultOutputID=7e9ea09e22f34f4012e6c9f05005bfb9 DependenciesID=5956131996409030c7399c4b4a34bfbb StaticDependenciesID=4209110c4f52863527353375492baca7 
Number of updated asset objects reloaded before import = 0Number of asset objects unloaded after import = 493

========================================================================
Received Import Request.
  Time since last request: 0.000033 seconds.
  path: Assets/HIVEMIND/CaveOfHiddenTomb/HDRP (Default)/Art/Assets/AztecMuralWall/AztecMural/Materials/MI_Wall_Aztec_Edge.mat
  importAddress: Guid(eb95cdf0a09cafc40a102ed4aaaf352f) Importer(2089858483,b0f066a214c2f5e87bad3c948f4d605d)
Start importing Assets/HIVEMIND/CaveOfHiddenTomb/HDRP (Default)/Art/Assets/AztecMuralWall/AztecMural/Materials/MI_Wall_Aztec_Edge.mat using Guid(eb95cdf0a09cafc40a102ed4aaaf352f) Importer(2089858483,b0f066a214c2f5e87bad3c948f4d605d) (ScriptedImporter) -> (Import Result ID: '915ab98b0be47fb8f7b9a8bcb69ae64d') in 0.0061553 seconds [static and dynamic dependencies]. Details - ImportResultOutputID=6e10f4fc30fc2a3506c44be5c973de95 DependenciesID=19114f20d3266e3ba3a69fccdbf3563a StaticDependenciesID=320c1df89ff4121016b2e14eaaeb1a17 
Number of updated asset objects reloaded before import = 0Number of asset objects unloaded after import = 1

========================================================================
Received Import Request.
  Time since last request: 0.000038 seconds.
  path: Assets/Samples/XR Interaction Toolkit/3.2.1/Starter Assets/DemoSceneAssets/Prefabs/UI/Interactive Controls.prefab
  importAddress: Guid(7bbb1960bab3e75459304488d8d1ffba) Importer(2089858483,e11c23a36db5f54750b8cd40eac0985b)
Start importing Assets/Samples/XR Interaction Toolkit/3.2.1/Starter Assets/DemoSceneAssets/Prefabs/UI/Interactive Controls.prefab using Guid(7bbb1960bab3e75459304488d8d1ffba) Importer(2089858483,e11c23a36db5f54750b8cd40eac0985b) (ScriptedImporter) -> (Import Result ID: 'bf3c02bd8f8ec483772006da770bc6ea') in 0.2359785 seconds [static and dynamic dependencies]. Details - ImportResultOutputID=94a536eedf3771e8b1312a58cd587d3d DependenciesID=926df9f757300520b3d16f121471da67 StaticDependenciesID=495fed82f0d70718519f2cfe549eea5a 
Number of updated asset objects reloaded before import = 0Number of asset objects unloaded after import = 364

========================================================================
Received Import Request.
  Time since last request: 0.000032 seconds.
  path: Assets/HIVEMIND/CaveOfHiddenTomb/HDRP (Default)/Art/Assets/FirePit/FirePit_B/Materials/MI_FirePit_B.mat
  importAddress: Guid(cdebd71f09d0512489b0478dcd037de5) Importer(2089858483,b0f066a214c2f5e87bad3c948f4d605d)
Start importing Assets/HIVEMIND/CaveOfHiddenTomb/HDRP (Default)/Art/Assets/FirePit/FirePit_B/Materials/MI_FirePit_B.mat using Guid(cdebd71f09d0512489b0478dcd037de5) Importer(2089858483,b0f066a214c2f5e87bad3c948f4d605d) (ScriptedImporter) -> (Import Result ID: 'c2b0c5dfe535db5804b5a5fca75992da') in 0.0057429 seconds [static and dynamic dependencies]. Details - ImportResultOutputID=dd5190d77cc3f0185eec0e60357498f2 DependenciesID=733b6417dd9bc3b9c3a1f3c5f9685990 StaticDependenciesID=dca100aa81edd94ab3f354f7c7de3e67 
Number of updated asset objects reloaded before import = 0Number of asset objects unloaded after import = 1

========================================================================
Received Import Request.
  Time since last request: 0.000035 seconds.
  path: Assets/HIVEMIND/CaveOfHiddenTomb/HDRP (Default)/Art/Assets/FirePit/FireWood/Materials/MI_FireWood_01.mat
  importAddress: Guid(50ceb74aef88ee944b5e694a0ff83c9d) Importer(2089858483,b0f066a214c2f5e87bad3c948f4d605d)
Start importing Assets/HIVEMIND/CaveOfHiddenTomb/HDRP (Default)/Art/Assets/FirePit/FireWood/Materials/MI_FireWood_01.mat using Guid(50ceb74aef88ee944b5e694a0ff83c9d) Importer(2089858483,b0f066a214c2f5e87bad3c948f4d605d) (ScriptedImporter) -> (Import Result ID: 'fb0854a2a1c118f1a5045f78583cb1ad') in 0.0065901 seconds [static and dynamic dependencies]. Details - ImportResultOutputID=5b211f5487d991aa309d957a0e252315 DependenciesID=330ea5172c64bbbc2a4739d1c897fac2 StaticDependenciesID=10b72b63c25c43822ebbe9a2627d78e4 
Number of updated asset objects reloaded before import = 0Number of asset objects unloaded after import = 1

========================================================================
Received Import Request.
  Time since last request: 0.000024 seconds.
  path: Assets/Samples/XR Interaction Toolkit/3.2.1/Starter Assets/DemoSceneAssets/Prefabs/UI/MinMaxSlider.prefab
  importAddress: Guid(657321a07c3561043af55547ec4b0ed7) Importer(2089858483,e11c23a36db5f54750b8cd40eac0985b)
Start importing Assets/Samples/XR Interaction Toolkit/3.2.1/Starter Assets/DemoSceneAssets/Prefabs/UI/MinMaxSlider.prefab using Guid(657321a07c3561043af55547ec4b0ed7) Importer(2089858483,e11c23a36db5f54750b8cd40eac0985b) (ScriptedImporter) -> (Import Result ID: '65d53e3f0c3e81c08bac30a6c8c8033a') in 0.0172433 seconds [static and dynamic dependencies]. Details - ImportResultOutputID=bc9724d36139de9138b46eeb9fe27ef0 DependenciesID=f306634f3ab8de0854329be371997d20 StaticDependenciesID=7cf4dccb4a20768a20e0cf99c9e240d1 
Number of updated asset objects reloaded before import = 0Number of asset objects unloaded after import = 26

========================================================================
Received Import Request.
  Time since last request: 0.000024 seconds.
  path: Assets/HIVEMIND/CaveOfHiddenTomb/HDRP (Default)/Art/Assets/Pillar/B/Materials/MI_Pillar_Trim_Simple.mat
  importAddress: Guid(cb01a108307f92945a5fb9befa37b5b7) Importer(2089858483,b0f066a214c2f5e87bad3c948f4d605d)
Start importing Assets/HIVEMIND/CaveOfHiddenTomb/HDRP (Default)/Art/Assets/Pillar/B/Materials/MI_Pillar_Trim_Simple.mat using Guid(cb01a108307f92945a5fb9befa37b5b7) Importer(2089858483,b0f066a214c2f5e87bad3c948f4d605d) (ScriptedImporter) -> (Import Result ID: '7780f47cd4656874cd921a96497bed78') in 0.0064017 seconds [static and dynamic dependencies]. Details - ImportResultOutputID=3d7d7819dee090cba9e0a351aa67191b DependenciesID=d02ce62221b713225c7dea6396881d14 StaticDependenciesID=664d246514345b9d2ac7a0cd8941960b 
Number of updated asset objects reloaded before import = 0Number of asset objects unloaded after import = 1

========================================================================
Received Import Request.
  Time since last request: 0.000028 seconds.
  path: Assets/HIVEMIND/CaveOfHiddenTomb/HDRP (Default)/Art/Assets/stalactite/E/Materials/MI_Stalacite_E.mat
  importAddress: Guid(be96e1e4fef3ecb409adf3b00f2db3c6) Importer(2089858483,b0f066a214c2f5e87bad3c948f4d605d)
Start importing Assets/HIVEMIND/CaveOfHiddenTomb/HDRP (Default)/Art/Assets/stalactite/E/Materials/MI_Stalacite_E.mat using Guid(be96e1e4fef3ecb409adf3b00f2db3c6) Importer(2089858483,b0f066a214c2f5e87bad3c948f4d605d) (ScriptedImporter) -> (Import Result ID: 'bf5f193ca0e263e0b7d36bd7f48ce27b') in 0.0063017 seconds [static and dynamic dependencies]. Details - ImportResultOutputID=66874458c3966a8a8798ad888c68c1ef DependenciesID=21f160680a44867aabcb2e004af0c360 StaticDependenciesID=6eb913bccca6c4d6df00cb76b9db3e7c 
Number of updated asset objects reloaded before import = 0Number of asset objects unloaded after import = 1

========================================================================
Received Import Request.
  Time since last request: 0.000038 seconds.
  path: Assets/HIVEMIND/CaveOfHiddenTomb/HDRP (Default)/Art/Assets/stalactite/B/Materials/No Name.mat
  importAddress: Guid(96df4b101c8868d40a168cc659451cb6) Importer(2089858483,b0f066a214c2f5e87bad3c948f4d605d)
Start importing Assets/HIVEMIND/CaveOfHiddenTomb/HDRP (Default)/Art/Assets/stalactite/B/Materials/No Name.mat using Guid(96df4b101c8868d40a168cc659451cb6) Importer(2089858483,b0f066a214c2f5e87bad3c948f4d605d) (ScriptedImporter) -> (Import Result ID: '47796af74073bb8479d298c65983476b') in 0.0057223 seconds [static and dynamic dependencies]. Details - ImportResultOutputID=609dd861a2ced9191a3a7aa90c6d65eb DependenciesID=8dba51c41ce6d0d2ee9e6363b336fc5c StaticDependenciesID=6dc5d571ad6cbfd430903a5074ec6f14 
Number of updated asset objects reloaded before import = 0Number of asset objects unloaded after import = 1

========================================================================
Received Import Request.
  Time since last request: 0.000021 seconds.
  path: Assets/HIVEMIND/CaveOfHiddenTomb/HDRP (Default)/Art/Assets/RockWall/E/Materials/MI_RockWall_E_Simple.mat
  importAddress: Guid(9c443e9127e69864789bb4e7a93dab68) Importer(2089858483,b0f066a214c2f5e87bad3c948f4d605d)
Start importing Assets/HIVEMIND/CaveOfHiddenTomb/HDRP (Default)/Art/Assets/RockWall/E/Materials/MI_RockWall_E_Simple.mat using Guid(9c443e9127e69864789bb4e7a93dab68) Importer(2089858483,b0f066a214c2f5e87bad3c948f4d605d) (ScriptedImporter) -> (Import Result ID: 'ada500489629ad165b169bbc10e0ba43') in 0.0060821 seconds [static and dynamic dependencies]. Details - ImportResultOutputID=8cd36a1b39a67e20c00d0d04d78c5280 DependenciesID=d771453a5f90b3cd4bdde6d1c45eaf45 StaticDependenciesID=6eb8e6af34fd5108dcbc2c0b5deaa1be 
Number of updated asset objects reloaded before import = 0Number of asset objects unloaded after import = 1

========================================================================
Received Import Request.
  Time since last request: 0.000023 seconds.
  path: Assets/HIVEMIND/CaveOfHiddenTomb/HDRP (Default)/Art/Assets/stalactite/D/Materials/MI_Stalacite_D.mat
  importAddress: Guid(464e141a973288949848e6ae991d4bda) Importer(2089858483,b0f066a214c2f5e87bad3c948f4d605d)
Start importing Assets/HIVEMIND/CaveOfHiddenTomb/HDRP (Default)/Art/Assets/stalactite/D/Materials/MI_Stalacite_D.mat using Guid(464e141a973288949848e6ae991d4bda) Importer(2089858483,b0f066a214c2f5e87bad3c948f4d605d) (ScriptedImporter) -> (Import Result ID: '65623554ac5dbcdbfa0f6a0949893179') in 0.0060462 seconds [static and dynamic dependencies]. Details - ImportResultOutputID=b596980a4f62d893a3f577332a23a6a3 DependenciesID=36be14652d730207482159673b653b58 StaticDependenciesID=d6817200ef8077955bfda2bab3ee99b4 
Number of updated asset objects reloaded before import = 0Number of asset objects unloaded after import = 1

========================================================================
Received Import Request.
  Time since last request: 0.000027 seconds.
  path: Assets/HIVEMIND/CaveOfHiddenTomb/HDRP (Default)/Art/Assets/Pillar/D/Materials/No Name.mat
  importAddress: Guid(b6ee86cb3e7f1794e816c67ee0950aee) Importer(2089858483,b0f066a214c2f5e87bad3c948f4d605d)
Start importing Assets/HIVEMIND/CaveOfHiddenTomb/HDRP (Default)/Art/Assets/Pillar/D/Materials/No Name.mat using Guid(b6ee86cb3e7f1794e816c67ee0950aee) Importer(2089858483,b0f066a214c2f5e87bad3c948f4d605d) (ScriptedImporter) -> (Import Result ID: '02e61dcf1f0f2e384f77ec2bfa933d97') in 0.0066902 seconds [static and dynamic dependencies]. Details - ImportResultOutputID=a9fc3346fd4d53a1ce61aa26e02d4dfb DependenciesID=c50dc4d67c84607a8fc964768b56e5b8 StaticDependenciesID=fd1754def392dc99d2109666de8f4b0d 
Number of updated asset objects reloaded before import = 0Number of asset objects unloaded after import = 1

========================================================================
Received Import Request.
  Time since last request: 0.000028 seconds.
  path: Assets/HIVEMIND/CaveOfHiddenTomb/HDRP (Default)/Art/Assets/RockWall/D/Materials/MI_RockWall_D_Simple.mat
  importAddress: Guid(9f18f0c50c104d44ea6984f4e1c8f0ff) Importer(2089858483,b0f066a214c2f5e87bad3c948f4d605d)
Start importing Assets/HIVEMIND/CaveOfHiddenTomb/HDRP (Default)/Art/Assets/RockWall/D/Materials/MI_RockWall_D_Simple.mat using Guid(9f18f0c50c104d44ea6984f4e1c8f0ff) Importer(2089858483,b0f066a214c2f5e87bad3c948f4d605d) (ScriptedImporter) -> (Import Result ID: 'a2b35eec42f1b977bea9b2bffdf189e9') in 0.0088348 seconds [static and dynamic dependencies]. Details - ImportResultOutputID=15c57478fc1ddbba49d2e0339b636f39 DependenciesID=493f5f969905d86033fcbb4f104309be StaticDependenciesID=961f258614f2f1ad3ca95f6bf9d90f9a 
Number of updated asset objects reloaded before import = 0Number of asset objects unloaded after import = 1

========================================================================
Received Import Request.
  Time since last request: 0.000039 seconds.
  path: Assets/HIVEMIND/CaveOfHiddenTomb/HDRP (Default)/Art/Assets/Arch/A/Materials/MI_Arch_A.mat
  importAddress: Guid(9cafbf43548a8334f88c96016ee766ca) Importer(2089858483,b0f066a214c2f5e87bad3c948f4d605d)
Start importing Assets/HIVEMIND/CaveOfHiddenTomb/HDRP (Default)/Art/Assets/Arch/A/Materials/MI_Arch_A.mat using Guid(9cafbf43548a8334f88c96016ee766ca) Importer(2089858483,b0f066a214c2f5e87bad3c948f4d605d) (ScriptedImporter) -> (Import Result ID: '3e21fd4ef9e0ecb21a81b44434530191') in 0.0063752 seconds [static and dynamic dependencies]. Details - ImportResultOutputID=b3000e64ae4f12dbda502e7a793b1a2d DependenciesID=347dfe57b035214d4f43e4cd0b22deaa StaticDependenciesID=d323b30d46290b11ac39971be78e93e3 
Number of updated asset objects reloaded before import = 0Number of asset objects unloaded after import = 1

========================================================================
Received Import Request.
  Time since last request: 0.000023 seconds.
  path: Assets/HIVEMIND/CaveOfHiddenTomb/HDRP (Default)/Art/Assets/Stone/C/Materials/No Name.mat
  importAddress: Guid(2c0feed67cc1bc34da1c891b50ecf7e0) Importer(2089858483,b0f066a214c2f5e87bad3c948f4d605d)
Start importing Assets/HIVEMIND/CaveOfHiddenTomb/HDRP (Default)/Art/Assets/Stone/C/Materials/No Name.mat using Guid(2c0feed67cc1bc34da1c891b50ecf7e0) Importer(2089858483,b0f066a214c2f5e87bad3c948f4d605d) (ScriptedImporter) -> (Import Result ID: '108d192dfc32c3e1437e36d5f5fb0919') in 0.0086333 seconds [static and dynamic dependencies]. Details - ImportResultOutputID=ac6c65d827bdb8ece71a6d36de7ce97b DependenciesID=65c3c195cfff5d5f7e1b9792ab1b37df StaticDependenciesID=45b9bc742a2a9552a55994600c7a14a3 
Number of updated asset objects reloaded before import = 0Number of asset objects unloaded after import = 1

========================================================================
Received Import Request.
  Time since last request: 0.000020 seconds.
  path: Assets/HIVEMIND/CaveOfHiddenTomb/HDRP (Default)/Art/Assets/StonePattern/G/Materials/MI_StonePattern_G_simple.mat
  importAddress: Guid(e553d2aa206039543a53f054850959b8) Importer(2089858483,b0f066a214c2f5e87bad3c948f4d605d)
Start importing Assets/HIVEMIND/CaveOfHiddenTomb/HDRP (Default)/Art/Assets/StonePattern/G/Materials/MI_StonePattern_G_simple.mat using Guid(e553d2aa206039543a53f054850959b8) Importer(2089858483,b0f066a214c2f5e87bad3c948f4d605d) (ScriptedImporter) -> (Import Result ID: '0e062c10dbabfed8f987560617cabf2f') in 0.0075319 seconds [static and dynamic dependencies]. Details - ImportResultOutputID=3996cabac9750dd8841ecdc9b03107b6 DependenciesID=5d8a748a7f55676d84cd3facc79b2171 StaticDependenciesID=f8fa1908b14ea709b6d10fc906deae19 
Number of updated asset objects reloaded before import = 0Number of asset objects unloaded after import = 1

========================================================================
Received Import Request.
  Time since last request: 0.000029 seconds.
  path: Assets/HIVEMIND/CaveOfHiddenTomb/HDRP (Default)/Art/Assets/StonePlate/H/Materials/No Name.mat
  importAddress: Guid(47b1f13764d9dee459c8ab1ac6e6c67a) Importer(2089858483,b0f066a214c2f5e87bad3c948f4d605d)
Start importing Assets/HIVEMIND/CaveOfHiddenTomb/HDRP (Default)/Art/Assets/StonePlate/H/Materials/No Name.mat using Guid(47b1f13764d9dee459c8ab1ac6e6c67a) Importer(2089858483,b0f066a214c2f5e87bad3c948f4d605d) (ScriptedImporter) -> (Import Result ID: 'a6b10ece87f25611901ab0ce562de971') in 0.0074454 seconds [static and dynamic dependencies]. Details - ImportResultOutputID=3603749782ff136c7f71b38fa122b72f DependenciesID=2b17d87844561b2a94c3dead7979c34a StaticDependenciesID=e09fe544d834ebfc2e6f7856ee4322ff 
Number of updated asset objects reloaded before import = 0Number of asset objects unloaded after import = 1

========================================================================
Received Import Request.
  Time since last request: 0.000042 seconds.
  path: Assets/HIVEMIND/CaveOfHiddenTomb/HDRP (Default)/Art/Assets/Stone/C/Materials/MI_Stone_C.mat
  importAddress: Guid(1066b61122007c0418f53b343833c39b) Importer(2089858483,b0f066a214c2f5e87bad3c948f4d605d)
Start importing Assets/HIVEMIND/CaveOfHiddenTomb/HDRP (Default)/Art/Assets/Stone/C/Materials/MI_Stone_C.mat using Guid(1066b61122007c0418f53b343833c39b) Importer(2089858483,b0f066a214c2f5e87bad3c948f4d605d) (ScriptedImporter) -> (Import Result ID: '346ba86c70004cdfa7ce1e5ef81d4b0e') in 0.0063818 seconds [static and dynamic dependencies]. Details - ImportResultOutputID=66928134f3c55238d4ebe6813d6d9816 DependenciesID=b5cf5d8c5e1532cca0e4408557e51a0f StaticDependenciesID=6c1c12eb51db6409d12e71080a46e89f 
Number of updated asset objects reloaded before import = 0Number of asset objects unloaded after import = 1

========================================================================
Received Import Request.
  Time since last request: 0.000023 seconds.
  path: Assets/HIVEMIND/CaveOfHiddenTomb/HDRP (Default)/Art/Assets/StonePattern/StonePattern/Materials/No Name.mat
  importAddress: Guid(64b15d11c089581488fd36d1ad19a1a1) Importer(2089858483,b0f066a214c2f5e87bad3c948f4d605d)
Start importing Assets/HIVEMIND/CaveOfHiddenTomb/HDRP (Default)/Art/Assets/StonePattern/StonePattern/Materials/No Name.mat using Guid(64b15d11c089581488fd36d1ad19a1a1) Importer(2089858483,b0f066a214c2f5e87bad3c948f4d605d) (ScriptedImporter) -> (Import Result ID: '9ce43e9f4c180907a5070da9293fd68f') in 0.0061323 seconds [static and dynamic dependencies]. Details - ImportResultOutputID=4a646bc48ac1a1a8f88987fea0516788 DependenciesID=7e14fe5a9e011628ded479275d3e2072 StaticDependenciesID=d390e8197880e96d4f43ebd22bc32126 
Number of updated asset objects reloaded before import = 0Number of asset objects unloaded after import = 1

========================================================================
Received Import Request.
  Time since last request: 0.000025 seconds.
  path: Assets/HIVEMIND/CaveOfHiddenTomb/HDRP (Default)/Art/Assets/Scanned_Foliage/Foliage/EuropeanBeech/Materials/M_EuropeanBeech_Atlas_01.mat
  importAddress: Guid(abc00000000001119418229686223884) Importer(2089858483,b0f066a214c2f5e87bad3c948f4d605d)
Start importing Assets/HIVEMIND/CaveOfHiddenTomb/HDRP (Default)/Art/Assets/Scanned_Foliage/Foliage/EuropeanBeech/Materials/M_EuropeanBeech_Atlas_01.mat using Guid(abc00000000001119418229686223884) Importer(2089858483,b0f066a214c2f5e87bad3c948f4d605d) (ScriptedImporter) -> (Import Result ID: '466c31c554b520af509e20b80cc3a668') in 0.0180026 seconds [static and dynamic dependencies]. Details - ImportResultOutputID=d6166ac3e5c58a88fa6a66bc13dcd81a DependenciesID=9010c802b1e4dd28459cd2ad6b2efda1 StaticDependenciesID=caae2de9975267ba7e85e47ba5330607 
Number of updated asset objects reloaded before import = 0Number of asset objects unloaded after import = 9

========================================================================
Received Import Request.
  Time since last request: 0.000030 seconds.
  path: Assets/HIVEMIND/CaveOfHiddenTomb/HDRP (Default)/Art/Assets/StonePattern/TempleStoneGround/Materials/MI_StonePattern_f_edge.mat
  importAddress: Guid(fc6aafa7b0d8a434eab3c1d9cf1bb0ca) Importer(2089858483,b0f066a214c2f5e87bad3c948f4d605d)
Start importing Assets/HIVEMIND/CaveOfHiddenTomb/HDRP (Default)/Art/Assets/StonePattern/TempleStoneGround/Materials/MI_StonePattern_f_edge.mat using Guid(fc6aafa7b0d8a434eab3c1d9cf1bb0ca) Importer(2089858483,b0f066a214c2f5e87bad3c948f4d605d) (ScriptedImporter) -> (Import Result ID: '44b9f5840198bdcdf0d82172d62bc22a') in 0.0068174 seconds [static and dynamic dependencies]. Details - ImportResultOutputID=49692b7a60ee8fb5f28dd73f6d76f3d8 DependenciesID=3847657fbf859e3a442aa3a429e7d789 StaticDependenciesID=088ff0d4b975aca41abd1442e3a1fa33 
Number of updated asset objects reloaded before import = 0Number of asset objects unloaded after import = 1

========================================================================
Received Import Request.
  Time since last request: 0.000050 seconds.
  path: Assets/HIVEMIND/CaveOfHiddenTomb/HDRP (Default)/Art/Assets/Scanned_Foliage/Foliage/EuropeanBeech/Materials/M_EuropeanBeech_Detail_NW_01.mat
  importAddress: Guid(abc00000000000152836819764332289) Importer(2089858483,b0f066a214c2f5e87bad3c948f4d605d)
Start importing Assets/HIVEMIND/CaveOfHiddenTomb/HDRP (Default)/Art/Assets/Scanned_Foliage/Foliage/EuropeanBeech/Materials/M_EuropeanBeech_Detail_NW_01.mat using Guid(abc00000000000152836819764332289) Importer(2089858483,b0f066a214c2f5e87bad3c948f4d605d) (ScriptedImporter) -> (Import Result ID: '2443eee99bcc489b55d67ce387328f15') in 0.0159327 seconds [static and dynamic dependencies]. Details - ImportResultOutputID=6e02374cb9ec4e30276e71365eebd90a DependenciesID=ca250f6614d83d6612acb5d4163736b2 StaticDependenciesID=3beefe78afaadf401eba5345974e781b 
Number of updated asset objects reloaded before import = 0Number of asset objects unloaded after import = 9

========================================================================
Received Import Request.
  Time since last request: 0.000034 seconds.
  path: Assets/HIVEMIND/CaveOfHiddenTomb/HDRP (Default)/Art/Assets/Scanned_Foliage/Foliage/EuropeanBeech/Meshes/SM_EuropeanBeech_XL_03.fbx
  importAddress: Guid(abc00000000001006768633707779872) Importer(2089858483,b0f066a214c2f5e87bad3c948f4d605d)
Start importing Assets/HIVEMIND/CaveOfHiddenTomb/HDRP (Default)/Art/Assets/Scanned_Foliage/Foliage/EuropeanBeech/Meshes/SM_EuropeanBeech_XL_03.fbx using Guid(abc00000000001006768633707779872) Importer(2089858483,b0f066a214c2f5e87bad3c948f4d605d) (ScriptedImporter)MaterialLocation.External is obsolete. External Material Location is no longer supported. (Assets/HIVEMIND/CaveOfHiddenTomb/HDRP (Default)/Art/Assets/Scanned_Foliage/Foliage/EuropeanBeech/Meshes/SM_EuropeanBeech_XL_03.fbx)
 -> (Import Result ID: '7350615a91f443d9b106e4e307863af5') in 0.0228852 seconds [static and dynamic dependencies]. Details - ImportResultOutputID=2bac63952a01d241e19596b0db3e9853 DependenciesID=b50082042f3fd61e772daee493193907 StaticDependenciesID=2130e2ac7ef64e166119fa2aef16c261 
Number of updated asset objects reloaded before import = 0Number of asset objects unloaded after import = 34

========================================================================
Received Import Request.
  Time since last request: 0.000022 seconds.
  path: Assets/HIVEMIND/CaveOfHiddenTomb/HDRP (Default)/Art/Assets/Scanned_Foliage/Foliage/EuropeanBeech/Meshes/SM_EuropeanBeech_S_02.fbx
  importAddress: Guid(abc00000000005013058909609847428) Importer(2089858483,b0f066a214c2f5e87bad3c948f4d605d)
Start importing Assets/HIVEMIND/CaveOfHiddenTomb/HDRP (Default)/Art/Assets/Scanned_Foliage/Foliage/EuropeanBeech/Meshes/SM_EuropeanBeech_S_02.fbx using Guid(abc00000000005013058909609847428) Importer(2089858483,b0f066a214c2f5e87bad3c948f4d605d) (ScriptedImporter)MaterialLocation.External is obsolete. External Material Location is no longer supported. (Assets/HIVEMIND/CaveOfHiddenTomb/HDRP (Default)/Art/Assets/Scanned_Foliage/Foliage/EuropeanBeech/Meshes/SM_EuropeanBeech_S_02.fbx)
 -> (Import Result ID: 'f4878d8d1498e8e225c9ed821e44cf0f') in 0.0160716 seconds [static and dynamic dependencies]. Details - ImportResultOutputID=8fd442752ad5fbd0d321b3dfad1bf5bf DependenciesID=a79990581577516bbe885bec3aa6ab44 StaticDependenciesID=e82cb1b3678bf13f026f705ca8977bdc 
Number of updated asset objects reloaded before import = 0Number of asset objects unloaded after import = 32

========================================================================
Received Import Request.
  Time since last request: 0.000022 seconds.
  path: Assets/HIVEMIND/CaveOfHiddenTomb/HDRP (Default)/Art/Assets/Scanned_Foliage/Foliage/Ivy/Meshes/Materials/MI_Ivy_A.mat
  importAddress: Guid(b41dfc9ddfe072e4e89e5c01e2103614) Importer(2089858483,b0f066a214c2f5e87bad3c948f4d605d)
Start importing Assets/HIVEMIND/CaveOfHiddenTomb/HDRP (Default)/Art/Assets/Scanned_Foliage/Foliage/Ivy/Meshes/Materials/MI_Ivy_A.mat using Guid(b41dfc9ddfe072e4e89e5c01e2103614) Importer(2089858483,b0f066a214c2f5e87bad3c948f4d605d) (ScriptedImporter) -> (Import Result ID: 'a0bd3f040f9f331c9c6eab59c6e5f1f9') in 0.0053345 seconds [static and dynamic dependencies]. Details - ImportResultOutputID=4b763321c84e9343fa5d0e58324dbfb6 DependenciesID=4714148726846930b654da013f43f120 StaticDependenciesID=76311d00a5dd1a44b0d6d16f935135cd 
Number of updated asset objects reloaded before import = 0Number of asset objects unloaded after import = 1

========================================================================
Received Import Request.
  Time since last request: 0.000057 seconds.
  path: Assets/HIVEMIND/CaveOfHiddenTomb/HDRP (Default)/Art/Assets/Scanned_Foliage/Foliage/EuropeanBeech/Meshes/Materials/MI_EuropeanBeech_Detail_NW_02.mat
  importAddress: Guid(6674cda41957f8146b88a42357631ebf) Importer(2089858483,b0f066a214c2f5e87bad3c948f4d605d)
Start importing Assets/HIVEMIND/CaveOfHiddenTomb/HDRP (Default)/Art/Assets/Scanned_Foliage/Foliage/EuropeanBeech/Meshes/Materials/MI_EuropeanBeech_Detail_NW_02.mat using Guid(6674cda41957f8146b88a42357631ebf) Importer(2089858483,b0f066a214c2f5e87bad3c948f4d605d) (ScriptedImporter) -> (Import Result ID: 'e098cb63b6d9356a4e53d33d3b06c4af') in 0.0060218 seconds [static and dynamic dependencies]. Details - ImportResultOutputID=e0f97884eabf8581627f561483e5b898 DependenciesID=6362eba10db1a591ff5a5e88719c64f8 StaticDependenciesID=7ad7d714bf2ba484d100246a629bf4f4 
Number of updated asset objects reloaded before import = 0Number of asset objects unloaded after import = 1

========================================================================
Received Import Request.
  Time since last request: 0.000027 seconds.
  path: Assets/HIVEMIND/CaveOfHiddenTomb/HDRP (Default)/Art/Assets/Scanned_Foliage/Foliage/EuropeanBeech/Meshes/SM_EuropeanBeech_Stump_01.fbx
  importAddress: Guid(abc00000000006324546516393124403) Importer(2089858483,b0f066a214c2f5e87bad3c948f4d605d)
Start importing Assets/HIVEMIND/CaveOfHiddenTomb/HDRP (Default)/Art/Assets/Scanned_Foliage/Foliage/EuropeanBeech/Meshes/SM_EuropeanBeech_Stump_01.fbx using Guid(abc00000000006324546516393124403) Importer(2089858483,b0f066a214c2f5e87bad3c948f4d605d) (ScriptedImporter)MaterialLocation.External is obsolete. External Material Location is no longer supported. (Assets/HIVEMIND/CaveOfHiddenTomb/HDRP (Default)/Art/Assets/Scanned_Foliage/Foliage/EuropeanBeech/Meshes/SM_EuropeanBeech_Stump_01.fbx)
 -> (Import Result ID: 'fb5be9b327495ddf2c3d6f0389b619a3') in 0.0188574 seconds [static and dynamic dependencies]. Details - ImportResultOutputID=2fcc66c7e1fb3d4b213f16973d21b42b DependenciesID=57bc3bc518266f8129b5db97263317e2 StaticDependenciesID=cd7d2854e23b079f4341b8e751946ce2 
Number of updated asset objects reloaded before import = 0Number of asset objects unloaded after import = 34

========================================================================
Received Import Request.
  Time since last request: 0.000028 seconds.
  path: Assets/HIVEMIND/CaveOfHiddenTomb/HDRP (Default)/Art/Assets/Pillar/B/Materials/No Name.mat
  importAddress: Guid(2bd56a8ef98b35c48a8826dd72f5567b) Importer(2089858483,b0f066a214c2f5e87bad3c948f4d605d)
Start importing Assets/HIVEMIND/CaveOfHiddenTomb/HDRP (Default)/Art/Assets/Pillar/B/Materials/No Name.mat using Guid(2bd56a8ef98b35c48a8826dd72f5567b) Importer(2089858483,b0f066a214c2f5e87bad3c948f4d605d) (ScriptedImporter) -> (Import Result ID: '7e139b6016f9725c41c151745b28f8b4') in 0.0061675 seconds [static and dynamic dependencies]. Details - ImportResultOutputID=cdc38482d9ca56de3ee9db7990400f37 DependenciesID=9a882d4ed442475d7f7aee9e93a25504 StaticDependenciesID=8b313386e246fb7703016f27574871d3 
Number of updated asset objects reloaded before import = 0Number of asset objects unloaded after import = 1

========================================================================
Received Import Request.
  Time since last request: 0.000028 seconds.
  path: Assets/HIVEMIND/CaveOfHiddenTomb/HDRP (Default)/Art/Prefabs/SM_FirePit_B.prefab
  importAddress: Guid(abc00000000016921675072995725767) Importer(2089858483,e11c23a36db5f54750b8cd40eac0985b)
Start importing Assets/HIVEMIND/CaveOfHiddenTomb/HDRP (Default)/Art/Prefabs/SM_FirePit_B.prefab using Guid(abc00000000016921675072995725767) Importer(2089858483,e11c23a36db5f54750b8cd40eac0985b) (ScriptedImporter) -> (Import Result ID: 'a528cff6018a655e91a8f177829bfcff') in 0.065348 seconds [static and dynamic dependencies]. Details - ImportResultOutputID=5569522290c2dcb01e4bbdc52c3aa6a6 DependenciesID=72ce43fb57cb5ab0e2a6a25acac88b3e StaticDependenciesID=3cd9f068e936a49e1630268d4797669b 
Number of updated asset objects reloaded before import = 0Number of asset objects unloaded after import = 59

========================================================================
Received Import Request.
  Time since last request: 0.000083 seconds.
  path: Assets/HIVEMIND/CaveOfHiddenTomb/HDRP (Default)/Art/Assets/Boulder/B/Materials/No Name.mat
  importAddress: Guid(29fabc06913c38042bff98766d382dc5) Importer(2089858483,b0f066a214c2f5e87bad3c948f4d605d)
Start importing Assets/HIVEMIND/CaveOfHiddenTomb/HDRP (Default)/Art/Assets/Boulder/B/Materials/No Name.mat using Guid(29fabc06913c38042bff98766d382dc5) Importer(2089858483,b0f066a214c2f5e87bad3c948f4d605d) (ScriptedImporter) -> (Import Result ID: '84a77bb67c5f899de9e04b3fcabdfc0f') in 0.0101828 seconds [static and dynamic dependencies]. Details - ImportResultOutputID=26337e4d70d16ab0a21fb3f980b1e2db DependenciesID=2f731c3a75d4bfc782d9c4df06523172 StaticDependenciesID=b9c29001fa9218006cbde77267db6b75 
Number of updated asset objects reloaded before import = 0Number of asset objects unloaded after import = 1

========================================================================
Received Import Request.
  Time since last request: 0.000024 seconds.
  path: Assets/Samples/XR Interaction Toolkit/3.2.1/Starter Assets/Presets/XRI Default Right Controller InputActionManager.preset
  importAddress: Guid(55f7614a1d331d14bb631965514937d8) Importer(2089858483,b0f066a214c2f5e87bad3c948f4d605d)
Start importing Assets/Samples/XR Interaction Toolkit/3.2.1/Starter Assets/Presets/XRI Default Right Controller InputActionManager.preset using Guid(55f7614a1d331d14bb631965514937d8) Importer(2089858483,b0f066a214c2f5e87bad3c948f4d605d) (ScriptedImporter) -> (Import Result ID: '98fd5dbaae628bfcdaa0cc1d0e9b13ea') in 0.0081399 seconds [static and dynamic dependencies]. Details - ImportResultOutputID=8c289051a655906d44101a845f9530f1 DependenciesID=7f21fbfd352df3a3271bc0d6b7ed4eb2 StaticDependenciesID=230ceb953f7158939b91f90724352347 
Number of updated asset objects reloaded before import = 0Number of asset objects unloaded after import = 8

========================================================================
Received Import Request.
  Time since last request: 0.000032 seconds.
  path: Assets/SunboxGames/ModularDungeonCaves/Textures/DripStone_01/Stones_01_Paint_DripStone_01_Normal.png
  importAddress: Guid(142a5df1c9aef8b4b8b06b507eaa5811) Importer(2089858483,b0f066a214c2f5e87bad3c948f4d605d)
Start importing Assets/SunboxGames/ModularDungeonCaves/Textures/DripStone_01/Stones_01_Paint_DripStone_01_Normal.png using Guid(142a5df1c9aef8b4b8b06b507eaa5811) Importer(2089858483,b0f066a214c2f5e87bad3c948f4d605d) (ScriptedImporter) -> (Import Result ID: '3c4128637e453360acbe4c3a8ebbf243') in 0.0270331 seconds [static and dynamic dependencies]. Details - ImportResultOutputID=146a675aa4ac8ae1473fd3229a7f5fa4 DependenciesID=0c3ce5ef5b828639c536d80c3845ea29 StaticDependenciesID=54f0920459fe21e1dd7786eb5d590d7b 
Number of updated asset objects reloaded before import = 0Number of asset objects unloaded after import = 1

========================================================================
Received Import Request.
  Time since last request: 0.000030 seconds.
  path: Assets/TripoModels/xiugai1/shengxiang3/goddess_statue_3d_model.fbm/tripo_node_f6ecf50c-c53c-4bc9-bd5f-fccf7caa42e4_Normal_Bake.jpg
  importAddress: Guid(71e6e11fe1e219e4e8eb7afac34629ad) Importer(2089858483,b0f066a214c2f5e87bad3c948f4d605d)
Start importing Assets/TripoModels/xiugai1/shengxiang3/goddess_statue_3d_model.fbm/tripo_node_f6ecf50c-c53c-4bc9-bd5f-fccf7caa42e4_Normal_Bake.jpg using Guid(71e6e11fe1e219e4e8eb7afac34629ad) Importer(2089858483,b0f066a214c2f5e87bad3c948f4d605d) (ScriptedImporter) -> (Import Result ID: '3baa73aedec3b9d9aa31fe65db78e6db') in 0.0116031 seconds [static and dynamic dependencies]. Details - ImportResultOutputID=0ef4f458d410d5c9b461e6acfc709ee7 DependenciesID=c87d2cbccb7e1f2880ab0b7e4cf552d0 StaticDependenciesID=44dbde101cf27aac4627ed588259db78 
Number of updated asset objects reloaded before import = 0Number of asset objects unloaded after import = 1

========================================================================
Received Import Request.
  Time since last request: 0.000038 seconds.
  path: Assets/Ian's Fire Pack Universal/_URP Specific/Materials/Particles/CandleURP.mat
  importAddress: Guid(824fa894376e24ccc92da03195517f30) Importer(2089858483,b0f066a214c2f5e87bad3c948f4d605d)
Start importing Assets/Ian's Fire Pack Universal/_URP Specific/Materials/Particles/CandleURP.mat using Guid(824fa894376e24ccc92da03195517f30) Importer(2089858483,b0f066a214c2f5e87bad3c948f4d605d) (ScriptedImporter) -> (Import Result ID: '91ff18343818ba11730d41278ac6c38a') in 0.0090597 seconds [static and dynamic dependencies]. Details - ImportResultOutputID=e85b72ce802b70b8be40f8de594f19f2 DependenciesID=5fcdb573887d300cf125ec66b7ff6f79 StaticDependenciesID=c7fcb0465d28abedea06a859a1ad94a1 
Number of updated asset objects reloaded before import = 0Number of asset objects unloaded after import = 2

========================================================================
Received Import Request.
  Time since last request: 0.000027 seconds.
  path: Assets/HIVEMIND/CaveOfHiddenTomb/HDRP (Default)/Art/AllTextures1K/T_MI_Firepit_B_ORM.png
  importAddress: Guid(abc00000000010624073864029591708) Importer(2089858483,b0f066a214c2f5e87bad3c948f4d605d)
Start importing Assets/HIVEMIND/CaveOfHiddenTomb/HDRP (Default)/Art/AllTextures1K/T_MI_Firepit_B_ORM.png using Guid(abc00000000010624073864029591708) Importer(2089858483,b0f066a214c2f5e87bad3c948f4d605d) (ScriptedImporter) -> (Import Result ID: 'dcf761be99cf0ca7b91de87a81d7552e') in 0.0116673 seconds [static and dynamic dependencies]. Details - ImportResultOutputID=db5a3ee87722b35f5770fe5906d686bf DependenciesID=b832dba6a5e375372ddbffdf3829e75e StaticDependenciesID=2eaa44b61465662e4600fb75b8f90651 
Number of updated asset objects reloaded before import = 0Number of asset objects unloaded after import = 1

========================================================================
Received Import Request.
  Time since last request: 0.000023 seconds.
  path: Assets/SunboxGames/ModularDungeonCaves/Materials/CavePieces/Plugs_01.mat
  importAddress: Guid(b1e78b73a42f3b646affe8c9edbadb6b) Importer(2089858483,b0f066a214c2f5e87bad3c948f4d605d)
Start importing Assets/SunboxGames/ModularDungeonCaves/Materials/CavePieces/Plugs_01.mat using Guid(b1e78b73a42f3b646affe8c9edbadb6b) Importer(2089858483,b0f066a214c2f5e87bad3c948f4d605d) (ScriptedImporter) -> (Import Result ID: '5264181e5cb9834317e11a2663c3540c') in 0.0421985 seconds [static and dynamic dependencies]. Details - ImportResultOutputID=1e01e61a910d931f8984807fd2089500 DependenciesID=9a659b2167c14d077299fadac0c970a0 StaticDependenciesID=327a09a082041dd091fead09172fd51b 
Number of updated asset objects reloaded before import = 0Number of asset objects unloaded after import = 8

========================================================================
Received Import Request.
  Time since last request: 0.000034 seconds.
  path: Assets/HIVEMIND/CaveOfHiddenTomb/HDRP (Default)/Art/AllTextures1K/T_boulder_c_BC.PNG
  importAddress: Guid(5a35190519968d34f9c02b2dcae50085) Importer(2089858483,b0f066a214c2f5e87bad3c948f4d605d)
Start importing Assets/HIVEMIND/CaveOfHiddenTomb/HDRP (Default)/Art/AllTextures1K/T_boulder_c_BC.PNG using Guid(5a35190519968d34f9c02b2dcae50085) Importer(2089858483,b0f066a214c2f5e87bad3c948f4d605d) (ScriptedImporter) -> (Import Result ID: '143442160e7cb8ee083310d0d1a94d6c') in 0.0087819 seconds [static and dynamic dependencies]. Details - ImportResultOutputID=833d3feda449f967643e2cef7677c771 DependenciesID=e9d8ec4145536aec9387def1d34d495c StaticDependenciesID=adc69ed92753bb617226837e03e7041d 
Number of updated asset objects reloaded before import = 0Number of asset objects unloaded after import = 1

========================================================================
Received Import Request.
  Time since last request: 0.000043 seconds.
  path: Assets/TripoModels/ancient_warrior_statue_3d_model/ancient_warrior_statue_3d_model.fbm/ancient_warrior_statue_3d_model_basecolor.JPEG
  importAddress: Guid(bac5364c8bb26894f8c561f61d8b72b1) Importer(2089858483,b0f066a214c2f5e87bad3c948f4d605d)
Start importing Assets/TripoModels/ancient_warrior_statue_3d_model/ancient_warrior_statue_3d_model.fbm/ancient_warrior_statue_3d_model_basecolor.JPEG using Guid(bac5364c8bb26894f8c561f61d8b72b1) Importer(2089858483,b0f066a214c2f5e87bad3c948f4d605d) (ScriptedImporter) -> (Import Result ID: '17fc1c86b56793b03cc419bd114e9d0f') in 0.0118417 seconds [static and dynamic dependencies]. Details - ImportResultOutputID=522ee8432fbfefc966e8c720bc2a88bf DependenciesID=69cbeec56ed0dd5b138223b6e2908daa StaticDependenciesID=9c2e62d12c73a743ff0f75f7d8707253 
Number of updated asset objects reloaded before import = 0Number of asset objects unloaded after import = 1

========================================================================
Received Import Request.
  Time since last request: 0.000024 seconds.
  path: Assets/HIVEMIND/CaveOfHiddenTomb/HDRP (Default)/Art/Assets/Pillar/B/SM_Pillar_B.fbx
  importAddress: Guid(abc00000000011691504084672728381) Importer(2089858483,b0f066a214c2f5e87bad3c948f4d605d)
Start importing Assets/HIVEMIND/CaveOfHiddenTomb/HDRP (Default)/Art/Assets/Pillar/B/SM_Pillar_B.fbx using Guid(abc00000000011691504084672728381) Importer(2089858483,b0f066a214c2f5e87bad3c948f4d605d) (ScriptedImporter)MaterialLocation.External is obsolete. External Material Location is no longer supported. (Assets/HIVEMIND/CaveOfHiddenTomb/HDRP (Default)/Art/Assets/Pillar/B/SM_Pillar_B.fbx)
 -> (Import Result ID: 'e174c6b1e24b99e25ae609d4745d1f0c') in 0.0154574 seconds [static and dynamic dependencies]. Details - ImportResultOutputID=35b2ebae5f185d1d68bcb5eecbb36770 DependenciesID=050aeffe8b9e15fbfda1922a3cbf3d99 StaticDependenciesID=8e08844eab26c0c5c03b3bcf4e36ff88 
Number of updated asset objects reloaded before import = 0Number of asset objects unloaded after import = 37

========================================================================
Received Import Request.
  Time since last request: 0.000023 seconds.
  path: Assets/SunboxGames/ModularDungeonCaves/Textures/DungeonProps05/DungeonProps05_MetallicSmoothness.png
  importAddress: Guid(64a272eeefb90474384aa20f4d82a16f) Importer(2089858483,b0f066a214c2f5e87bad3c948f4d605d)
Start importing Assets/SunboxGames/ModularDungeonCaves/Textures/DungeonProps05/DungeonProps05_MetallicSmoothness.png using Guid(64a272eeefb90474384aa20f4d82a16f) Importer(2089858483,b0f066a214c2f5e87bad3c948f4d605d) (ScriptedImporter) -> (Import Result ID: '2389d51e0d05a6ae9e342daa39bf52fe') in 0.0321633 seconds [static and dynamic dependencies]. Details - ImportResultOutputID=0a1c81ba13996712d7e60f6153f2cc6c DependenciesID=b253674f16ea8f15b57b56b6bb3f1b46 StaticDependenciesID=6370603fae6205f33af3966ff4a6fd6e 
Number of updated asset objects reloaded before import = 0Number of asset objects unloaded after import = 1

========================================================================
Received Import Request.
  Time since last request: 0.000026 seconds.
  path: Assets/SunboxGames/ModularDungeonCaves/Textures/Plugs_01/Plugs_01_paint_Plugs_01_Normal.png
  importAddress: Guid(8ad15802e5851ab42922bab21fe80d6b) Importer(2089858483,b0f066a214c2f5e87bad3c948f4d605d)
Start importing Assets/SunboxGames/ModularDungeonCaves/Textures/Plugs_01/Plugs_01_paint_Plugs_01_Normal.png using Guid(8ad15802e5851ab42922bab21fe80d6b) Importer(2089858483,b0f066a214c2f5e87bad3c948f4d605d) (ScriptedImporter) -> (Import Result ID: 'eb7406fe06ebcdc74c17cb17f39204d3') in 0.0294286 seconds [static and dynamic dependencies]. Details - ImportResultOutputID=6833d55ccb664f404cb534c76a7e4df4 DependenciesID=491b41d10b4c95e81f795ea50f035456 StaticDependenciesID=537bde483d226b7dfa9fa10a3c9f65da 
Number of updated asset objects reloaded before import = 0Number of asset objects unloaded after import = 1

========================================================================
Received Import Request.
  Time since last request: 0.000037 seconds.
  path: Assets/TripoModels/xiugai1/shengxiang4/pregnant_goddess_statue_3d_model.fbm/tripo_node_129a94bf-c4f6-441c-a8f2-cc51c3abe53d_Normal_Bake.jpg
  importAddress: Guid(ade6bf540b3638240b262d27b1c67e4a) Importer(2089858483,b0f066a214c2f5e87bad3c948f4d605d)
Start importing Assets/TripoModels/xiugai1/shengxiang4/pregnant_goddess_statue_3d_model.fbm/tripo_node_129a94bf-c4f6-441c-a8f2-cc51c3abe53d_Normal_Bake.jpg using Guid(ade6bf540b3638240b262d27b1c67e4a) Importer(2089858483,b0f066a214c2f5e87bad3c948f4d605d) (ScriptedImporter) -> (Import Result ID: 'd88e32fd2290ad02d432ceba4956ee6b') in 0.0147579 seconds [static and dynamic dependencies]. Details - ImportResultOutputID=8af0f861b6c5d02828d65563c03728c7 DependenciesID=65268cd790fda0618fa5a1ed77ac1816 StaticDependenciesID=57cdd739fbd555afa989f8e3c462bad7 
Number of updated asset objects reloaded before import = 0Number of asset objects unloaded after import = 1

========================================================================
Received Import Request.
  Time since last request: 0.000035 seconds.
  path: Assets/HIVEMIND/CaveOfHiddenTomb/HDRP (Default)/Art/Prefabs/SM_EuropeanBeech_XL_03.prefab
  importAddress: Guid(abc00000000015641339167181143738) Importer(2089858483,e11c23a36db5f54750b8cd40eac0985b)
Start importing Assets/HIVEMIND/CaveOfHiddenTomb/HDRP (Default)/Art/Prefabs/SM_EuropeanBeech_XL_03.prefab using Guid(abc00000000015641339167181143738) Importer(2089858483,e11c23a36db5f54750b8cd40eac0985b) (ScriptedImporter) -> (Import Result ID: '8290294f1cb2f820800ef0489165ae80') in 0.031488 seconds [static and dynamic dependencies]. Details - ImportResultOutputID=f55b3d348dfc5336eea454478bcb2b8d DependenciesID=b8ada826e659a7c5702bf1fbb385c445 StaticDependenciesID=8f0fa1baf7b1f5ba3771f6ebe6f8ae1f 
Number of updated asset objects reloaded before import = 0Number of asset objects unloaded after import = 43

========================================================================
Received Import Request.
  Time since last request: 0.000027 seconds.
  path: Assets/HIVEMIND/CaveOfHiddenTomb/HDRP (Default)/Art/Assets/Rock/D/SM_Rock_D.fbx
  importAddress: Guid(abc00000000014078038804266773453) Importer(2089858483,b0f066a214c2f5e87bad3c948f4d605d)
Start importing Assets/HIVEMIND/CaveOfHiddenTomb/HDRP (Default)/Art/Assets/Rock/D/SM_Rock_D.fbx using Guid(abc00000000014078038804266773453) Importer(2089858483,b0f066a214c2f5e87bad3c948f4d605d) (ScriptedImporter)MaterialLocation.External is obsolete. External Material Location is no longer supported. (Assets/HIVEMIND/CaveOfHiddenTomb/HDRP (Default)/Art/Assets/Rock/D/SM_Rock_D.fbx)
 -> (Import Result ID: '500ac060257c09268982fddae34264a6') in 0.014072 seconds [static and dynamic dependencies]. Details - ImportResultOutputID=7072cd21b5a67faf59e1b4d407af7725 DependenciesID=0f4994af0ce2506e7ba9aab840b8ac84 StaticDependenciesID=c261d8a9aead68d75a3a44309b1a5687 
Number of updated asset objects reloaded before import = 0Number of asset objects unloaded after import = 32

========================================================================
Received Import Request.
  Time since last request: 0.000030 seconds.
  path: Assets/HIVEMIND/CaveOfHiddenTomb/HDRP (Default)/Art/AllTextures1K/T_Wall_CobbleStone_A_BC.png
  importAddress: Guid(abc00000000001430877179751517336) Importer(2089858483,b0f066a214c2f5e87bad3c948f4d605d)
Start importing Assets/HIVEMIND/CaveOfHiddenTomb/HDRP (Default)/Art/AllTextures1K/T_Wall_CobbleStone_A_BC.png using Guid(abc00000000001430877179751517336) Importer(2089858483,b0f066a214c2f5e87bad3c948f4d605d) (ScriptedImporter) -> (Import Result ID: 'b0e9cb1e8c4656e9373a687e2563743b') in 0.0087442 seconds [static and dynamic dependencies]. Details - ImportResultOutputID=6e816f22ec2e5d449f35f4307169893f DependenciesID=5dd9cd42137cb39c3e5db9666605c498 StaticDependenciesID=cbd2b88cc632faa1a60c278753725c79 
Number of updated asset objects reloaded before import = 0Number of asset objects unloaded after import = 1

========================================================================
Received Import Request.
  Time since last request: 0.000041 seconds.
  path: Assets/SunboxGames/ModularDungeonCaves/Prefabs/Roots/RootSmall_04.prefab
  importAddress: Guid(cfa06a69de05ae0448ae3685b76aa189) Importer(2089858483,e11c23a36db5f54750b8cd40eac0985b)
Start importing Assets/SunboxGames/ModularDungeonCaves/Prefabs/Roots/RootSmall_04.prefab using Guid(cfa06a69de05ae0448ae3685b76aa189) Importer(2089858483,e11c23a36db5f54750b8cd40eac0985b) (ScriptedImporter) -> (Import Result ID: 'd228f021453f316acd0aa4817a001943') in 0.0103453 seconds [static and dynamic dependencies]. Details - ImportResultOutputID=29347bf64f7695c8eed19e25138caaf7 DependenciesID=fc146c757b59eb0d8ca52407080b6669 StaticDependenciesID=c2f32a683b4ec94d4acb283492896b3a 
Number of updated asset objects reloaded before import = 0Number of asset objects unloaded after import = 8

========================================================================
Received Import Request.
  Time since last request: 0.000019 seconds.
  path: Assets/HIVEMIND/CaveOfHiddenTomb/HDRP (Default)/Art/AllTextures1K/T_SM_Pillar_B_BC.png
  importAddress: Guid(abc00000000008698749875617141903) Importer(2089858483,b0f066a214c2f5e87bad3c948f4d605d)
Start importing Assets/HIVEMIND/CaveOfHiddenTomb/HDRP (Default)/Art/AllTextures1K/T_SM_Pillar_B_BC.png using Guid(abc00000000008698749875617141903) Importer(2089858483,b0f066a214c2f5e87bad3c948f4d605d) (ScriptedImporter) -> (Import Result ID: 'f9ffd1ccf2bef0935caf16adff544eab') in 0.0125921 seconds [static and dynamic dependencies]. Details - ImportResultOutputID=db3a883ae5f7d743674debaf3139e656 DependenciesID=c434e8360c41194ce89e18b38d257ba8 StaticDependenciesID=e60071fce049a9cea000a9d64b6fa549 
Number of updated asset objects reloaded before import = 0Number of asset objects unloaded after import = 1

========================================================================
Received Import Request.
  Time since last request: 0.000023 seconds.
  path: Assets/SunboxGames/ModularDungeonCaves/Textures/MediumCorridor_03/MediumCorridor_03_paint_MediumCorridor_03_SpecularSmoothness.png
  importAddress: Guid(df9688a620ee13a4ca040e19d113b74a) Importer(2089858483,b0f066a214c2f5e87bad3c948f4d605d)
Start importing Assets/SunboxGames/ModularDungeonCaves/Textures/MediumCorridor_03/MediumCorridor_03_paint_MediumCorridor_03_SpecularSmoothness.png using Guid(df9688a620ee13a4ca040e19d113b74a) Importer(2089858483,b0f066a214c2f5e87bad3c948f4d605d) (ScriptedImporter) -> (Import Result ID: '986a4a816226aef97240bf4b74127688') in 0.0378103 seconds [static and dynamic dependencies]. Details - ImportResultOutputID=945475c9ed8e1fd5e4a81c287fab7be3 DependenciesID=50f5920123592093c2c758cecb67a77b StaticDependenciesID=955cae3bf7245f56078a502a05adb89c 
Number of updated asset objects reloaded before import = 0Number of asset objects unloaded after import = 1

========================================================================
Received Import Request.
  Time since last request: 0.000030 seconds.
  path: Assets/TripoModels/xiugai1/shengxiang1/Materials/tripo_image_669d373f-fde6-463a-9758-8356cf1f334a_0_0.mat
  importAddress: Guid(467d8b64c08c8ff47a6d7a892ad306d8) Importer(2089858483,b0f066a214c2f5e87bad3c948f4d605d)
Start importing Assets/TripoModels/xiugai1/shengxiang1/Materials/tripo_image_669d373f-fde6-463a-9758-8356cf1f334a_0_0.mat using Guid(467d8b64c08c8ff47a6d7a892ad306d8) Importer(2089858483,b0f066a214c2f5e87bad3c948f4d605d) (ScriptedImporter) -> (Import Result ID: '7fe99c2167c3a6522817f7ca82163448') in 0.0166614 seconds [static and dynamic dependencies]. Details - ImportResultOutputID=ed8681b70030f5e94a5d890a11c4b0b5 DependenciesID=21d091196a15652a7391065348e49e45 StaticDependenciesID=626d55b817b7ca9e0ce37e4baf70db8d 
Number of updated asset objects reloaded before import = 0Number of asset objects unloaded after import = 9

========================================================================
Received Prepare
Begin MonoManager ReloadAssembly
[Licensing::Client] Successfully resolved entitlement details
ADTM: Control thread waiting for realtime thread timed out, have to lock...
Assembly Assembly-CSharp-Editor-firstpass.dll at Library/ScriptAssemblies/Assembly-CSharp-Editor-firstpass.dll not valid. Loading of assembly skipped.
Assembly Assembly-CSharp-firstpass.dll at Library/ScriptAssemblies/Assembly-CSharp-firstpass.dll not valid. Loading of assembly skipped.
Assembly DocCodeExamples.dll at Library/ScriptAssemblies/DocCodeExamples.dll not valid. Loading of assembly skipped.
Assembly TestNewCustomAssembly.dll at Library/ScriptAssemblies/TestNewCustomAssembly.dll not valid. Loading of assembly skipped.
Assembly Unity.Collections.BurstCompatibilityGen.dll at Library/ScriptAssemblies/Unity.Collections.BurstCompatibilityGen.dll not valid. Loading of assembly skipped.
Assembly Unity.Collections.DocCodeSamples.dll at Library/ScriptAssemblies/Unity.Collections.DocCodeSamples.dll not valid. Loading of assembly skipped.
Assembly Unity.Collections.PerformanceTests.dll at Library/ScriptAssemblies/Unity.Collections.PerformanceTests.dll not valid. Loading of assembly skipped.
Assembly Unity.Collections.Tests.dll at Library/ScriptAssemblies/Unity.Collections.Tests.dll not valid. Loading of assembly skipped.
Assembly Unity.Collections.Tests.Playmode.dll at Library/ScriptAssemblies/Unity.Collections.Tests.Playmode.dll not valid. Loading of assembly skipped.
Assembly Unity.InputSystem.IntegrationTests.dll at Library/ScriptAssemblies/Unity.InputSystem.IntegrationTests.dll not valid. Loading of assembly skipped.
Assembly Unity.Mathematics.Tests.dll at Library/ScriptAssemblies/Unity.Mathematics.Tests.dll not valid. Loading of assembly skipped.
Assembly Unity.Multiplayer.Center.Editor.Tests.dll at Library/ScriptAssemblies/Unity.Multiplayer.Center.Editor.Tests.dll not valid. Loading of assembly skipped.
Assembly Unity.Multiplayer.Center.Tests.dll at Library/ScriptAssemblies/Unity.Multiplayer.Center.Tests.dll not valid. Loading of assembly skipped.
Assembly Unity.Nuget.Mono-Cecil.dll at Library/ScriptAssemblies/Unity.Nuget.Mono-Cecil.dll not valid. Loading of assembly skipped.
Assembly Unity.PathTracing.Editor.Tests.dll at Library/ScriptAssemblies/Unity.PathTracing.Editor.Tests.dll not valid. Loading of assembly skipped.
Assembly Unity.PathTracing.Runtime.Tests.dll at Library/ScriptAssemblies/Unity.PathTracing.Runtime.Tests.dll not valid. Loading of assembly skipped.
Assembly Unity.RenderPipelines.Core.Editor.Tests.dll at Library/ScriptAssemblies/Unity.RenderPipelines.Core.Editor.Tests.dll not valid. Loading of assembly skipped.
Assembly Unity.RenderPipelines.Core.Runtime.Tests.dll at Library/ScriptAssemblies/Unity.RenderPipelines.Core.Runtime.Tests.dll not valid. Loading of assembly skipped.
Assembly Unity.RenderPipelines.Universal.Config.Editor.Tests.dll at Library/ScriptAssemblies/Unity.RenderPipelines.Universal.Config.Editor.Tests.dll not valid. Loading of assembly skipped.
Assembly Unity.RenderPipelines.Universal.Editor.Tests.dll at Library/ScriptAssemblies/Unity.RenderPipelines.Universal.Editor.Tests.dll not valid. Loading of assembly skipped.
Assembly Unity.RenderPipelines.Universal.Runtime.Tests.dll at Library/ScriptAssemblies/Unity.RenderPipelines.Universal.Runtime.Tests.dll not valid. Loading of assembly skipped.
Assembly Unity.Searcher.EditorTests.dll at Library/ScriptAssemblies/Unity.Searcher.EditorTests.dll not valid. Loading of assembly skipped.
Assembly Unity.ShaderGraph.Editor.Tests.dll at Library/ScriptAssemblies/Unity.ShaderGraph.Editor.Tests.dll not valid. Loading of assembly skipped.
Assembly Unity.TextMeshPro.Editor.Tests.dll at Library/ScriptAssemblies/Unity.TextMeshPro.Editor.Tests.dll not valid. Loading of assembly skipped.
Assembly Unity.TextMeshPro.Tests.dll at Library/ScriptAssemblies/Unity.TextMeshPro.Tests.dll not valid. Loading of assembly skipped.
Assembly Unity.UnifiedRayTracing.Editor.Tests.dll at Library/ScriptAssemblies/Unity.UnifiedRayTracing.Editor.Tests.dll not valid. Loading of assembly skipped.
Assembly Unity.XR.CoreUtils.CodeSamples.Tests.dll at Library/ScriptAssemblies/Unity.XR.CoreUtils.CodeSamples.Tests.dll not valid. Loading of assembly skipped.
Assembly Unity.XR.CoreUtils.Editor.Tests.dll at Library/ScriptAssemblies/Unity.XR.CoreUtils.Editor.Tests.dll not valid. Loading of assembly skipped.
Assembly Unity.XR.CoreUtils.Tests.dll at Library/ScriptAssemblies/Unity.XR.CoreUtils.Tests.dll not valid. Loading of assembly skipped.
Assembly Unity.XR.Interaction.Toolkit.Editor.Tests.dll at Library/ScriptAssemblies/Unity.XR.Interaction.Toolkit.Editor.Tests.dll not valid. Loading of assembly skipped.
Assembly Unity.XR.Interaction.Toolkit.Tests.dll at Library/ScriptAssemblies/Unity.XR.Interaction.Toolkit.Tests.dll not valid. Loading of assembly skipped.
Assembly Unity.XR.Management.EditorTests.dll at Library/ScriptAssemblies/Unity.XR.Management.EditorTests.dll not valid. Loading of assembly skipped.
Assembly Unity.XR.Management.TestPackage.dll at Library/ScriptAssemblies/Unity.XR.Management.TestPackage.dll not valid. Loading of assembly skipped.
Assembly Unity.XR.Management.TestPackage.Editor.dll at Library/ScriptAssemblies/Unity.XR.Management.TestPackage.Editor.dll not valid. Loading of assembly skipped.
Assembly Unity.XR.Management.Tests.dll at Library/ScriptAssemblies/Unity.XR.Management.Tests.dll not valid. Loading of assembly skipped.
Assembly Unity.XR.Management.Tests.Standalone.dll at Library/ScriptAssemblies/Unity.XR.Management.Tests.Standalone.dll not valid. Loading of assembly skipped.
Assembly Unity.XR.OpenXR.Editor.Tests.dll at Library/ScriptAssemblies/Unity.XR.OpenXR.Editor.Tests.dll not valid. Loading of assembly skipped.
Assembly Unity.XR.OpenXR.Tests.dll at Library/ScriptAssemblies/Unity.XR.OpenXR.Tests.dll not valid. Loading of assembly skipped.
Assembly Unity.XR.OpenXR.Ubuntu.Tests.dll at Library/ScriptAssemblies/Unity.XR.OpenXR.Ubuntu.Tests.dll not valid. Loading of assembly skipped.
Assembly Unity.XR.TestSupport.dll at Library/ScriptAssemblies/Unity.XR.TestSupport.dll not valid. Loading of assembly skipped.
Assembly UnityEditor.UI.Common.Tests.dll at Library/ScriptAssemblies/UnityEditor.UI.Common.Tests.dll not valid. Loading of assembly skipped.
Assembly UnityEditor.UI.EditorTests.dll at Library/ScriptAssemblies/UnityEditor.UI.EditorTests.dll not valid. Loading of assembly skipped.
Assembly UnityEditor.XR.LegacyInputHelpers.Tests.dll at Library/ScriptAssemblies/UnityEditor.XR.LegacyInputHelpers.Tests.dll not valid. Loading of assembly skipped.
Assembly UnityEngine.SpatialTracking.Tests.dll at Library/ScriptAssemblies/UnityEngine.SpatialTracking.Tests.dll not valid. Loading of assembly skipped.
Assembly UnityEngine.UI.Tests.dll at Library/ScriptAssemblies/UnityEngine.UI.Tests.dll not valid. Loading of assembly skipped.
Assembly UnityEngine.XR.OpenXR.CodeSamples.Editor.Tests.dll at Library/ScriptAssemblies/UnityEngine.XR.OpenXR.CodeSamples.Editor.Tests.dll not valid. Loading of assembly skipped.
Refreshing native plugins compatible for Editor in 5.44 ms, found 10 plugins.
Native extension for WindowsStandalone target not found
[Package Manager] Failed to launch server process. Reason: Unity was launched with the -noUpm command-line argument
[Package Manager] Unable to send message (not connected to server process).
[Package Manager] Cannot connect to Unity Package Manager local server
[Package Manager] Failed to launch server process. Reason: Unity was launched with the -noUpm command-line argument
[Package Manager] Unable to send message (not connected to server process).
[Package Manager] Cannot connect to Unity Package Manager local server
ScheduleIndexationOnStartup MainProcess:False IndexOnStartup:True
Mono: successfully reloaded assembly
[Package Manager] Failed to launch server process. Reason: Unity was launched with the -noUpm command-line argument
[Package Manager] Unable to send message (not connected to server process).
[Package Manager] Cannot connect to Unity Package Manager local server
- Finished resetting the current domain, in  0.867 seconds
Domain Reload Profiling: 2529ms
	BeginReloadAssembly (1212ms)
		DisableScriptedObjects (4ms)
		CreateAndSetChildDomain (1063ms)
	RebuildCommonClasses (31ms)
	RebuildNativeTypeToScriptingClass (10ms)
	initialDomainReloadingComplete (56ms)
	LoadAllAssembliesAndSetupDomain (353ms)
		LoadAssemblies (301ms)
		AnalyzeDomain (141ms)
			TypeCache.Refresh (10ms)
			BuildScriptInfoCaches (121ms)
			ResolveRequiredComponents (9ms)
	FinalizeReload (867ms)
		SetupLoadedEditorAssemblies (0ms)
			BeforeProcessingInitializeOnLoad (133ms)
			ProcessInitializeOnLoadAttributes (439ms)
			ProcessInitializeOnLoadMethodAttributes (126ms)
			AfterProcessingInitializeOnLoad (3ms)
		AwakeInstancesAfterBackupRestoration (16ms)
Refreshing native plugins compatible for Editor in 10.21 ms, found 10 plugins.
Unloading 24 Unused Serialized files (Serialized files now loaded: 0)
Unloading 7712 unused Assets / (6.6 MB). Loaded Objects now: 8590.
Memory consumption went from 237.2 MB to 230.6 MB.
Total: 10.105700 ms (FindLiveObjects: 0.879300 ms CreateObjectMapping: 0.781000 ms MarkObjects: 4.894100 ms  DeleteObjects: 3.549500 ms)

Prepare: number of updated asset objects reloaded= 0
========================================================================
Received Prepare
Refreshing native plugins compatible for Editor in 8.52 ms, found 10 plugins.
Unloading 24 Unused Serialized files (Serialized files now loaded: 0)
Unloading 7654 unused Assets / (5.8 MB). Loaded Objects now: 8578.
Memory consumption went from 213.4 MB to 207.7 MB.
Total: 14.124800 ms (FindLiveObjects: 1.451000 ms CreateObjectMapping: 0.921500 ms MarkObjects: 7.662900 ms  DeleteObjects: 4.086500 ms)

Prepare: number of updated asset objects reloaded= 0
========================================================================
Received Import Request.
  Time since last request: 3415.347532 seconds.
  path: Assets/Readme.asset
  importAddress: Guid(8105016687592461f977c054a80ce2f2) Importer(815301076,1909f56bfc062723c751e8b465ee728b)
Start importing Assets/Readme.asset using Guid(8105016687592461f977c054a80ce2f2) Importer(815301076,1909f56bfc062723c751e8b465ee728b) (PreviewImporter) -> (Import Result ID: '8f35344b8ffee1c9c97b8244754a980a') in 0.0277748 seconds [static and dynamic dependencies]. Details - ImportResultOutputID=f239c3b2c5f5524d591ac6c531473032 DependenciesID=d82bb6c7e3604c6aead65e649addaa72 StaticDependenciesID=0c7a104953a90fbb8020448b0a5f929f 
Number of updated asset objects reloaded before import = 0Number of asset objects unloaded after import = 2

========================================================================
Received Import Request.
  Time since last request: 0.000026 seconds.
  path: Assets/sky.mat
  importAddress: Guid(05ebc012ea2481748b94645d11da76f2) Importer(815301076,1909f56bfc062723c751e8b465ee728b)
Start importing Assets/sky.mat using Guid(05ebc012ea2481748b94645d11da76f2) Importer(815301076,1909f56bfc062723c751e8b465ee728b) (PreviewImporter) -> (Import Result ID: '178ac0d813ee0b2acbd3d0b4c1561f7b') in 0.4498177 seconds [static and dynamic dependencies]. Details - ImportResultOutputID=9c5c846fa6e31a32fdbc5a67dfbcf13c DependenciesID=398a6f4beaa4cea951d6091ac758ee89 StaticDependenciesID=8a7bd0abce5a155da083b2276c80beb9 
Number of updated asset objects reloaded before import = 0Number of asset objects unloaded after import = 1

========================================================================
Received Import Request.
  Time since last request: 43.152420 seconds.
  path: Assets/materials/TextureHaven/wood_4k/wood_4k_textures/brown_planks_04/brown_planks_04_nor_4k.png
  importAddress: Guid(fb2ee85ef64178e4e8e1c6d1cb8f8bee) Importer(2089858483,b0f066a214c2f5e87bad3c948f4d605d)
Start importing Assets/materials/TextureHaven/wood_4k/wood_4k_textures/brown_planks_04/brown_planks_04_nor_4k.png using Guid(fb2ee85ef64178e4e8e1c6d1cb8f8bee) Importer(2089858483,b0f066a214c2f5e87bad3c948f4d605d) (ScriptedImporter) -> (Import Result ID: '696dfd46d6429894da4e3d8393f93664') in 0.103172 seconds [static and dynamic dependencies]. Details - ImportResultOutputID=c881ef5f47ff8e7fdc54acfd1ac0ae47 DependenciesID=1e85c8689bb263a5317449fef247bff5 StaticDependenciesID=14ed2f8132cefe604fdf9eed1cafd309 
Number of updated asset objects reloaded before import = 0Number of asset objects unloaded after import = 1

========================================================================
Received Import Request.
  Time since last request: 0.000038 seconds.
  path: Assets/animation/6/Kneel.fbx
  importAddress: Guid(63a96cc64abd89c43ae18da701345b24) Importer(2089858483,b0f066a214c2f5e87bad3c948f4d605d)
Start importing Assets/animation/6/Kneel.fbx using Guid(63a96cc64abd89c43ae18da701345b24) Importer(2089858483,b0f066a214c2f5e87bad3c948f4d605d) (ScriptedImporter) -> (Import Result ID: 'e0ee034112561eee7a8850577e8dcb2b') in 0.0553765 seconds [static and dynamic dependencies]. Details - ImportResultOutputID=52bb160dc71367dd354d7654388f8058 DependenciesID=20afad42b4d2819d124db9a421aaf785 StaticDependenciesID=bf380ef2481b0f308d3000608aca35d7 
Number of updated asset objects reloaded before import = 0Number of asset objects unloaded after import = 77

========================================================================
Received Import Request.
  Time since last request: 0.000047 seconds.
  path: Assets/mesh/烧裂甲骨/Meshy_AI_Cracked_Marble_Bust_0801173147_texture_fbx/Materials/Meshy_AI_Cracked_Marble_Bust_0801173147_texture.mat
  importAddress: Guid(8335e733f24504c4db59ddf941d5f6af) Importer(2089858483,b0f066a214c2f5e87bad3c948f4d605d)
Start importing Assets/mesh/烧裂甲骨/Meshy_AI_Cracked_Marble_Bust_0801173147_texture_fbx/Materials/Meshy_AI_Cracked_Marble_Bust_0801173147_texture.mat using Guid(8335e733f24504c4db59ddf941d5f6af) Importer(2089858483,b0f066a214c2f5e87bad3c948f4d605d) (ScriptedImporter) -> (Import Result ID: 'eaa4f3f0346b6369b54b661555e1d1f0') in 0.0318389 seconds [static and dynamic dependencies]. Details - ImportResultOutputID=f7d05751f2c7f9eb549cef8733b56a1f DependenciesID=b884eb68af3b45a5d2ed57b016f6e9a2 StaticDependenciesID=02c606f3bf2629312a48946cb94d4b00 
Number of updated asset objects reloaded before import = 0Number of asset objects unloaded after import = 4

========================================================================
Received Import Request.
  Time since last request: 0.000054 seconds.
  path: Assets/animation/npc2/texture/tripo_image_970cf124-e5a0-4844-a358-6df28101cadc_0_0.jpg
  importAddress: Guid(f919894bd95ecfd429f7e033664ba689) Importer(2089858483,b0f066a214c2f5e87bad3c948f4d605d)
Start importing Assets/animation/npc2/texture/tripo_image_970cf124-e5a0-4844-a358-6df28101cadc_0_0.jpg using Guid(f919894bd95ecfd429f7e033664ba689) Importer(2089858483,b0f066a214c2f5e87bad3c948f4d605d) (ScriptedImporter) -> (Import Result ID: '8af34451cf79aa3256f532f5df0ed34b') in 0.0077789 seconds [static and dynamic dependencies]. Details - ImportResultOutputID=ee75f6a12b9dbc14a750db31fbcaa1e9 DependenciesID=195639cb96035a10d7e2cd1300b53e1b StaticDependenciesID=31211ab27aa676f665ed15181a4ee988 
Number of updated asset objects reloaded before import = 0Number of asset objects unloaded after import = 1

========================================================================
Received Import Request.
  Time since last request: 0.000024 seconds.
  path: Assets/audio 1/wu1gai/第11行 念咒/11行背景音 火燃烧.wav
  importAddress: Guid(633bcd53fd97aab438f967fecbcfd18e) Importer(2089858483,b0f066a214c2f5e87bad3c948f4d605d)
Start importing Assets/audio 1/wu1gai/第11行 念咒/11行背景音 火燃烧.wav using Guid(633bcd53fd97aab438f967fecbcfd18e) Importer(2089858483,b0f066a214c2f5e87bad3c948f4d605d) (ScriptedImporter) -> (Import Result ID: '23a5d7f2a33ba56dc5285545364ec652') in 0.0068408 seconds [static and dynamic dependencies]. Details - ImportResultOutputID=b21dd4fbcf6ffe3c30e98e0e9e9795e6 DependenciesID=565cad8f4a49503265884f2439219a6a StaticDependenciesID=45d0f2d58c91ffebf25589f0b9df23c6 
Number of updated asset objects reloaded before import = 0Number of asset objects unloaded after import = 1

========================================================================
Received Import Request.
  Time since last request: 0.000032 seconds.
  path: Assets/mesh/未烧裂甲骨/Meshy_AI_Turtle_shell_fragment_0801173027_texture_fbx/Meshy_AI_Turtle_shell_fragment_0801173027_texture_emission.png
  importAddress: Guid(fb0be5e19e4d895489eee2a3d8cbdee2) Importer(2089858483,b0f066a214c2f5e87bad3c948f4d605d)
Start importing Assets/mesh/未烧裂甲骨/Meshy_AI_Turtle_shell_fragment_0801173027_texture_fbx/Meshy_AI_Turtle_shell_fragment_0801173027_texture_emission.png using Guid(fb0be5e19e4d895489eee2a3d8cbdee2) Importer(2089858483,b0f066a214c2f5e87bad3c948f4d605d) (ScriptedImporter) -> (Import Result ID: '4eddf17ad32806b6bd07197a41fe5b30') in 0.0093981 seconds [static and dynamic dependencies]. Details - ImportResultOutputID=10b5b1e3ecf906c5a620f10033a55150 DependenciesID=709c43a0a7c55a250c012e3fa9027e5e StaticDependenciesID=70e8a10b1768460f1c2fd47e988acac3 
Number of updated asset objects reloaded before import = 0Number of asset objects unloaded after import = 1

========================================================================
Received Import Request.
  Time since last request: 0.000031 seconds.
  path: Assets/Textures/Meshy_AI_Ritual_bronze_ding_0703085930_texture_roughness.png
  importAddress: Guid(6c3ce35ccef65b342b03166dbb746f74) Importer(2089858483,b0f066a214c2f5e87bad3c948f4d605d)
Start importing Assets/Textures/Meshy_AI_Ritual_bronze_ding_0703085930_texture_roughness.png using Guid(6c3ce35ccef65b342b03166dbb746f74) Importer(2089858483,b0f066a214c2f5e87bad3c948f4d605d) (ScriptedImporter) -> (Import Result ID: 'e9cead059a9250169a64403c1cd4d3b0') in 0.0088957 seconds [static and dynamic dependencies]. Details - ImportResultOutputID=62816cef7c2ce0f3771c2f0ffca47b7e DependenciesID=32be504874dcde0979cae730358948a3 StaticDependenciesID=7b98d2e77564690d16953fe6a7c79614 
Number of updated asset objects reloaded before import = 0Number of asset objects unloaded after import = 1

========================================================================
Received Import Request.
  Time since last request: 0.000031 seconds.
  path: Assets/HIVEMIND/CaveOfHiddenTomb/HDRP (Default)/Art/Prefabs/SM_FireWood.prefab
  importAddress: Guid(abc00000000009532008561416526890) Importer(2089858483,e11c23a36db5f54750b8cd40eac0985b)
Start importing Assets/HIVEMIND/CaveOfHiddenTomb/HDRP (Default)/Art/Prefabs/SM_FireWood.prefab using Guid(abc00000000009532008561416526890) Importer(2089858483,e11c23a36db5f54750b8cd40eac0985b) (ScriptedImporter) -> (Import Result ID: 'c3546f6c761bf58bce8de821e4e99b8f') in 0.0532452 seconds [static and dynamic dependencies]. Details - ImportResultOutputID=34c496fa7a6d22487f884b270d09c7ba DependenciesID=62f2d609e9a454056899ce52982c060b StaticDependenciesID=3de9c52db8b6fd31c738acf8b7ebd8be 
Number of updated asset objects reloaded before import = 0Number of asset objects unloaded after import = 34

========================================================================
Received Import Request.
  Time since last request: 0.000055 seconds.
  path: Assets/audio 1/wu1gai/第11行 念咒/9裂纹后群众讨论音.wav
  importAddress: Guid(1805d7779cb5cd6489bc537ab49a2462) Importer(2089858483,b0f066a214c2f5e87bad3c948f4d605d)
Start importing Assets/audio 1/wu1gai/第11行 念咒/9裂纹后群众讨论音.wav using Guid(1805d7779cb5cd6489bc537ab49a2462) Importer(2089858483,b0f066a214c2f5e87bad3c948f4d605d) (ScriptedImporter) -> (Import Result ID: '83343ed83b2317d0df826a47f29d9b5b') in 0.0048667 seconds [static and dynamic dependencies]. Details - ImportResultOutputID=724b87d2794af805e45a2c487ccc016e DependenciesID=636682d8fa9981fe854831c12c6f864f StaticDependenciesID=b4710be33323cbe2ccaf9ad04dbef46a 
Number of updated asset objects reloaded before import = 0Number of asset objects unloaded after import = 1

========================================================================
Received Import Request.
  Time since last request: 0.000034 seconds.
  path: Assets/audio 1/wu1gai/第10行 议论/10行环境音 群众嘈杂.wav
  importAddress: Guid(a9df51817ff16544b8f7e2c981914798) Importer(2089858483,b0f066a214c2f5e87bad3c948f4d605d)
Start importing Assets/audio 1/wu1gai/第10行 议论/10行环境音 群众嘈杂.wav using Guid(a9df51817ff16544b8f7e2c981914798) Importer(2089858483,b0f066a214c2f5e87bad3c948f4d605d) (ScriptedImporter) -> (Import Result ID: '91e1a6e772bac52a06184650292da5de') in 0.0064129 seconds [static and dynamic dependencies]. Details - ImportResultOutputID=92fdb345c916fbc585aa4ef0d3de3d40 DependenciesID=26380e2be3d6edba0457e363762a4099 StaticDependenciesID=19a26fc6aa4ae646e17af00c660a60fa 
Number of updated asset objects reloaded before import = 0Number of asset objects unloaded after import = 1

========================================================================
Received Import Request.
  Time since last request: 0.000029 seconds.
  path: Assets/audio 1/wu1gai/第11行 念咒/11fuhao.mp3
  importAddress: Guid(ffa6611c948894a46b04262fc76f947f) Importer(2089858483,b0f066a214c2f5e87bad3c948f4d605d)
Start importing Assets/audio 1/wu1gai/第11行 念咒/11fuhao.mp3 using Guid(ffa6611c948894a46b04262fc76f947f) Importer(2089858483,b0f066a214c2f5e87bad3c948f4d605d) (ScriptedImporter) -> (Import Result ID: 'd12b3bc2ead12b4871908d167be95574') in 0.0051443 seconds [static and dynamic dependencies]. Details - ImportResultOutputID=47be9768f10842569fc409f474d48f17 DependenciesID=8ab81ba1b48706aa852e9ff282213c9e StaticDependenciesID=ad1c6a3424a342080a70d5e39062e330 
Number of updated asset objects reloaded before import = 0Number of asset objects unloaded after import = 1

========================================================================
Received Import Request.
  Time since last request: 0.000039 seconds.
  path: Assets/Resources/宗庙结构.fbx
  importAddress: Guid(a8955d243590da842a27646fbe7f9623) Importer(2089858483,b0f066a214c2f5e87bad3c948f4d605d)
Start importing Assets/Resources/宗庙结构.fbx using Guid(a8955d243590da842a27646fbe7f9623) Importer(2089858483,b0f066a214c2f5e87bad3c948f4d605d) (ScriptedImporter) -> (Import Result ID: '8c8684679ebc4c2f8557eead35812292') in 0.0959178 seconds [static and dynamic dependencies]. Details - ImportResultOutputID=143889822673f44b37d0d07e2f4fb848 DependenciesID=5ad9a7a7b0683875704dc1c89c8337bb StaticDependenciesID=714f8863cb74b3a6d73ddfc638865941 
Number of updated asset objects reloaded before import = 0Number of asset objects unloaded after import = 599

========================================================================
Received Import Request.
  Time since last request: 0.000037 seconds.
  path: Assets/animation/fuhao/fuhao/fuhao.mat
  importAddress: Guid(f6f062a70806e1c47bd47ef16e26b406) Importer(2089858483,b0f066a214c2f5e87bad3c948f4d605d)
Start importing Assets/animation/fuhao/fuhao/fuhao.mat using Guid(f6f062a70806e1c47bd47ef16e26b406) Importer(2089858483,b0f066a214c2f5e87bad3c948f4d605d) (ScriptedImporter) -> (Import Result ID: '6fda305e2c08a00ee9e6f7b3727f2167') in 0.0212644 seconds [static and dynamic dependencies]. Details - ImportResultOutputID=fcfe47e1d471fb40006d71520e1b800f DependenciesID=88398e0191fb76d2d62207854d9cbf20 StaticDependenciesID=03b573eb3070cdd834c827cd72599180 
Number of updated asset objects reloaded before import = 0Number of asset objects unloaded after import = 5

========================================================================
Received Import Request.
  Time since last request: 0.000076 seconds.
  path: Assets/mesh/未烧裂甲骨/Meshy_AI_Turtle_shell_fragment_0801173027_texture_fbx/Meshy_AI_Turtle_shell_fragment_0801173027_texture_roughness.png
  importAddress: Guid(f0988de10ba2f834a96dc1a12f25149f) Importer(2089858483,b0f066a214c2f5e87bad3c948f4d605d)
Start importing Assets/mesh/未烧裂甲骨/Meshy_AI_Turtle_shell_fragment_0801173027_texture_fbx/Meshy_AI_Turtle_shell_fragment_0801173027_texture_roughness.png using Guid(f0988de10ba2f834a96dc1a12f25149f) Importer(2089858483,b0f066a214c2f5e87bad3c948f4d605d) (ScriptedImporter) -> (Import Result ID: '98c7012c264f3c2eb9e65ce38248d715') in 0.0133783 seconds [static and dynamic dependencies]. Details - ImportResultOutputID=1fdf2fe6f9c1c54f046f359c10a7bfec DependenciesID=bbbad23f1bac55324a768e5526d9c835 StaticDependenciesID=566d7ed03342f872ecb875db0a27e9df 
Number of updated asset objects reloaded before import = 0Number of asset objects unloaded after import = 1

========================================================================
Received Import Request.
  Time since last request: 0.000040 seconds.
  path: Assets/animation/npc2/texture
  importAddress: Guid(c5cc4eb36975c6b49b796adb21b72fec) Importer(2089858483,b0f066a214c2f5e87bad3c948f4d605d)
Start importing Assets/animation/npc2/texture using Guid(c5cc4eb36975c6b49b796adb21b72fec) Importer(2089858483,b0f066a214c2f5e87bad3c948f4d605d) (ScriptedImporter) -> (Import Result ID: '14eb0c9351f6c4de5a79e28b0e8261ee') in 0.0050684 seconds [static and dynamic dependencies]. Details - ImportResultOutputID=0127dd0877ffd377ed0279d2579054ec DependenciesID=f17400fddb23aaf86f9708a0d62ae8e5 StaticDependenciesID=3ada83063398407ee695c0e749ce124d 
Number of updated asset objects reloaded before import = 0Number of asset objects unloaded after import = 1

========================================================================
Received Import Request.
  Time since last request: 0.000033 seconds.
  path: Assets/animation/npc2/npc.controller
  importAddress: Guid(b2d983137e2c897439aeb6bc649a853c) Importer(2089858483,b0f066a214c2f5e87bad3c948f4d605d)
Start importing Assets/animation/npc2/npc.controller using Guid(b2d983137e2c897439aeb6bc649a853c) Importer(2089858483,b0f066a214c2f5e87bad3c948f4d605d) (ScriptedImporter) -> (Import Result ID: '635147a30e4ef79f486cabdd1fe03fd3') in 0.0073888 seconds [static and dynamic dependencies]. Details - ImportResultOutputID=4148a127362708cdafb0e258ab1f2b20 DependenciesID=af7132928f6537ff638af512d9ce6776 StaticDependenciesID=10314a01a6c1c405f22e7b6e4b3236f4 
Number of updated asset objects reloaded before import = 0Number of asset objects unloaded after import = 4

========================================================================
Received Import Request.
  Time since last request: 0.000039 seconds.
  path: Assets/BefourStudios/AsianDynastyEnvironment/Art/Materials/M_Treebark.mat
  importAddress: Guid(80bd5b760bead5f44bf135ecc05f558c) Importer(2089858483,b0f066a214c2f5e87bad3c948f4d605d)
Start importing Assets/BefourStudios/AsianDynastyEnvironment/Art/Materials/M_Treebark.mat using Guid(80bd5b760bead5f44bf135ecc05f558c) Importer(2089858483,b0f066a214c2f5e87bad3c948f4d605d) (ScriptedImporter) -> (Import Result ID: '631885bdcce80e1ac36e24d775c3051f') in 0.2450523 seconds [static and dynamic dependencies]. Details - ImportResultOutputID=7d401118812c160d6a8f31d4ed794f25 DependenciesID=fc621798277cc6d9c10e601097cb057b StaticDependenciesID=ca3c755a82eb17485b7940f2c00b5f5e 
Number of updated asset objects reloaded before import = 0Number of asset objects unloaded after import = 8

========================================================================
Received Import Request.
  Time since last request: 0.000061 seconds.
  path: Assets/audio/12fuhao.mp3
  importAddress: Guid(9eb60b8f5ee854f45a450facda4240c5) Importer(2089858483,b0f066a214c2f5e87bad3c948f4d605d)
Start importing Assets/audio/12fuhao.mp3 using Guid(9eb60b8f5ee854f45a450facda4240c5) Importer(2089858483,b0f066a214c2f5e87bad3c948f4d605d) (ScriptedImporter) -> (Import Result ID: '9ffe86fc88174265ae2452bff974cf6c') in 0.0049248 seconds [static and dynamic dependencies]. Details - ImportResultOutputID=8f0c478b4cb8cc139c54d599f2c02f3d DependenciesID=8fc6bf1273842debb7e5d860f4765b24 StaticDependenciesID=90389262add15435dd000ac6e719043f 
Number of updated asset objects reloaded before import = 0Number of asset objects unloaded after import = 1

========================================================================
Received Import Request.
  Time since last request: 0.000052 seconds.
  path: Assets/animation/zhenren/qingtong
  importAddress: Guid(a866f598f89e9f143ad637b51a17c40b) Importer(2089858483,b0f066a214c2f5e87bad3c948f4d605d)
Start importing Assets/animation/zhenren/qingtong using Guid(a866f598f89e9f143ad637b51a17c40b) Importer(2089858483,b0f066a214c2f5e87bad3c948f4d605d) (ScriptedImporter) -> (Import Result ID: 'dfe6a27fcd50f5cea36ebe5c84db67a3') in 0.0041898 seconds [static and dynamic dependencies]. Details - ImportResultOutputID=cb451cd6b35a51012db3a60e3445f598 DependenciesID=de1de4e840a384efb3e8c03d43cb1333 StaticDependenciesID=301e1ba9e7e8dd96e7befdc184d5eecb 
Number of updated asset objects reloaded before import = 0Number of asset objects unloaded after import = 1

========================================================================
Received Import Request.
  Time since last request: 0.000032 seconds.
  path: Assets/animation/npc2
  importAddress: Guid(145d295be703ab44eb83cfaab85f1616) Importer(2089858483,b0f066a214c2f5e87bad3c948f4d605d)
Start importing Assets/animation/npc2 using Guid(145d295be703ab44eb83cfaab85f1616) Importer(2089858483,b0f066a214c2f5e87bad3c948f4d605d) (ScriptedImporter) -> (Import Result ID: 'b20feb9fdb86f0015b72529ac432482a') in 0.0034911 seconds [static and dynamic dependencies]. Details - ImportResultOutputID=e0c5bf2d1ff935df05f03b5c6d5891a5 DependenciesID=93206cbe25098f5d0c983069890eb596 StaticDependenciesID=c6d9946112cf32d46978be1c41bda155 
Number of updated asset objects reloaded before import = 0Number of asset objects unloaded after import = 1

========================================================================
Received Import Request.
  Time since last request: 0.000042 seconds.
  path: Assets/audio/甲骨bgm.wav
  importAddress: Guid(33a69d6ffa203a74199565c71d530cd4) Importer(2089858483,b0f066a214c2f5e87bad3c948f4d605d)
Start importing Assets/audio/甲骨bgm.wav using Guid(33a69d6ffa203a74199565c71d530cd4) Importer(2089858483,b0f066a214c2f5e87bad3c948f4d605d) (ScriptedImporter) -> (Import Result ID: '5e16a7f95e1c082b23e8447bec2b75f2') in 0.005861 seconds [static and dynamic dependencies]. Details - ImportResultOutputID=013b148c36986dc33226ce5934d5a152 DependenciesID=aa871feceb354a896f762f7a0bbde897 StaticDependenciesID=05b447980a1d75c6b37f8716d76db99e 
Number of updated asset objects reloaded before import = 0Number of asset objects unloaded after import = 1

========================================================================
Received Import Request.
  Time since last request: 0.000030 seconds.
  path: Assets/Scenes/WU1.unity
  importAddress: Guid(fdf9fee13f767de41b60e395a72398d4) Importer(2089858483,e11c23a36db5f54750b8cd40eac0985b)
Start importing Assets/Scenes/WU1.unity using Guid(fdf9fee13f767de41b60e395a72398d4) Importer(2089858483,e11c23a36db5f54750b8cd40eac0985b) (ScriptedImporter)Opening scene 'Assets/Scenes/WU1.unity additively'
Loaded scene 'Assets/Scenes/WU1.unity'
	Deserialize:            58.402 ms
	Integration:            300.447 ms
	Integration of assets:  2.456 ms
	Thread Wait Time:       -0.574 ms
	Total Operation Time:   360.731 ms
 -> (Import Result ID: '547b46a17fe809a92bf168a065c1d03b') in 1.6723134 seconds [static and dynamic dependencies]. Details - ImportResultOutputID=56d346dcb67a9fb397ca730617be0828 DependenciesID=9c5431885a58250c8161de1024b464a9 StaticDependenciesID=e912b4260bdda283d3266e2a1537dd60 
Number of updated asset objects reloaded before import = 0Number of asset objects unloaded after import = 2002

========================================================================
Received Import Request.
  Time since last request: 0.000058 seconds.
  path: Assets/animation/zhenren/texture/tripo_node_30771eba-b403-454e-b980-3780a7c550ba_Normal_Bake.jpg
  importAddress: Guid(0d575bddfc8dbff44b31e75d30a65b8b) Importer(2089858483,b0f066a214c2f5e87bad3c948f4d605d)
Start importing Assets/animation/zhenren/texture/tripo_node_30771eba-b403-454e-b980-3780a7c550ba_Normal_Bake.jpg using Guid(0d575bddfc8dbff44b31e75d30a65b8b) Importer(2089858483,b0f066a214c2f5e87bad3c948f4d605d) (ScriptedImporter) -> (Import Result ID: '1a81cc736b212b383ca545e5cd612c37') in 0.009626 seconds [static and dynamic dependencies]. Details - ImportResultOutputID=a2ab04b54cc8829b1ebfe0de309ab0cc DependenciesID=536be6de6bb0410135f5332be4dcc6ed StaticDependenciesID=5da625e97d7a033d4fdbb7ef05d8a879 
Number of updated asset objects reloaded before import = 0Number of asset objects unloaded after import = 1

========================================================================
Received Import Request.
  Time since last request: 0.000057 seconds.
  path: Assets/animation/zhenren/kneel.fbx
  importAddress: Guid(89edba419231bc949ac81af9adec88f3) Importer(2089858483,b0f066a214c2f5e87bad3c948f4d605d)
Start importing Assets/animation/zhenren/kneel.fbx using Guid(89edba419231bc949ac81af9adec88f3) Importer(2089858483,b0f066a214c2f5e87bad3c948f4d605d) (ScriptedImporter) -> (Import Result ID: 'cbc17c4b36f868e4d0dc574ad3dd4561') in 0.0122889 seconds [static and dynamic dependencies]. Details - ImportResultOutputID=ab325da248bc1fa7bb395acf986e7d3e DependenciesID=b3b0e0bffce7e0e3545b6a94b0d35ccd StaticDependenciesID=dcaba6d76895463dea85278f9c4094f4 
Number of updated asset objects reloaded before import = 0Number of asset objects unloaded after import = 89

========================================================================
Received Import Request.
  Time since last request: 0.000032 seconds.
  path: Assets/audio/甲骨前对话1.wav
  importAddress: Guid(3f532a700e3d71f4796f7079313f87f9) Importer(2089858483,b0f066a214c2f5e87bad3c948f4d605d)
Start importing Assets/audio/甲骨前对话1.wav using Guid(3f532a700e3d71f4796f7079313f87f9) Importer(2089858483,b0f066a214c2f5e87bad3c948f4d605d) (ScriptedImporter) -> (Import Result ID: '93ac6fe6132205f52f720dd8e0501fdd') in 0.0038397 seconds [static and dynamic dependencies]. Details - ImportResultOutputID=2dc00c954aa1cb00ee8b678f656fd3a9 DependenciesID=76f1deaaedae14a3fb1a6bf3347d419a StaticDependenciesID=c0efc059132c78e7b8248506b305b075 
Number of updated asset objects reloaded before import = 0Number of asset objects unloaded after import = 1

========================================================================
Received Import Request.
  Time since last request: 0.000036 seconds.
  path: Assets/materials/TextureHaven/wood_4k/wood_4k_textures/plywood/plywood_nor_4k.png
  importAddress: Guid(3ebcf2da2302cbd4a9acce2f65a5ad26) Importer(2089858483,b0f066a214c2f5e87bad3c948f4d605d)
Start importing Assets/materials/TextureHaven/wood_4k/wood_4k_textures/plywood/plywood_nor_4k.png using Guid(3ebcf2da2302cbd4a9acce2f65a5ad26) Importer(2089858483,b0f066a214c2f5e87bad3c948f4d605d) (ScriptedImporter) -> (Import Result ID: '81bf9bf813e37badac551f5db135176e') in 0.0109431 seconds [static and dynamic dependencies]. Details - ImportResultOutputID=84a59cec0f239bdfde930645855ed9ed DependenciesID=9296dd82b489a09e51be9cf02d8c27d0 StaticDependenciesID=f14c5391e040a75b0f62c49fa8f9664e 
Number of updated asset objects reloaded before import = 0Number of asset objects unloaded after import = 1

========================================================================
Received Import Request.
  Time since last request: 0.000038 seconds.
  path: Assets/HIVEMIND/CaveOfHiddenTomb/HDRP (Default)/Art/AllTextures1K/T_Soil_AORD.png
  importAddress: Guid(abc00000000009884916692362515544) Importer(2089858483,b0f066a214c2f5e87bad3c948f4d605d)
Start importing Assets/HIVEMIND/CaveOfHiddenTomb/HDRP (Default)/Art/AllTextures1K/T_Soil_AORD.png using Guid(abc00000000009884916692362515544) Importer(2089858483,b0f066a214c2f5e87bad3c948f4d605d) (ScriptedImporter) -> (Import Result ID: 'df60920f5835baa77e6573b5c07e24e2') in 0.0072201 seconds [static and dynamic dependencies]. Details - ImportResultOutputID=bdd21effde70b69d3d468e6f5d004860 DependenciesID=146200658507268af87183ffa3c282c8 StaticDependenciesID=ed7acf0aef8cf8897c60ae1381301306 
Number of updated asset objects reloaded before import = 0Number of asset objects unloaded after import = 1

========================================================================
Received Import Request.
  Time since last request: 0.000029 seconds.
  path: Assets/materials/New Material 5.mat
  importAddress: Guid(14897e45742d77b4bbdd2d967609ab9f) Importer(2089858483,b0f066a214c2f5e87bad3c948f4d605d)
Start importing Assets/materials/New Material 5.mat using Guid(14897e45742d77b4bbdd2d967609ab9f) Importer(2089858483,b0f066a214c2f5e87bad3c948f4d605d) (ScriptedImporter) -> (Import Result ID: '5bb40d388183a2d7239d70e03bd74ec1') in 0.0046031 seconds [static and dynamic dependencies]. Details - ImportResultOutputID=bf0719eaabe9864a091543ebad634e9e DependenciesID=a566d8edd6e8a166e94d119008d26040 StaticDependenciesID=92c97856801f1de7e27d613e90394481 
Number of updated asset objects reloaded before import = 0Number of asset objects unloaded after import = 1

========================================================================
Received Import Request.
  Time since last request: 0.000033 seconds.
  path: Assets/materials/Meshy_AI_Ritual_bronze_ding_0703085930_texture.mat
  importAddress: Guid(a23482e57400b3441b5fd5bed59888b1) Importer(2089858483,b0f066a214c2f5e87bad3c948f4d605d)
Start importing Assets/materials/Meshy_AI_Ritual_bronze_ding_0703085930_texture.mat using Guid(a23482e57400b3441b5fd5bed59888b1) Importer(2089858483,b0f066a214c2f5e87bad3c948f4d605d) (ScriptedImporter) -> (Import Result ID: '412964e98ccc69249bac0f02e0ed5815') in 0.008215 seconds [static and dynamic dependencies]. Details - ImportResultOutputID=1896dfd68f23ddfe2ccd6369504cf165 DependenciesID=82bede79be079189dfe0ae5d13041d7e StaticDependenciesID=33608f12377abd7c05dd5d336e959bac 
Number of updated asset objects reloaded before import = 0Number of asset objects unloaded after import = 2

========================================================================
Received Import Request.
  Time since last request: 0.000046 seconds.
  path: Assets/audio/甲骨前对话3.wav
  importAddress: Guid(c1a5cbf51ac53d448a212f4fbffbb4a8) Importer(2089858483,b0f066a214c2f5e87bad3c948f4d605d)
Start importing Assets/audio/甲骨前对话3.wav using Guid(c1a5cbf51ac53d448a212f4fbffbb4a8) Importer(2089858483,b0f066a214c2f5e87bad3c948f4d605d) (ScriptedImporter) -> (Import Result ID: 'cb902959ba3241d78b36a00c90bcd8a8') in 0.0045777 seconds [static and dynamic dependencies]. Details - ImportResultOutputID=aaa2637b9945a550760780fdd665786a DependenciesID=07ed3d37efbe18043f86602b0cf967e6 StaticDependenciesID=4afed0058c2c686aa288d80c9fd8b633 
Number of updated asset objects reloaded before import = 0Number of asset objects unloaded after import = 1

========================================================================
Received Import Request.
  Time since last request: 0.000032 seconds.
  path: Assets/mesh/烧裂甲骨/Meshy_AI_Cracked_Marble_Bust_0801173147_texture_fbx/Meshy_AI_Cracked_Marble_Bust_0801173147_texture_roughness.png
  importAddress: Guid(7ddfefe18a6f7f144a9ca25038d7ff48) Importer(2089858483,b0f066a214c2f5e87bad3c948f4d605d)
Start importing Assets/mesh/烧裂甲骨/Meshy_AI_Cracked_Marble_Bust_0801173147_texture_fbx/Meshy_AI_Cracked_Marble_Bust_0801173147_texture_roughness.png using Guid(7ddfefe18a6f7f144a9ca25038d7ff48) Importer(2089858483,b0f066a214c2f5e87bad3c948f4d605d) (ScriptedImporter) -> (Import Result ID: '2d07f526e6e91b91f6e47be422985a1e') in 0.0070154 seconds [static and dynamic dependencies]. Details - ImportResultOutputID=6665814232d1f2f5781d3ebfcefecd73 DependenciesID=a5471f53e9f05d48fd58ee543a4e8750 StaticDependenciesID=155e4688e931c4ec6d8be6683bd31b4f 
Number of updated asset objects reloaded before import = 0Number of asset objects unloaded after import = 1

========================================================================
Received Import Request.
  Time since last request: 0.000029 seconds.
  path: Assets/Textures/rock_moss_set_02_nor_gl_4k.exr
  importAddress: Guid(6ffe4bc31f31dac4a9c9440fc226d3ed) Importer(2089858483,b0f066a214c2f5e87bad3c948f4d605d)
Start importing Assets/Textures/rock_moss_set_02_nor_gl_4k.exr using Guid(6ffe4bc31f31dac4a9c9440fc226d3ed) Importer(2089858483,b0f066a214c2f5e87bad3c948f4d605d) (ScriptedImporter) -> (Import Result ID: '85a32322c034d3312963229e46dfda75') in 0.0150717 seconds [static and dynamic dependencies]. Details - ImportResultOutputID=3d54a4872baacfd75c915a3bf04d6882 DependenciesID=7d5cadac9da4f0311b68fad4ac7b2e3d StaticDependenciesID=a18ef67719541aba85c7a14538c17398 
Number of updated asset objects reloaded before import = 0Number of asset objects unloaded after import = 1

========================================================================
Received Import Request.
  Time since last request: 0.000027 seconds.
  path: Assets/animation/zhenren/idle.fbx
  importAddress: Guid(bede5e3900c8a67468725caef8b8fcaa) Importer(2089858483,b0f066a214c2f5e87bad3c948f4d605d)
Start importing Assets/animation/zhenren/idle.fbx using Guid(bede5e3900c8a67468725caef8b8fcaa) Importer(2089858483,b0f066a214c2f5e87bad3c948f4d605d) (ScriptedImporter) -> (Import Result ID: '7cbeef50d10a9ac5a5228b81518f9b57') in 0.0177673 seconds [static and dynamic dependencies]. Details - ImportResultOutputID=a0b68bbe79f0ff81d3892a4d8fd9eaa2 DependenciesID=22c2a134de8c7a768bcbbbb5d07f4ea3 StaticDependenciesID=d372b54b7eee6170e839ec6ef956e17b 
Number of updated asset objects reloaded before import = 0Number of asset objects unloaded after import = 91

========================================================================
Received Import Request.
  Time since last request: 0.000028 seconds.
  path: Assets/animation/fuhao/fuhao/tripo_node_f8997bb0-bbe6-4b37-8958-c7dda7ec982d_Normal_Bake.jpg
  importAddress: Guid(41979de36f8b6774cb3bf6108fe829e1) Importer(2089858483,b0f066a214c2f5e87bad3c948f4d605d)
Start importing Assets/animation/fuhao/fuhao/tripo_node_f8997bb0-bbe6-4b37-8958-c7dda7ec982d_Normal_Bake.jpg using Guid(41979de36f8b6774cb3bf6108fe829e1) Importer(2089858483,b0f066a214c2f5e87bad3c948f4d605d) (ScriptedImporter) -> (Import Result ID: 'f52353cf0de7a91975329fe1c8af9b5d') in 0.0093243 seconds [static and dynamic dependencies]. Details - ImportResultOutputID=7ade0f1656ad44b351343cccf96f750e DependenciesID=19cd9d679a8c0920dd9216e14d82a01e StaticDependenciesID=8ac07dbdccc6954151641d8109373b16 
Number of updated asset objects reloaded before import = 0Number of asset objects unloaded after import = 1

========================================================================
Received Import Request.
  Time since last request: 0.000034 seconds.
  path: Assets/animation/npc3
  importAddress: Guid(74d092e1a4bfee447abe4ebb9aaea236) Importer(2089858483,b0f066a214c2f5e87bad3c948f4d605d)
Start importing Assets/animation/npc3 using Guid(74d092e1a4bfee447abe4ebb9aaea236) Importer(2089858483,b0f066a214c2f5e87bad3c948f4d605d) (ScriptedImporter) -> (Import Result ID: '4229d0e724c8c8cc7702d71e7f42db5d') in 0.0035504 seconds [static and dynamic dependencies]. Details - ImportResultOutputID=958fb5d9eaaf51809bac339d7b28ab9d DependenciesID=3c193c5745ce651a238efeac076ac2f4 StaticDependenciesID=b0c91ba28551a67142c6be5a681c01e0 
Number of updated asset objects reloaded before import = 0Number of asset objects unloaded after import = 1

========================================================================
Received Import Request.
  Time since last request: 0.000050 seconds.
  path: Assets/audio/wu1对话1.wav
  importAddress: Guid(aedf2fd650967d84e993b24d4f445b57) Importer(2089858483,b0f066a214c2f5e87bad3c948f4d605d)
Start importing Assets/audio/wu1对话1.wav using Guid(aedf2fd650967d84e993b24d4f445b57) Importer(2089858483,b0f066a214c2f5e87bad3c948f4d605d) (ScriptedImporter) -> (Import Result ID: '6158aeab4cd105f5a85899f418741695') in 0.0041219 seconds [static and dynamic dependencies]. Details - ImportResultOutputID=f8f93f2d50a68b577ccc1f92113d1163 DependenciesID=23cd35b4ea1356e565effa1c67fea544 StaticDependenciesID=43b771b27f6064b138fd8cc976c17e13 
Number of updated asset objects reloaded before import = 0Number of asset objects unloaded after import = 1

========================================================================
Received Import Request.
  Time since last request: 0.000030 seconds.
  path: Assets/animation/fuhao
  importAddress: Guid(99a6ebdf2f436c94a91ab84e169e5684) Importer(2089858483,b0f066a214c2f5e87bad3c948f4d605d)
Start importing Assets/animation/fuhao using Guid(99a6ebdf2f436c94a91ab84e169e5684) Importer(2089858483,b0f066a214c2f5e87bad3c948f4d605d) (ScriptedImporter) -> (Import Result ID: '3925b3f087a100283f0a13da5404ef12') in 0.0030329 seconds [static and dynamic dependencies]. Details - ImportResultOutputID=238ac475bf203b86ba8120b3c7389cfb DependenciesID=b561bc9c2eb72a526ce649545b395ad6 StaticDependenciesID=f300122e181450fc84edcd9bc60bac16 
Number of updated asset objects reloaded before import = 0Number of asset objects unloaded after import = 1

========================================================================
Received Import Request.
  Time since last request: 0.000034 seconds.
  path: Assets/HIVEMIND/CaveOfHiddenTomb/HDRP (Default)/Art/ShaderGraphs/S_BasicTextured.shadergraph
  importAddress: Guid(7c9848fc5d451a348a3fd69faf13c16c) Importer(2089858483,b0f066a214c2f5e87bad3c948f4d605d)
Start importing Assets/HIVEMIND/CaveOfHiddenTomb/HDRP (Default)/Art/ShaderGraphs/S_BasicTextured.shadergraph using Guid(7c9848fc5d451a348a3fd69faf13c16c) Importer(2089858483,b0f066a214c2f5e87bad3c948f4d605d) (ScriptedImporter) -> (Import Result ID: '933d3a96e92c757eaca9e59e1cf1f5f5') in 0.1505454 seconds [static and dynamic dependencies]. Details - ImportResultOutputID=60ea5c907b7db31765c23ac169a7eea0 DependenciesID=8ab58d9421312007e5062514aeb92379 StaticDependenciesID=80f7068f324361868e76a1bba7fbd5b7 
Number of updated asset objects reloaded before import = 0Number of asset objects unloaded after import = 10

========================================================================
Received Import Request.
  Time since last request: 0.000045 seconds.
  path: Assets/audio 1/wu1gai/第11行 念咒/3_11窃窃私语.wav
  importAddress: Guid(fc7a4a9a0c348ad40ae8ecb769c8de15) Importer(2089858483,b0f066a214c2f5e87bad3c948f4d605d)
Start importing Assets/audio 1/wu1gai/第11行 念咒/3_11窃窃私语.wav using Guid(fc7a4a9a0c348ad40ae8ecb769c8de15) Importer(2089858483,b0f066a214c2f5e87bad3c948f4d605d) (ScriptedImporter) -> (Import Result ID: '03a7faa13fa02b2305fcef36a4f1ef58') in 0.0044936 seconds [static and dynamic dependencies]. Details - ImportResultOutputID=7bd7fc4f2a6278410cc0999e4379fcb6 DependenciesID=bf2ea24a10082a20d88d9169942f44f2 StaticDependenciesID=a9106a5fc4a2bf7637662f0cf25294ce 
Number of updated asset objects reloaded before import = 0Number of asset objects unloaded after import = 1

========================================================================
Received Import Request.
  Time since last request: 0.000046 seconds.
  path: Assets/HIVEMIND/CaveOfHiddenTomb/HDRP (Default)/Art/AllTextures1K/T_MI_FireWood_ORM.png
  importAddress: Guid(abc00000000014439835425349279458) Importer(2089858483,b0f066a214c2f5e87bad3c948f4d605d)
Start importing Assets/HIVEMIND/CaveOfHiddenTomb/HDRP (Default)/Art/AllTextures1K/T_MI_FireWood_ORM.png using Guid(abc00000000014439835425349279458) Importer(2089858483,b0f066a214c2f5e87bad3c948f4d605d) (ScriptedImporter) -> (Import Result ID: 'ba360b8e36e83aa4eaff7149998ebe64') in 0.0110173 seconds [static and dynamic dependencies]. Details - ImportResultOutputID=e956a318b3ef2fbdb1f364515836e5ae DependenciesID=5c16116d279a69c0923e79e806c09d34 StaticDependenciesID=3081c0f64e2b90fd3002851881267c91 
Number of updated asset objects reloaded before import = 0Number of asset objects unloaded after import = 1

========================================================================
Received Import Request.
  Time since last request: 0.000031 seconds.
  path: Assets/HIVEMIND/CaveOfHiddenTomb/HDRP (Default)/Art/AllTextures1K/T_NoiseMask_RGB.png
  importAddress: Guid(abc00000000006333444808994489234) Importer(2089858483,b0f066a214c2f5e87bad3c948f4d605d)
Start importing Assets/HIVEMIND/CaveOfHiddenTomb/HDRP (Default)/Art/AllTextures1K/T_NoiseMask_RGB.png using Guid(abc00000000006333444808994489234) Importer(2089858483,b0f066a214c2f5e87bad3c948f4d605d) (ScriptedImporter) -> (Import Result ID: 'df2b4fe2e2ab769f468b1a07e8c63d77') in 0.0087224 seconds [static and dynamic dependencies]. Details - ImportResultOutputID=5c369bb16fffe81515bf62802cbd7e3c DependenciesID=0ed5154ae574ef4a38bf5f11c30659bf StaticDependenciesID=039e88296884a0bddefd7c3d78ad4ab9 
Number of updated asset objects reloaded before import = 0Number of asset objects unloaded after import = 1

========================================================================
Received Import Request.
  Time since last request: 0.000030 seconds.
  path: Assets/audio 1/wu1gai/第10行 议论/巫议论10（3）.wav
  importAddress: Guid(5ebfa2f89206ece48818c6b1ac6d1e9b) Importer(2089858483,b0f066a214c2f5e87bad3c948f4d605d)
Start importing Assets/audio 1/wu1gai/第10行 议论/巫议论10（3）.wav using Guid(5ebfa2f89206ece48818c6b1ac6d1e9b) Importer(2089858483,b0f066a214c2f5e87bad3c948f4d605d) (ScriptedImporter) -> (Import Result ID: '035fa7ae9f16992bb2b31396c4b23b26') in 0.0042631 seconds [static and dynamic dependencies]. Details - ImportResultOutputID=8f9c7421f25f0683b1597198cb8fe5b1 DependenciesID=8d448d7ff11c98527addc090930e588f StaticDependenciesID=1eec8aae980ca9f497d2cc7acc424d67 
Number of updated asset objects reloaded before import = 0Number of asset objects unloaded after import = 1

========================================================================
Received Import Request.
  Time since last request: 0.000031 seconds.
  path: Assets/HIVEMIND/CaveOfHiddenTomb/HDRP (Default)/Art/Assets/FirePit/FireWood/Materials/MI_FireWood_01.mat
  importAddress: Guid(50ceb74aef88ee944b5e694a0ff83c9d) Importer(2089858483,b0f066a214c2f5e87bad3c948f4d605d)
Start importing Assets/HIVEMIND/CaveOfHiddenTomb/HDRP (Default)/Art/Assets/FirePit/FireWood/Materials/MI_FireWood_01.mat using Guid(50ceb74aef88ee944b5e694a0ff83c9d) Importer(2089858483,b0f066a214c2f5e87bad3c948f4d605d) (ScriptedImporter) -> (Import Result ID: 'df95842cd814d4af7245435a493c0ab7') in 0.0079189 seconds [static and dynamic dependencies]. Details - ImportResultOutputID=95abb22afd111f67e17d930ad6a4a2a1 DependenciesID=80b7305af6096a6c8594fffa8861d811 StaticDependenciesID=de309b09473403bdf932ea9222cf6e5b 
Number of updated asset objects reloaded before import = 0Number of asset objects unloaded after import = 1

========================================================================
Received Import Request.
  Time since last request: 0.000029 seconds.
  path: Assets/BefourStudios/AsianDynastyEnvironment/Art/Textures/T_TreeBranch_Normal.png
  importAddress: Guid(abc00000000008830019286032916214) Importer(2089858483,b0f066a214c2f5e87bad3c948f4d605d)
Start importing Assets/BefourStudios/AsianDynastyEnvironment/Art/Textures/T_TreeBranch_Normal.png using Guid(abc00000000008830019286032916214) Importer(2089858483,b0f066a214c2f5e87bad3c948f4d605d) (ScriptedImporter) -> (Import Result ID: '97c674fbfa7e73eedc2832384eb763d4') in 0.0354803 seconds [static and dynamic dependencies]. Details - ImportResultOutputID=7e45f74a0b70e2410ec025fcf1e43205 DependenciesID=8809f080b43a6e15411595354dae895c StaticDependenciesID=a6b9a876695a5be7ffc6fcc6212468d4 
Number of updated asset objects reloaded before import = 0Number of asset objects unloaded after import = 1

========================================================================
Received Import Request.
  Time since last request: 0.000034 seconds.
  path: Assets/BefourStudios/AsianDynastyEnvironment/Art/Materials/M_TreeBillboard.mat
  importAddress: Guid(d20d4bc1a92c65b46b43b4ef10113046) Importer(2089858483,b0f066a214c2f5e87bad3c948f4d605d)
Start importing Assets/BefourStudios/AsianDynastyEnvironment/Art/Materials/M_TreeBillboard.mat using Guid(d20d4bc1a92c65b46b43b4ef10113046) Importer(2089858483,b0f066a214c2f5e87bad3c948f4d605d) (ScriptedImporter) -> (Import Result ID: '202fbda9694ca40b63874bfcf2dc1532') in 0.2021822 seconds [static and dynamic dependencies]. Details - ImportResultOutputID=af59ec76d5c65a81f5c39e7e62c3ee4b DependenciesID=52cdde4e7e804bef5c7de6df7f78a311 StaticDependenciesID=28d6f15ee82db2811d8b707f59a3516d 
Number of updated asset objects reloaded before import = 0Number of asset objects unloaded after import = 7

========================================================================
Received Import Request.
  Time since last request: 0.000053 seconds.
  path: Assets/BefourStudios/AsianDynastyEnvironment/Art/Prefabs/SM_Bazaar_Props11.prefab
  importAddress: Guid(abc00000000014975231452980376153) Importer(2089858483,e11c23a36db5f54750b8cd40eac0985b)
Start importing Assets/BefourStudios/AsianDynastyEnvironment/Art/Prefabs/SM_Bazaar_Props11.prefab using Guid(abc00000000014975231452980376153) Importer(2089858483,e11c23a36db5f54750b8cd40eac0985b) (ScriptedImporter) -> (Import Result ID: '2efe4df879d0a34eefea8f4bfaac9e37') in 0.0221156 seconds [static and dynamic dependencies]. Details - ImportResultOutputID=099a6e062cfb4e6ce0c68c6a9aef22f7 DependenciesID=2c839fc10112d9c70aabb0b7b9e4f583 StaticDependenciesID=69151491f3abed173e7c4f7bae549f71 
Number of updated asset objects reloaded before import = 0Number of asset objects unloaded after import = 39

========================================================================
Received Import Request.
  Time since last request: 0.000033 seconds.
  path: Assets/animation/npc3/npc4
  importAddress: Guid(26a5668aa8921f942bd0042c34f2634e) Importer(2089858483,b0f066a214c2f5e87bad3c948f4d605d)
Start importing Assets/animation/npc3/npc4 using Guid(26a5668aa8921f942bd0042c34f2634e) Importer(2089858483,b0f066a214c2f5e87bad3c948f4d605d) (ScriptedImporter) -> (Import Result ID: '467b8cf36eaf07097f4e7802a8a8c558') in 0.0037992 seconds [static and dynamic dependencies]. Details - ImportResultOutputID=79a88cf8f487c9e2096abcf446ac9590 DependenciesID=9a890c605165ad7eee75b826ff5524c3 StaticDependenciesID=747a4de5e227aa281dc8da715cd527b6 
Number of updated asset objects reloaded before import = 0Number of asset objects unloaded after import = 1

========================================================================
Received Import Request.
  Time since last request: 0.000031 seconds.
  path: Assets/animation/npc3/npc4.controller
  importAddress: Guid(2f801180cc7c6f0419195abe3d7b94bb) Importer(2089858483,b0f066a214c2f5e87bad3c948f4d605d)
Start importing Assets/animation/npc3/npc4.controller using Guid(2f801180cc7c6f0419195abe3d7b94bb) Importer(2089858483,b0f066a214c2f5e87bad3c948f4d605d) (ScriptedImporter) -> (Import Result ID: 'f248e0450d788736afc37023aa66367c') in 0.0052316 seconds [static and dynamic dependencies]. Details - ImportResultOutputID=7d84221d60dad3a6e1d11f7ca1cf870b DependenciesID=d8c5e0244b98f4974ddb63bf1533049a StaticDependenciesID=f5b6981de4e3bb6fa515e8b6cc2bec43 
Number of updated asset objects reloaded before import = 0Number of asset objects unloaded after import = 4

========================================================================
Received Import Request.
  Time since last request: 0.000056 seconds.
  path: Assets/fog/Demo Assets/Unity Companion License/Particle Pack/Prefabs/DustStorm.prefab
  importAddress: Guid(9e03786a9517b604d8e930182607a128) Importer(2089858483,e11c23a36db5f54750b8cd40eac0985b)
Start importing Assets/fog/Demo Assets/Unity Companion License/Particle Pack/Prefabs/DustStorm.prefab using Guid(9e03786a9517b604d8e930182607a128) Importer(2089858483,e11c23a36db5f54750b8cd40eac0985b) (ScriptedImporter) -> (Import Result ID: '367e8dad16a5bdf2b7b8b1d08fd46bdb') in 0.0190293 seconds [static and dynamic dependencies]. Details - ImportResultOutputID=a56e31eea94277c9ce68710f435434dd DependenciesID=892dc6e1a898cbfad446d96dfab92a82 StaticDependenciesID=086a63dd7f20234fc701eaf2c4addaa2 
Number of updated asset objects reloaded before import = 0Number of asset objects unloaded after import = 6

========================================================================
Received Import Request.
  Time since last request: 0.000040 seconds.
  path: Assets/animation/6/Looking Around.fbx
  importAddress: Guid(fe9071f501160b14c810256c28aa5506) Importer(2089858483,b0f066a214c2f5e87bad3c948f4d605d)
Start importing Assets/animation/6/Looking Around.fbx using Guid(fe9071f501160b14c810256c28aa5506) Importer(2089858483,b0f066a214c2f5e87bad3c948f4d605d) (ScriptedImporter) -> (Import Result ID: '4d11d869f73b6a84e21e5c2df3fc5e63') in 0.0141934 seconds [static and dynamic dependencies]. Details - ImportResultOutputID=3a77ced33e6597e50efb5edbbea0974a DependenciesID=f3527b87f771fae7d666afd1bd49f724 StaticDependenciesID=626e8f5968d2e50617e7ba7fec2bceb7 
Number of updated asset objects reloaded before import = 0Number of asset objects unloaded after import = 77

========================================================================
Received Import Request.
  Time since last request: 0.000046 seconds.
  path: Assets/materials/TextureHaven/wood_4k/wood_4k_materials/plywood.mat
  importAddress: Guid(6c2e8932192383d4b98056699c215775) Importer(2089858483,b0f066a214c2f5e87bad3c948f4d605d)
Start importing Assets/materials/TextureHaven/wood_4k/wood_4k_materials/plywood.mat using Guid(6c2e8932192383d4b98056699c215775) Importer(2089858483,b0f066a214c2f5e87bad3c948f4d605d) (ScriptedImporter) -> (Import Result ID: 'd1aa6abb6eb2030dd402830dd6f47793') in 0.0172905 seconds [static and dynamic dependencies]. Details - ImportResultOutputID=3e3ed046ecd0514f079212fdd92af59f DependenciesID=f77b3712d661b6ffc6db7f2083f26d45 StaticDependenciesID=b5695e24f2683bc11f59ec0a657549e3 
Number of updated asset objects reloaded before import = 0Number of asset objects unloaded after import = 4

========================================================================
Received Import Request.
  Time since last request: 0.000047 seconds.
  path: Assets/animation/6/texture
  importAddress: Guid(8c311dde1dcd4d34a8aec93a93cbf5d9) Importer(2089858483,b0f066a214c2f5e87bad3c948f4d605d)
Start importing Assets/animation/6/texture using Guid(8c311dde1dcd4d34a8aec93a93cbf5d9) Importer(2089858483,b0f066a214c2f5e87bad3c948f4d605d) (ScriptedImporter) -> (Import Result ID: 'a48e9e4e0b6eb83ee9f7d1de8b4e3e99') in 0.0033049 seconds [static and dynamic dependencies]. Details - ImportResultOutputID=51a8b409b97c5785ca922be611fb72c6 DependenciesID=2c48d6e452ceeadfedfd8558252f4d8f StaticDependenciesID=a88d6a430e4a7888126f70fd66ad21a3 
Number of updated asset objects reloaded before import = 0Number of asset objects unloaded after import = 1

========================================================================
Received Import Request.
  Time since last request: 0.000036 seconds.
  path: Assets/animation/6/texture/tripo_image_201dc130-0e83-4044-a6cd-4d37d49de14d_0_0.jpg
  importAddress: Guid(813edac39b60e134fb6feb86a43f07f4) Importer(2089858483,b0f066a214c2f5e87bad3c948f4d605d)
Start importing Assets/animation/6/texture/tripo_image_201dc130-0e83-4044-a6cd-4d37d49de14d_0_0.jpg using Guid(813edac39b60e134fb6feb86a43f07f4) Importer(2089858483,b0f066a214c2f5e87bad3c948f4d605d) (ScriptedImporter) -> (Import Result ID: 'cff8d675166e1be8735f9f70e206894f') in 0.0090391 seconds [static and dynamic dependencies]. Details - ImportResultOutputID=afd10166c826811fc307da995a4f9d4a DependenciesID=56db18a3b2ab8b6b2e7ca1928d05b420 StaticDependenciesID=58c03ec58b6662f7b186a1d34a143455 
Number of updated asset objects reloaded before import = 0Number of asset objects unloaded after import = 1

========================================================================
Received Import Request.
  Time since last request: 0.000035 seconds.
  path: Assets/fog/Demo Assets/Unity Companion License/Particle Pack/Materials/Flame.mat
  importAddress: Guid(b25dd701bdc692249907c8b4e4b784b2) Importer(2089858483,b0f066a214c2f5e87bad3c948f4d605d)
Start importing Assets/fog/Demo Assets/Unity Companion License/Particle Pack/Materials/Flame.mat using Guid(b25dd701bdc692249907c8b4e4b784b2) Importer(2089858483,b0f066a214c2f5e87bad3c948f4d605d) (ScriptedImporter) -> (Import Result ID: '459e392294b392ed6462e32cbeb93a62') in 0.1890244 seconds [static and dynamic dependencies]. Details - ImportResultOutputID=6f706247c3cc84362e69ea218aa11b60 DependenciesID=1905c730e2588ce4d023278418c08494 StaticDependenciesID=489d7e65fbb2f3eebe65b34f9943a879 
Number of updated asset objects reloaded before import = 0Number of asset objects unloaded after import = 9

========================================================================
Received Import Request.
  Time since last request: 0.000040 seconds.
  path: Assets/BefourStudios/AsianDynastyEnvironment/Art/Prefabs/SM_Tree_02.prefab
  importAddress: Guid(abc00000000007745438520670240082) Importer(2089858483,e11c23a36db5f54750b8cd40eac0985b)
Start importing Assets/BefourStudios/AsianDynastyEnvironment/Art/Prefabs/SM_Tree_02.prefab using Guid(abc00000000007745438520670240082) Importer(2089858483,e11c23a36db5f54750b8cd40eac0985b) (ScriptedImporter) -> (Import Result ID: '414695803e3ca8ce45489b93c01fd44b') in 0.0183955 seconds [static and dynamic dependencies]. Details - ImportResultOutputID=4cde12f8439b6e0a9c58725ae9787197 DependenciesID=6d6e9e04954b39cdf737dfdaf4cabac2 StaticDependenciesID=46cd880c1dfc091acb2eb55f812ad754 
Number of updated asset objects reloaded before import = 0Number of asset objects unloaded after import = 33

========================================================================
Received Import Request.
  Time since last request: 0.000053 seconds.
  path: Assets/audio 1/wu1gai/第10行 议论/巫议论10（4）.wav
  importAddress: Guid(ecedaa401a9f17343ab05ea2630c9325) Importer(2089858483,b0f066a214c2f5e87bad3c948f4d605d)
Start importing Assets/audio 1/wu1gai/第10行 议论/巫议论10（4）.wav using Guid(ecedaa401a9f17343ab05ea2630c9325) Importer(2089858483,b0f066a214c2f5e87bad3c948f4d605d) (ScriptedImporter) -> (Import Result ID: 'd289381f4882c84c88073f8e97389bd8') in 0.0042887 seconds [static and dynamic dependencies]. Details - ImportResultOutputID=08697e717b62bbc73301e62db0a2891f DependenciesID=1cf5b1db302cd4482d1faab31259e4e8 StaticDependenciesID=b83369e49ca0e9a4d63107f70d839ebb 
Number of updated asset objects reloaded before import = 0Number of asset objects unloaded after import = 1

========================================================================
Received Import Request.
  Time since last request: 0.000041 seconds.
  path: Assets/animation/npc2/texture/npc2.mat
  importAddress: Guid(ef7f0db930e765845bdcff558c202c0e) Importer(2089858483,b0f066a214c2f5e87bad3c948f4d605d)
Start importing Assets/animation/npc2/texture/npc2.mat using Guid(ef7f0db930e765845bdcff558c202c0e) Importer(2089858483,b0f066a214c2f5e87bad3c948f4d605d) (ScriptedImporter) -> (Import Result ID: '5663804d6b64e44747cfa80cb4be36bb') in 0.0173981 seconds [static and dynamic dependencies]. Details - ImportResultOutputID=482730cfba1692b701c6d8b2dc06d00d DependenciesID=f36d346c07c70e7d3bb8eed477683bc1 StaticDependenciesID=73fc25cf52ef99746b06523a96b62159 
Number of updated asset objects reloaded before import = 0Number of asset objects unloaded after import = 5

========================================================================
Received Import Request.
  Time since last request: 0.000042 seconds.
  path: Assets/BefourStudios/AsianDynastyEnvironment/Art/Textures/T_TreesBillboard_BaseColor.png
  importAddress: Guid(abc00000000006671877366767101217) Importer(2089858483,b0f066a214c2f5e87bad3c948f4d605d)
Start importing Assets/BefourStudios/AsianDynastyEnvironment/Art/Textures/T_TreesBillboard_BaseColor.png using Guid(abc00000000006671877366767101217) Importer(2089858483,b0f066a214c2f5e87bad3c948f4d605d) (ScriptedImporter) -> (Import Result ID: 'd4871d4b3263624265cf6c577bff90b4') in 0.0107098 seconds [static and dynamic dependencies]. Details - ImportResultOutputID=b5837f3324e15967117b8d9d669cdcc6 DependenciesID=2b8f3d32933a6f2bf3fa4b678e5cf85a StaticDependenciesID=b1c70966f01cb69fd1e0acf623f788ca 
Number of updated asset objects reloaded before import = 0Number of asset objects unloaded after import = 1

========================================================================
Received Import Request.
  Time since last request: 0.000033 seconds.
  path: Assets/audio/甲骨前对话2.wav
  importAddress: Guid(bd44aef2c40d29c4cad71cd15562bd24) Importer(2089858483,b0f066a214c2f5e87bad3c948f4d605d)
Start importing Assets/audio/甲骨前对话2.wav using Guid(bd44aef2c40d29c4cad71cd15562bd24) Importer(2089858483,b0f066a214c2f5e87bad3c948f4d605d) (ScriptedImporter) -> (Import Result ID: '4f410787083f3218289bd99c685cf50f') in 0.0058121 seconds [static and dynamic dependencies]. Details - ImportResultOutputID=586f85882b05cffe9e96ded30cac760f DependenciesID=df07276a2cb5683dc96d73eaa682b3f2 StaticDependenciesID=09f38c8a80f4afbd8752ca3964ef6707 
Number of updated asset objects reloaded before import = 0Number of asset objects unloaded after import = 1

========================================================================
Received Import Request.
  Time since last request: 0.000039 seconds.
  path: Assets/animation/6/npc.mat
  importAddress: Guid(e55bd8b6e9d2534438222bc04d41b25b) Importer(2089858483,b0f066a214c2f5e87bad3c948f4d605d)
Start importing Assets/animation/6/npc.mat using Guid(e55bd8b6e9d2534438222bc04d41b25b) Importer(2089858483,b0f066a214c2f5e87bad3c948f4d605d) (ScriptedImporter) -> (Import Result ID: '6bf9389a84b7b2cb57512c40b9a2701f') in 0.0204804 seconds [static and dynamic dependencies]. Details - ImportResultOutputID=6953fbb245886c8ebc83c2b304cbd0ac DependenciesID=c761b1052cf64a710b36a28adb44acb2 StaticDependenciesID=e2b03de08be6e11200701d05d6164866 
Number of updated asset objects reloaded before import = 0Number of asset objects unloaded after import = 6

========================================================================
Received Import Request.
  Time since last request: 0.000060 seconds.
  path: Assets/audio/过渡旁白.mp3
  importAddress: Guid(9c1051af409e04245b4e9d760002ea07) Importer(2089858483,b0f066a214c2f5e87bad3c948f4d605d)
Start importing Assets/audio/过渡旁白.mp3 using Guid(9c1051af409e04245b4e9d760002ea07) Importer(2089858483,b0f066a214c2f5e87bad3c948f4d605d) (ScriptedImporter) -> (Import Result ID: '0e3725de8a7e3cb583719cadf31266a4') in 0.0055271 seconds [static and dynamic dependencies]. Details - ImportResultOutputID=ed5f5c5976fd5e89b521ef87ee57de03 DependenciesID=128a8c9ab9f4d87994f0e1b012f5d293 StaticDependenciesID=5fe29f152bed38cb548c3b865ecc0dcb 
Number of updated asset objects reloaded before import = 0Number of asset objects unloaded after import = 1

========================================================================
Received Import Request.
  Time since last request: 0.000029 seconds.
  path: Assets/animation/6/npc.controller
  importAddress: Guid(4a441238dbc31904fba9a5369089678e) Importer(2089858483,b0f066a214c2f5e87bad3c948f4d605d)
Start importing Assets/animation/6/npc.controller using Guid(4a441238dbc31904fba9a5369089678e) Importer(2089858483,b0f066a214c2f5e87bad3c948f4d605d) (ScriptedImporter) -> (Import Result ID: '0fb93cbf506337d41b59865123b1c30f') in 0.0046089 seconds [static and dynamic dependencies]. Details - ImportResultOutputID=d3d670dd3bae929f0180295aefb2ab85 DependenciesID=4680f9b63dcaea675bbd7d7d92897288 StaticDependenciesID=5ba663ebd9d612877653410655f9f41a 
Number of updated asset objects reloaded before import = 0Number of asset objects unloaded after import = 4

========================================================================
Received Import Request.
  Time since last request: 0.000030 seconds.
  path: Assets/BefourStudios/AsianDynastyEnvironment/Art/Meshes/Materials/MI_TreeBranch.mat
  importAddress: Guid(a9c01ff12d41adf449196ed4e4ac259b) Importer(2089858483,b0f066a214c2f5e87bad3c948f4d605d)
Start importing Assets/BefourStudios/AsianDynastyEnvironment/Art/Meshes/Materials/MI_TreeBranch.mat using Guid(a9c01ff12d41adf449196ed4e4ac259b) Importer(2089858483,b0f066a214c2f5e87bad3c948f4d605d) (ScriptedImporter) -> (Import Result ID: '97cc4e64cd7028208a660dc43d3815de') in 0.0050751 seconds [static and dynamic dependencies]. Details - ImportResultOutputID=d1d61ed134d21cc7cc0f005d6d62d0a1 DependenciesID=40b53c08a856e70b85bf02ba8de12c37 StaticDependenciesID=6ea297716f29ff82f89204079f49b8fe 
Number of updated asset objects reloaded before import = 0Number of asset objects unloaded after import = 1

========================================================================
Received Import Request.
  Time since last request: 0.000031 seconds.
  path: Assets/audio 1/wu1gai/第11行 念咒/4贞人11（6）.wav
  importAddress: Guid(a2cc545d2cd76a147960e3abe53edcb5) Importer(2089858483,b0f066a214c2f5e87bad3c948f4d605d)
Start importing Assets/audio 1/wu1gai/第11行 念咒/4贞人11（6）.wav using Guid(a2cc545d2cd76a147960e3abe53edcb5) Importer(2089858483,b0f066a214c2f5e87bad3c948f4d605d) (ScriptedImporter) -> (Import Result ID: '8c8e47634e058856d0c2431dd01fa792') in 0.0043925 seconds [static and dynamic dependencies]. Details - ImportResultOutputID=b7b13208d5670de9aab9b5006a1f2a9c DependenciesID=cad898e2aef637840ef938f15d5c3c91 StaticDependenciesID=5ddd8c119a1106068098ec51856d7159 
Number of updated asset objects reloaded before import = 0Number of asset objects unloaded after import = 1

========================================================================
Received Import Request.
  Time since last request: 0.000034 seconds.
  path: Assets/HIVEMIND/CaveOfHiddenTomb/HDRP (Default)/Art/Assets/FirePit/FireWood/Materials/No Name.mat
  importAddress: Guid(222bf78e558abe246a513bd8c1e429d3) Importer(2089858483,b0f066a214c2f5e87bad3c948f4d605d)
Start importing Assets/HIVEMIND/CaveOfHiddenTomb/HDRP (Default)/Art/Assets/FirePit/FireWood/Materials/No Name.mat using Guid(222bf78e558abe246a513bd8c1e429d3) Importer(2089858483,b0f066a214c2f5e87bad3c948f4d605d) (ScriptedImporter) -> (Import Result ID: '9fa6a35a990117c5fc467a5c63026704') in 0.0047919 seconds [static and dynamic dependencies]. Details - ImportResultOutputID=5650937a7a6da7dfd35e64ff5fac81ad DependenciesID=c0f58f1f83a4444e9447e1e90416884a StaticDependenciesID=df6a7c0071f2c6182b15be22ff697fa8 
Number of updated asset objects reloaded before import = 0Number of asset objects unloaded after import = 1

========================================================================
Received Import Request.
  Time since last request: 0.000039 seconds.
  path: Assets/animation/zhenren/texture/zhenren.mat
  importAddress: Guid(57c2d3855b2dc9b4e928b22745d24956) Importer(2089858483,b0f066a214c2f5e87bad3c948f4d605d)
Start importing Assets/animation/zhenren/texture/zhenren.mat using Guid(57c2d3855b2dc9b4e928b22745d24956) Importer(2089858483,b0f066a214c2f5e87bad3c948f4d605d) (ScriptedImporter) -> (Import Result ID: 'e8cb9122e21eac481d7ce5537a55eccb') in 0.0153405 seconds [static and dynamic dependencies]. Details - ImportResultOutputID=f77a7972579c67fc182c1575f36f0bab DependenciesID=228a7b3ad18dfb68ba3bdc53bdafd6d0 StaticDependenciesID=79715858c677465c216af8ceda4fd56a 
Number of updated asset objects reloaded before import = 0Number of asset objects unloaded after import = 5

========================================================================
Received Import Request.
  Time since last request: 0.000053 seconds.
  path: Assets/New Material.mat
  importAddress: Guid(e6098f49ef9ff354c950afe84ced722c) Importer(2089858483,b0f066a214c2f5e87bad3c948f4d605d)
Start importing Assets/New Material.mat using Guid(e6098f49ef9ff354c950afe84ced722c) Importer(2089858483,b0f066a214c2f5e87bad3c948f4d605d) (ScriptedImporter) -> (Import Result ID: '95b313ded48d6ca9d10b9749302833f9') in 0.0047346 seconds [static and dynamic dependencies]. Details - ImportResultOutputID=867b07d77c21853d35b8922f01d7d149 DependenciesID=2db3435039673f75c87078a8df82957e StaticDependenciesID=3e3d264c7852e740e6efb751562aeb1e 
Number of updated asset objects reloaded before import = 0Number of asset objects unloaded after import = 1

========================================================================
Received Import Request.
  Time since last request: 0.000028 seconds.
  path: Assets/animation/zhenren/qingtong/source/SM_Unhyun_WoodenTray_A.fbx
  importAddress: Guid(86573c9d2d209e54ca0ee17e96d7f9b6) Importer(2089858483,b0f066a214c2f5e87bad3c948f4d605d)
Start importing Assets/animation/zhenren/qingtong/source/SM_Unhyun_WoodenTray_A.fbx using Guid(86573c9d2d209e54ca0ee17e96d7f9b6) Importer(2089858483,b0f066a214c2f5e87bad3c948f4d605d) (ScriptedImporter) -> (Import Result ID: 'eafc9c5f9ac90ab5157b086a544e91c3') in 0.1614947 seconds [static and dynamic dependencies]. Details - ImportResultOutputID=0164d7a979bc199982b4eabec5336fa0 DependenciesID=e00defa9958296c86d69228333e9d65e StaticDependenciesID=8226cca783b47f319c8d0ef96fef0e94 
Number of updated asset objects reloaded before import = 0Number of asset objects unloaded after import = 14

========================================================================
Received Import Request.
  Time since last request: 0.000041 seconds.
  path: Assets/animation/6/Unarmed Idle Looking Ver. 2.fbx
  importAddress: Guid(7fc5362bc5df71d49b1394749297b643) Importer(2089858483,b0f066a214c2f5e87bad3c948f4d605d)
Start importing Assets/animation/6/Unarmed Idle Looking Ver. 2.fbx using Guid(7fc5362bc5df71d49b1394749297b643) Importer(2089858483,b0f066a214c2f5e87bad3c948f4d605d) (ScriptedImporter) -> (Import Result ID: '3c2c9c945f04941b764dbd9cd75f5b4d') in 0.0153901 seconds [static and dynamic dependencies]. Details - ImportResultOutputID=6875d944dcc8f4295695a5ed19d1ba6a DependenciesID=f00335fff47f1840f781e0d5ef6d852b StaticDependenciesID=5ff5f20b823a83568482574c00041881 
Number of updated asset objects reloaded before import = 0Number of asset objects unloaded after import = 77

========================================================================
Received Import Request.
  Time since last request: 0.000048 seconds.
  path: Assets/audio 1/wu1gai/第10行 议论
  importAddress: Guid(680dd2f798c58d64eb5413f17db90396) Importer(2089858483,b0f066a214c2f5e87bad3c948f4d605d)
Start importing Assets/audio 1/wu1gai/第10行 议论 using Guid(680dd2f798c58d64eb5413f17db90396) Importer(2089858483,b0f066a214c2f5e87bad3c948f4d605d) (ScriptedImporter) -> (Import Result ID: '947c83c1dffe91628d82a6f5298c2915') in 0.0035095 seconds [static and dynamic dependencies]. Details - ImportResultOutputID=5f3ddc6513ecd526fc4bc0e5f8194495 DependenciesID=4c04de526cb16d9b3ffea8b4f3ca2c8c StaticDependenciesID=cbf5c97310aa81e961354aded50ae6e7 
Number of updated asset objects reloaded before import = 0Number of asset objects unloaded after import = 1

========================================================================
Received Import Request.
  Time since last request: 0.000033 seconds.
  path: Assets/animation/npc2/texture/fantasy_robe_character_3d_model_metallic.JPEG
  importAddress: Guid(2fec5727136049046ae950eb478dd16e) Importer(2089858483,b0f066a214c2f5e87bad3c948f4d605d)
Start importing Assets/animation/npc2/texture/fantasy_robe_character_3d_model_metallic.JPEG using Guid(2fec5727136049046ae950eb478dd16e) Importer(2089858483,b0f066a214c2f5e87bad3c948f4d605d) (ScriptedImporter) -> (Import Result ID: '4b2a982290c0b9428dff0c31648f0f39') in 0.0094804 seconds [static and dynamic dependencies]. Details - ImportResultOutputID=ac25eb14a780def20d8c9459680df030 DependenciesID=016ef495a5a7bc82bdc53139e7d98ba2 StaticDependenciesID=63348736925e098a47ec7edcdcaac231 
Number of updated asset objects reloaded before import = 0Number of asset objects unloaded after import = 1

========================================================================
Received Import Request.
  Time since last request: 0.000029 seconds.
  path: Assets/animation/fuhao/Dwarf Walk (1).fbx
  importAddress: Guid(a129385c288682e41a72c416b3b4be4f) Importer(2089858483,b0f066a214c2f5e87bad3c948f4d605d)
Start importing Assets/animation/fuhao/Dwarf Walk (1).fbx using Guid(a129385c288682e41a72c416b3b4be4f) Importer(2089858483,b0f066a214c2f5e87bad3c948f4d605d) (ScriptedImporter) -> (Import Result ID: '8144b9b3fa70e2f0bee23a1591df223c') in 0.0168978 seconds [static and dynamic dependencies]. Details - ImportResultOutputID=5b4f0bdd7a3c6e933698e0e448bc13cb DependenciesID=b8973b4ed13e8315cf2fba6ec02b3bcb StaticDependenciesID=e8bcfe18af57545c3cc9f4893d01f172 
Number of updated asset objects reloaded before import = 0Number of asset objects unloaded after import = 77

========================================================================
Received Import Request.
  Time since last request: 0.000041 seconds.
  path: Assets/animation/npc3/npc4/npc4_metallic.JPEG
  importAddress: Guid(ef934dbd1a061864c893d12ce86112c6) Importer(2089858483,b0f066a214c2f5e87bad3c948f4d605d)
Start importing Assets/animation/npc3/npc4/npc4_metallic.JPEG using Guid(ef934dbd1a061864c893d12ce86112c6) Importer(2089858483,b0f066a214c2f5e87bad3c948f4d605d) (ScriptedImporter) -> (Import Result ID: 'f542b0a183df3c56857668c0e02b5bdc') in 0.0096198 seconds [static and dynamic dependencies]. Details - ImportResultOutputID=6d3bd8950f73b3721afdd303a634d649 DependenciesID=98979550d55b37061b85d872856ff9a5 StaticDependenciesID=cd59fb1fd04a592afff5a0b78d0303c6 
Number of updated asset objects reloaded before import = 0Number of asset objects unloaded after import = 1

========================================================================
Received Import Request.
  Time since last request: 0.000036 seconds.
  path: Assets/materials/butiao.mat
  importAddress: Guid(232b898a098051f41964a6f560516112) Importer(2089858483,b0f066a214c2f5e87bad3c948f4d605d)
Start importing Assets/materials/butiao.mat using Guid(232b898a098051f41964a6f560516112) Importer(2089858483,b0f066a214c2f5e87bad3c948f4d605d) (ScriptedImporter) -> (Import Result ID: '460c90a3dce41d0bf12410658f8db2e9') in 0.0065005 seconds [static and dynamic dependencies]. Details - ImportResultOutputID=449b60403144b45a8996717fba3359e2 DependenciesID=de066b121765e2ad6deb2cc5a4023c88 StaticDependenciesID=0a26315b5ee1f48a43c6e556154ad574 
Number of updated asset objects reloaded before import = 0Number of asset objects unloaded after import = 1

========================================================================
Received Import Request.
  Time since last request: 0.000043 seconds.
  path: Assets/HIVEMIND/CaveOfHiddenTomb/HDRP (Default)/Art/AllTextures1K/T_Mud_BC.png
  importAddress: Guid(abc00000000006340101680907485059) Importer(2089858483,b0f066a214c2f5e87bad3c948f4d605d)
Start importing Assets/HIVEMIND/CaveOfHiddenTomb/HDRP (Default)/Art/AllTextures1K/T_Mud_BC.png using Guid(abc00000000006340101680907485059) Importer(2089858483,b0f066a214c2f5e87bad3c948f4d605d) (ScriptedImporter) -> (Import Result ID: 'c23e5a08e9c145b50051e77ec87aa450') in 0.0090289 seconds [static and dynamic dependencies]. Details - ImportResultOutputID=93d131e83c3757c902136eebd1a282f7 DependenciesID=65f6b87e7c8ce4979e0f4136d00371d9 StaticDependenciesID=ee9f7ec72dcd945d87a079263a200c1e 
Number of updated asset objects reloaded before import = 0Number of asset objects unloaded after import = 1

========================================================================
Received Import Request.
  Time since last request: 0.000037 seconds.
  path: Assets/animation/zhenren/qingtong/textures/T_Unhyun_WoodenTray_A_BC.png
  importAddress: Guid(0071fb06697fa174ca667f7b04c9ee17) Importer(2089858483,b0f066a214c2f5e87bad3c948f4d605d)
Start importing Assets/animation/zhenren/qingtong/textures/T_Unhyun_WoodenTray_A_BC.png using Guid(0071fb06697fa174ca667f7b04c9ee17) Importer(2089858483,b0f066a214c2f5e87bad3c948f4d605d) (ScriptedImporter) -> (Import Result ID: '87ca57fcbb48fe44b06225738edb76aa') in 0.010342 seconds [static and dynamic dependencies]. Details - ImportResultOutputID=b643275454f45ae011bfdd980adb81bc DependenciesID=3b10d2390af4c288e897acbd1721314f StaticDependenciesID=1c9d6dad27ca75432ed63eeca3253696 
Number of updated asset objects reloaded before import = 0Number of asset objects unloaded after import = 1

========================================================================
Received Import Request.
  Time since last request: 0.000032 seconds.
  path: Assets/audio 1/wu1gai
  importAddress: Guid(4abaae067a9bdae4893762e7b076c751) Importer(2089858483,b0f066a214c2f5e87bad3c948f4d605d)
Start importing Assets/audio 1/wu1gai using Guid(4abaae067a9bdae4893762e7b076c751) Importer(2089858483,b0f066a214c2f5e87bad3c948f4d605d) (ScriptedImporter) -> (Import Result ID: '8a770f3bc66c985caba4a66cb91b4096') in 0.0035541 seconds [static and dynamic dependencies]. Details - ImportResultOutputID=557c92266910930da55410eb6e0d7450 DependenciesID=5e487211d423b5f2ef328f90cc4e5001 StaticDependenciesID=439d3073c6ddcbd13fd3faadc3c7efdb 
Number of updated asset objects reloaded before import = 0Number of asset objects unloaded after import = 1

Editor requested this worker to shutdown with reason: Scaling down because of idle timeout
AssetImportWorker is now disconnected from the server
Process exiting
Exiting without the bug reporter. Application will terminate with return code 0