[Licensing::Module] Trying to connect to existing licensing client channel...
Built from '6000.4/staging' branch; Version is '6000.4.6f1 (0b051c2e5d54) revision 722204'; Using compiler version '194234433'; Build Type 'Release'
OS: 'Windows 11  (10.0.26200) CoreCountrySpecific' Language: 'zh' Physical Memory: 32212 MB
[Licensing::IpcConnector] Successfully connected to: "LicenseClient-15490" at "2026-08-12T23:04:22.8650448Z"
BatchMode: 1, IsHumanControllingUs: 0, StartBugReporterOnCrash: 0, Is64bit: 1
System  architecture: x64
Process architecture: x64
Date: 2026-08-12T23:04:22Z

COMMAND LINE ARGUMENTS:
D:\unity\Editor\Unity.exe
-adb2
-batchMode
-noUpm
-name
AssetImportWorker2
-projectPath
D:/Yin
-logFile
Logs/AssetImportWorker2.log
-srvPort
9633
-licensingIpc
LicenseClient-15490
-force-d3d12
-job-worker-count
11
-background-job-worker-count
8
-gc-helper-count
1
-name
AssetImport
Successfully changed project path to: D:/Yin
D:/Yin
[UnityMemory] Configuration Parameters - Can be set up in boot.config
    "memorysetup-temp-allocator-size-gi-baking-worker=262144"
    "memorysetup-temp-allocator-size-gi-baking-worker=262144"
    "memorysetup-temp-allocator-size-gi-baking-worker=262144"
    "memorysetup-temp-allocator-size-gi-baking-worker=262144"
    "memorysetup-temp-allocator-size-gi-baking-worker=262144"
    "memorysetup-temp-allocator-size-nav-mesh-worker=65536"
    "memorysetup-temp-allocator-size-audio-worker=65536"
    "memorysetup-temp-allocator-size-cloud-worker=32768"
    "memorysetup-temp-allocator-size-gfx=262144"
    "memorysetup-temp-allocator-size-preload-manager=33554432"
    "memorysetup-temp-allocator-size-job-worker=262144"
    "memorysetup-temp-allocator-size-background-worker=32768"
    "memorysetup-allocator-temp-initial-block-size-main=262144"
    "memorysetup-allocator-temp-initial-block-size-worker=262144"
    "memorysetup-bucket-allocator-granularity=16"
    "memorysetup-bucket-allocator-bucket-count=8"
    "memorysetup-bucket-allocator-block-size=33554432"
    "memorysetup-bucket-allocator-block-count=8"
    "memorysetup-main-allocator-block-size=16777216"
    "memorysetup-thread-allocator-block-size=16777216"
    "memorysetup-gfx-main-allocator-block-size=16777216"
    "memorysetup-gfx-thread-allocator-block-size=16777216"
    "memorysetup-cache-allocator-block-size=4194304"
    "memorysetup-typetree-allocator-block-size=2097152"
    "memorysetup-profiler-bucket-allocator-granularity=16"
    "memorysetup-profiler-bucket-allocator-bucket-count=8"
    "memorysetup-profiler-bucket-allocator-block-size=33554432"
    "memorysetup-profiler-bucket-allocator-block-count=8"
    "memorysetup-profiler-allocator-block-size=16777216"
    "memorysetup-profiler-editor-allocator-block-size=1048576"
    "memorysetup-temp-allocator-size-main=16777216"
    "memorysetup-job-temp-allocator-block-size=2097152"
    "memorysetup-job-temp-allocator-block-size-background=1048576"
    "memorysetup-job-temp-allocator-reduction-small-platforms=262144"
Player connection [9016]  Target information:

Player connection [9016]  * "[IP] 192.168.1.139 [Port] 0 [Flags] 2 [Guid] 515848084 [EditorId] 515848084 [Version] 1048832 [Id] WindowsEditor(7,9daY) [Debug] 1 [PackageName] WindowsEditor [ProjectName] Editor" 

Player connection [9016] Host joined multi-casting on [225.0.0.222:54997]...
Player connection [9016] Host joined alternative multi-casting on [225.0.0.222:34997]...
JobSystem: Creating JobQueue using job-worker-count value 11
Input System module state changed to: Initialized.
[Physics::Module] Initialized fallback backend.
[Physics::Module] Id: 0xdecafbad
Library Redirect Path: Library/
[Physics::Module] Selected backend.
[Physics::Module] Name: PhysX
[Physics::Module] Id: 0xf2b8ea05
[Physics::Module] SDK Version: 4.1.2
[Physics::Module] Integration Version: 1.0.0
[Physics::Module] Threading Mode: Multi-Threaded
Refreshing native plugins compatible for Editor in 21.49 ms, found 10 plugins.
Initialize engine version: 6000.4.6f1 (0b051c2e5d54)
[Subsystems] Discovering subsystems at path D:/unity/Editor/Data/Resources/UnitySubsystems
[Subsystems] Discovering subsystems at path D:/Yin/Assets
Forcing GfxDevice: Direct3D 12
GfxDevice: creating device client; kGfxThreadingModeNonThreaded
d3d12: failed to query info queue interface (0x80004002).
Direct3D:
    Version:         Direct3D 12 [level 12.2]
    Renderer:        NVIDIA GeForce RTX 5070 Laptop GPU (ID=0x2d58)
    Vendor:          NVIDIA
    VRAM:            7891 MB
    App VRAM Budget: 7123 MB
    Driver:          32.0.15.9608
Initialize mono
Mono path[0] = 'D:/unity/Editor/Data/Managed'
Mono path[1] = 'D:/unity/Editor/Data/MonoBleedingEdge/lib/mono/unityjit-win32'
Mono config path = 'D:/unity/Editor/Data/MonoBleedingEdge/etc'
Using monoOptions --debugger-agent=transport=dt_socket,embedding=1,server=y,suspend=n,address=127.0.0.1:56524
CodeReloadManager initialized
Begin MonoManager ReloadAssembly
Registering precompiled unity dll's ...
Register platform support module: D:/unity/Editor/Data/PlaybackEngines/WindowsStandaloneSupport/UnityEditor.WindowsStandalone.Extensions.dll
Registered in 0.002805 seconds.
[Licensing::Client] Error: HandshakeResponse reported an error:
	ResponseCode: 505
	ResponseStatus: Unsupported protocol version '1.18.1'.
[Licensing::Module] Error: Failed to handshake to channel: "LicenseClient-15490"
[Licensing::IpcConnector] LicenseClient-15490 channel disconnected successfully.
[Licensing::IpcConnector] Successfully connected to: "LicenseClient-15490-6000.4.6" at "2026-08-12T23:04:24.9806582Z"
[Licensing::Client] Code 10 while verifying Licensing Client signature (process Id: 35024, path: "D:/unity/Editor/Data/Resources/Licensing/Client/Unity.Licensing.Client.exe")
[Licensing::Module] LicensingClient has failed validation; ignoring
[Licensing::Client] Handshaking with LicensingClient:
  Version:                 1.18.1+9fbee8e
  Session Id:              585dbf5b6b1a489bbd90bccc6f9e7bbb
  Correlation Id:          cfff11d5d07d6708b66774ab2c5d5809
  External correlation Id: 4593586688165866333
  Machine Id:              DJWBFtPZt+einrVuex0hynKXsRc=
[Licensing::Module] Successfully connected to LicensingClient on channel: "LicenseClient-15490-6000.4.6" (connect: 0.00s, validation: 0.00s, handshake: 0.01s)
[Licensing::IpcConnector] Successfully connected to: "LicenseClient-15490-6000.4.6-notifications" at "2026-08-12T23:04:24.9944511Z"
[Licensing::Module] Licensing Background thread has ended after 2.13s
Native extension for WindowsStandalone target not found
Package Manager log level set to [2]
[Package Manager] Failed to launch server process. Reason: Unity was launched with the -noUpm command-line argument
[Package Manager] Unable to send message (not connected to server process).
[Package Manager] Cannot connect to Unity Package Manager local server
ScheduleIndexationOnStartup MainProcess:False IndexOnStartup:True
Mono: successfully reloaded assembly
- Finished resetting the current domain, in  0.332 seconds
Domain Reload Profiling: 817ms
	BeginReloadAssembly (202ms)
	RebuildCommonClasses (31ms)
	RebuildNativeTypeToScriptingClass (15ms)
	initialDomainReloadingComplete (66ms)
	LoadAllAssembliesAndSetupDomain (170ms)
		LoadAssemblies (199ms)
		AnalyzeDomain (162ms)
			TypeCache.Refresh (162ms)
				TypeCache.ScanAssembly (148ms)
	FinalizeReload (333ms)
		SetupLoadedEditorAssemblies (0ms)
			InitializePlatformSupportModulesInManaged (37ms)
			BeforeProcessingInitializeOnLoad (67ms)
			ProcessInitializeOnLoadAttributes (85ms)
			ProcessInitializeOnLoadMethodAttributes (75ms)
========================================================================
Worker process is ready to serve import requests
Import Worker Mode flag is 0x00
Begin MonoManager ReloadAssembly
[Licensing::Client] Successfully resolved entitlement details
[Licensing::Module] License group:
  Id: 5773964460127-UnityPersXXXX
  Product: Unity Personal
  Type: Assigned
  Expiration: Unlimited
Assembly Assembly-CSharp-Editor-firstpass.dll at Library/ScriptAssemblies/Assembly-CSharp-Editor-firstpass.dll not valid. Loading of assembly skipped.
Assembly Assembly-CSharp-firstpass.dll at Library/ScriptAssemblies/Assembly-CSharp-firstpass.dll not valid. Loading of assembly skipped.
Assembly DocCodeExamples.dll at Library/ScriptAssemblies/DocCodeExamples.dll not valid. Loading of assembly skipped.
Assembly TestNewCustomAssembly.dll at Library/ScriptAssemblies/TestNewCustomAssembly.dll not valid. Loading of assembly skipped.
Assembly Unity.Collections.BurstCompatibilityGen.dll at Library/ScriptAssemblies/Unity.Collections.BurstCompatibilityGen.dll not valid. Loading of assembly skipped.
Assembly Unity.Collections.DocCodeSamples.dll at Library/ScriptAssemblies/Unity.Collections.DocCodeSamples.dll not valid. Loading of assembly skipped.
Assembly Unity.Collections.PerformanceTests.dll at Library/ScriptAssemblies/Unity.Collections.PerformanceTests.dll not valid. Loading of assembly skipped.
Assembly Unity.Collections.Tests.dll at Library/ScriptAssemblies/Unity.Collections.Tests.dll not valid. Loading of assembly skipped.
Assembly Unity.Collections.Tests.Playmode.dll at Library/ScriptAssemblies/Unity.Collections.Tests.Playmode.dll not valid. Loading of assembly skipped.
Assembly Unity.InputSystem.IntegrationTests.dll at Library/ScriptAssemblies/Unity.InputSystem.IntegrationTests.dll not valid. Loading of assembly skipped.
Assembly Unity.Mathematics.Tests.dll at Library/ScriptAssemblies/Unity.Mathematics.Tests.dll not valid. Loading of assembly skipped.
Assembly Unity.Multiplayer.Center.Editor.Tests.dll at Library/ScriptAssemblies/Unity.Multiplayer.Center.Editor.Tests.dll not valid. Loading of assembly skipped.
Assembly Unity.Multiplayer.Center.Tests.dll at Library/ScriptAssemblies/Unity.Multiplayer.Center.Tests.dll not valid. Loading of assembly skipped.
Assembly Unity.Nuget.Mono-Cecil.dll at Library/ScriptAssemblies/Unity.Nuget.Mono-Cecil.dll not valid. Loading of assembly skipped.
Assembly Unity.PathTracing.Editor.Tests.dll at Library/ScriptAssemblies/Unity.PathTracing.Editor.Tests.dll not valid. Loading of assembly skipped.
Assembly Unity.PathTracing.Runtime.Tests.dll at Library/ScriptAssemblies/Unity.PathTracing.Runtime.Tests.dll not valid. Loading of assembly skipped.
Assembly Unity.RenderPipelines.Core.Editor.Tests.dll at Library/ScriptAssemblies/Unity.RenderPipelines.Core.Editor.Tests.dll not valid. Loading of assembly skipped.
Assembly Unity.RenderPipelines.Core.Runtime.Tests.dll at Library/ScriptAssemblies/Unity.RenderPipelines.Core.Runtime.Tests.dll not valid. Loading of assembly skipped.
Assembly Unity.RenderPipelines.Universal.Config.Editor.Tests.dll at Library/ScriptAssemblies/Unity.RenderPipelines.Universal.Config.Editor.Tests.dll not valid. Loading of assembly skipped.
Assembly Unity.RenderPipelines.Universal.Editor.Tests.dll at Library/ScriptAssemblies/Unity.RenderPipelines.Universal.Editor.Tests.dll not valid. Loading of assembly skipped.
Assembly Unity.RenderPipelines.Universal.Runtime.Tests.dll at Library/ScriptAssemblies/Unity.RenderPipelines.Universal.Runtime.Tests.dll not valid. Loading of assembly skipped.
Assembly Unity.Searcher.EditorTests.dll at Library/ScriptAssemblies/Unity.Searcher.EditorTests.dll not valid. Loading of assembly skipped.
Assembly Unity.ShaderGraph.Editor.Tests.dll at Library/ScriptAssemblies/Unity.ShaderGraph.Editor.Tests.dll not valid. Loading of assembly skipped.
Assembly Unity.TextMeshPro.Editor.Tests.dll at Library/ScriptAssemblies/Unity.TextMeshPro.Editor.Tests.dll not valid. Loading of assembly skipped.
Assembly Unity.TextMeshPro.Tests.dll at Library/ScriptAssemblies/Unity.TextMeshPro.Tests.dll not valid. Loading of assembly skipped.
Assembly Unity.UnifiedRayTracing.Editor.Tests.dll at Library/ScriptAssemblies/Unity.UnifiedRayTracing.Editor.Tests.dll not valid. Loading of assembly skipped.
Assembly Unity.XR.CoreUtils.CodeSamples.Tests.dll at Library/ScriptAssemblies/Unity.XR.CoreUtils.CodeSamples.Tests.dll not valid. Loading of assembly skipped.
Assembly Unity.XR.CoreUtils.Editor.Tests.dll at Library/ScriptAssemblies/Unity.XR.CoreUtils.Editor.Tests.dll not valid. Loading of assembly skipped.
Assembly Unity.XR.CoreUtils.Tests.dll at Library/ScriptAssemblies/Unity.XR.CoreUtils.Tests.dll not valid. Loading of assembly skipped.
Assembly Unity.XR.Interaction.Toolkit.Editor.Tests.dll at Library/ScriptAssemblies/Unity.XR.Interaction.Toolkit.Editor.Tests.dll not valid. Loading of assembly skipped.
Assembly Unity.XR.Interaction.Toolkit.Tests.dll at Library/ScriptAssemblies/Unity.XR.Interaction.Toolkit.Tests.dll not valid. Loading of assembly skipped.
Assembly Unity.XR.Management.EditorTests.dll at Library/ScriptAssemblies/Unity.XR.Management.EditorTests.dll not valid. Loading of assembly skipped.
Assembly Unity.XR.Management.TestPackage.dll at Library/ScriptAssemblies/Unity.XR.Management.TestPackage.dll not valid. Loading of assembly skipped.
Assembly Unity.XR.Management.TestPackage.Editor.dll at Library/ScriptAssemblies/Unity.XR.Management.TestPackage.Editor.dll not valid. Loading of assembly skipped.
Assembly Unity.XR.Management.Tests.dll at Library/ScriptAssemblies/Unity.XR.Management.Tests.dll not valid. Loading of assembly skipped.
Assembly Unity.XR.Management.Tests.Standalone.dll at Library/ScriptAssemblies/Unity.XR.Management.Tests.Standalone.dll not valid. Loading of assembly skipped.
Assembly Unity.XR.OpenXR.Editor.Tests.dll at Library/ScriptAssemblies/Unity.XR.OpenXR.Editor.Tests.dll not valid. Loading of assembly skipped.
Assembly Unity.XR.OpenXR.Tests.dll at Library/ScriptAssemblies/Unity.XR.OpenXR.Tests.dll not valid. Loading of assembly skipped.
Assembly Unity.XR.OpenXR.Ubuntu.Tests.dll at Library/ScriptAssemblies/Unity.XR.OpenXR.Ubuntu.Tests.dll not valid. Loading of assembly skipped.
Assembly Unity.XR.TestSupport.dll at Library/ScriptAssemblies/Unity.XR.TestSupport.dll not valid. Loading of assembly skipped.
Assembly UnityEditor.UI.Common.Tests.dll at Library/ScriptAssemblies/UnityEditor.UI.Common.Tests.dll not valid. Loading of assembly skipped.
Assembly UnityEditor.UI.EditorTests.dll at Library/ScriptAssemblies/UnityEditor.UI.EditorTests.dll not valid. Loading of assembly skipped.
Assembly UnityEditor.XR.LegacyInputHelpers.Tests.dll at Library/ScriptAssemblies/UnityEditor.XR.LegacyInputHelpers.Tests.dll not valid. Loading of assembly skipped.
Assembly UnityEngine.SpatialTracking.Tests.dll at Library/ScriptAssemblies/UnityEngine.SpatialTracking.Tests.dll not valid. Loading of assembly skipped.
Assembly UnityEngine.UI.Tests.dll at Library/ScriptAssemblies/UnityEngine.UI.Tests.dll not valid. Loading of assembly skipped.
Assembly UnityEngine.XR.OpenXR.CodeSamples.Editor.Tests.dll at Library/ScriptAssemblies/UnityEngine.XR.OpenXR.CodeSamples.Editor.Tests.dll not valid. Loading of assembly skipped.
Refreshing native plugins compatible for Editor in 5.24 ms, found 10 plugins.
Native extension for WindowsStandalone target not found
[Package Manager] Failed to launch server process. Reason: Unity was launched with the -noUpm command-line argument
[Package Manager] Unable to send message (not connected to server process).
[Package Manager] Cannot connect to Unity Package Manager local server
Refreshing native plugins compatible for Editor in 5.62 ms, found 10 plugins.
[Package Manager] Failed to launch server process. Reason: Unity was launched with the -noUpm command-line argument
[Package Manager] Unable to send message (not connected to server process).
[Package Manager] Cannot connect to Unity Package Manager local server
ScheduleIndexationOnStartup MainProcess:False IndexOnStartup:True
Mono: successfully reloaded assembly
[Package Manager] Failed to launch server process. Reason: Unity was launched with the -noUpm command-line argument
[Package Manager] Unable to send message (not connected to server process).
[Package Manager] Cannot connect to Unity Package Manager local server
[Package Manager] Failed to launch server process. Reason: Unity was launched with the -noUpm command-line argument
[Package Manager] Unable to send message (not connected to server process).
[Package Manager] Cannot connect to Unity Package Manager local server
- Finished resetting the current domain, in  0.846 seconds
Domain Reload Profiling: 1648ms
	BeginReloadAssembly (201ms)
		DisableScriptedObjects (4ms)
		CreateAndSetChildDomain (34ms)
	RebuildCommonClasses (30ms)
	RebuildNativeTypeToScriptingClass (9ms)
	initialDomainReloadingComplete (71ms)
	LoadAllAssembliesAndSetupDomain (490ms)
		LoadAssemblies (391ms)
		AnalyzeDomain (223ms)
			TypeCache.Refresh (163ms)
				TypeCache.ScanAssembly (143ms)
			BuildScriptInfoCaches (48ms)
			ResolveRequiredComponents (10ms)
	FinalizeReload (846ms)
		SetupLoadedEditorAssemblies (0ms)
			BeforeProcessingInitializeOnLoad (115ms)
			ProcessInitializeOnLoadAttributes (421ms)
			ProcessInitializeOnLoadMethodAttributes (107ms)
		AwakeInstancesAfterBackupRestoration (5ms)
Launched and connected shader compiler UnityShaderCompiler.exe after 0.01 seconds
Refreshing native plugins compatible for Editor in 5.53 ms, found 10 plugins.
Unloading 24 Unused Serialized files (Serialized files now loaded: 0)
Unloading 7707 unused Assets / (6.2 MB). Loaded Objects now: 8549.
Memory consumption went from 193.9 MB to 187.7 MB.
Total: 11.321900 ms (FindLiveObjects: 1.008700 ms CreateObjectMapping: 0.877700 ms MarkObjects: 5.340500 ms  DeleteObjects: 4.092300 ms)

========================================================================
Received Import Request.
  Time since last request: 189159.373882 seconds.
  path: Assets/materials/rock_moss_set_02_diff_4k.mat
  importAddress: Guid(a788a3d049966784b9094894028749c7) Importer(2089858483,b0f066a214c2f5e87bad3c948f4d605d)
Start importing Assets/materials/rock_moss_set_02_diff_4k.mat using Guid(a788a3d049966784b9094894028749c7) Importer(2089858483,b0f066a214c2f5e87bad3c948f4d605d) (ScriptedImporter) -> (Import Result ID: '51bfb65f2afa90d3744867d3b1010f2f') in 0.0758913 seconds [static and dynamic dependencies]. Details - ImportResultOutputID=69fcd6ff8f1c173cbac7b2d19d917d86 DependenciesID=7dc313eed4c801163ff157e39b9ccfdc StaticDependenciesID=2629524ab6d3031076030568622db6cb 
Number of updated asset objects reloaded before import = 0Number of asset objects unloaded after import = 1

========================================================================
Received Import Request.
  Time since last request: 0.000029 seconds.
  path: Assets/New Material.mat
  importAddress: Guid(e6098f49ef9ff354c950afe84ced722c) Importer(2089858483,b0f066a214c2f5e87bad3c948f4d605d)
Start importing Assets/New Material.mat using Guid(e6098f49ef9ff354c950afe84ced722c) Importer(2089858483,b0f066a214c2f5e87bad3c948f4d605d) (ScriptedImporter) -> (Import Result ID: '9034be1d35c22111e5b72d62788c4071') in 0.0052943 seconds [static and dynamic dependencies]. Details - ImportResultOutputID=2c11159704640933a73e22ec896302f8 DependenciesID=a97114014d45ba97e887a72879e8ff8c StaticDependenciesID=cfc08f7c09ca482fbd611aec7c8ee6c6 
Number of updated asset objects reloaded before import = 0Number of asset objects unloaded after import = 1

========================================================================
Received Import Request.
  Time since last request: 0.000040 seconds.
  path: Assets/Settings/UniversalRenderPipelineGlobalSettings.asset
  importAddress: Guid(18dc0cd2c080841dea60987a38ce93fa) Importer(815301076,1909f56bfc062723c751e8b465ee728b)
Start importing Assets/Settings/UniversalRenderPipelineGlobalSettings.asset using Guid(18dc0cd2c080841dea60987a38ce93fa) Importer(815301076,1909f56bfc062723c751e8b465ee728b) (PreviewImporter) -> (Import Result ID: 'c45c1981f5c34b925ef5182f077886ac') in 0.0141169 seconds [static and dynamic dependencies]. Details - ImportResultOutputID=604ab88733cd33bb3c3aab827b2049b6 DependenciesID=8426fa3c5c3936bf25fde5fe96fe3080 StaticDependenciesID=00c7bf779cdcadfb6d1500ecd8d48ef8 
Number of updated asset objects reloaded before import = 0Number of asset objects unloaded after import = 0

========================================================================
Received Import Request.
  Time since last request: 0.000028 seconds.
  path: Assets/Ian's Fire Pack Universal/天灯材质.mat
  importAddress: Guid(db89b88429b6c2549b4e4a01041756dc) Importer(2089858483,b0f066a214c2f5e87bad3c948f4d605d)
Start importing Assets/Ian's Fire Pack Universal/天灯材质.mat using Guid(db89b88429b6c2549b4e4a01041756dc) Importer(2089858483,b0f066a214c2f5e87bad3c948f4d605d) (ScriptedImporter) -> (Import Result ID: '5f964e51f3f26b945f9d10da64259780') in 0.0059188 seconds [static and dynamic dependencies]. Details - ImportResultOutputID=a97c465f05d6227c67555a8abcfd7ec4 DependenciesID=a46c9b46af19a48e0f3f61757367d253 StaticDependenciesID=bbdaab877a69fce6287c62f7a9f0be23 
Number of updated asset objects reloaded before import = 0Number of asset objects unloaded after import = 1

========================================================================
Received Import Request.
  Time since last request: 0.000042 seconds.
  path: Assets/Scenes/tomb1.unity
  importAddress: Guid(5104e6740f8e9704dbc8fabd653e146d) Importer(2089858483,e11c23a36db5f54750b8cd40eac0985b)
Start importing Assets/Scenes/tomb1.unity using Guid(5104e6740f8e9704dbc8fabd653e146d) Importer(2089858483,e11c23a36db5f54750b8cd40eac0985b) (ScriptedImporter)Opening scene 'Assets/Scenes/tomb1.unity additively'
d3d12: upload buffer was too small for the requested resource! Size: 16777216. Requested: 17014704.
d3d12: upload buffer was too small for the requested resource! Size: 17825792. Requested: 34584096.
Problem detected while opening the Scene file: 'Assets/Scenes/tomb1.unity'.
Check the following logs for more details.
UnityEngine.Debug:ExtractStackTraceNoAlloc (byte*,int,string)
UnityEngine.StackTraceUtility:ExtractStackTrace ()
UnityEditor.SceneManagement.EditorSceneManager:OpenScene (string,UnityEditor.SceneManagement.OpenSceneMode)
UnityEditor.Search.AssetIndexer:IndexScene (string,bool)
UnityEditor.Search.AssetIndexer:IndexSceneDocument (string,bool)
UnityEditor.Search.AssetIndexer:IndexDocument (string,bool)
UnityEditor.Search.SearchIndexArtifactImporter:OnImportAsset (UnityEditor.AssetImporters.AssetImportContext)
UnityEditor.AssetImporters.ScriptedImporter:GenerateAssetData (UnityEditor.AssetImporters.AssetImportContext)

[C:\build\output\unity\unity\Runtime\PreloadManager\LoadSceneOperation.cpp line 839]

Prefab instance problem. Missing Prefab Asset: 'tomb1 (Missing Prefab with guid: 589117fb677d81448bff3275eacb2d08)'
UnityEngine.Debug:ExtractStackTraceNoAlloc (byte*,int,string)
UnityEngine.StackTraceUtility:ExtractStackTrace ()
UnityEditor.SceneManagement.EditorSceneManager:OpenScene (string,UnityEditor.SceneManagement.OpenSceneMode)
UnityEditor.Search.AssetIndexer:IndexScene (string,bool)
UnityEditor.Search.AssetIndexer:IndexSceneDocument (string,bool)
UnityEditor.Search.AssetIndexer:IndexDocument (string,bool)
UnityEditor.Search.SearchIndexArtifactImporter:OnImportAsset (UnityEditor.AssetImporters.AssetImportContext)
UnityEditor.AssetImporters.ScriptedImporter:GenerateAssetData (UnityEditor.AssetImporters.AssetImportContext)

[C:\build\output\unity\unity\Runtime\BaseClasses\ErrorsAndWarningsCapture.cpp line 66]

Loaded scene 'Assets/Scenes/tomb1.unity'
	Deserialize:            110.435 ms
	Integration:            294.175 ms
	Integration of assets:  1.730 ms
	Thread Wait Time:       0.277 ms
	Total Operation Time:   406.616 ms
 -> (Import Result ID: '5484b2a745f286e24f54e675004167ea') in 1.0497573 seconds [static and dynamic dependencies]. Details - ImportResultOutputID=0aae6e9b2daca0e1ff27202e2d2a3108 DependenciesID=0d1acef1692ef57e055abbcc1dff8632 StaticDependenciesID=6382e337a5ebf972c3265adccf360281 
Number of updated asset objects reloaded before import = 0Number of asset objects unloaded after import = 457

========================================================================
Received Import Request.
  Time since last request: 0.000032 seconds.
  path: Assets/gallery/472a79b4e65e93c7e11e8c950f307b03.png
  importAddress: Guid(1e417e48fcdf07649856f9d11ad68ea5) Importer(2089858483,b0f066a214c2f5e87bad3c948f4d605d)
Start importing Assets/gallery/472a79b4e65e93c7e11e8c950f307b03.png using Guid(1e417e48fcdf07649856f9d11ad68ea5) Importer(2089858483,b0f066a214c2f5e87bad3c948f4d605d) (ScriptedImporter) -> (Import Result ID: 'ef25f48e0d37abc9252196d55a99d5b6') in 0.0305019 seconds [static and dynamic dependencies]. Details - ImportResultOutputID=d9275049512bbe504002eed99d6381c6 DependenciesID=e5c9f169cc777d5658a3798ab0978164 StaticDependenciesID=64014a678b893e74e854bee74b2befca 
Number of updated asset objects reloaded before import = 0Number of asset objects unloaded after import = 3

========================================================================
Received Import Request.
  Time since last request: 0.000039 seconds.
  path: Assets/Scripts/SceneFlowManager(1).cs
  importAddress: Guid(40a339528ad987540a6652d9b9f24f93) Importer(2089858483,b0f066a214c2f5e87bad3c948f4d605d)
Start importing Assets/Scripts/SceneFlowManager(1).cs using Guid(40a339528ad987540a6652d9b9f24f93) Importer(2089858483,b0f066a214c2f5e87bad3c948f4d605d) (ScriptedImporter) -> (Import Result ID: '8fe1da0564c5c5815239265bf32b21b3') in 0.0035502 seconds [static and dynamic dependencies]. Details - ImportResultOutputID=41220f85bfb7e37ffbca71ff4b0f1e84 DependenciesID=c284c2e54554f13364dad63e6dc6a13d StaticDependenciesID=f441e2c787a75ffab145f89d00d6b906 
Number of updated asset objects reloaded before import = 0Number of asset objects unloaded after import = 0

========================================================================
Received Import Request.
  Time since last request: 0.000020 seconds.
  path: Assets/Scripts/PickupInfoUI.cs
  importAddress: Guid(acd42753791b9cc4f8e3c4967f8a0132) Importer(2089858483,b0f066a214c2f5e87bad3c948f4d605d)
Start importing Assets/Scripts/PickupInfoUI.cs using Guid(acd42753791b9cc4f8e3c4967f8a0132) Importer(2089858483,b0f066a214c2f5e87bad3c948f4d605d) (ScriptedImporter) -> (Import Result ID: '303b126d6c69f22b7eec08814a5a83ee') in 0.0027124 seconds [static and dynamic dependencies]. Details - ImportResultOutputID=6719ee19c51bb219c95bef6d426ad558 DependenciesID=bd6042e093d31593af7b69ce00a33b25 StaticDependenciesID=b5088dbb20d9fa878761c2bb722b9068 
Number of updated asset objects reloaded before import = 0Number of asset objects unloaded after import = 0

========================================================================
Received Import Request.
  Time since last request: 0.000023 seconds.
  path: Assets/Scripts/HandData.cs
  importAddress: Guid(aeadee4ba37eed049b9d0d4641c0b876) Importer(2089858483,b0f066a214c2f5e87bad3c948f4d605d)
Start importing Assets/Scripts/HandData.cs using Guid(aeadee4ba37eed049b9d0d4641c0b876) Importer(2089858483,b0f066a214c2f5e87bad3c948f4d605d) (ScriptedImporter) -> (Import Result ID: 'f5aab9bfdaa18dc784bd8ba192f0a0ad') in 0.0033876 seconds [static and dynamic dependencies]. Details - ImportResultOutputID=2bedc2bd49988536c96a79e130a7e05d DependenciesID=bf343dca24583781a2e7cdb42d3e8de0 StaticDependenciesID=504250263784bbf9130fe71b46d60a16 
Number of updated asset objects reloaded before import = 0Number of asset objects unloaded after import = 0

========================================================================
Received Import Request.
  Time since last request: 0.000022 seconds.
  path: Assets/Scripts/SceneDissolveController.cs
  importAddress: Guid(7716588e6a48fdf4ea3a8b166a3ee2d3) Importer(2089858483,b0f066a214c2f5e87bad3c948f4d605d)
Start importing Assets/Scripts/SceneDissolveController.cs using Guid(7716588e6a48fdf4ea3a8b166a3ee2d3) Importer(2089858483,b0f066a214c2f5e87bad3c948f4d605d) (ScriptedImporter) -> (Import Result ID: 'c19e9cd84d374b39b9f71c79fad69864') in 0.0034439 seconds [static and dynamic dependencies]. Details - ImportResultOutputID=2b5b1f786c653a47f3d653ec3ec2a3b4 DependenciesID=c0635f4fe1ce01ca08fd797050a979cb StaticDependenciesID=c7bd97eef487534a420bc094ff689989 
Number of updated asset objects reloaded before import = 0Number of asset objects unloaded after import = 0

========================================================================
Received Import Request.
  Time since last request: 0.000021 seconds.
  path: Assets/Scripts/TitleDialoguePlayer.cs
  importAddress: Guid(e04a9b6260e906b4d96bad39b8437c22) Importer(2089858483,b0f066a214c2f5e87bad3c948f4d605d)
Start importing Assets/Scripts/TitleDialoguePlayer.cs using Guid(e04a9b6260e906b4d96bad39b8437c22) Importer(2089858483,b0f066a214c2f5e87bad3c948f4d605d) (ScriptedImporter) -> (Import Result ID: '3147f6a04affdcced4517b8538c7cdb8') in 0.0028046 seconds [static and dynamic dependencies]. Details - ImportResultOutputID=cb3374dffb9d3f631d54563a0365f88a DependenciesID=0113eaba42f45ca4fa29e2713984d192 StaticDependenciesID=b3f5a4aa95fa88578998bea3c0985c67 
Number of updated asset objects reloaded before import = 0Number of asset objects unloaded after import = 0

========================================================================
Received Import Request.
  Time since last request: 0.000020 seconds.
  path: Assets/Scripts/TimelineSceneLoader.cs
  importAddress: Guid(b362b5a50a7c2914bb3b7b913f6cb1cf) Importer(2089858483,b0f066a214c2f5e87bad3c948f4d605d)
Start importing Assets/Scripts/TimelineSceneLoader.cs using Guid(b362b5a50a7c2914bb3b7b913f6cb1cf) Importer(2089858483,b0f066a214c2f5e87bad3c948f4d605d) (ScriptedImporter) -> (Import Result ID: '04f9340bdcc4601fa2a175721d18afa1') in 0.0030191 seconds [static and dynamic dependencies]. Details - ImportResultOutputID=698e202c12606ccc9d437331a871179b DependenciesID=442091930c3e2273b278e946e86fd1f3 StaticDependenciesID=95b6c4978de1709f405d64d34b267466 
Number of updated asset objects reloaded before import = 0Number of asset objects unloaded after import = 0

========================================================================
Received Import Request.
  Time since last request: 0.000029 seconds.
  path: Assets/materials/铜钺.mat
  importAddress: Guid(d31bbc71179707b458db510d6c707480) Importer(2089858483,b0f066a214c2f5e87bad3c948f4d605d)
Start importing Assets/materials/铜钺.mat using Guid(d31bbc71179707b458db510d6c707480) Importer(2089858483,b0f066a214c2f5e87bad3c948f4d605d) (ScriptedImporter) -> (Import Result ID: 'a34b8c53e96565ce95b8f62dce86b9c9') in 0.0180821 seconds [static and dynamic dependencies]. Details - ImportResultOutputID=542e9bc7a712e15d4b9b36e8e1f71e6a DependenciesID=450eff67ee4a28942de3985962c3b6b7 StaticDependenciesID=1807c5afdc62688170927721adef74c1 
Number of updated asset objects reloaded before import = 0Number of asset objects unloaded after import = 4

========================================================================
Received Import Request.
  Time since last request: 0.000039 seconds.
  path: Assets/audio/齐声.WAV
  importAddress: Guid(cf304681e2abc314bacd24d77d7d40bc) Importer(2089858483,b0f066a214c2f5e87bad3c948f4d605d)
Start importing Assets/audio/齐声.WAV using Guid(cf304681e2abc314bacd24d77d7d40bc) Importer(2089858483,b0f066a214c2f5e87bad3c948f4d605d) (ScriptedImporter) -> (Import Result ID: '0ccb75c3651993cd263a7048cb0a18a8') in 0.0061232 seconds [static and dynamic dependencies]. Details - ImportResultOutputID=ca78ae8c59805ad4378d3e02af9230fc DependenciesID=1b72307ff0ed052325c5297f3d656929 StaticDependenciesID=9c199a5a3b292d8a7b130e1dd2f03ffb 
Number of updated asset objects reloaded before import = 0Number of asset objects unloaded after import = 1

========================================================================
Received Import Request.
  Time since last request: 0.000018 seconds.
  path: Assets/PL_CaveofHiddenTombSettings.lighting
  importAddress: Guid(fbfa9dd1b1c2dc74990eb6be8fc310c8) Importer(2089858483,b0f066a214c2f5e87bad3c948f4d605d)
Start importing Assets/PL_CaveofHiddenTombSettings.lighting using Guid(fbfa9dd1b1c2dc74990eb6be8fc310c8) Importer(2089858483,b0f066a214c2f5e87bad3c948f4d605d) (ScriptedImporter)LightingSettings: switching bake backend from 2 to 1.
 -> (Import Result ID: '85e1c8320cc3752474f00dabdf774ecf') in 0.0110223 seconds [static and dynamic dependencies]. Details - ImportResultOutputID=3a9735b30fff42ebd1639013d1fabaa8 DependenciesID=dd0508ab3b3e4a20bceab5b0776b6e0b StaticDependenciesID=814543090aad581e219338cc60b7d171 
Number of updated asset objects reloaded before import = 0Number of asset objects unloaded after import = 1

========================================================================
Received Import Request.
  Time since last request: 0.000020 seconds.
  path: Assets/animations/妇好祭祀动作.controller
  importAddress: Guid(d4f121271571abb4f9026e2b89a8d02a) Importer(2089858483,b0f066a214c2f5e87bad3c948f4d605d)
Start importing Assets/animations/妇好祭祀动作.controller using Guid(d4f121271571abb4f9026e2b89a8d02a) Importer(2089858483,b0f066a214c2f5e87bad3c948f4d605d) (ScriptedImporter) -> (Import Result ID: 'f3cc890937ceed0a7bb37a9cf1d7a1bf') in 0.0047138 seconds [static and dynamic dependencies]. Details - ImportResultOutputID=19a568654ef678183275fdeb6f00009b DependenciesID=5114d501b34143dbccd75ff3a4ed68eb StaticDependenciesID=76bb1ba54fd8028947c07b3e7486c9a1 
Number of updated asset objects reloaded before import = 0Number of asset objects unloaded after import = 10

========================================================================
Received Import Request.
  Time since last request: 0.000021 seconds.
  path: Assets/materials/New Material.mat
  importAddress: Guid(fa56594ba3d7fa4449c97a90259b4e9d) Importer(2089858483,b0f066a214c2f5e87bad3c948f4d605d)
Start importing Assets/materials/New Material.mat using Guid(fa56594ba3d7fa4449c97a90259b4e9d) Importer(2089858483,b0f066a214c2f5e87bad3c948f4d605d) (ScriptedImporter) -> (Import Result ID: '576ef0115b0fc618fb0c15cd83034e5e') in 0.0038358 seconds [static and dynamic dependencies]. Details - ImportResultOutputID=e1fdc8d713f49113b2415cd245834b2c DependenciesID=c746fe34b9b0311c7c873a3aa93429b2 StaticDependenciesID=e16cf8270ad74d5e209bce86012daf07 
Number of updated asset objects reloaded before import = 0Number of asset objects unloaded after import = 1

========================================================================
Received Import Request.
  Time since last request: 0.000022 seconds.
  path: Assets/Resources/玄鸟火盆.fbx
  importAddress: Guid(acd15c0be49238a4a99a9b311c65aa27) Importer(2089858483,b0f066a214c2f5e87bad3c948f4d605d)
Start importing Assets/Resources/玄鸟火盆.fbx using Guid(acd15c0be49238a4a99a9b311c65aa27) Importer(2089858483,b0f066a214c2f5e87bad3c948f4d605d) (ScriptedImporter) -> (Import Result ID: '7ff8472d7e4479f810f7d2ed376bb511') in 0.0232485 seconds [static and dynamic dependencies]. Details - ImportResultOutputID=a6612c3a7183e1f70031361d44b5a2fe DependenciesID=9db343e362a72201da555b196195c8a0 StaticDependenciesID=e7450e9e3e0d2a96ff7c0df5ce722379 
Number of updated asset objects reloaded before import = 0Number of asset objects unloaded after import = 8

========================================================================
Received Import Request.
  Time since last request: 0.000024 seconds.
  path: Assets/Readme.asset
  importAddress: Guid(8105016687592461f977c054a80ce2f2) Importer(2089858483,b0f066a214c2f5e87bad3c948f4d605d)
Start importing Assets/Readme.asset using Guid(8105016687592461f977c054a80ce2f2) Importer(2089858483,b0f066a214c2f5e87bad3c948f4d605d) (ScriptedImporter) -> (Import Result ID: '965af842c3fd40f7c8c1a2ea9df625ce') in 0.0049891 seconds [static and dynamic dependencies]. Details - ImportResultOutputID=fb7d28bcc104991027dd3ceb79689712 DependenciesID=0334e152013890af7e25953b309a1b16 StaticDependenciesID=aea6e1cd556bfcdd983c43da83a41dd0 
Number of updated asset objects reloaded before import = 0Number of asset objects unloaded after import = 2

========================================================================
Received Import Request.
  Time since last request: 0.000035 seconds.
  path: Assets/gallery/c966f43a60b93f40cd3ba72ef885d32f.png
  importAddress: Guid(5995a375557ffa749a648a6807a68f22) Importer(2089858483,b0f066a214c2f5e87bad3c948f4d605d)
Start importing Assets/gallery/c966f43a60b93f40cd3ba72ef885d32f.png using Guid(5995a375557ffa749a648a6807a68f22) Importer(2089858483,b0f066a214c2f5e87bad3c948f4d605d) (ScriptedImporter) -> (Import Result ID: 'f26e21e8c6969d162da3e17477e180a8') in 0.0129801 seconds [static and dynamic dependencies]. Details - ImportResultOutputID=68fe90410dc7429da63c470f798d319b DependenciesID=0af7d35b36d26704740a22fd16e93d24 StaticDependenciesID=43bdfab139b4e3815814e9ec2cb286a4 
Number of updated asset objects reloaded before import = 0Number of asset objects unloaded after import = 3

========================================================================
Received Import Request.
  Time since last request: 0.000033 seconds.
  path: Assets/audio/甲骨前对话3.wav
  importAddress: Guid(c1a5cbf51ac53d448a212f4fbffbb4a8) Importer(2089858483,b0f066a214c2f5e87bad3c948f4d605d)
Start importing Assets/audio/甲骨前对话3.wav using Guid(c1a5cbf51ac53d448a212f4fbffbb4a8) Importer(2089858483,b0f066a214c2f5e87bad3c948f4d605d) (ScriptedImporter) -> (Import Result ID: 'a87398b389d34c21275395b3e165f387') in 0.0037865 seconds [static and dynamic dependencies]. Details - ImportResultOutputID=f14e465af413183ca16e5768738edd2e DependenciesID=3b5a835fe4557e3f28948a84906daa1c StaticDependenciesID=81b833276cf2140722825e9cdf894c68 
Number of updated asset objects reloaded before import = 0Number of asset objects unloaded after import = 1

========================================================================
Received Import Request.
  Time since last request: 0.000016 seconds.
  path: Assets/audio/端午国风唯美纯音乐，粽叶清音_爱给网_aigei_com.mp3
  importAddress: Guid(bca750240ce756d45a8571505c98cda6) Importer(2089858483,b0f066a214c2f5e87bad3c948f4d605d)
Start importing Assets/audio/端午国风唯美纯音乐，粽叶清音_爱给网_aigei_com.mp3 using Guid(bca750240ce756d45a8571505c98cda6) Importer(2089858483,b0f066a214c2f5e87bad3c948f4d605d) (ScriptedImporter) -> (Import Result ID: 'd3bafd55c2fd85ad979ab3302bbb3200') in 0.0048329 seconds [static and dynamic dependencies]. Details - ImportResultOutputID=9adfd8a41ec7d3ff81f9f177fb031575 DependenciesID=39c13efa10ba7087cd812011d0034e90 StaticDependenciesID=a550c42857fd5fcc5fdfa66ca929de9f 
Number of updated asset objects reloaded before import = 0Number of asset objects unloaded after import = 1

========================================================================
Received Import Request.
  Time since last request: 0.000017 seconds.
  path: Assets/materials/dead_tree_trunk_diff_4k.mat
  importAddress: Guid(62cbb3d9b0b26f74d897e79af9961f41) Importer(2089858483,b0f066a214c2f5e87bad3c948f4d605d)
Start importing Assets/materials/dead_tree_trunk_diff_4k.mat using Guid(62cbb3d9b0b26f74d897e79af9961f41) Importer(2089858483,b0f066a214c2f5e87bad3c948f4d605d) (ScriptedImporter) -> (Import Result ID: '115fb9ef8cac97f308f1119ff6bc7d84') in 0.0087155 seconds [static and dynamic dependencies]. Details - ImportResultOutputID=1bc1ea99861cfe4c26416fc6020385c4 DependenciesID=3705c77f604768faa87f4dfebc43823a StaticDependenciesID=cbf222a5fe307d7248ce43f020c84795 
Number of updated asset objects reloaded before import = 0Number of asset objects unloaded after import = 2

========================================================================
Received Import Request.
  Time since last request: 0.000023 seconds.
  path: Assets/materials/Meshy_AI_Ritual_bronze_ding_0703085930_texture_roughness.mat
  importAddress: Guid(c7a984a3b08898d4c8b96695468c245f) Importer(2089858483,b0f066a214c2f5e87bad3c948f4d605d)
Start importing Assets/materials/Meshy_AI_Ritual_bronze_ding_0703085930_texture_roughness.mat using Guid(c7a984a3b08898d4c8b96695468c245f) Importer(2089858483,b0f066a214c2f5e87bad3c948f4d605d) (ScriptedImporter) -> (Import Result ID: '19d1d57dd87a34883fe89c05374898cc') in 0.0076731 seconds [static and dynamic dependencies]. Details - ImportResultOutputID=88c06bc7e97f72f4eb8dd3f0ccc682a7 DependenciesID=1dbf2849d97012182f62fa34a3dd245d StaticDependenciesID=b3055c50145d02c0b17b28c274a75a6b 
Number of updated asset objects reloaded before import = 0Number of asset objects unloaded after import = 2

========================================================================
Received Import Request.
  Time since last request: 0.000023 seconds.
  path: Assets/Resources/布条.fbx
  importAddress: Guid(09c8deba2e975c14691d1e54acb9bb30) Importer(2089858483,b0f066a214c2f5e87bad3c948f4d605d)
Start importing Assets/Resources/布条.fbx using Guid(09c8deba2e975c14691d1e54acb9bb30) Importer(2089858483,b0f066a214c2f5e87bad3c948f4d605d) (ScriptedImporter) -> (Import Result ID: '8732510c7de3b86a2d7c9ecda84fbdf9') in 0.0267146 seconds [static and dynamic dependencies]. Details - ImportResultOutputID=a2b3813d0e2983807b10393d06f43887 DependenciesID=03307f9ea48006a096dc2760711a4889 StaticDependenciesID=eaadee303bc8d56ea12bfd8e92f67316 
Number of updated asset objects reloaded before import = 0Number of asset objects unloaded after import = 45

========================================================================
Received Import Request.
  Time since last request: 0.000042 seconds.
  path: Assets/Settings/Mobile_Renderer.asset
  importAddress: Guid(65bc7dbf4170f435aa868c779acfb082) Importer(815301076,1909f56bfc062723c751e8b465ee728b)
Start importing Assets/Settings/Mobile_Renderer.asset using Guid(65bc7dbf4170f435aa868c779acfb082) Importer(815301076,1909f56bfc062723c751e8b465ee728b) (PreviewImporter) -> (Import Result ID: '72adafb119c3c3a7e157e9b952330c62') in 0.0015136 seconds [static and dynamic dependencies]. Details - ImportResultOutputID=28dfab2296abdd85d7d832787f6a66f0 DependenciesID=2aadd1732e6dcc28948b40cb58d6ef5d StaticDependenciesID=a5da7e70e6d6abb0088768331ecef100 
Number of updated asset objects reloaded before import = 0Number of asset objects unloaded after import = 1

========================================================================
Received Import Request.
  Time since last request: 0.000024 seconds.
  path: Assets/materials/锈蚀金属.mat
  importAddress: Guid(bc6a62f46f4fe684099e80fcb6abdc45) Importer(2089858483,b0f066a214c2f5e87bad3c948f4d605d)
Start importing Assets/materials/锈蚀金属.mat using Guid(bc6a62f46f4fe684099e80fcb6abdc45) Importer(2089858483,b0f066a214c2f5e87bad3c948f4d605d) (ScriptedImporter) -> (Import Result ID: '5cbbb43390cb54df25c27cfac19b3c6d') in 0.0204075 seconds [static and dynamic dependencies]. Details - ImportResultOutputID=481a72bbf8ff3ed8df6200da86aec976 DependenciesID=a6a9f0b5fbaf1268e9518c6d28c286d9 StaticDependenciesID=7b291dc1caf7a8972736b3fd058bc08f 
Number of updated asset objects reloaded before import = 0Number of asset objects unloaded after import = 5

========================================================================
Received Import Request.
  Time since last request: 0.000025 seconds.
  path: Assets/audio/结尾旁白.wav
  importAddress: Guid(39af84a7c285d8a4790a271c2b7e946b) Importer(2089858483,b0f066a214c2f5e87bad3c948f4d605d)
Start importing Assets/audio/结尾旁白.wav using Guid(39af84a7c285d8a4790a271c2b7e946b) Importer(2089858483,b0f066a214c2f5e87bad3c948f4d605d) (ScriptedImporter) -> (Import Result ID: '6b76bdc5009891f8a8194d3035ff804e') in 0.0038445 seconds [static and dynamic dependencies]. Details - ImportResultOutputID=02399298b22256cb9315f62c547c63d0 DependenciesID=6c444557e9b09159781d0321acf08c6f StaticDependenciesID=93515c84e2a93418dba6906dab773841 
Number of updated asset objects reloaded before import = 0Number of asset objects unloaded after import = 1

========================================================================
Received Import Request.
  Time since last request: 0.000019 seconds.
  path: Assets/Scripts/SequenceManager.cs
  importAddress: Guid(6cccf77e768a9784288bd3ba0d9fa949) Importer(2089858483,b0f066a214c2f5e87bad3c948f4d605d)
Start importing Assets/Scripts/SequenceManager.cs using Guid(6cccf77e768a9784288bd3ba0d9fa949) Importer(2089858483,b0f066a214c2f5e87bad3c948f4d605d) (ScriptedImporter) -> (Import Result ID: '22a6f27d3456e9dce106a9e8a9d4932c') in 0.0031964 seconds [static and dynamic dependencies]. Details - ImportResultOutputID=08a3197fd39f7f1ec2d7f4d3b4e6ce8e DependenciesID=3575e596e5501c2b05574686052db8cf StaticDependenciesID=3546167a61ce35dad61b89c35b9c19d1 
Number of updated asset objects reloaded before import = 0Number of asset objects unloaded after import = 0

========================================================================
Received Import Request.
  Time since last request: 0.000025 seconds.
  path: Assets/Shader Graph/Burn.shadergraph
  importAddress: Guid(134bee22d79e8364b8b16f7d7d8a3ec2) Importer(2089858483,b0f066a214c2f5e87bad3c948f4d605d)
Start importing Assets/Shader Graph/Burn.shadergraph using Guid(134bee22d79e8364b8b16f7d7d8a3ec2) Importer(2089858483,b0f066a214c2f5e87bad3c948f4d605d) (ScriptedImporter) -> (Import Result ID: '93e20b2338a0e21397f954367bb1af60') in 0.0151416 seconds [static and dynamic dependencies]. Details - ImportResultOutputID=fc7a65df6f406930d9a79040114c9e2f DependenciesID=5795acb98aa8621b92429921b1516040 StaticDependenciesID=f4c92d37ec4a307310e9ee5b467ee33c 
Number of updated asset objects reloaded before import = 0Number of asset objects unloaded after import = 5

========================================================================
Received Import Request.
  Time since last request: 0.000022 seconds.
  path: Assets/materials/New Material 4.mat
  importAddress: Guid(c6051a759230ecb46b50bd8045e24bdb) Importer(2089858483,b0f066a214c2f5e87bad3c948f4d605d)
Start importing Assets/materials/New Material 4.mat using Guid(c6051a759230ecb46b50bd8045e24bdb) Importer(2089858483,b0f066a214c2f5e87bad3c948f4d605d) (ScriptedImporter) -> (Import Result ID: '38c06be81c9060f4c8433897b8fb8006') in 0.0071812 seconds [static and dynamic dependencies]. Details - ImportResultOutputID=a52fae80a10a51be78437803e158e3ca DependenciesID=97ead1a2784e0804c5bed33b8ddc6ec3 StaticDependenciesID=eb027a37fb55fe9d799b37973df712ea 
Number of updated asset objects reloaded before import = 0Number of asset objects unloaded after import = 2

========================================================================
Received Import Request.
  Time since last request: 0.000042 seconds.
  path: Assets/Ian's Fire Pack Universal/Lime._Mat3d66-162er738we8-120-4832.mat
  importAddress: Guid(b12263f36b1b3c5409b36774e5d82e61) Importer(2089858483,b0f066a214c2f5e87bad3c948f4d605d)
Start importing Assets/Ian's Fire Pack Universal/Lime._Mat3d66-162er738we8-120-4832.mat using Guid(b12263f36b1b3c5409b36774e5d82e61) Importer(2089858483,b0f066a214c2f5e87bad3c948f4d605d) (ScriptedImporter) -> (Import Result ID: '09d87f3f0632a27b67fe29216622ef25') in 0.0042249 seconds [static and dynamic dependencies]. Details - ImportResultOutputID=2820a9b48d31f9fda452448cf29fde26 DependenciesID=d229ad52c4d3df5853c391f4da552ac2 StaticDependenciesID=b73448bee805ece02e0593047fac0fa4 
Number of updated asset objects reloaded before import = 0Number of asset objects unloaded after import = 1

========================================================================
Received Import Request.
  Time since last request: 0.000026 seconds.
  path: Assets/Scripts/FireRitualSequence.cs
  importAddress: Guid(7a44d2f389ba24f418612784b787cb6b) Importer(2089858483,b0f066a214c2f5e87bad3c948f4d605d)
Start importing Assets/Scripts/FireRitualSequence.cs using Guid(7a44d2f389ba24f418612784b787cb6b) Importer(2089858483,b0f066a214c2f5e87bad3c948f4d605d) (ScriptedImporter) -> (Import Result ID: 'c567a321c6eaf01f3d5a893d041e821e') in 0.0031631 seconds [static and dynamic dependencies]. Details - ImportResultOutputID=c9fbbe5b61275f70407b2adb2ae6afac DependenciesID=700e289e2ccd6e880fce1805db89c1bf StaticDependenciesID=f79b241566c0d9659060bc25eb50f22d 
Number of updated asset objects reloaded before import = 0Number of asset objects unloaded after import = 0

========================================================================
Received Import Request.
  Time since last request: 0.000020 seconds.
  path: Assets/materials/New Material 1.mat
  importAddress: Guid(663fa6a5fe0552f4eae8efacba2a819d) Importer(2089858483,b0f066a214c2f5e87bad3c948f4d605d)
Start importing Assets/materials/New Material 1.mat using Guid(663fa6a5fe0552f4eae8efacba2a819d) Importer(2089858483,b0f066a214c2f5e87bad3c948f4d605d) (ScriptedImporter) -> (Import Result ID: 'bafdd293a79b4de4b63fe5d9254bc514') in 0.0061472 seconds [static and dynamic dependencies]. Details - ImportResultOutputID=ec44d7551cbd6b9180c2162f290db124 DependenciesID=c54e978faaa2f3508fac503adedc4335 StaticDependenciesID=e5de483baf24d6242e89955bf0bec269 
Number of updated asset objects reloaded before import = 0Number of asset objects unloaded after import = 2

========================================================================
Received Import Request.
  Time since last request: 0.000024 seconds.
  path: Assets/audio/妇好12（1）.wav
  importAddress: Guid(c74c34d92dbc4f5489e318c8e4fcf6c0) Importer(2089858483,b0f066a214c2f5e87bad3c948f4d605d)
Start importing Assets/audio/妇好12（1）.wav using Guid(c74c34d92dbc4f5489e318c8e4fcf6c0) Importer(2089858483,b0f066a214c2f5e87bad3c948f4d605d) (ScriptedImporter) -> (Import Result ID: '350834315869fa8e86a790ac69cba96e') in 0.0038568 seconds [static and dynamic dependencies]. Details - ImportResultOutputID=585ae8c586fd3a438cc6563c1840bbcf DependenciesID=0019384fea5fb3c5a82978eaf7376bad StaticDependenciesID=e1c8d50b6db8878113d0b63772363598 
Number of updated asset objects reloaded before import = 0Number of asset objects unloaded after import = 1

========================================================================
Received Import Request.
  Time since last request: 0.000026 seconds.
  path: Assets/materials/Meshy_AI_Calligraphic_Butterfl_0704065726_generate.fbx
  importAddress: Guid(4ff93dcf6f4cca84aa7e9469be0e1809) Importer(2089858483,b0f066a214c2f5e87bad3c948f4d605d)
Start importing Assets/materials/Meshy_AI_Calligraphic_Butterfl_0704065726_generate.fbx using Guid(4ff93dcf6f4cca84aa7e9469be0e1809) Importer(2089858483,b0f066a214c2f5e87bad3c948f4d605d) (ScriptedImporter) -> (Import Result ID: '24fc096fd7d4d0fde400f2a247b06d8d') in 0.0256635 seconds [static and dynamic dependencies]. Details - ImportResultOutputID=41c8c6b1b1f347858c6710e867f47508 DependenciesID=182d260da0636eb240f4e3987ab746ed StaticDependenciesID=ace6d9c384fc44469f66268165c0cd08 
Number of updated asset objects reloaded before import = 0Number of asset objects unloaded after import = 7

========================================================================
Received Import Request.
  Time since last request: 0.000022 seconds.
  path: Assets/Resources/宗庙布.fbx
  importAddress: Guid(212e0a83380c6a24abe68b3d2ad2884e) Importer(2089858483,b0f066a214c2f5e87bad3c948f4d605d)
Start importing Assets/Resources/宗庙布.fbx using Guid(212e0a83380c6a24abe68b3d2ad2884e) Importer(2089858483,b0f066a214c2f5e87bad3c948f4d605d) (ScriptedImporter)d3d12: upload buffer was too small for the requested resource! Size: 34603008. Requested: 37332480.
 -> (Import Result ID: '59d30b3dd1c04b637b07bd5b068eb2de') in 0.0741078 seconds [static and dynamic dependencies]. Details - ImportResultOutputID=76fbd2b1afe281809c5d543da8916809 DependenciesID=0b9378061eaf58163ec4b80c1c81f138 StaticDependenciesID=4c5c7ad7515c73b68584fda0fd61e165 
Number of updated asset objects reloaded before import = 0Number of asset objects unloaded after import = 8

========================================================================
Received Import Request.
  Time since last request: 0.000040 seconds.
  path: Assets/Scripts/Outline.cs
  importAddress: Guid(5fea29bb7c508c244a1f805a5fd3fc4d) Importer(2089858483,b0f066a214c2f5e87bad3c948f4d605d)
Start importing Assets/Scripts/Outline.cs using Guid(5fea29bb7c508c244a1f805a5fd3fc4d) Importer(2089858483,b0f066a214c2f5e87bad3c948f4d605d) (ScriptedImporter) -> (Import Result ID: '3c7f2a5e2ec5743cca29e437d0e7a224') in 0.0040874 seconds [static and dynamic dependencies]. Details - ImportResultOutputID=b1f4a4bc68ea776e8dba83cc0cb1c4eb DependenciesID=7a61952d389c6705c631576a9d2aea02 StaticDependenciesID=625faf71ad4548962a200bdb860b1f16 
Number of updated asset objects reloaded before import = 0Number of asset objects unloaded after import = 0

========================================================================
Received Import Request.
  Time since last request: 0.000017 seconds.
  path: Assets/Scenes/end 1.unity
  importAddress: Guid(d179cda21285b014a998e1e1bd2e228f) Importer(2089858483,e11c23a36db5f54750b8cd40eac0985b)
Start importing Assets/Scenes/end 1.unity using Guid(d179cda21285b014a998e1e1bd2e228f) Importer(2089858483,e11c23a36db5f54750b8cd40eac0985b) (ScriptedImporter)Opening scene 'Assets/Scenes/end 1.unity additively'
Loaded scene 'Assets/Scenes/end 1.unity'
	Deserialize:            12.902 ms
	Integration:            11.147 ms
	Integration of assets:  1.293 ms
	Thread Wait Time:       0.011 ms
	Total Operation Time:   25.353 ms
 -> (Import Result ID: '38788ee2dea676b8926895b5c362d4c6') in 0.2201698 seconds [static and dynamic dependencies]. Details - ImportResultOutputID=a820bb0abfeabf481fb4f24bf4583080 DependenciesID=2624b28837e8329d96ccd942e308a654 StaticDependenciesID=39987285524915de372852e27589de56 
Number of updated asset objects reloaded before import = 0Number of asset objects unloaded after import = 419

========================================================================
Received Import Request.
  Time since last request: 0.000023 seconds.
  path: Assets/animation/4_Dig/DIg.controller
  importAddress: Guid(44d9b9c31398c0e43a4c76f198dda1f0) Importer(2089858483,b0f066a214c2f5e87bad3c948f4d605d)
Start importing Assets/animation/4_Dig/DIg.controller using Guid(44d9b9c31398c0e43a4c76f198dda1f0) Importer(2089858483,b0f066a214c2f5e87bad3c948f4d605d) (ScriptedImporter) -> (Import Result ID: 'ef77cbeeae6d02d50e78acf117a4698f') in 0.0038688 seconds [static and dynamic dependencies]. Details - ImportResultOutputID=c45aef6aeca07a8aacf3d6d5aef34d03 DependenciesID=f6f7b399ff6eefbf68966d1f4b896bcd StaticDependenciesID=bd5647fa793830567636dd91bd49e1b9 
Number of updated asset objects reloaded before import = 0Number of asset objects unloaded after import = 4

========================================================================
Received Import Request.
  Time since last request: 0.000033 seconds.
  path: Assets/audio 1/character_voicec/男2.wav
  importAddress: Guid(44b6c94d04b849740b2a294b851c14b1) Importer(2089858483,b0f066a214c2f5e87bad3c948f4d605d)
Start importing Assets/audio 1/character_voicec/男2.wav using Guid(44b6c94d04b849740b2a294b851c14b1) Importer(2089858483,b0f066a214c2f5e87bad3c948f4d605d) (ScriptedImporter) -> (Import Result ID: '3defced2d376678011f03ab4d41d5a47') in 0.0033338 seconds [static and dynamic dependencies]. Details - ImportResultOutputID=993585c8f1fac1483e1526123f17338b DependenciesID=d136a91a4f1364bcb28a7b36bb26a638 StaticDependenciesID=8fe1d5c1470606e4beb9fa2c2d3e5b27 
Number of updated asset objects reloaded before import = 0Number of asset objects unloaded after import = 1

========================================================================
Received Import Request.
  Time since last request: 0.000021 seconds.
  path: Assets/Textures/Mat3d66_15132010_6_10387.jpg
  importAddress: Guid(0b960a9e0c4f37740aeec4e6ecd72b53) Importer(2089858483,b0f066a214c2f5e87bad3c948f4d605d)
Start importing Assets/Textures/Mat3d66_15132010_6_10387.jpg using Guid(0b960a9e0c4f37740aeec4e6ecd72b53) Importer(2089858483,b0f066a214c2f5e87bad3c948f4d605d) (ScriptedImporter) -> (Import Result ID: 'f48d4703b2c3e5f26dc24eebeb031832') in 0.007725 seconds [static and dynamic dependencies]. Details - ImportResultOutputID=08c0af8e35a07f55d36093b931ff4bfa DependenciesID=db874fa4be71d3415edb3b47153589e0 StaticDependenciesID=098de9fb5e47e55ea5db3e476dbbc45f 
Number of updated asset objects reloaded before import = 0Number of asset objects unloaded after import = 1

========================================================================
Received Import Request.
  Time since last request: 0.000018 seconds.
  path: Assets/animation/3_Idle/Standing W_Briefcase Idle.fbx
  importAddress: Guid(5221a21dbc5cb2c439ce7e83d9c33be4) Importer(2089858483,b0f066a214c2f5e87bad3c948f4d605d)
Start importing Assets/animation/3_Idle/Standing W_Briefcase Idle.fbx using Guid(5221a21dbc5cb2c439ce7e83d9c33be4) Importer(2089858483,b0f066a214c2f5e87bad3c948f4d605d) (ScriptedImporter) -> (Import Result ID: '824947c7b1607306c553a23074d99a51') in 0.0213438 seconds [static and dynamic dependencies]. Details - ImportResultOutputID=ebd6125846b9fcedbefca47a7fa54aa9 DependenciesID=ccd323f59071c3dbaa0bb552311e5503 StaticDependenciesID=0ab184eeea769eb9f0241a0ef54395b6 
Number of updated asset objects reloaded before import = 0Number of asset objects unloaded after import = 142

========================================================================
Received Import Request.
  Time since last request: 0.000025 seconds.
  path: Assets/audio 1/space_sound/(最后的）Echoes of the Unspoken.mp3
  importAddress: Guid(87355e9ee1f17af428b29443ea66a825) Importer(2089858483,b0f066a214c2f5e87bad3c948f4d605d)
Start importing Assets/audio 1/space_sound/(最后的）Echoes of the Unspoken.mp3 using Guid(87355e9ee1f17af428b29443ea66a825) Importer(2089858483,b0f066a214c2f5e87bad3c948f4d605d) (ScriptedImporter) -> (Import Result ID: '523e4b4a1637b3b7fb80717f4a31e13e') in 0.0039291 seconds [static and dynamic dependencies]. Details - ImportResultOutputID=dcd911b34b9905605fb810162446a786 DependenciesID=534db77dac698b9f12a3222a3ba9d77a StaticDependenciesID=d52106e7e8a47ef19fe13e19b157b9c7 
Number of updated asset objects reloaded before import = 0Number of asset objects unloaded after import = 1

========================================================================
Received Import Request.
  Time since last request: 0.000144 seconds.
  path: Assets/timeline/Timeline_character1Timeline.playable
  importAddress: Guid(358d7213e256b5742ab0d77c72c9afe3) Importer(2089858483,b0f066a214c2f5e87bad3c948f4d605d)
Start importing Assets/timeline/Timeline_character1Timeline.playable using Guid(358d7213e256b5742ab0d77c72c9afe3) Importer(2089858483,b0f066a214c2f5e87bad3c948f4d605d) (ScriptedImporter) -> (Import Result ID: '5b8eb9a3a678ba418bf77483775c6a1e') in 0.0097184 seconds [static and dynamic dependencies]. Details - ImportResultOutputID=3498cff47e348540914fc701e0474c3f DependenciesID=f008f3966648486aa915592405924d89 StaticDependenciesID=bfae8d409c54959d7041ceb1a4672d75 
Number of updated asset objects reloaded before import = 0Number of asset objects unloaded after import = 8

========================================================================
Received Import Request.
  Time since last request: 0.000021 seconds.
  path: Assets/audio 1/space_sound/风声乌鸦声 氛围感强但有车声.mp3
  importAddress: Guid(c143927117f0e864aabde1cac18cdb8a) Importer(2089858483,b0f066a214c2f5e87bad3c948f4d605d)
Start importing Assets/audio 1/space_sound/风声乌鸦声 氛围感强但有车声.mp3 using Guid(c143927117f0e864aabde1cac18cdb8a) Importer(2089858483,b0f066a214c2f5e87bad3c948f4d605d) (ScriptedImporter) -> (Import Result ID: '172ae65712a65371c134cf75841abc4f') in 0.0034338 seconds [static and dynamic dependencies]. Details - ImportResultOutputID=8e187a051e9d6ea5760178de149f0d80 DependenciesID=38628590b997a46204011b5b96b854b9 StaticDependenciesID=b792c3d6e25a0305430662c258388982 
Number of updated asset objects reloaded before import = 0Number of asset objects unloaded after import = 1

========================================================================
Received Import Request.
  Time since last request: 0.000023 seconds.
  path: Assets/Textures/Mat3d66_15132010_8_56018.jpg
  importAddress: Guid(237a1aa50495c05419ff6fb7a546302d) Importer(2089858483,b0f066a214c2f5e87bad3c948f4d605d)
Start importing Assets/Textures/Mat3d66_15132010_8_56018.jpg using Guid(237a1aa50495c05419ff6fb7a546302d) Importer(2089858483,b0f066a214c2f5e87bad3c948f4d605d) (ScriptedImporter) -> (Import Result ID: '008a43de003c02ff9555d0ab4c218f02') in 0.007901 seconds [static and dynamic dependencies]. Details - ImportResultOutputID=f6d490dfe6461f53aec6d0b1ac4cec6f DependenciesID=54c3957b3a11acbcb7a36e0a00808a15 StaticDependenciesID=756eafc92bc44c196a314655df56def7 
Number of updated asset objects reloaded before import = 0Number of asset objects unloaded after import = 1

========================================================================
Received Import Request.
  Time since last request: 0.000030 seconds.
  path: Assets/audio 1/space_sound/狗叫.wav
  importAddress: Guid(c30fb76f735ecad409c418a20b579db3) Importer(2089858483,b0f066a214c2f5e87bad3c948f4d605d)
Start importing Assets/audio 1/space_sound/狗叫.wav using Guid(c30fb76f735ecad409c418a20b579db3) Importer(2089858483,b0f066a214c2f5e87bad3c948f4d605d) (ScriptedImporter) -> (Import Result ID: '24db801ccf95314f00e54995dfb1f171') in 0.0037707 seconds [static and dynamic dependencies]. Details - ImportResultOutputID=f66969c0682985fa917899209710840b DependenciesID=4345984e0ed72c9068e34565df976fbc StaticDependenciesID=23e854f8afaa307451446b80da1769b4 
Number of updated asset objects reloaded before import = 0Number of asset objects unloaded after import = 1

========================================================================
Received Import Request.
  Time since last request: 0.000018 seconds.
  path: Assets/audio 1/space_sound/脚步声 泥土碎石.wav
  importAddress: Guid(2490f7dc9bdb08c4dbb72d745409f435) Importer(2089858483,b0f066a214c2f5e87bad3c948f4d605d)
Start importing Assets/audio 1/space_sound/脚步声 泥土碎石.wav using Guid(2490f7dc9bdb08c4dbb72d745409f435) Importer(2089858483,b0f066a214c2f5e87bad3c948f4d605d) (ScriptedImporter) -> (Import Result ID: '0b871108afcd7673374c41176cd7f875') in 0.0036635 seconds [static and dynamic dependencies]. Details - ImportResultOutputID=b2001a7435ceae4d4486622ed08110aa DependenciesID=446ee48814ef2a2c687989e8d74dca98 StaticDependenciesID=08ab0140aade95e9359f822d1114fa34 
Number of updated asset objects reloaded before import = 0Number of asset objects unloaded after import = 1

========================================================================
Received Import Request.
  Time since last request: 0.000018 seconds.
  path: Assets/animation/5_/Neutral Idle.fbx
  importAddress: Guid(00c1e95d6154aae429c19a57f3316b11) Importer(2089858483,b0f066a214c2f5e87bad3c948f4d605d)
Start importing Assets/animation/5_/Neutral Idle.fbx using Guid(00c1e95d6154aae429c19a57f3316b11) Importer(2089858483,b0f066a214c2f5e87bad3c948f4d605d) (ScriptedImporter) -> (Import Result ID: '791e403cf54d41e36ef02274456b5b82') in 0.0196144 seconds [static and dynamic dependencies]. Details - ImportResultOutputID=e528c075d8cc4d226e3868a4d2ae5b03 DependenciesID=3ea9164968f2f50dcfc341fc9d26675c StaticDependenciesID=9a89b3de5eae0c758c357d7ba5333acc 
Number of updated asset objects reloaded before import = 0Number of asset objects unloaded after import = 168

========================================================================
Received Import Request.
  Time since last request: 0.000021 seconds.
  path: Assets/animation/5_/idle.controller
  importAddress: Guid(3b00af09f8c51ed44bf06c89c7bf25ca) Importer(2089858483,b0f066a214c2f5e87bad3c948f4d605d)
Start importing Assets/animation/5_/idle.controller using Guid(3b00af09f8c51ed44bf06c89c7bf25ca) Importer(2089858483,b0f066a214c2f5e87bad3c948f4d605d) (ScriptedImporter) -> (Import Result ID: '8606461a75858809ce13364d48403254') in 0.0048951 seconds [static and dynamic dependencies]. Details - ImportResultOutputID=fad80b085db1fc668d4710ea8f285620 DependenciesID=4ef6a5ebdb96f0c771624a0029745d4d StaticDependenciesID=7c56030c66d1aa70fef0a3a1eb9de4a2 
Number of updated asset objects reloaded before import = 0Number of asset objects unloaded after import = 4

========================================================================
Received Import Request.
  Time since last request: 0.000020 seconds.
  path: Assets/Textures/rock_moss_set_02_diff_4k.jpg
  importAddress: Guid(bb7a88d4d3b234c4298d7505ea5a62cf) Importer(2089858483,b0f066a214c2f5e87bad3c948f4d605d)
Start importing Assets/Textures/rock_moss_set_02_diff_4k.jpg using Guid(bb7a88d4d3b234c4298d7505ea5a62cf) Importer(2089858483,b0f066a214c2f5e87bad3c948f4d605d) (ScriptedImporter) -> (Import Result ID: 'b54b6c21b21a21271def42efb03cf91b') in 0.0073174 seconds [static and dynamic dependencies]. Details - ImportResultOutputID=cd7fb27f520aa11b5266b4b5f733ea42 DependenciesID=1c5a10242f7d48c70b91c3ba0fa45fd2 StaticDependenciesID=3c0c266a7c19801e7f61240e8757ebd8 
Number of updated asset objects reloaded before import = 0Number of asset objects unloaded after import = 1

========================================================================
Received Import Request.
  Time since last request: 0.000018 seconds.
  path: Assets/audio 1/space_sound/The Jade Silence.mp3
  importAddress: Guid(2f240db0eeb723b49aaacfa1add2f966) Importer(2089858483,b0f066a214c2f5e87bad3c948f4d605d)
Start importing Assets/audio 1/space_sound/The Jade Silence.mp3 using Guid(2f240db0eeb723b49aaacfa1add2f966) Importer(2089858483,b0f066a214c2f5e87bad3c948f4d605d) (ScriptedImporter) -> (Import Result ID: '178a9abe1f9f5ec7cb2cea3b4b6f7cf9') in 0.0044775 seconds [static and dynamic dependencies]. Details - ImportResultOutputID=30a921f156c15c3a01f3afc469850832 DependenciesID=d8fbfc7b3f817f226ad72ee9d8384a5e StaticDependenciesID=1c8021ac97dd2a1d2b25115c17bbb7fe 
Number of updated asset objects reloaded before import = 0Number of asset objects unloaded after import = 1

========================================================================
Received Import Request.
  Time since last request: 0.000023 seconds.
  path: Assets/timeline/EndTimeline.playable
  importAddress: Guid(c4218f78b5f7a2a42a2e892b8311304d) Importer(2089858483,b0f066a214c2f5e87bad3c948f4d605d)
Start importing Assets/timeline/EndTimeline.playable using Guid(c4218f78b5f7a2a42a2e892b8311304d) Importer(2089858483,b0f066a214c2f5e87bad3c948f4d605d) (ScriptedImporter) -> (Import Result ID: '772ad845af53309dc7383ce31826c162') in 0.0527672 seconds [static and dynamic dependencies]. Details - ImportResultOutputID=af4835b52c6a62b035f9409f618265d3 DependenciesID=5b578b43d4fa46f35412a46ae1618c72 StaticDependenciesID=a7e0b18da4e85e4d16f4681df4b435e3 
Number of updated asset objects reloaded before import = 0Number of asset objects unloaded after import = 262

========================================================================
Received Import Request.
  Time since last request: 0.000042 seconds.
  path: Assets/XR/XRGeneralSettingsPerBuildTarget.asset
  importAddress: Guid(870398cd796128041a60b43e9bd14d6d) Importer(2089858483,b0f066a214c2f5e87bad3c948f4d605d)
Start importing Assets/XR/XRGeneralSettingsPerBuildTarget.asset using Guid(870398cd796128041a60b43e9bd14d6d) Importer(2089858483,b0f066a214c2f5e87bad3c948f4d605d) (ScriptedImporter) -> (Import Result ID: 'ad109df4e6cf43e0a53477ed6d2054e4') in 0.0104251 seconds [static and dynamic dependencies]. Details - ImportResultOutputID=aebf440d2abf9510c09a00250e4ec4a0 DependenciesID=a0ca6a771946709570a9601200f0f349 StaticDependenciesID=aad5351bac8d9fc8d84a71b65dfa468b 
Number of updated asset objects reloaded before import = 0Number of asset objects unloaded after import = 4

========================================================================
Received Import Request.
  Time since last request: 0.000020 seconds.
  path: Assets/audio 1/shenmiao/独白14(2).wav
  importAddress: Guid(66460982aa3d8a64cb80798a9f6eb423) Importer(2089858483,b0f066a214c2f5e87bad3c948f4d605d)
Start importing Assets/audio 1/shenmiao/独白14(2).wav using Guid(66460982aa3d8a64cb80798a9f6eb423) Importer(2089858483,b0f066a214c2f5e87bad3c948f4d605d) (ScriptedImporter) -> (Import Result ID: 'fc0eaa37e8c631d6b1c7d89db8936433') in 0.0043996 seconds [static and dynamic dependencies]. Details - ImportResultOutputID=956083b881484428e229a3b40e487b53 DependenciesID=a12e8360cfaea340a568ba6c5c0997aa StaticDependenciesID=fbc83d995f6068ae55d691bd5625de9e 
Number of updated asset objects reloaded before import = 0Number of asset objects unloaded after import = 1

========================================================================
Received Import Request.
  Time since last request: 0.000021 seconds.
  path: Assets/timeline/SceneSequence_Timeline.playable
  importAddress: Guid(375c4634b680f1f4ca0b5ab4bdd1adb0) Importer(2089858483,b0f066a214c2f5e87bad3c948f4d605d)
Start importing Assets/timeline/SceneSequence_Timeline.playable using Guid(375c4634b680f1f4ca0b5ab4bdd1adb0) Importer(2089858483,b0f066a214c2f5e87bad3c948f4d605d) (ScriptedImporter) -> (Import Result ID: '909c41e8664e5c653104295774f52ec5') in 0.0155445 seconds [static and dynamic dependencies]. Details - ImportResultOutputID=0f2bdda33121b120160a1ea44487aed3 DependenciesID=6e156ac93c16ea7364b27301d8d3e928 StaticDependenciesID=6d5b51ad709c86baeff92fc8dc49348e 
Number of updated asset objects reloaded before import = 0Number of asset objects unloaded after import = 93

========================================================================
Received Import Request.
  Time since last request: 0.000019 seconds.
  path: Assets/audio 1/space_sound/普通风声环境音.wav
  importAddress: Guid(bb44ea01f9d478c439badbfe8c9028b1) Importer(2089858483,b0f066a214c2f5e87bad3c948f4d605d)
Start importing Assets/audio 1/space_sound/普通风声环境音.wav using Guid(bb44ea01f9d478c439badbfe8c9028b1) Importer(2089858483,b0f066a214c2f5e87bad3c948f4d605d) (ScriptedImporter) -> (Import Result ID: '22bc992e2fee3c4c11f981a0a3955cbe') in 0.0047936 seconds [static and dynamic dependencies]. Details - ImportResultOutputID=52e28b9a644d57e4a337d8448f312e77 DependenciesID=031aa828248c1f25c67635f2f1232db7 StaticDependenciesID=d8370f046e8a31f90fc7015c648ede89 
Number of updated asset objects reloaded before import = 0Number of asset objects unloaded after import = 1

========================================================================
Received Import Request.
  Time since last request: 0.000019 seconds.
  path: Assets/timeline/Timeline_character4Timeline.playable
  importAddress: Guid(6e48b9467828f1246be2fb34605826ba) Importer(2089858483,b0f066a214c2f5e87bad3c948f4d605d)
Start importing Assets/timeline/Timeline_character4Timeline.playable using Guid(6e48b9467828f1246be2fb34605826ba) Importer(2089858483,b0f066a214c2f5e87bad3c948f4d605d) (ScriptedImporter) -> (Import Result ID: 'f855c847e0619b6cc54fc9659c0beafe') in 0.0047551 seconds [static and dynamic dependencies]. Details - ImportResultOutputID=91fe11e528811b7b2c5d60866b6d5e81 DependenciesID=754162cd063a07b9726749a358ba2c8b StaticDependenciesID=bcbab48cb0c4de8bf5fef5582932c1d7 
Number of updated asset objects reloaded before import = 0Number of asset objects unloaded after import = 6

========================================================================
Received Import Request.
  Time since last request: 0.000018 seconds.
  path: Assets/audio 1/shenmiao/Echoes of the Unspoken.mp3
  importAddress: Guid(b54d9a5ecdc0c184ab85d7190c492632) Importer(2089858483,b0f066a214c2f5e87bad3c948f4d605d)
Start importing Assets/audio 1/shenmiao/Echoes of the Unspoken.mp3 using Guid(b54d9a5ecdc0c184ab85d7190c492632) Importer(2089858483,b0f066a214c2f5e87bad3c948f4d605d) (ScriptedImporter) -> (Import Result ID: '3aa25899c71c8011cbed82fdd7058eb1') in 0.0044177 seconds [static and dynamic dependencies]. Details - ImportResultOutputID=a0104aa446ccfec3f89173c853354454 DependenciesID=b57b266dea7eaba40e7d1efe6fadb383 StaticDependenciesID=f1ee1f9aaa0a42e8f65f64eb86a4849a 
Number of updated asset objects reloaded before import = 0Number of asset objects unloaded after import = 1

========================================================================
Received Import Request.
  Time since last request: 0.000023 seconds.
  path: Assets/audio 1/tomb/1低频音1分20.wav
  importAddress: Guid(db6facf32dc00294180ca29e2efec60b) Importer(2089858483,b0f066a214c2f5e87bad3c948f4d605d)
Start importing Assets/audio 1/tomb/1低频音1分20.wav using Guid(db6facf32dc00294180ca29e2efec60b) Importer(2089858483,b0f066a214c2f5e87bad3c948f4d605d) (ScriptedImporter) -> (Import Result ID: '3b799deef02736c151b12cf5a844ff01') in 0.0035109 seconds [static and dynamic dependencies]. Details - ImportResultOutputID=1d1d2f54913d4232239bccbd132e9c42 DependenciesID=b041e2cd70dd2061bd0532cafaf8858b StaticDependenciesID=de2c8417c646dba83e7c58dc21300965 
Number of updated asset objects reloaded before import = 0Number of asset objects unloaded after import = 1

========================================================================
Received Import Request.
  Time since last request: 0.000029 seconds.
  path: Assets/animation/4_Dig/Dig And Plant Seeds.fbx
  importAddress: Guid(0cb69967913eeeb4ea750afa8eddc5af) Importer(2089858483,b0f066a214c2f5e87bad3c948f4d605d)
Start importing Assets/animation/4_Dig/Dig And Plant Seeds.fbx using Guid(0cb69967913eeeb4ea750afa8eddc5af) Importer(2089858483,b0f066a214c2f5e87bad3c948f4d605d) (ScriptedImporter) -> (Import Result ID: '697eb31ff8b47a1d0ae3613078c32d6a') in 0.0183688 seconds [static and dynamic dependencies]. Details - ImportResultOutputID=2d3dc3bcfd173a212750b467dede3d5d DependenciesID=335d6537f38edcf7f237a7073ed23fe3 StaticDependenciesID=908dfe01154de624282e75ff7fea0ae9 
Number of updated asset objects reloaded before import = 0Number of asset objects unloaded after import = 167

========================================================================
Received Import Request.
  Time since last request: 0.000020 seconds.
  path: Assets/timeline/Timeline_character3Timeline.playable
  importAddress: Guid(084cf9afec26ce14bbe24f7f4684c4ff) Importer(2089858483,b0f066a214c2f5e87bad3c948f4d605d)
Start importing Assets/timeline/Timeline_character3Timeline.playable using Guid(084cf9afec26ce14bbe24f7f4684c4ff) Importer(2089858483,b0f066a214c2f5e87bad3c948f4d605d) (ScriptedImporter) -> (Import Result ID: '2828cfc4e731ce45a0af5d69200df4d0') in 0.0038597 seconds [static and dynamic dependencies]. Details - ImportResultOutputID=47c4bffc0fdb84d295dae6c216f51360 DependenciesID=9b55b6f58e177c7839cd385831d59ced StaticDependenciesID=2b68ee27ce4df1672adcaf0d097330d0 
Number of updated asset objects reloaded before import = 0Number of asset objects unloaded after import = 4

========================================================================
Received Import Request.
  Time since last request: 0.000021 seconds.
  path: Assets/audio 1/shenmiao/独白13（1）.wav
  importAddress: Guid(2d7def2be86e34f44b39e22bf06d8ff5) Importer(2089858483,b0f066a214c2f5e87bad3c948f4d605d)
Start importing Assets/audio 1/shenmiao/独白13（1）.wav using Guid(2d7def2be86e34f44b39e22bf06d8ff5) Importer(2089858483,b0f066a214c2f5e87bad3c948f4d605d) (ScriptedImporter) -> (Import Result ID: '47733b3b742ffee06adce54a89d52402') in 0.0036778 seconds [static and dynamic dependencies]. Details - ImportResultOutputID=317e920a13651eb3d768739505f3de40 DependenciesID=5bca5afc2ec91fa984babd090db0411e StaticDependenciesID=3c9e2ed23cff8b8969aa91eedee550dc 
Number of updated asset objects reloaded before import = 0Number of asset objects unloaded after import = 1

========================================================================
Received Import Request.
  Time since last request: 0.000021 seconds.
  path: Assets/animation/2_Idle/Breathing Idle.fbx
  importAddress: Guid(2fb541c55091086408d5d9dee81c3cf4) Importer(2089858483,b0f066a214c2f5e87bad3c948f4d605d)
Start importing Assets/animation/2_Idle/Breathing Idle.fbx using Guid(2fb541c55091086408d5d9dee81c3cf4) Importer(2089858483,b0f066a214c2f5e87bad3c948f4d605d) (ScriptedImporter) -> (Import Result ID: '2197a16bf94d90440677e69857f40630') in 0.0230866 seconds [static and dynamic dependencies]. Details - ImportResultOutputID=0d4360c451724c5d76cbe96ff0c33f41 DependenciesID=1736e8036e1eca2a674354a0e97f9c1d StaticDependenciesID=4aef8578838ec4811516c4ff91e9963f 
Number of updated asset objects reloaded before import = 0Number of asset objects unloaded after import = 167

========================================================================
Received Import Request.
  Time since last request: 0.000020 seconds.
  path: Assets/Textures/Mat3d66_15132010_9_29893.jpg
  importAddress: Guid(3338d0aab89312d41bca5504a48ab4b9) Importer(2089858483,b0f066a214c2f5e87bad3c948f4d605d)
Start importing Assets/Textures/Mat3d66_15132010_9_29893.jpg using Guid(3338d0aab89312d41bca5504a48ab4b9) Importer(2089858483,b0f066a214c2f5e87bad3c948f4d605d) (ScriptedImporter) -> (Import Result ID: 'b3920790224663d37a7145416e109d12') in 0.0080373 seconds [static and dynamic dependencies]. Details - ImportResultOutputID=6db759593b8d4d0e30c4335bb54202ac DependenciesID=f18e8f159d608b7d9576ca5d6703cb2e StaticDependenciesID=979209a05661f62f9972668b1472fc72 
Number of updated asset objects reloaded before import = 0Number of asset objects unloaded after import = 1

========================================================================
Received Import Request.
  Time since last request: 0.000029 seconds.
  path: Assets/timeline/timeline1Timeline.playable
  importAddress: Guid(f7a60c1be223cce4e8540ba8e52280d9) Importer(2089858483,b0f066a214c2f5e87bad3c948f4d605d)
Start importing Assets/timeline/timeline1Timeline.playable using Guid(f7a60c1be223cce4e8540ba8e52280d9) Importer(2089858483,b0f066a214c2f5e87bad3c948f4d605d) (ScriptedImporter) -> (Import Result ID: '9bdea4a7a4b3c23a68ac88d8836ecb4b') in 0.0060186 seconds [static and dynamic dependencies]. Details - ImportResultOutputID=c573b61ff4b4f1cec92b756ac246c80c DependenciesID=681d443900d0c4ecf8cee86209114898 StaticDependenciesID=79ffe3b98e8c7c6683975949d03db64a 
Number of updated asset objects reloaded before import = 0Number of asset objects unloaded after import = 51

========================================================================
Received Import Request.
  Time since last request: 0.000036 seconds.
  path: Assets/timeline/zoulang_timeline.playable
  importAddress: Guid(58d3893c757a6a24997eec8be50f0706) Importer(2089858483,b0f066a214c2f5e87bad3c948f4d605d)
Start importing Assets/timeline/zoulang_timeline.playable using Guid(58d3893c757a6a24997eec8be50f0706) Importer(2089858483,b0f066a214c2f5e87bad3c948f4d605d) (ScriptedImporter) -> (Import Result ID: '9330c269f7752056d4a2ddf182dd4829') in 0.0052527 seconds [static and dynamic dependencies]. Details - ImportResultOutputID=e4f16e00f6619597c6af101293bcfdef DependenciesID=b4b6cc06abe552734754387560ee51fa StaticDependenciesID=e33cb8e68061ed825343073919c0b348 
Number of updated asset objects reloaded before import = 0Number of asset objects unloaded after import = 10

========================================================================
Received Import Request.
  Time since last request: 0.000022 seconds.
  path: Assets/audio 1/space_sound/挖掘机 快3分钟.wav
  importAddress: Guid(a61ad862b1d9e954fae595ca25f20c91) Importer(2089858483,b0f066a214c2f5e87bad3c948f4d605d)
Start importing Assets/audio 1/space_sound/挖掘机 快3分钟.wav using Guid(a61ad862b1d9e954fae595ca25f20c91) Importer(2089858483,b0f066a214c2f5e87bad3c948f4d605d) (ScriptedImporter) -> (Import Result ID: '5a7a8271891ecaf42fb8bb202c805aae') in 0.0035378 seconds [static and dynamic dependencies]. Details - ImportResultOutputID=34f9c7bf1cd6e6c01a994ec1f530eab9 DependenciesID=4d0a9ac2ad66c2f29922bc26a1c2bb97 StaticDependenciesID=3e7b7105ae3e42901b9ea16a9d1662ac 
Number of updated asset objects reloaded before import = 0Number of asset objects unloaded after import = 1

========================================================================
Received Import Request.
  Time since last request: 0.000019 seconds.
  path: Assets/Textures/dead_tree_trunk_nor_gl_4k.exr
  importAddress: Guid(79d652f209e48ba44b9ebc7abd45dfdc) Importer(2089858483,b0f066a214c2f5e87bad3c948f4d605d)
Start importing Assets/Textures/dead_tree_trunk_nor_gl_4k.exr using Guid(79d652f209e48ba44b9ebc7abd45dfdc) Importer(2089858483,b0f066a214c2f5e87bad3c948f4d605d) (ScriptedImporter) -> (Import Result ID: '5f7df9dd412c4f57c4eeacd16d3c5c5a') in 0.0111924 seconds [static and dynamic dependencies]. Details - ImportResultOutputID=fe640106139011dd9474d55036a6020a DependenciesID=67897fb6b0f95b16ad82a727f8039d22 StaticDependenciesID=2b1e6b94f0ff70e78752c7e157bac7e0 
Number of updated asset objects reloaded before import = 0Number of asset objects unloaded after import = 1

========================================================================
Received Import Request.
  Time since last request: 0.000021 seconds.
  path: Assets/materials/Oracle Bones/Mat3d66_15132010_9_29893.mat
  importAddress: Guid(48593655692e598439125a6fb15f0b38) Importer(2089858483,b0f066a214c2f5e87bad3c948f4d605d)
Start importing Assets/materials/Oracle Bones/Mat3d66_15132010_9_29893.mat using Guid(48593655692e598439125a6fb15f0b38) Importer(2089858483,b0f066a214c2f5e87bad3c948f4d605d) (ScriptedImporter) -> (Import Result ID: 'd8ad9b3d88ea4483439a8e2587092b48') in 0.0061824 seconds [static and dynamic dependencies]. Details - ImportResultOutputID=d48c87f973b20a0b7c43b9183a86291f DependenciesID=ea590ab163a7545bf07ec1ddf504849b StaticDependenciesID=be5836e391a87ee0d0c5af6c3556d338 
Number of updated asset objects reloaded before import = 0Number of asset objects unloaded after import = 2

========================================================================
Received Import Request.
  Time since last request: 0.000022 seconds.
  path: Assets/materials/Meshy_AI_Hand_of_the_Ancients_0731180511_texture_fbx/Meshy_AI_Hand_of_the_Ancients_0731180511_texture.png
  importAddress: Guid(e4f8d3a2b17d73c4f80c55fe22938980) Importer(2089858483,b0f066a214c2f5e87bad3c948f4d605d)
Start importing Assets/materials/Meshy_AI_Hand_of_the_Ancients_0731180511_texture_fbx/Meshy_AI_Hand_of_the_Ancients_0731180511_texture.png using Guid(e4f8d3a2b17d73c4f80c55fe22938980) Importer(2089858483,b0f066a214c2f5e87bad3c948f4d605d) (ScriptedImporter) -> (Import Result ID: '99dee5823463186eb0b38c16f99a1fd4') in 0.0099796 seconds [static and dynamic dependencies]. Details - ImportResultOutputID=cd0222559926ad7fce8e699caa4610d3 DependenciesID=19d6c26ef7bb00a2e8028bbfb929d3f2 StaticDependenciesID=68cda405066da0669f5d722fcbee7a42 
Number of updated asset objects reloaded before import = 0Number of asset objects unloaded after import = 1

========================================================================
Received Import Request.
  Time since last request: 0.000024 seconds.
  path: Assets/materials/Meshy_AI_Runic_Stone_Fragment_0801055037_texture_fbx/Meshy_AI_Runic_Stone_Fragment_0801055037_texture.png
  importAddress: Guid(e1570e396354a754c8a0cb1f7e3bfe5a) Importer(2089858483,b0f066a214c2f5e87bad3c948f4d605d)
Start importing Assets/materials/Meshy_AI_Runic_Stone_Fragment_0801055037_texture_fbx/Meshy_AI_Runic_Stone_Fragment_0801055037_texture.png using Guid(e1570e396354a754c8a0cb1f7e3bfe5a) Importer(2089858483,b0f066a214c2f5e87bad3c948f4d605d) (ScriptedImporter) -> (Import Result ID: 'ef977b6282f94f6c6345c349ee4ab39a') in 0.008573 seconds [static and dynamic dependencies]. Details - ImportResultOutputID=f83fceef90be52eb5008ed5b1d5190f4 DependenciesID=17f5128baa130d04b7e7e81c938e37af StaticDependenciesID=cd00f8ac221fd65f58bbc988995da0f8 
Number of updated asset objects reloaded before import = 0Number of asset objects unloaded after import = 1

========================================================================
Received Import Request.
  Time since last request: 0.000034 seconds.
  path: Assets/materials/Meshy_AI_Cracked_Runestone_0801054926_texture_fbx/Meshy_AI_Cracked_Runestone_0801054926_texture.fbx
  importAddress: Guid(7dc224031516af540a2502023faac567) Importer(2089858483,b0f066a214c2f5e87bad3c948f4d605d)
Start importing Assets/materials/Meshy_AI_Cracked_Runestone_0801054926_texture_fbx/Meshy_AI_Cracked_Runestone_0801054926_texture.fbx using Guid(7dc224031516af540a2502023faac567) Importer(2089858483,b0f066a214c2f5e87bad3c948f4d605d) (ScriptedImporter) -> (Import Result ID: 'fb9656947f1d63db3145dfbd520a0f4b') in 0.0509446 seconds [static and dynamic dependencies]. Details - ImportResultOutputID=b130fb704e34d5931222cf6b876b335c DependenciesID=5ca07582c1fbba9c67da63d2d515fe99 StaticDependenciesID=60c5fd8565cdf9ebd76bd878bdfb827c 
Number of updated asset objects reloaded before import = 0Number of asset objects unloaded after import = 8

========================================================================
Received Import Request.
  Time since last request: 0.000027 seconds.
  path: Assets/materials/Meshy_AI_Hand_of_the_Ancients_0731180511_texture_fbx/Meshy_AI_Hand_of_the_Ancients_0731180511_texture_roughness.png
  importAddress: Guid(dfc47090155c0dc4ea9a2fcaebb9bc9a) Importer(2089858483,b0f066a214c2f5e87bad3c948f4d605d)
Start importing Assets/materials/Meshy_AI_Hand_of_the_Ancients_0731180511_texture_fbx/Meshy_AI_Hand_of_the_Ancients_0731180511_texture_roughness.png using Guid(dfc47090155c0dc4ea9a2fcaebb9bc9a) Importer(2089858483,b0f066a214c2f5e87bad3c948f4d605d) (ScriptedImporter) -> (Import Result ID: '5ddc809fdfd1533dc449d6f262171077') in 0.0091871 seconds [static and dynamic dependencies]. Details - ImportResultOutputID=c50d94f350b64e1b0cb39f3ae52ef75d DependenciesID=d083f7146832a07715e4b73a53d3fd69 StaticDependenciesID=df564ac03a17a16c00591e8e93cf5807 
Number of updated asset objects reloaded before import = 0Number of asset objects unloaded after import = 1

========================================================================
Received Import Request.
  Time since last request: 0.000019 seconds.
  path: Assets/Ian's Fire Pack Universal/Objects/Candle.fbx
  importAddress: Guid(8f328578f08684b1fb1f8fd873c348ad) Importer(2089858483,b0f066a214c2f5e87bad3c948f4d605d)
Start importing Assets/Ian's Fire Pack Universal/Objects/Candle.fbx using Guid(8f328578f08684b1fb1f8fd873c348ad) Importer(2089858483,b0f066a214c2f5e87bad3c948f4d605d) (ScriptedImporter) -> (Import Result ID: '64e8d9c0ee237520c1e1907874c4b6ca') in 0.0106263 seconds [static and dynamic dependencies]. Details - ImportResultOutputID=696f533f8fe733db85d3e9c6bb9eb76b DependenciesID=9fb435714a6f5cd0c698d96fe492d026 StaticDependenciesID=4348b5a24f5987bfdff56813b953c8c0 
Number of updated asset objects reloaded before import = 0Number of asset objects unloaded after import = 9

========================================================================
Received Import Request.
  Time since last request: 0.000022 seconds.
  path: Assets/materials/burn/burn1 4.mat
  importAddress: Guid(7e611ff0193abe148b8835910987b75d) Importer(2089858483,b0f066a214c2f5e87bad3c948f4d605d)
Start importing Assets/materials/burn/burn1 4.mat using Guid(7e611ff0193abe148b8835910987b75d) Importer(2089858483,b0f066a214c2f5e87bad3c948f4d605d) (ScriptedImporter) -> (Import Result ID: '60624be8df1b3c8280c7c67fb54227fe') in 0.0114495 seconds [static and dynamic dependencies]. Details - ImportResultOutputID=d4d384f9dda7692ff035387ceb5ef308 DependenciesID=95d24f5bdef9cb484eff138bb00f8273 StaticDependenciesID=5aa137eb15d3b7dc1f4dc28da3828e08 
Number of updated asset objects reloaded before import = 0Number of asset objects unloaded after import = 8

========================================================================
Received Import Request.
  Time since last request: 0.000027 seconds.
  path: Assets/materials/Meshy_AI_Bronze_Ritual_Vessel__0731180908_texture_fbx/Meshy_AI_Bronze_Ritual_Vessel__0731180908_texture_roughness.png
  importAddress: Guid(cb7829d1aaa6c704d8e0898d7f55f6e5) Importer(2089858483,b0f066a214c2f5e87bad3c948f4d605d)
Start importing Assets/materials/Meshy_AI_Bronze_Ritual_Vessel__0731180908_texture_fbx/Meshy_AI_Bronze_Ritual_Vessel__0731180908_texture_roughness.png using Guid(cb7829d1aaa6c704d8e0898d7f55f6e5) Importer(2089858483,b0f066a214c2f5e87bad3c948f4d605d) (ScriptedImporter) -> (Import Result ID: '7b6aa8f4a1a189b3faab50c8f4532a7f') in 0.0091513 seconds [static and dynamic dependencies]. Details - ImportResultOutputID=c7c503ba8295854d4986532f6aca35c4 DependenciesID=e3ac333d52b578821628062c84f7bacf StaticDependenciesID=d6994b1986bc52eceaae188117036e93 
Number of updated asset objects reloaded before import = 0Number of asset objects unloaded after import = 1

========================================================================
Received Import Request.
  Time since last request: 0.000040 seconds.
  path: Assets/Ian's Fire Pack Universal/Textures/EmberPile.png
  importAddress: Guid(2bc37f0a4a1a047f3b6f838ca84a0747) Importer(2089858483,b0f066a214c2f5e87bad3c948f4d605d)
Start importing Assets/Ian's Fire Pack Universal/Textures/EmberPile.png using Guid(2bc37f0a4a1a047f3b6f838ca84a0747) Importer(2089858483,b0f066a214c2f5e87bad3c948f4d605d) (ScriptedImporter) -> (Import Result ID: 'f3c628f5190b7a2db409c02de865b2cc') in 0.0105834 seconds [static and dynamic dependencies]. Details - ImportResultOutputID=9b8bc4c2b2c6b0f0e836297c359a692d DependenciesID=7956f524748df8b0f97edaf4dbb1072b StaticDependenciesID=d75cd352c858c57c7961cf49ba34f92b 
Number of updated asset objects reloaded before import = 0Number of asset objects unloaded after import = 1

========================================================================
Received Import Request.
  Time since last request: 0.000016 seconds.
  path: Assets/Ian's Fire Pack Universal/Objects/Torch.fbx
  importAddress: Guid(5a78d1d23e45f4ebab9e9d74a0ae7d6c) Importer(2089858483,b0f066a214c2f5e87bad3c948f4d605d)
Start importing Assets/Ian's Fire Pack Universal/Objects/Torch.fbx using Guid(5a78d1d23e45f4ebab9e9d74a0ae7d6c) Importer(2089858483,b0f066a214c2f5e87bad3c948f4d605d) (ScriptedImporter) -> (Import Result ID: '971f10434048839bdd5054e8b40a586d') in 0.0103905 seconds [static and dynamic dependencies]. Details - ImportResultOutputID=3cd6404b8f9aaa59a20918ad87c09957 DependenciesID=56305a082619253347e5a6b1d657e43b StaticDependenciesID=99c6e2b66671e804e28e6362bb22e3a2 
Number of updated asset objects reloaded before import = 0Number of asset objects unloaded after import = 9

========================================================================
Received Import Request.
  Time since last request: 0.000019 seconds.
  path: Assets/Ian's Fire Pack Universal/Textures/fireTile4.png
  importAddress: Guid(da2fcb81dbcf146dba224c2092ca7835) Importer(2089858483,b0f066a214c2f5e87bad3c948f4d605d)
Start importing Assets/Ian's Fire Pack Universal/Textures/fireTile4.png using Guid(da2fcb81dbcf146dba224c2092ca7835) Importer(2089858483,b0f066a214c2f5e87bad3c948f4d605d) (ScriptedImporter) -> (Import Result ID: '975ae526b1d5463fbb55aeb8db57c968') in 0.0094576 seconds [static and dynamic dependencies]. Details - ImportResultOutputID=3ed62ccff03a57857cb47694460938c5 DependenciesID=50445bf726c39b691ee1a21da867064c StaticDependenciesID=c4ef5015b7a30de73c4c1b79bbd1ed3c 
Number of updated asset objects reloaded before import = 0Number of asset objects unloaded after import = 1

========================================================================
Received Import Request.
  Time since last request: 0.000045 seconds.
  path: Assets/materials/reuv/2.fbx
  importAddress: Guid(4a860719baa01ac49bc8895503ae0808) Importer(2089858483,b0f066a214c2f5e87bad3c948f4d605d)
Start importing Assets/materials/reuv/2.fbx using Guid(4a860719baa01ac49bc8895503ae0808) Importer(2089858483,b0f066a214c2f5e87bad3c948f4d605d) (ScriptedImporter) -> (Import Result ID: '614a6c2af9fb2164d2cf4fa3ed74fc02') in 0.008791 seconds [static and dynamic dependencies]. Details - ImportResultOutputID=baf98a4ad05d95bb87288bcbdf92e29f DependenciesID=0489b0ff55f6b571cce829e1fc990adc StaticDependenciesID=c6dee71d5c7eefd812b3babe47b6e532 
Number of updated asset objects reloaded before import = 0Number of asset objects unloaded after import = 8

========================================================================
Received Import Request.
  Time since last request: 0.000017 seconds.
  path: Assets/materials/Meshy_AI_Bronze_Ritual_Vessel__0731180908_texture_fbx/Meshy_AI_Bronze_Ritual_Vessel__0731180908_texture.fbx
  importAddress: Guid(a6d9128fdd823cd4d906b843b1441ab2) Importer(2089858483,b0f066a214c2f5e87bad3c948f4d605d)
Start importing Assets/materials/Meshy_AI_Bronze_Ritual_Vessel__0731180908_texture_fbx/Meshy_AI_Bronze_Ritual_Vessel__0731180908_texture.fbx using Guid(a6d9128fdd823cd4d906b843b1441ab2) Importer(2089858483,b0f066a214c2f5e87bad3c948f4d605d) (ScriptedImporter) -> (Import Result ID: '62acb58d140967546209d7d36fa2bc50') in 0.0902909 seconds [static and dynamic dependencies]. Details - ImportResultOutputID=31563250c50b8d30ee3e77b618cd79d8 DependenciesID=b21269627c121558f1bc8390b0226916 StaticDependenciesID=8ed692189719c0d8ac507ab7ba2c8299 
Number of updated asset objects reloaded before import = 0Number of asset objects unloaded after import = 8

========================================================================
Received Import Request.
  Time since last request: 0.000026 seconds.
  path: Assets/materials/Meshy_AI_Ancient_Bronze_Plaque_0731180540_texture_fbx/Meshy_AI_Ancient_Bronze_Plaque_0731180540_texture.png
  importAddress: Guid(2b00a8055331b3a42a6a00fca36276b6) Importer(2089858483,b0f066a214c2f5e87bad3c948f4d605d)
Start importing Assets/materials/Meshy_AI_Ancient_Bronze_Plaque_0731180540_texture_fbx/Meshy_AI_Ancient_Bronze_Plaque_0731180540_texture.png using Guid(2b00a8055331b3a42a6a00fca36276b6) Importer(2089858483,b0f066a214c2f5e87bad3c948f4d605d) (ScriptedImporter) -> (Import Result ID: '3732195cb3950a57abec1e5517ee9242') in 0.0085528 seconds [static and dynamic dependencies]. Details - ImportResultOutputID=d6eba8c836a8be9ad0b2ba03149de809 DependenciesID=b7c4917c7139ec3a85c6e565726c343b StaticDependenciesID=2e9f053e7ce606a4faed977b35e86952 
Number of updated asset objects reloaded before import = 0Number of asset objects unloaded after import = 1

========================================================================
Received Import Request.
  Time since last request: 0.000031 seconds.
  path: Assets/materials/Meshy_AI_Ancient_Bronze_Plaque_0731180540_texture_fbx/Meshy_AI_Ancient_Bronze_Plaque_0731180540_texture_roughness.png
  importAddress: Guid(2196ed72097fa4a49902661bf8587b00) Importer(2089858483,b0f066a214c2f5e87bad3c948f4d605d)
Start importing Assets/materials/Meshy_AI_Ancient_Bronze_Plaque_0731180540_texture_fbx/Meshy_AI_Ancient_Bronze_Plaque_0731180540_texture_roughness.png using Guid(2196ed72097fa4a49902661bf8587b00) Importer(2089858483,b0f066a214c2f5e87bad3c948f4d605d) (ScriptedImporter) -> (Import Result ID: '7ddfc92bae708846402c9330edfc2ad9') in 0.0073929 seconds [static and dynamic dependencies]. Details - ImportResultOutputID=95c4ac7ea04c7bf3faed8f697cae09b1 DependenciesID=581fbd59b84905d493b53fddbc2ab354 StaticDependenciesID=a93045db5ad4920992cd95a90f58c7bc 
Number of updated asset objects reloaded before import = 0Number of asset objects unloaded after import = 1

========================================================================
Received Import Request.
  Time since last request: 0.000020 seconds.
  path: Assets/materials/Meshy_AI_Bronze_Ritual_Vessel__0731180908_texture_fbx/Meshy_AI_Bronze_Ritual_Vessel__0731180908_texture.png
  importAddress: Guid(7343c5f2747b23f49b4a8542a10c47fd) Importer(2089858483,b0f066a214c2f5e87bad3c948f4d605d)
Start importing Assets/materials/Meshy_AI_Bronze_Ritual_Vessel__0731180908_texture_fbx/Meshy_AI_Bronze_Ritual_Vessel__0731180908_texture.png using Guid(7343c5f2747b23f49b4a8542a10c47fd) Importer(2089858483,b0f066a214c2f5e87bad3c948f4d605d) (ScriptedImporter) -> (Import Result ID: 'd9da691eee3360a8ac0027d82eab8f79') in 0.0102827 seconds [static and dynamic dependencies]. Details - ImportResultOutputID=51bd0b34baf8ac76a898631531f46696 DependenciesID=5fef895160587572447879e0b7191a1e StaticDependenciesID=e94b9449da7e65bc2b00b1d9d91f502b 
Number of updated asset objects reloaded before import = 0Number of asset objects unloaded after import = 1

========================================================================
Received Import Request.
  Time since last request: 0.000018 seconds.
  path: Assets/audio 1/tomb/6清洁刷声.m4a
  importAddress: Guid(dccfbc0c9f8e1984cb2c044eebabcd5f) Importer(2089858483,b0f066a214c2f5e87bad3c948f4d605d)
Start importing Assets/audio 1/tomb/6清洁刷声.m4a using Guid(dccfbc0c9f8e1984cb2c044eebabcd5f) Importer(2089858483,b0f066a214c2f5e87bad3c948f4d605d) (ScriptedImporter) -> (Import Result ID: '970bce595bc21c4fd4beb675f5366700') in 0.0049477 seconds [static and dynamic dependencies]. Details - ImportResultOutputID=9dc30b0b41f3420f37e92202b75b0880 DependenciesID=ce5c2d6fc1f9f14bbf14ab2965f6fe88 StaticDependenciesID=54504e92dc799636bdf67a2bdd2a1aaa 
Number of updated asset objects reloaded before import = 0Number of asset objects unloaded after import = 1

========================================================================
Received Import Request.
  Time since last request: 0.000017 seconds.
  path: Assets/materials/Meshy_AI_Hand_of_the_Ancients_0731180511_texture_fbx/Meshy_AI_Hand_of_the_Ancients_0731180511_texture.fbx
  importAddress: Guid(ce88369905b3ffe4fb048d5d898c7c3f) Importer(2089858483,b0f066a214c2f5e87bad3c948f4d605d)
Start importing Assets/materials/Meshy_AI_Hand_of_the_Ancients_0731180511_texture_fbx/Meshy_AI_Hand_of_the_Ancients_0731180511_texture.fbx using Guid(ce88369905b3ffe4fb048d5d898c7c3f) Importer(2089858483,b0f066a214c2f5e87bad3c948f4d605d) (ScriptedImporter) -> (Import Result ID: '3d09dc37d918cd86e177ff6005bc588c') in 0.0139798 seconds [static and dynamic dependencies]. Details - ImportResultOutputID=4f57ffc834361bcbdb5fd222e4535921 DependenciesID=af7783cdbd5dcb66e8f12581d960f85a StaticDependenciesID=1906cd23cb768e03c1710f92ff66e467 
Number of updated asset objects reloaded before import = 0Number of asset objects unloaded after import = 8

========================================================================
Received Import Request.
  Time since last request: 0.000021 seconds.
  path: Assets/audio 1/tomb/5灰尘.wav
  importAddress: Guid(fb38b554be0c4154ab31a2ac1d0bdea2) Importer(2089858483,b0f066a214c2f5e87bad3c948f4d605d)
Start importing Assets/audio 1/tomb/5灰尘.wav using Guid(fb38b554be0c4154ab31a2ac1d0bdea2) Importer(2089858483,b0f066a214c2f5e87bad3c948f4d605d) (ScriptedImporter) -> (Import Result ID: '761ca4411c4a917c7ae4f92098fd1e5a') in 0.0034969 seconds [static and dynamic dependencies]. Details - ImportResultOutputID=c14c0abe4d720b7aa0126343fac39ecd DependenciesID=9da120c5f1474ebb24899b149ffa2b15 StaticDependenciesID=4a60d1e4fd89ee896feb9c8fe0f11bd4 
Number of updated asset objects reloaded before import = 0Number of asset objects unloaded after import = 1

========================================================================
Received Import Request.
  Time since last request: 0.000020 seconds.
  path: Assets/Scripts/DissolveTest.cs
  importAddress: Guid(60cf659c6c7ab1e4aabb0795174bcd17) Importer(2089858483,b0f066a214c2f5e87bad3c948f4d605d)
Start importing Assets/Scripts/DissolveTest.cs using Guid(60cf659c6c7ab1e4aabb0795174bcd17) Importer(2089858483,b0f066a214c2f5e87bad3c948f4d605d) (ScriptedImporter) -> (Import Result ID: '32f9db09f0c326e5dda667c1dae33d50') in 0.0027326 seconds [static and dynamic dependencies]. Details - ImportResultOutputID=9403bda8224b82bbed5f4e76c783112b DependenciesID=6077fcddfd178e89151e513c030931b0 StaticDependenciesID=b7888eca7cd05f3194a027ee1961e95a 
Number of updated asset objects reloaded before import = 0Number of asset objects unloaded after import = 0

========================================================================
Received Import Request.
  Time since last request: 0.000037 seconds.
  path: Assets/Scripts/FireIgnitionTrigger.cs
  importAddress: Guid(03d81ab5d5788f045849bd91d10a883b) Importer(2089858483,b0f066a214c2f5e87bad3c948f4d605d)
Start importing Assets/Scripts/FireIgnitionTrigger.cs using Guid(03d81ab5d5788f045849bd91d10a883b) Importer(2089858483,b0f066a214c2f5e87bad3c948f4d605d) (ScriptedImporter) -> (Import Result ID: '388f9d8811364002ae95ba46d36288d7') in 0.0028932 seconds [static and dynamic dependencies]. Details - ImportResultOutputID=3012d3fa3e282d8b0dc842feb184160d DependenciesID=46853d1b5369b1b7894a9c039edc0684 StaticDependenciesID=c220f07c8327d3783f4d9be1eb651e81 
Number of updated asset objects reloaded before import = 0Number of asset objects unloaded after import = 0

========================================================================
Received Import Request.
  Time since last request: 0.000019 seconds.
  path: Assets/_Recovery/0.unity
  importAddress: Guid(fbfbc39a0c30fa14a84162a17dce8f7e) Importer(2089858483,e11c23a36db5f54750b8cd40eac0985b)
Start importing Assets/_Recovery/0.unity using Guid(fbfbc39a0c30fa14a84162a17dce8f7e) Importer(2089858483,e11c23a36db5f54750b8cd40eac0985b) (ScriptedImporter)Opening scene 'Assets/_Recovery/0.unity additively'
Loaded scene 'Assets/_Recovery/0.unity'
	Deserialize:            10.908 ms
	Integration:            2.048 ms
	Integration of assets:  0.902 ms
	Thread Wait Time:       0.015 ms
	Total Operation Time:   13.873 ms
 -> (Import Result ID: '2f46bcf1ca55814ff0a6c70aef1bffdb') in 0.0660746 seconds [static and dynamic dependencies]. Details - ImportResultOutputID=2d387333b14721b978540d748e45e031 DependenciesID=11228e7a9ffe120a2d82e152c582e38f StaticDependenciesID=55691b3de47ebf64378bd8d782e55a33 
Number of updated asset objects reloaded before import = 0Number of asset objects unloaded after import = 76

========================================================================
Received Import Request.
  Time since last request: 0.000022 seconds.
  path: Assets/gallery/ebec779c5bb0d6f73f225eefd9133986.png
  importAddress: Guid(859e2421305e54d4f9513b94b82e7cc7) Importer(2089858483,b0f066a214c2f5e87bad3c948f4d605d)
Start importing Assets/gallery/ebec779c5bb0d6f73f225eefd9133986.png using Guid(859e2421305e54d4f9513b94b82e7cc7) Importer(2089858483,b0f066a214c2f5e87bad3c948f4d605d) (ScriptedImporter) -> (Import Result ID: '4a76438392326c71a6732ad8ad29f5d7') in 0.0078618 seconds [static and dynamic dependencies]. Details - ImportResultOutputID=de49f6423f222c9f4313e7241758c914 DependenciesID=2db06d96317a0c9c94aa6aaa76d5205a StaticDependenciesID=f8bc3b4bae56a9a95fcbbc7d6837dd4a 
Number of updated asset objects reloaded before import = 0Number of asset objects unloaded after import = 3

========================================================================
Received Import Request.
  Time since last request: 0.000023 seconds.
  path: Assets/materials/reuv/2.mat
  importAddress: Guid(d1d3a7af51ef575499e21ad92d1ac4af) Importer(2089858483,b0f066a214c2f5e87bad3c948f4d605d)
Start importing Assets/materials/reuv/2.mat using Guid(d1d3a7af51ef575499e21ad92d1ac4af) Importer(2089858483,b0f066a214c2f5e87bad3c948f4d605d) (ScriptedImporter) -> (Import Result ID: 'd15cc1367617d09400ea3bd4626ddb9c') in 0.0109318 seconds [static and dynamic dependencies]. Details - ImportResultOutputID=1892197bce3b9cf1ff37d2d16a66acae DependenciesID=c881fbe7dd42993aa726b331f696f27f StaticDependenciesID=04220577ed31b55995b7a308865b266e 
Number of updated asset objects reloaded before import = 0Number of asset objects unloaded after import = 8

========================================================================
Received Import Request.
  Time since last request: 0.000031 seconds.
  path: Assets/materials/黑天.mat
  importAddress: Guid(0db68cb5a9e6a224bac6b42581783246) Importer(2089858483,b0f066a214c2f5e87bad3c948f4d605d)
Start importing Assets/materials/黑天.mat using Guid(0db68cb5a9e6a224bac6b42581783246) Importer(2089858483,b0f066a214c2f5e87bad3c948f4d605d) (ScriptedImporter) -> (Import Result ID: '57c51462c6e081a357cba905cc477821') in 0.0055304 seconds [static and dynamic dependencies]. Details - ImportResultOutputID=bc3a8461824d7bafd5e480974c3883a1 DependenciesID=c77966a70954ab365fb1f289495b2f0c StaticDependenciesID=0632ce0b54b8cb2cdcebe72728bacad0 
Number of updated asset objects reloaded before import = 0Number of asset objects unloaded after import = 1

========================================================================
Received Import Request.
  Time since last request: 0.119028 seconds.
  path: Assets/materials/reuv/4.mat
  importAddress: Guid(9367df1eb9529374daab70d48afb552b) Importer(2089858483,b0f066a214c2f5e87bad3c948f4d605d)
Start importing Assets/materials/reuv/4.mat using Guid(9367df1eb9529374daab70d48afb552b) Importer(2089858483,b0f066a214c2f5e87bad3c948f4d605d) (ScriptedImporter) -> (Import Result ID: '3aab98d3625cf8715af3002c1408de3b') in 0.0111399 seconds [static and dynamic dependencies]. Details - ImportResultOutputID=7b48712b82b5f1e55991ee104f26c61a DependenciesID=213e8e593bf9d9fe4a5cebd0ff62d6fd StaticDependenciesID=b4e1f3d3ce6bc9cfaece4ddb51866f16 
Number of updated asset objects reloaded before import = 0Number of asset objects unloaded after import = 8

========================================================================
Received Import Request.
  Time since last request: 0.000017 seconds.
  path: Assets/Settings/HDRPDefaultResources/FoliageDiffusionProfile.asset
  importAddress: Guid(879ffae44eefa4412bb327928f1a96dd) Importer(2089858483,b0f066a214c2f5e87bad3c948f4d605d)
Start importing Assets/Settings/HDRPDefaultResources/FoliageDiffusionProfile.asset using Guid(879ffae44eefa4412bb327928f1a96dd) Importer(2089858483,b0f066a214c2f5e87bad3c948f4d605d) (ScriptedImporter) -> (Import Result ID: 'a833fefd5eda5253f7aa9d9c04a5258b') in 0.0029162 seconds [static and dynamic dependencies]. Details - ImportResultOutputID=6b84e11e433b7e58355ad1004a6cc5f6 DependenciesID=8b3358b5c0f31be362d8e56b1ed39ad3 StaticDependenciesID=ddc2bfeaa95d7b5cfc395e5917d1ad6e 
Number of updated asset objects reloaded before import = 0Number of asset objects unloaded after import = 1

========================================================================
Received Import Request.
  Time since last request: 0.000026 seconds.
  path: Assets/TripoModels/ancient_chinese_statue_3d_model_2/ancient_chinese_statue_3d_model_2.fbx
  importAddress: Guid(9f0e4cc24307cd74297149e4cadaa092) Importer(2089858483,b0f066a214c2f5e87bad3c948f4d605d)
Start importing Assets/TripoModels/ancient_chinese_statue_3d_model_2/ancient_chinese_statue_3d_model_2.fbx using Guid(9f0e4cc24307cd74297149e4cadaa092) Importer(2089858483,b0f066a214c2f5e87bad3c948f4d605d) (ScriptedImporter)MaterialLocation.External is obsolete. External Material Location is no longer supported. (Assets/TripoModels/ancient_chinese_statue_3d_model_2/ancient_chinese_statue_3d_model_2.fbx)
 -> (Import Result ID: '6d1e467522c3dfb92a22ac4590f72fb7') in 0.007487 seconds [static and dynamic dependencies]. Details - ImportResultOutputID=be35eb5659b9bbcf1e9ef501c7f4fa84 DependenciesID=070aff4b4fe99ca2f2414b79264b27ae StaticDependenciesID=48d6cad59fefc07139eb3f89dbdc5288 
Number of updated asset objects reloaded before import = 0Number of asset objects unloaded after import = 8

========================================================================
Received Import Request.
  Time since last request: 0.000030 seconds.
  path: Assets/TripoModels/stone_king_statue_3d_model/stone_king_statue_3d_model.fbx
  importAddress: Guid(4495f8c7a97fd6540a04de8f8ac6c74f) Importer(2089858483,b0f066a214c2f5e87bad3c948f4d605d)
Start importing Assets/TripoModels/stone_king_statue_3d_model/stone_king_statue_3d_model.fbx using Guid(4495f8c7a97fd6540a04de8f8ac6c74f) Importer(2089858483,b0f066a214c2f5e87bad3c948f4d605d) (ScriptedImporter)MaterialLocation.External is obsolete. External Material Location is no longer supported. (Assets/TripoModels/stone_king_statue_3d_model/stone_king_statue_3d_model.fbx)
 -> (Import Result ID: '828610e7d957e9c0231c33a7312b38db') in 0.0093383 seconds [static and dynamic dependencies]. Details - ImportResultOutputID=4971ff59802b78760fa7959538719784 DependenciesID=674c0e5737d231b59363912755026b23 StaticDependenciesID=4fae72d5c8f138a3f0270d474f88a94f 
Number of updated asset objects reloaded before import = 0Number of asset objects unloaded after import = 8

========================================================================
Received Import Request.
  Time since last request: 0.000016 seconds.
  path: Assets/TextMesh Pro/Shaders/TMP_SDF-URP Lit.shadergraph
  importAddress: Guid(a3d800b099a06e0478fb790c5e79057a) Importer(2089858483,b0f066a214c2f5e87bad3c948f4d605d)
Start importing Assets/TextMesh Pro/Shaders/TMP_SDF-URP Lit.shadergraph using Guid(a3d800b099a06e0478fb790c5e79057a) Importer(2089858483,b0f066a214c2f5e87bad3c948f4d605d) (ScriptedImporter) -> (Import Result ID: 'd95d19df2e7d4d395b221c9b7c8ab803') in 0.0153217 seconds [static and dynamic dependencies]. Details - ImportResultOutputID=c67d66f0e3295f6900dac81b1164ecf7 DependenciesID=eba4c844979062d470c739f308d4f02a StaticDependenciesID=862a4b64adc3cbc3af4bdbed03dcd58a 
Number of updated asset objects reloaded before import = 0Number of asset objects unloaded after import = 4

========================================================================
Received Import Request.
  Time since last request: 0.000018 seconds.
  path: Assets/materials/reuv/newNormal3.png
  importAddress: Guid(6d5d79f62f7780f48a1917deb0f4cf9b) Importer(2089858483,b0f066a214c2f5e87bad3c948f4d605d)
Start importing Assets/materials/reuv/newNormal3.png using Guid(6d5d79f62f7780f48a1917deb0f4cf9b) Importer(2089858483,b0f066a214c2f5e87bad3c948f4d605d) (ScriptedImporter) -> (Import Result ID: '936eb75d51ee5675ab90189112bd6038') in 0.0071197 seconds [static and dynamic dependencies]. Details - ImportResultOutputID=03f45d2ea95906a002e8b0a9766bbec1 DependenciesID=4b3d872c8a8f0058dc4d6fdc1173d71f StaticDependenciesID=c15191d236548d795e834cac06a64b2e 
Number of updated asset objects reloaded before import = 0Number of asset objects unloaded after import = 1

========================================================================
Received Import Request.
  Time since last request: 0.000021 seconds.
  path: Assets/TextMesh Pro/Shaders/TMP_Bitmap-Custom-Atlas.shader
  importAddress: Guid(48bb5f55d8670e349b6e614913f9d910) Importer(2089858483,b0f066a214c2f5e87bad3c948f4d605d)
Start importing Assets/TextMesh Pro/Shaders/TMP_Bitmap-Custom-Atlas.shader using Guid(48bb5f55d8670e349b6e614913f9d910) Importer(2089858483,b0f066a214c2f5e87bad3c948f4d605d) (ScriptedImporter) -> (Import Result ID: 'ded7614a6d621e41e481571353565da7') in 0.0039165 seconds [static and dynamic dependencies]. Details - ImportResultOutputID=973e3e37649bdea76dfb63f0d51e32ab DependenciesID=ea59754a9a55508de2a44606447bd077 StaticDependenciesID=97e2617c6e2d061a39156ef7584ef903 
Number of updated asset objects reloaded before import = 0Number of asset objects unloaded after import = 1

========================================================================
Received Import Request.
  Time since last request: 0.000018 seconds.
  path: Assets/Scripts/Gaze/GazeUIManager.cs
  importAddress: Guid(62fbc41ea19682f4cb4bee95c14b4ad2) Importer(2089858483,b0f066a214c2f5e87bad3c948f4d605d)
Start importing Assets/Scripts/Gaze/GazeUIManager.cs using Guid(62fbc41ea19682f4cb4bee95c14b4ad2) Importer(2089858483,b0f066a214c2f5e87bad3c948f4d605d) (ScriptedImporter) -> (Import Result ID: '23523f17a3ec8a235c72c75e11b3050d') in 0.0032158 seconds [static and dynamic dependencies]. Details - ImportResultOutputID=4f6203be63dd113ece4c6188dc2f4929 DependenciesID=404ef6c67d13dd6aa3fada8da9347f04 StaticDependenciesID=2d76c7bdecaafd51effb23d52f5cae4c 
Number of updated asset objects reloaded before import = 0Number of asset objects unloaded after import = 0

========================================================================
Received Import Request.
  Time since last request: 0.000023 seconds.
  path: Assets/materials/reuv/newBase5.png
  importAddress: Guid(280359d2cf4d9ee46b82601ebd3b01c6) Importer(2089858483,b0f066a214c2f5e87bad3c948f4d605d)
Start importing Assets/materials/reuv/newBase5.png using Guid(280359d2cf4d9ee46b82601ebd3b01c6) Importer(2089858483,b0f066a214c2f5e87bad3c948f4d605d) (ScriptedImporter) -> (Import Result ID: '81ae63ef392b6dc201558ec40ee9da63') in 0.0076863 seconds [static and dynamic dependencies]. Details - ImportResultOutputID=513ff3214badc80ad1502910f3a63828 DependenciesID=15b5382c4829eb6b73f7faf11c16b650 StaticDependenciesID=c8e49c5498c72891884df4c64c37da4f 
Number of updated asset objects reloaded before import = 0Number of asset objects unloaded after import = 1

========================================================================
Received Import Request.
  Time since last request: 0.000031 seconds.
  path: Assets/TextMesh Pro/Shaders/TMP_SDF-Mobile.shader
  importAddress: Guid(fe393ace9b354375a9cb14cdbbc28be4) Importer(2089858483,b0f066a214c2f5e87bad3c948f4d605d)
Start importing Assets/TextMesh Pro/Shaders/TMP_SDF-Mobile.shader using Guid(fe393ace9b354375a9cb14cdbbc28be4) Importer(2089858483,b0f066a214c2f5e87bad3c948f4d605d) (ScriptedImporter) -> (Import Result ID: 'd245751e0fd91f447caa5fd1344671e5') in 0.0043281 seconds [static and dynamic dependencies]. Details - ImportResultOutputID=6d10121cf54b1c4b8d7bb18c12ada3bb DependenciesID=f825658a74829254c0f2c0629933d5bc StaticDependenciesID=fc7b77840337b8921620e800bb6e7ccb 
Number of updated asset objects reloaded before import = 0Number of asset objects unloaded after import = 1

========================================================================
Received Import Request.
  Time since last request: 0.000022 seconds.
  path: Assets/TripoModels/ancient_chinese_statue_3d_model_3/ancient_chinese_statue_3d_model_3.fbx
  importAddress: Guid(5922ad4703330d84c929e36350b10f1e) Importer(2089858483,b0f066a214c2f5e87bad3c948f4d605d)
Start importing Assets/TripoModels/ancient_chinese_statue_3d_model_3/ancient_chinese_statue_3d_model_3.fbx using Guid(5922ad4703330d84c929e36350b10f1e) Importer(2089858483,b0f066a214c2f5e87bad3c948f4d605d) (ScriptedImporter)MaterialLocation.External is obsolete. External Material Location is no longer supported. (Assets/TripoModels/ancient_chinese_statue_3d_model_3/ancient_chinese_statue_3d_model_3.fbx)
 -> (Import Result ID: '22b72fe6f246dcf5c507d76c650fc0ab') in 0.0075633 seconds [static and dynamic dependencies]. Details - ImportResultOutputID=7e5206b8ae309f48f7c57a5d0a44358e DependenciesID=67e21d8f066de6ef2c728fcb3d3c239e StaticDependenciesID=3750fbb8635b41e96ecd596745c51c2e 
Number of updated asset objects reloaded before import = 0Number of asset objects unloaded after import = 8

========================================================================
Received Import Request.
  Time since last request: 0.000021 seconds.
  path: Assets/TextMesh Pro/Shaders/SDFFunctions.hlsl
  importAddress: Guid(96de908384869cd409c75efa351d5edf) Importer(2089858483,b0f066a214c2f5e87bad3c948f4d605d)
Start importing Assets/TextMesh Pro/Shaders/SDFFunctions.hlsl using Guid(96de908384869cd409c75efa351d5edf) Importer(2089858483,b0f066a214c2f5e87bad3c948f4d605d) (ScriptedImporter) -> (Import Result ID: '4e6f9a23a12d69ee4b1f5a890dd577ab') in 0.0042272 seconds [static and dynamic dependencies]. Details - ImportResultOutputID=7f51c91b2f8358928898b312214603ba DependenciesID=c5c47cfe28a26d40b5e6e41c3c22b780 StaticDependenciesID=3bff8146d83da5cd9352f71ee2ae9e2c 
Number of updated asset objects reloaded before import = 0Number of asset objects unloaded after import = 1

========================================================================
Received Import Request.
  Time since last request: 0.000016 seconds.
  path: Assets/materials/textures/Meshy_AI_Ritual_bronze_ding_0703085930_texture_roughness.png
  importAddress: Guid(508d1c7ffe5328b4f9ca02a4a3915b0a) Importer(2089858483,b0f066a214c2f5e87bad3c948f4d605d)
Start importing Assets/materials/textures/Meshy_AI_Ritual_bronze_ding_0703085930_texture_roughness.png using Guid(508d1c7ffe5328b4f9ca02a4a3915b0a) Importer(2089858483,b0f066a214c2f5e87bad3c948f4d605d) (ScriptedImporter) -> (Import Result ID: 'dfc5ae363f1cd43e9613028ba85858a5') in 0.0085745 seconds [static and dynamic dependencies]. Details - ImportResultOutputID=26ac771f7297304e6810db4a2b0375b9 DependenciesID=33ba595ec4c31f07529835e834e57442 StaticDependenciesID=9b2581ca3c89e6f59a28ca2f1c7ea6d5 
Number of updated asset objects reloaded before import = 0Number of asset objects unloaded after import = 1

========================================================================
Received Import Request.
  Time since last request: 0.000018 seconds.
  path: Assets/Scripts/Gaze/Audio Source.prefab
  importAddress: Guid(8310ff9b8bfb3b547b6fdc4567a0ea0f) Importer(2089858483,e11c23a36db5f54750b8cd40eac0985b)
Start importing Assets/Scripts/Gaze/Audio Source.prefab using Guid(8310ff9b8bfb3b547b6fdc4567a0ea0f) Importer(2089858483,e11c23a36db5f54750b8cd40eac0985b) (ScriptedImporter) -> (Import Result ID: 'e38c1a47ebf5c9eebb9493800f5a8f7d') in 0.0051667 seconds [static and dynamic dependencies]. Details - ImportResultOutputID=2d8de46a5e09866226a256057113a7de DependenciesID=a66a85846549f0b02018d78b1a693781 StaticDependenciesID=cfee4d7eff4c491be75dc48918e7d309 
Number of updated asset objects reloaded before import = 0Number of asset objects unloaded after import = 5

========================================================================
Received Import Request.
  Time since last request: 0.000015 seconds.
  path: Assets/Shader Graph/Test Material/Shader Graphs_Burn.mat
  importAddress: Guid(693a2eccfc536914b9cccf43380bdb42) Importer(2089858483,b0f066a214c2f5e87bad3c948f4d605d)
Start importing Assets/Shader Graph/Test Material/Shader Graphs_Burn.mat using Guid(693a2eccfc536914b9cccf43380bdb42) Importer(2089858483,b0f066a214c2f5e87bad3c948f4d605d) (ScriptedImporter) -> (Import Result ID: '3f97924b76e0e8cd83f9887a7fea05e4') in 0.0099851 seconds [static and dynamic dependencies]. Details - ImportResultOutputID=824ff4008848f11388c996500cbee70d DependenciesID=943cb37b50ca975e319dd32c2f2af04d StaticDependenciesID=06ac9660c61161aa81a41bc52084946f 
Number of updated asset objects reloaded before import = 0Number of asset objects unloaded after import = 7

========================================================================
Received Import Request.
  Time since last request: 0.000031 seconds.
  path: Assets/Textures/Sand_2/Sand_2_MetallicSmoothness.png
  importAddress: Guid(c4353dba1f8dddc419ff1356475a1c35) Importer(2089858483,b0f066a214c2f5e87bad3c948f4d605d)
Start importing Assets/Textures/Sand_2/Sand_2_MetallicSmoothness.png using Guid(c4353dba1f8dddc419ff1356475a1c35) Importer(2089858483,b0f066a214c2f5e87bad3c948f4d605d) (ScriptedImporter) -> (Import Result ID: 'fc2ccf16805c38756cfc8c8c72f49ae1') in 0.0080638 seconds [static and dynamic dependencies]. Details - ImportResultOutputID=08c5e0fb89969b1af92f5afba31c2feb DependenciesID=90eaae1f8e41e9415189c7d57d8fa1d3 StaticDependenciesID=f9edc030576765a8cd3b061f1b3794bb 
Number of updated asset objects reloaded before import = 0Number of asset objects unloaded after import = 1

========================================================================
Received Import Request.
  Time since last request: 0.000030 seconds.
  path: Assets/Textures/Sand_3/Sand_3_Normal.png
  importAddress: Guid(672791e86e1038a42bf1cfe34b3c66c7) Importer(2089858483,b0f066a214c2f5e87bad3c948f4d605d)
Start importing Assets/Textures/Sand_3/Sand_3_Normal.png using Guid(672791e86e1038a42bf1cfe34b3c66c7) Importer(2089858483,b0f066a214c2f5e87bad3c948f4d605d) (ScriptedImporter) -> (Import Result ID: 'f757436d5e4bc54d75b5305829ccabd1') in 0.0079082 seconds [static and dynamic dependencies]. Details - ImportResultOutputID=a204274926fddd69ac279eb87e259a22 DependenciesID=998051450345d08f91c77d0e0beace98 StaticDependenciesID=2df0df425013d64536049d86461445fd 
Number of updated asset objects reloaded before import = 0Number of asset objects unloaded after import = 1

========================================================================
Received Import Request.
  Time since last request: 0.000017 seconds.
  path: Assets/TextMesh Pro/Shaders/TMP_SDF SSD.shader
  importAddress: Guid(14eb328de4b8eb245bb7cea29e4ac00b) Importer(2089858483,b0f066a214c2f5e87bad3c948f4d605d)
Start importing Assets/TextMesh Pro/Shaders/TMP_SDF SSD.shader using Guid(14eb328de4b8eb245bb7cea29e4ac00b) Importer(2089858483,b0f066a214c2f5e87bad3c948f4d605d) (ScriptedImporter) -> (Import Result ID: '37c53bb2c96e919ee1784d7f0847d39f') in 0.0040537 seconds [static and dynamic dependencies]. Details - ImportResultOutputID=da90a964608e52115b371b1274b645e8 DependenciesID=215dd8e1f94f1126ba87678cb99ef4ce StaticDependenciesID=8dab4151aa6bd08630c2d16ff94a2c92 
Number of updated asset objects reloaded before import = 0Number of asset objects unloaded after import = 1

========================================================================
Received Import Request.
  Time since last request: 0.000021 seconds.
  path: Assets/Scenes/WU2.unity
  importAddress: Guid(cf0efa7c73c2c42429a82a34e7e5e346) Importer(815301076,1909f56bfc062723c751e8b465ee728b)
Start importing Assets/Scenes/WU2.unity using Guid(cf0efa7c73c2c42429a82a34e7e5e346) Importer(815301076,1909f56bfc062723c751e8b465ee728b) (PreviewImporter) -> (Import Result ID: 'bdbcf2c1cda8e4aab2e7fb0d3fd8402b') in 0.0006231 seconds [static and dynamic dependencies]. Details - ImportResultOutputID=d75995fa74146daa3998cc2668906c20 DependenciesID=01cd299056d3eeac6a6d47905c75f78c StaticDependenciesID=0bcc31865b6525ad418068c46162c395 
Number of updated asset objects reloaded before import = 0Number of asset objects unloaded after import = 0

========================================================================
Received Import Request.
  Time since last request: 0.000022 seconds.
  path: Assets/TextMesh Pro/Shaders/TMP_SDF Overlay.shader
  importAddress: Guid(dd89cf5b9246416f84610a006f916af7) Importer(2089858483,b0f066a214c2f5e87bad3c948f4d605d)
Start importing Assets/TextMesh Pro/Shaders/TMP_SDF Overlay.shader using Guid(dd89cf5b9246416f84610a006f916af7) Importer(2089858483,b0f066a214c2f5e87bad3c948f4d605d) (ScriptedImporter) -> (Import Result ID: '21db91765d8e600ed02eb885a0e5076b') in 0.0036823 seconds [static and dynamic dependencies]. Details - ImportResultOutputID=04c77114ee8ba57d3e0e4fbbe9f1b749 DependenciesID=56bdc6073553dd30b3a4bb55d42cc663 StaticDependenciesID=086b5680e33efca1bae2e5551aec11b8 
Number of updated asset objects reloaded before import = 0Number of asset objects unloaded after import = 1

========================================================================
Received Import Request.
  Time since last request: 0.000020 seconds.
  path: Assets/TextMesh Pro/Resources/LineBreaking Following Characters.txt
  importAddress: Guid(fade42e8bc714b018fac513c043d323b) Importer(2089858483,b0f066a214c2f5e87bad3c948f4d605d)
Start importing Assets/TextMesh Pro/Resources/LineBreaking Following Characters.txt using Guid(fade42e8bc714b018fac513c043d323b) Importer(2089858483,b0f066a214c2f5e87bad3c948f4d605d) (ScriptedImporter) -> (Import Result ID: 'c526eebce23d512db6b9c66a31fd70f6') in 0.0062218 seconds [static and dynamic dependencies]. Details - ImportResultOutputID=4a1e844c65711c0d1ea0b4fc7923ba28 DependenciesID=9d3b4599c2ade7f202ce423a41765201 StaticDependenciesID=90e18e177f71b5b2ecebe031e5e8ac67 
Number of updated asset objects reloaded before import = 0Number of asset objects unloaded after import = 1

========================================================================
Received Import Request.
  Time since last request: 0.448175 seconds.
  path: Assets/TutorialInfo/Scripts/Readme.cs
  importAddress: Guid(fcf7219bab7fe46a1ad266029b2fee19) Importer(2089858483,b0f066a214c2f5e87bad3c948f4d605d)
Start importing Assets/TutorialInfo/Scripts/Readme.cs using Guid(fcf7219bab7fe46a1ad266029b2fee19) Importer(2089858483,b0f066a214c2f5e87bad3c948f4d605d) (ScriptedImporter) -> (Import Result ID: 'b66c4b2413d2497dba8946e4f14689d6') in 0.0034094 seconds [static and dynamic dependencies]. Details - ImportResultOutputID=4b77fbe5217f934290d3a0c7267076ee DependenciesID=1be96266d6c807d733fecfc41fdfd28d StaticDependenciesID=f6dbec3aa09e81849b2531790082ea27 
Number of updated asset objects reloaded before import = 0Number of asset objects unloaded after import = 0

========================================================================
Received Import Request.
  Time since last request: 0.000019 seconds.
  path: Assets/TripoModels/ancient_chinese_statue_3d_model_3/ancient_chinese_statue_3d_model_3.fbm/ancient_chinese_statue_3d_model_metallic_Smoothness.png
  importAddress: Guid(073a4535ec25c7f4ba2bf191ae1a4e71) Importer(2089858483,b0f066a214c2f5e87bad3c948f4d605d)
Start importing Assets/TripoModels/ancient_chinese_statue_3d_model_3/ancient_chinese_statue_3d_model_3.fbm/ancient_chinese_statue_3d_model_metallic_Smoothness.png using Guid(073a4535ec25c7f4ba2bf191ae1a4e71) Importer(2089858483,b0f066a214c2f5e87bad3c948f4d605d) (ScriptedImporter) -> (Import Result ID: '5a1f5ab970b6fd5fafefe33a8dc76d6f') in 0.011601 seconds [static and dynamic dependencies]. Details - ImportResultOutputID=ce157a09e887e9de98feb28d9a6dcfc0 DependenciesID=50693d9481a5a81f01465cf26eba0023 StaticDependenciesID=d37d87e9839a35566a2d53a160cff80a 
Number of updated asset objects reloaded before import = 0Number of asset objects unloaded after import = 1

========================================================================
Received Import Request.
  Time since last request: 0.000020 seconds.
  path: Assets/mesh/烧裂甲骨/Meshy_AI_Cracked_Marble_Bust_0801173147_texture_fbx/Meshy_AI_Cracked_Marble_Bust_0801173147_texture.png
  importAddress: Guid(d88fb337aefd90747b4cd6db03561bf8) Importer(2089858483,b0f066a214c2f5e87bad3c948f4d605d)
Start importing Assets/mesh/烧裂甲骨/Meshy_AI_Cracked_Marble_Bust_0801173147_texture_fbx/Meshy_AI_Cracked_Marble_Bust_0801173147_texture.png using Guid(d88fb337aefd90747b4cd6db03561bf8) Importer(2089858483,b0f066a214c2f5e87bad3c948f4d605d) (ScriptedImporter) -> (Import Result ID: '6c7c8f5a82277367adc3c7248e05874b') in 0.0084999 seconds [static and dynamic dependencies]. Details - ImportResultOutputID=f561a7d9c827e080d1019db71670a80b DependenciesID=7a9d27a482784c1553d579320aa99502 StaticDependenciesID=b5078aad286155ffbfac30b74e00d0b5 
Number of updated asset objects reloaded before import = 0Number of asset objects unloaded after import = 1

========================================================================
Received Import Request.
  Time since last request: 0.000019 seconds.
  path: Assets/SunboxGames/ModularDungeonCaves/Materials/DungeonProps02.mat
  importAddress: Guid(8758a37703457be47bc87a0ac84d62f7) Importer(2089858483,b0f066a214c2f5e87bad3c948f4d605d)
Start importing Assets/SunboxGames/ModularDungeonCaves/Materials/DungeonProps02.mat using Guid(8758a37703457be47bc87a0ac84d62f7) Importer(2089858483,b0f066a214c2f5e87bad3c948f4d605d) (ScriptedImporter) -> (Import Result ID: '1634224eb1f2d8661f970d2dc2330b4b') in 0.0776168 seconds [static and dynamic dependencies]. Details - ImportResultOutputID=8aa45e572ee78d1f8c44af0b40b58910 DependenciesID=99b51f5efee67d9ee2beb21f8c7e6807 StaticDependenciesID=f0ddc2d090788f2f3b390f54c22e31ad 
Number of updated asset objects reloaded before import = 0Number of asset objects unloaded after import = 5

========================================================================
Received Import Request.
  Time since last request: 0.000031 seconds.
  path: Assets/mesh/未烧裂甲骨/Meshy_AI_Turtle_shell_fragment_0801173027_texture_fbx/Meshy_AI_Turtle_shell_fragment_0801173027_texture.png
  importAddress: Guid(e9dcd5fe487872041a7149a8b91ec501) Importer(2089858483,b0f066a214c2f5e87bad3c948f4d605d)
Start importing Assets/mesh/未烧裂甲骨/Meshy_AI_Turtle_shell_fragment_0801173027_texture_fbx/Meshy_AI_Turtle_shell_fragment_0801173027_texture.png using Guid(e9dcd5fe487872041a7149a8b91ec501) Importer(2089858483,b0f066a214c2f5e87bad3c948f4d605d) (ScriptedImporter) -> (Import Result ID: '670645197a85a90e385f3da9fca68dc0') in 0.0079908 seconds [static and dynamic dependencies]. Details - ImportResultOutputID=974570d50d8bb962301bbca52705b882 DependenciesID=6649bb227c765cf5af256d62b3f9188d StaticDependenciesID=4e1f28db4e252cc96a364e55b5ff4f86 
Number of updated asset objects reloaded before import = 0Number of asset objects unloaded after import = 1

========================================================================
Received Import Request.
  Time since last request: 0.000027 seconds.
  path: Assets/TripoModels/ancient_chinese_queen_3d_model/Materials/ancient_chinese_queen_3d_model_basecolor.mat
  importAddress: Guid(404dbf0171b8aa34689ff5f63fe03fb0) Importer(2089858483,b0f066a214c2f5e87bad3c948f4d605d)
Start importing Assets/TripoModels/ancient_chinese_queen_3d_model/Materials/ancient_chinese_queen_3d_model_basecolor.mat using Guid(404dbf0171b8aa34689ff5f63fe03fb0) Importer(2089858483,b0f066a214c2f5e87bad3c948f4d605d) (ScriptedImporter) -> (Import Result ID: '6a97687386703765a371e8c07b959a49') in 0.0179632 seconds [static and dynamic dependencies]. Details - ImportResultOutputID=d3c6c1a7caa8f7d0381ba9e9914428bd DependenciesID=4ad0ac0428b1b1ac75714269d07c6839 StaticDependenciesID=af6e2cf68f8093fc8db2f48fc0424b18 
Number of updated asset objects reloaded before import = 0Number of asset objects unloaded after import = 4

========================================================================
Received Import Request.
  Time since last request: 0.000018 seconds.
  path: Assets/TripoModels/ancient_statue_3d_model_2/Materials/ancient_statue_3d_model_basecolor.mat
  importAddress: Guid(2bd026912b60ecb42a520b0100d94341) Importer(2089858483,b0f066a214c2f5e87bad3c948f4d605d)
Start importing Assets/TripoModels/ancient_statue_3d_model_2/Materials/ancient_statue_3d_model_basecolor.mat using Guid(2bd026912b60ecb42a520b0100d94341) Importer(2089858483,b0f066a214c2f5e87bad3c948f4d605d) (ScriptedImporter) -> (Import Result ID: 'b16544b51ad7b6d42a03956fa16521af') in 0.0217496 seconds [static and dynamic dependencies]. Details - ImportResultOutputID=f955800303e13b6a72707db1b5fafa27 DependenciesID=2249a0d29bd2468e1aa5d15d146057d5 StaticDependenciesID=a5b7b69f1af55d27154eda43ed10123f 
Number of updated asset objects reloaded before import = 0Number of asset objects unloaded after import = 4

========================================================================
Received Import Request.
  Time since last request: 0.000028 seconds.
  path: Assets/TripoModels/ancient_statue_3d_model_1/ancient_statue_3d_model_1.fbm/ancient_statue_3d_model_basecolor.JPEG
  importAddress: Guid(656abbcc0beb401459d92b53c52a01d2) Importer(2089858483,b0f066a214c2f5e87bad3c948f4d605d)
Start importing Assets/TripoModels/ancient_statue_3d_model_1/ancient_statue_3d_model_1.fbm/ancient_statue_3d_model_basecolor.JPEG using Guid(656abbcc0beb401459d92b53c52a01d2) Importer(2089858483,b0f066a214c2f5e87bad3c948f4d605d) (ScriptedImporter) -> (Import Result ID: 'd2839e7b2312ad81c901b75f1f698cbb') in 0.0115882 seconds [static and dynamic dependencies]. Details - ImportResultOutputID=dfdea361c5238fec174bf3e562767ec3 DependenciesID=6565b404bc204bc92d43c76921a991d8 StaticDependenciesID=70660e9646a70ed557c1cef9e03db79d 
Number of updated asset objects reloaded before import = 0Number of asset objects unloaded after import = 1

========================================================================
Received Import Request.
  Time since last request: 0.000032 seconds.
  path: Assets/materials/rock_wall_02_4k.blend/textures/rock_wall_02_disp_4k.png
  importAddress: Guid(4bf91c76a6924fd439e82c9e6c44189b) Importer(2089858483,b0f066a214c2f5e87bad3c948f4d605d)
Start importing Assets/materials/rock_wall_02_4k.blend/textures/rock_wall_02_disp_4k.png using Guid(4bf91c76a6924fd439e82c9e6c44189b) Importer(2089858483,b0f066a214c2f5e87bad3c948f4d605d) (ScriptedImporter) -> (Import Result ID: '0389a4df4809cbca089331c80bef81c6') in 0.0089427 seconds [static and dynamic dependencies]. Details - ImportResultOutputID=9664293a2dcc16ce4338a6768de50eae DependenciesID=fa10fbcc824f346a85a6a9799a8902e4 StaticDependenciesID=0d998ebab19594026cdb779a22439586 
Number of updated asset objects reloaded before import = 0Number of asset objects unloaded after import = 1

========================================================================
Received Import Request.
  Time since last request: 0.000021 seconds.
  path: Assets/TripoModels/ancient_ceremonial_statue_3d_model/Materials/ancient_ceremonial_statue_3d_model_basecolor.mat
  importAddress: Guid(36cb3e481ead06e47b8a1fd303a1948a) Importer(2089858483,b0f066a214c2f5e87bad3c948f4d605d)
Start importing Assets/TripoModels/ancient_ceremonial_statue_3d_model/Materials/ancient_ceremonial_statue_3d_model_basecolor.mat using Guid(36cb3e481ead06e47b8a1fd303a1948a) Importer(2089858483,b0f066a214c2f5e87bad3c948f4d605d) (ScriptedImporter) -> (Import Result ID: 'a763f739732ea6268a8c5b20bcda6598') in 0.018099 seconds [static and dynamic dependencies]. Details - ImportResultOutputID=5968108d26bc52a55edcf17d3d9ec5c5 DependenciesID=61913deb3848c498a88e2832773d4f48 StaticDependenciesID=07bf2a05ff2b4ed1c502625772731e5b 
Number of updated asset objects reloaded before import = 0Number of asset objects unloaded after import = 4

========================================================================
Received Import Request.
  Time since last request: 0.000025 seconds.
  path: Assets/TripoModels/ancient_statue_3d_model_2/ancient_statue_3d_model_2.fbm/ancient_statue_3d_model_basecolor.JPEG
  importAddress: Guid(96916ceceb5eb1d4e8e6d91a4a8b5f49) Importer(2089858483,b0f066a214c2f5e87bad3c948f4d605d)
Start importing Assets/TripoModels/ancient_statue_3d_model_2/ancient_statue_3d_model_2.fbm/ancient_statue_3d_model_basecolor.JPEG using Guid(96916ceceb5eb1d4e8e6d91a4a8b5f49) Importer(2089858483,b0f066a214c2f5e87bad3c948f4d605d) (ScriptedImporter) -> (Import Result ID: '06abff1f5106af4e54f494a0300d4e6f') in 0.0060395 seconds [static and dynamic dependencies]. Details - ImportResultOutputID=6b25d2f85722c71ca481c8b40617a07e DependenciesID=8b98b3f61c0d944a54f2edb76687565a StaticDependenciesID=5ca82537f68ae10b074c1f4ef2ad3bd0 
Number of updated asset objects reloaded before import = 0Number of asset objects unloaded after import = 1

========================================================================
Received Import Request.
  Time since last request: 0.000021 seconds.
  path: Assets/TripoModels/ancient_chinese_emperor_statue_3d_model/ancient_chinese_emperor_statue_3d_model.fbm/ancient_chinese_emperor_statue_3d_model_normal.JPEG
  importAddress: Guid(4a1222847ca0726448a82171330be4ef) Importer(2089858483,b0f066a214c2f5e87bad3c948f4d605d)
Start importing Assets/TripoModels/ancient_chinese_emperor_statue_3d_model/ancient_chinese_emperor_statue_3d_model.fbm/ancient_chinese_emperor_statue_3d_model_normal.JPEG using Guid(4a1222847ca0726448a82171330be4ef) Importer(2089858483,b0f066a214c2f5e87bad3c948f4d605d) (ScriptedImporter) -> (Import Result ID: '185829ba7fe026ceadebbf36e7be7dac') in 0.0097117 seconds [static and dynamic dependencies]. Details - ImportResultOutputID=18d6a3212f1029f00faacb85e794e6ba DependenciesID=66b14f536bcfa37bff5192cf0c14714a StaticDependenciesID=29ade0ec127956cbc3b3926a341bff65 
Number of updated asset objects reloaded before import = 0Number of asset objects unloaded after import = 1

========================================================================
Received Import Request.
  Time since last request: 0.000020 seconds.
  path: Assets/TripoModels/ancient_chinese_statue_3d_model_1/Materials/ancient_chinese_statue_3d_model_basecolor.mat
  importAddress: Guid(6cfaa2c9ae1e019429a7d808489cd087) Importer(2089858483,b0f066a214c2f5e87bad3c948f4d605d)
Start importing Assets/TripoModels/ancient_chinese_statue_3d_model_1/Materials/ancient_chinese_statue_3d_model_basecolor.mat using Guid(6cfaa2c9ae1e019429a7d808489cd087) Importer(2089858483,b0f066a214c2f5e87bad3c948f4d605d) (ScriptedImporter) -> (Import Result ID: 'b3a55cf1f7d9bbdfd0e78f8ff789f495') in 0.0172211 seconds [static and dynamic dependencies]. Details - ImportResultOutputID=2b390379eb76442d863877dbe3ea0f50 DependenciesID=d6c9505340049f35eca5fe63366bead9 StaticDependenciesID=7f629a195e36253a306ebc2d4f5ea183 
Number of updated asset objects reloaded before import = 0Number of asset objects unloaded after import = 4

========================================================================
Received Import Request.
  Time since last request: 0.000024 seconds.
  path: Assets/SunboxGames/ModularDungeonCaves/Materials/Cobweb_01.mat
  importAddress: Guid(cb54fd1d791b2b948b04fdc64307731c) Importer(2089858483,b0f066a214c2f5e87bad3c948f4d605d)
Start importing Assets/SunboxGames/ModularDungeonCaves/Materials/Cobweb_01.mat using Guid(cb54fd1d791b2b948b04fdc64307731c) Importer(2089858483,b0f066a214c2f5e87bad3c948f4d605d) (ScriptedImporter) -> (Import Result ID: 'f32350cc8b421ada6ec73a174677aa6f') in 0.0467126 seconds [static and dynamic dependencies]. Details - ImportResultOutputID=d73c9123f893f80276e7d558d6682598 DependenciesID=963190044c84f2cb96b62263de5acaa1 StaticDependenciesID=c8ad5d62279c8c0d0eb26d8481385699 
Number of updated asset objects reloaded before import = 0Number of asset objects unloaded after import = 3

========================================================================
Received Import Request.
  Time since last request: 0.000025 seconds.
  path: Assets/TripoModels/ancient_statue_3d_model_1/Materials/ancient_statue_3d_model_basecolor.mat
  importAddress: Guid(5aebd545f7769b34380aa404a805c30a) Importer(2089858483,b0f066a214c2f5e87bad3c948f4d605d)
Start importing Assets/TripoModels/ancient_statue_3d_model_1/Materials/ancient_statue_3d_model_basecolor.mat using Guid(5aebd545f7769b34380aa404a805c30a) Importer(2089858483,b0f066a214c2f5e87bad3c948f4d605d) (ScriptedImporter) -> (Import Result ID: 'b822e8fa3867c1f9a6b8f3c66718b314') in 0.0121397 seconds [static and dynamic dependencies]. Details - ImportResultOutputID=4c6d4e9d1b16ebd9f86d89899c3a1673 DependenciesID=a628f807bea869501791faaf36fd02d0 StaticDependenciesID=d3a8ae6f1418d38e4d63c0a9244dea89 
Number of updated asset objects reloaded before import = 0Number of asset objects unloaded after import = 4

========================================================================
Received Import Request.
  Time since last request: 0.000032 seconds.
  path: Assets/Ian's Fire Pack Universal/Textures/Particles/Glow.tiff
  importAddress: Guid(341d462ceec27437fadefd380d61eef2) Importer(2089858483,b0f066a214c2f5e87bad3c948f4d605d)
Start importing Assets/Ian's Fire Pack Universal/Textures/Particles/Glow.tiff using Guid(341d462ceec27437fadefd380d61eef2) Importer(2089858483,b0f066a214c2f5e87bad3c948f4d605d) (ScriptedImporter) -> (Import Result ID: '954d6b3f9ccb578c8aaf4d55f92db97e') in 0.0077553 seconds [static and dynamic dependencies]. Details - ImportResultOutputID=7cc6d76e677a8b8df4d7adf90c6a4b3c DependenciesID=80b1f3fc08174f431f0f3bb19093e5e7 StaticDependenciesID=91ce5b452cfb29eacf8f7fa6e7de1926 
Number of updated asset objects reloaded before import = 0Number of asset objects unloaded after import = 1

========================================================================
Received Import Request.
  Time since last request: 0.000035 seconds.
  path: Assets/TripoModels/ancient_goddess_statue_3d_model/ancient_goddess_statue_3d_model.fbm/ancient_goddess_statue_3d_model_basecolor.JPEG
  importAddress: Guid(162cff8f03e8d674493a8338a1ec5181) Importer(2089858483,b0f066a214c2f5e87bad3c948f4d605d)
Start importing Assets/TripoModels/ancient_goddess_statue_3d_model/ancient_goddess_statue_3d_model.fbm/ancient_goddess_statue_3d_model_basecolor.JPEG using Guid(162cff8f03e8d674493a8338a1ec5181) Importer(2089858483,b0f066a214c2f5e87bad3c948f4d605d) (ScriptedImporter) -> (Import Result ID: '1e2040ae067b99be21ebc77f4e543d60') in 0.0072977 seconds [static and dynamic dependencies]. Details - ImportResultOutputID=2eebce242620ef064964e8267718f58a DependenciesID=de68f2a85a6e13cd2025e82e36ad9231 StaticDependenciesID=3484d6176e651514ded1065aa4933c21 
Number of updated asset objects reloaded before import = 0Number of asset objects unloaded after import = 1

========================================================================
Received Import Request.
  Time since last request: 0.000022 seconds.
  path: Assets/SunboxGames/ModularDungeonCaves/Materials/DungeonProps01.mat
  importAddress: Guid(28a1c508cafbb1148962e830554532fe) Importer(2089858483,b0f066a214c2f5e87bad3c948f4d605d)
Start importing Assets/SunboxGames/ModularDungeonCaves/Materials/DungeonProps01.mat using Guid(28a1c508cafbb1148962e830554532fe) Importer(2089858483,b0f066a214c2f5e87bad3c948f4d605d) (ScriptedImporter) -> (Import Result ID: '8a6bb5ff865d833baf2c41f728fb22e6') in 0.098051 seconds [static and dynamic dependencies]. Details - ImportResultOutputID=38243879d5d1502457a926d030d9ad17 DependenciesID=bc4be930eeb0ee2f31432b8a6b934f71 StaticDependenciesID=17a2b87904f0d22d49bcfa22d05f2f34 
Number of updated asset objects reloaded before import = 0Number of asset objects unloaded after import = 5

========================================================================
Received Import Request.
  Time since last request: 0.000027 seconds.
  path: Assets/mesh/烧裂甲骨/Meshy_AI_Cracked_Marble_Bust_0801173147_texture_fbx/Meshy_AI_Cracked_Marble_Bust_0801173147_texture_emission.png
  importAddress: Guid(b208020df262ed04985425b0bff26473) Importer(2089858483,b0f066a214c2f5e87bad3c948f4d605d)
Start importing Assets/mesh/烧裂甲骨/Meshy_AI_Cracked_Marble_Bust_0801173147_texture_fbx/Meshy_AI_Cracked_Marble_Bust_0801173147_texture_emission.png using Guid(b208020df262ed04985425b0bff26473) Importer(2089858483,b0f066a214c2f5e87bad3c948f4d605d) (ScriptedImporter) -> (Import Result ID: 'd21b6084d2432caa1f6891785a1c23f8') in 0.0077951 seconds [static and dynamic dependencies]. Details - ImportResultOutputID=c1ee935e8f29fec7119e0149cda37868 DependenciesID=dea193fc94cac7f88a7d6a01812ffef5 StaticDependenciesID=f3fd9030a2368f4756982cba28176283 
Number of updated asset objects reloaded before import = 0Number of asset objects unloaded after import = 1

========================================================================
Received Import Request.
  Time since last request: 0.000023 seconds.
  path: Assets/TripoModels/ancient_ceremonial_statue_3d_model/ancient_ceremonial_statue_3d_model.fbm/ancient_ceremonial_statue_3d_model_normal.JPEG
  importAddress: Guid(449dcb190c87e6f4cbbd0bc48350d1fa) Importer(2089858483,b0f066a214c2f5e87bad3c948f4d605d)
Start importing Assets/TripoModels/ancient_ceremonial_statue_3d_model/ancient_ceremonial_statue_3d_model.fbm/ancient_ceremonial_statue_3d_model_normal.JPEG using Guid(449dcb190c87e6f4cbbd0bc48350d1fa) Importer(2089858483,b0f066a214c2f5e87bad3c948f4d605d) (ScriptedImporter) -> (Import Result ID: '6c272b79567ccbfd14bb37deb4140e66') in 0.0086941 seconds [static and dynamic dependencies]. Details - ImportResultOutputID=b6ace9caee8ea86fcfd5fcb461578f35 DependenciesID=6c96077c13ea6fa2fff59caca00c278d StaticDependenciesID=506a73fa280df2b6c3a791936dbd9dbb 
Number of updated asset objects reloaded before import = 0Number of asset objects unloaded after import = 1

========================================================================
Received Import Request.
  Time since last request: 0.000037 seconds.
  path: Assets/materials/Meshy_AI_Runic_Stone_Fragment_0801055037_texture_fbx/Materials/Meshy_AI_Runic_Stone_Fragment_0801055037_texture.mat
  importAddress: Guid(ea827bf5fca0a1c48980d976f4499822) Importer(2089858483,b0f066a214c2f5e87bad3c948f4d605d)
Start importing Assets/materials/Meshy_AI_Runic_Stone_Fragment_0801055037_texture_fbx/Materials/Meshy_AI_Runic_Stone_Fragment_0801055037_texture.mat using Guid(ea827bf5fca0a1c48980d976f4499822) Importer(2089858483,b0f066a214c2f5e87bad3c948f4d605d) (ScriptedImporter) -> (Import Result ID: '8aaba9cc363e548529c3aa348b5155ac') in 0.0076461 seconds [static and dynamic dependencies]. Details - ImportResultOutputID=89f8f9a70ef686ac356588167a57fe16 DependenciesID=0bfaac7e3cc04cc188a960c38c16d143 StaticDependenciesID=b3601e5f45663a006d716a48322ef21c 
Number of updated asset objects reloaded before import = 0Number of asset objects unloaded after import = 3

========================================================================
Received Import Request.
  Time since last request: 0.000034 seconds.
  path: Assets/TripoModels/ancient_chinese_statue_3d_model_5/ancient_chinese_statue_3d_model_5.fbm/ancient_chinese_statue_3d_model_metallic_Smoothness.png
  importAddress: Guid(85e5d1838832a6d44a1c232e898166c3) Importer(2089858483,b0f066a214c2f5e87bad3c948f4d605d)
Start importing Assets/TripoModels/ancient_chinese_statue_3d_model_5/ancient_chinese_statue_3d_model_5.fbm/ancient_chinese_statue_3d_model_metallic_Smoothness.png using Guid(85e5d1838832a6d44a1c232e898166c3) Importer(2089858483,b0f066a214c2f5e87bad3c948f4d605d) (ScriptedImporter) -> (Import Result ID: '86dca06f0e71a5096e8d6d3236a93c0c') in 0.0090267 seconds [static and dynamic dependencies]. Details - ImportResultOutputID=ff98279572be7dde565183d45988913b DependenciesID=c6e017db1eb08bcd7c08f05ccb0559a2 StaticDependenciesID=c552c7f86aca2b0574b25322d3cc015d 
Number of updated asset objects reloaded before import = 0Number of asset objects unloaded after import = 1

========================================================================
Received Import Request.
  Time since last request: 0.000020 seconds.
  path: Assets/SunboxGames/ModularDungeonCaves/Textures/CandleFlame.png
  importAddress: Guid(41d49f59f1ba9c84e9bef0c969d66432) Importer(2089858483,b0f066a214c2f5e87bad3c948f4d605d)
Start importing Assets/SunboxGames/ModularDungeonCaves/Textures/CandleFlame.png using Guid(41d49f59f1ba9c84e9bef0c969d66432) Importer(2089858483,b0f066a214c2f5e87bad3c948f4d605d) (ScriptedImporter) -> (Import Result ID: 'c4571846cc25bcbf9254e4a74918c9f1') in 0.0063425 seconds [static and dynamic dependencies]. Details - ImportResultOutputID=23921b17299f76ce91c967a76006cc2d DependenciesID=8c7cb2fa2c16632452303111e16236dd StaticDependenciesID=7c640450c3fda8b60fe584dc23598e37 
Number of updated asset objects reloaded before import = 0Number of asset objects unloaded after import = 3

========================================================================
Received Import Request.
  Time since last request: 0.000016 seconds.
  path: Assets/TripoModels/ancient_chinese_statue_3d_model_3/Materials/ancient_chinese_statue_3d_model_basecolor.mat
  importAddress: Guid(18610cf779511af43ba7c95774b9e5dd) Importer(2089858483,b0f066a214c2f5e87bad3c948f4d605d)
Start importing Assets/TripoModels/ancient_chinese_statue_3d_model_3/Materials/ancient_chinese_statue_3d_model_basecolor.mat using Guid(18610cf779511af43ba7c95774b9e5dd) Importer(2089858483,b0f066a214c2f5e87bad3c948f4d605d) (ScriptedImporter) -> (Import Result ID: '6de2f9138bab1f0d5f976cbc50e50dac') in 0.0123867 seconds [static and dynamic dependencies]. Details - ImportResultOutputID=04991d944e83a92083431213b0ff3a11 DependenciesID=551109a1348206e648a43a4972c2fa13 StaticDependenciesID=7e1578fd6dc317dbf5ee6842074136a8 
Number of updated asset objects reloaded before import = 0Number of asset objects unloaded after import = 4

========================================================================
Received Import Request.
  Time since last request: 0.000018 seconds.
  path: Assets/TripoModels/ancient_ceremonial_statue_3d_model/ancient_ceremonial_statue_3d_model.fbm/ancient_ceremonial_statue_3d_model_metallic_Smoothness.png
  importAddress: Guid(bd9be49ed23a33449ae29e84bcf13040) Importer(2089858483,b0f066a214c2f5e87bad3c948f4d605d)
Start importing Assets/TripoModels/ancient_ceremonial_statue_3d_model/ancient_ceremonial_statue_3d_model.fbm/ancient_ceremonial_statue_3d_model_metallic_Smoothness.png using Guid(bd9be49ed23a33449ae29e84bcf13040) Importer(2089858483,b0f066a214c2f5e87bad3c948f4d605d) (ScriptedImporter) -> (Import Result ID: '1d227da571d1d139ac05a5a690ba5ddf') in 0.0076274 seconds [static and dynamic dependencies]. Details - ImportResultOutputID=e699ea4c2e0bbdf95c0fbf8fb454aaa3 DependenciesID=a6f582a9c17ae49cbb6806dadcf3a634 StaticDependenciesID=8c831ecf2b09b76ae23b661238f2dab9 
Number of updated asset objects reloaded before import = 0Number of asset objects unloaded after import = 1

========================================================================
Received Import Request.
  Time since last request: 0.000017 seconds.
  path: Assets/mesh/烧裂甲骨/Meshy_AI_Cracked_Marble_Bust_0801173147_texture_fbx/Meshy_AI_Cracked_Marble_Bust_0801173147_texture_normal.png
  importAddress: Guid(c858fd6062705614f9bf9f30ced8642f) Importer(2089858483,b0f066a214c2f5e87bad3c948f4d605d)
Start importing Assets/mesh/烧裂甲骨/Meshy_AI_Cracked_Marble_Bust_0801173147_texture_fbx/Meshy_AI_Cracked_Marble_Bust_0801173147_texture_normal.png using Guid(c858fd6062705614f9bf9f30ced8642f) Importer(2089858483,b0f066a214c2f5e87bad3c948f4d605d) (ScriptedImporter) -> (Import Result ID: 'dffd106b5b5d251f7e63817e317222a4') in 0.0107071 seconds [static and dynamic dependencies]. Details - ImportResultOutputID=9096217351ba052b486af5a2fc9b0408 DependenciesID=80dc5c1fbc725b1f95e79c6ef7fe137a StaticDependenciesID=f7c87583cd72920a6524ad3dc3beeea7 
Number of updated asset objects reloaded before import = 0Number of asset objects unloaded after import = 1

========================================================================
Received Import Request.
  Time since last request: 0.000018 seconds.
  path: Assets/TripoModels/ancient_statue_3d_model/Materials/ancient_statue_3d_model_basecolor.mat
  importAddress: Guid(c849b9dd9b5e2394a85641e19863a8bc) Importer(2089858483,b0f066a214c2f5e87bad3c948f4d605d)
Start importing Assets/TripoModels/ancient_statue_3d_model/Materials/ancient_statue_3d_model_basecolor.mat using Guid(c849b9dd9b5e2394a85641e19863a8bc) Importer(2089858483,b0f066a214c2f5e87bad3c948f4d605d) (ScriptedImporter) -> (Import Result ID: '386a8f66cf2559c5fa34ec24647bae98') in 0.0125769 seconds [static and dynamic dependencies]. Details - ImportResultOutputID=aaba6fb1dd3e3dcc81c70ded2724a38d DependenciesID=0a8c596e38cd6061fdb231084eaeddaa StaticDependenciesID=8647a28154fcb8cb63691db12447fcc5 
Number of updated asset objects reloaded before import = 0Number of asset objects unloaded after import = 4

========================================================================
Received Import Request.
  Time since last request: 0.000051 seconds.
  path: Assets/SunboxGames/ModularDungeonCaves/Models/DungeonProps02.fbx
  importAddress: Guid(288af797a62f50e47a12be967651f245) Importer(2089858483,b0f066a214c2f5e87bad3c948f4d605d)
Start importing Assets/SunboxGames/ModularDungeonCaves/Models/DungeonProps02.fbx using Guid(288af797a62f50e47a12be967651f245) Importer(2089858483,b0f066a214c2f5e87bad3c948f4d605d) (ScriptedImporter) -> (Import Result ID: '95a281268548d5cc8ca80bf9fd4211ce') in 0.0137309 seconds [static and dynamic dependencies]. Details - ImportResultOutputID=4d9164a37d4002ef805806bd38222278 DependenciesID=d0da3542d37b64a77cf50f018696e083 StaticDependenciesID=bfd657ffbb2501ca5f1e8c8e2d593bb9 
Number of updated asset objects reloaded before import = 0Number of asset objects unloaded after import = 64

========================================================================
Received Import Request.
  Time since last request: 0.000022 seconds.
  path: Assets/TripoModels/ancient_statue_3d_model_3/ancient_statue_3d_model_3.fbm/ancient_statue_3d_model_metallic_Smoothness.png
  importAddress: Guid(f08813f34b7a9f5499df832dbf84a90d) Importer(2089858483,b0f066a214c2f5e87bad3c948f4d605d)
Start importing Assets/TripoModels/ancient_statue_3d_model_3/ancient_statue_3d_model_3.fbm/ancient_statue_3d_model_metallic_Smoothness.png using Guid(f08813f34b7a9f5499df832dbf84a90d) Importer(2089858483,b0f066a214c2f5e87bad3c948f4d605d) (ScriptedImporter) -> (Import Result ID: '9a8269e85fc585b2f6842db7d803e8ee') in 0.0111445 seconds [static and dynamic dependencies]. Details - ImportResultOutputID=19d07f09a0cbd89a6a227471fa5fa3ce DependenciesID=5d6452a42184e0c3ba03d93a0f70d703 StaticDependenciesID=f24f66ac79cc5a8d7af2fe089d276e11 
Number of updated asset objects reloaded before import = 0Number of asset objects unloaded after import = 1

========================================================================
Received Import Request.
  Time since last request: 0.000022 seconds.
  path: Assets/SunboxGames/ModularDungeonCaves/Materials/CavePieces/MediumChamber_02.mat
  importAddress: Guid(e473e9e756edd984c9cfad3e0b46dec6) Importer(2089858483,b0f066a214c2f5e87bad3c948f4d605d)
Start importing Assets/SunboxGames/ModularDungeonCaves/Materials/CavePieces/MediumChamber_02.mat using Guid(e473e9e756edd984c9cfad3e0b46dec6) Importer(2089858483,b0f066a214c2f5e87bad3c948f4d605d) (ScriptedImporter) -> (Import Result ID: '72dd2b0d428b9479cce08ed84b55a9c5') in 0.0580984 seconds [static and dynamic dependencies]. Details - ImportResultOutputID=072cdc35523a91715160057ebe8f1cf2 DependenciesID=609b273520f3714b73a1192a3bf38f81 StaticDependenciesID=814e152dbbaf4db34dcb1c570bf7b8d1 
Number of updated asset objects reloaded before import = 0Number of asset objects unloaded after import = 4

========================================================================
Received Import Request.
  Time since last request: 0.000030 seconds.
  path: Assets/TripoModels/ancient_statue_3d_model_5/Materials/ancient_statue_3d_model_basecolor.mat
  importAddress: Guid(c00b90ef4e8df5946bfe7b3e8cc69362) Importer(2089858483,b0f066a214c2f5e87bad3c948f4d605d)
Start importing Assets/TripoModels/ancient_statue_3d_model_5/Materials/ancient_statue_3d_model_basecolor.mat using Guid(c00b90ef4e8df5946bfe7b3e8cc69362) Importer(2089858483,b0f066a214c2f5e87bad3c948f4d605d) (ScriptedImporter) -> (Import Result ID: 'efaeed13d25ce29532564c6046ea5712') in 0.0171237 seconds [static and dynamic dependencies]. Details - ImportResultOutputID=83fd91e3434788dc78ff5d439b38095b DependenciesID=7278161270bf71a7637306d3dba1a7c4 StaticDependenciesID=9eca9386574258b1c2b5413470eee835 
Number of updated asset objects reloaded before import = 0Number of asset objects unloaded after import = 4

========================================================================
Received Import Request.
  Time since last request: 0.000037 seconds.
  path: Assets/SunboxGames/ModularDungeonCaves/Materials/CavePieces/MediumCorridor_03.mat
  importAddress: Guid(587d3c97ca3f3ce489e3fca88eb8db62) Importer(2089858483,b0f066a214c2f5e87bad3c948f4d605d)
Start importing Assets/SunboxGames/ModularDungeonCaves/Materials/CavePieces/MediumCorridor_03.mat using Guid(587d3c97ca3f3ce489e3fca88eb8db62) Importer(2089858483,b0f066a214c2f5e87bad3c948f4d605d) (ScriptedImporter) -> (Import Result ID: 'bdfc5dad9f09d28ef7096cacedcd9ea1') in 0.2364563 seconds [static and dynamic dependencies]. Details - ImportResultOutputID=407c35a58c7180cbca18d0330437ca3c DependenciesID=865387ba3ca2c2d773b3743991a46e7a StaticDependenciesID=625f73e0f70a35865b2cf449c8b6723f 
Number of updated asset objects reloaded before import = 0Number of asset objects unloaded after import = 8

========================================================================
Received Import Request.
  Time since last request: 0.000050 seconds.
  path: Assets/TripoModels/xiugai1/shengxiang5/stone_goddess_statue_3d_model.fbx
  importAddress: Guid(87618590466635d40a71b9ff831bb65b) Importer(2089858483,b0f066a214c2f5e87bad3c948f4d605d)
Start importing Assets/TripoModels/xiugai1/shengxiang5/stone_goddess_statue_3d_model.fbx using Guid(87618590466635d40a71b9ff831bb65b) Importer(2089858483,b0f066a214c2f5e87bad3c948f4d605d) (ScriptedImporter)MaterialLocation.External is obsolete. External Material Location is no longer supported. (Assets/TripoModels/xiugai1/shengxiang5/stone_goddess_statue_3d_model.fbx)
 -> (Import Result ID: 'f01293b433fe2f35535a83f16f052f0b') in 0.016437 seconds [static and dynamic dependencies]. Details - ImportResultOutputID=0f74d2c16f3ae72b7c7e7a0bce7b4072 DependenciesID=f0ce3c953305fba2966141d78bb05b7d StaticDependenciesID=df4dc94210db0c44a1330fa4f8bc8820 
Number of updated asset objects reloaded before import = 0Number of asset objects unloaded after import = 9

========================================================================
Received Import Request.
  Time since last request: 0.000026 seconds.
  path: Assets/BefourStudios/AsianDynastyEnvironment/Art/Materials/M_TreeBranch2.mat
  importAddress: Guid(bbf54c13fa1c981429f23a75971ad6ed) Importer(2089858483,b0f066a214c2f5e87bad3c948f4d605d)
Start importing Assets/BefourStudios/AsianDynastyEnvironment/Art/Materials/M_TreeBranch2.mat using Guid(bbf54c13fa1c981429f23a75971ad6ed) Importer(2089858483,b0f066a214c2f5e87bad3c948f4d605d) (ScriptedImporter) -> (Import Result ID: '45776ac0e88f95926ce5dc49e69b69cb') in 0.0750596 seconds [static and dynamic dependencies]. Details - ImportResultOutputID=a3ff5caedff9729a523fac815f6c288f DependenciesID=6ff334226a653b8f6e1cd1e2e7e68d65 StaticDependenciesID=2df599712a1b72bd11b5b1f8ab61d869 
Number of updated asset objects reloaded before import = 0Number of asset objects unloaded after import = 8

========================================================================
Received Import Request.
  Time since last request: 0.000038 seconds.
  path: Assets/XR/Animated Hands/Animations/r_hand_default_anim.fbx
  importAddress: Guid(b6c38558987444240b3b3950e4450b77) Importer(2089858483,b0f066a214c2f5e87bad3c948f4d605d)
Start importing Assets/XR/Animated Hands/Animations/r_hand_default_anim.fbx using Guid(b6c38558987444240b3b3950e4450b77) Importer(2089858483,b0f066a214c2f5e87bad3c948f4d605d) (ScriptedImporter) -> (Import Result ID: '61fc1aa829d7a12b26af393da8cd954b') in 0.0103788 seconds [static and dynamic dependencies]. Details - ImportResultOutputID=377838c70873c001ae57fbcdbc016985 DependenciesID=915dd54858b3d1910df877daad2165c7 StaticDependenciesID=afb8fd2a21aeb97b1b96674d3a0685f4 
Number of updated asset objects reloaded before import = 0Number of asset objects unloaded after import = 57

========================================================================
Received Import Request.
  Time since last request: 0.000039 seconds.
  path: Assets/audio 1/tomb/Character/3/独白8（1）.wav
  importAddress: Guid(d8b737072f1eb1b4fbc84acc5a0a59fc) Importer(2089858483,b0f066a214c2f5e87bad3c948f4d605d)
Start importing Assets/audio 1/tomb/Character/3/独白8（1）.wav using Guid(d8b737072f1eb1b4fbc84acc5a0a59fc) Importer(2089858483,b0f066a214c2f5e87bad3c948f4d605d) (ScriptedImporter) -> (Import Result ID: '870cd559fc5bb7873d2c6a24229a80f9') in 0.0114319 seconds [static and dynamic dependencies]. Details - ImportResultOutputID=b71d21e9a5c8c551c7abe4304962f3db DependenciesID=f43273aac4942317829cebec36241e7f StaticDependenciesID=36b0be34034e30bbbbcde60840e0bc89 
Number of updated asset objects reloaded before import = 0Number of asset objects unloaded after import = 1

========================================================================
Received Import Request.
  Time since last request: 0.000028 seconds.
  path: Assets/materials/TextureHaven/wood_4k/wood_4k_materials/WU.mat
  importAddress: Guid(0052bdde8f9708c42bf7c2bb5bfbaf38) Importer(2089858483,b0f066a214c2f5e87bad3c948f4d605d)
Start importing Assets/materials/TextureHaven/wood_4k/wood_4k_materials/WU.mat using Guid(0052bdde8f9708c42bf7c2bb5bfbaf38) Importer(2089858483,b0f066a214c2f5e87bad3c948f4d605d) (ScriptedImporter) -> (Import Result ID: '02dbb8bff9f330817b6cd40dc12d8867') in 0.0249176 seconds [static and dynamic dependencies]. Details - ImportResultOutputID=f45790c3bcdfe661b1a3c4341d8f83b7 DependenciesID=235b4c82d0063ddf8cdff6a3cba9b200 StaticDependenciesID=3f567fc191eff311dd32345eb81423dd 
Number of updated asset objects reloaded before import = 0Number of asset objects unloaded after import = 5

========================================================================
Received Import Request.
  Time since last request: 0.000041 seconds.
  path: Assets/XR/Animated Hands/Models/l_hand_skeletal_lowres.fbx
  importAddress: Guid(ca20b3907ff1c794cb89c1ad2cce8282) Importer(2089858483,b0f066a214c2f5e87bad3c948f4d605d)
Start importing Assets/XR/Animated Hands/Models/l_hand_skeletal_lowres.fbx using Guid(ca20b3907ff1c794cb89c1ad2cce8282) Importer(2089858483,b0f066a214c2f5e87bad3c948f4d605d) (ScriptedImporter) -> (Import Result ID: 'a270521ace3c2f3b69bfa32201fed291') in 0.0145794 seconds [static and dynamic dependencies]. Details - ImportResultOutputID=166d03cdbdcd06572f2d7ead782999c8 DependenciesID=343bb8f2520dbe2f70397a8e223646af StaticDependenciesID=9d73ac56ab796e8760767489986a25ea 
Number of updated asset objects reloaded before import = 0Number of asset objects unloaded after import = 63

========================================================================
Received Import Request.
  Time since last request: 0.000032 seconds.
  path: Assets/BefourStudios/AsianDynastyEnvironment/Art/Textures/T_TreeBranch2_Normal.png
  importAddress: Guid(abc00000000013590639191196196102) Importer(2089858483,b0f066a214c2f5e87bad3c948f4d605d)
Start importing Assets/BefourStudios/AsianDynastyEnvironment/Art/Textures/T_TreeBranch2_Normal.png using Guid(abc00000000013590639191196196102) Importer(2089858483,b0f066a214c2f5e87bad3c948f4d605d) (ScriptedImporter) -> (Import Result ID: '7102a845817abad4382938f02a3ba04b') in 0.0301891 seconds [static and dynamic dependencies]. Details - ImportResultOutputID=698fbc37c174aff980ea93de2b2d9009 DependenciesID=539c5977b539bc5eafe38fb6cd510bc5 StaticDependenciesID=ca540150d0ecbcc31c30a955d5f29426 
Number of updated asset objects reloaded before import = 0Number of asset objects unloaded after import = 1

========================================================================
Received Import Request.
  Time since last request: 0.000044 seconds.
  path: Assets/Ian's Fire Pack Universal/_URP Specific/Materials/Particles/SmokePuffURP.mat
  importAddress: Guid(e38b20a97046f41669eb11107e8d91b9) Importer(2089858483,b0f066a214c2f5e87bad3c948f4d605d)
Start importing Assets/Ian's Fire Pack Universal/_URP Specific/Materials/Particles/SmokePuffURP.mat using Guid(e38b20a97046f41669eb11107e8d91b9) Importer(2089858483,b0f066a214c2f5e87bad3c948f4d605d) (ScriptedImporter) -> (Import Result ID: 'e0cae66c83fbf8e8d88472cf0455bc3a') in 0.0150239 seconds [static and dynamic dependencies]. Details - ImportResultOutputID=8f195b69699596d5732616821f1be14f DependenciesID=7c8f5e489178c6d9d87d86d393f5c358 StaticDependenciesID=2a4e83512f25b6f2c719a0d124c08ef6 
Number of updated asset objects reloaded before import = 0Number of asset objects unloaded after import = 3

========================================================================
Received Import Request.
  Time since last request: 0.000031 seconds.
  path: Assets/SunboxGames/ModularDungeonCaves/Prefabs/Roots/RootSmall_03.prefab
  importAddress: Guid(ce2273b04b5575047afe4ea8791571bc) Importer(2089858483,e11c23a36db5f54750b8cd40eac0985b)
Start importing Assets/SunboxGames/ModularDungeonCaves/Prefabs/Roots/RootSmall_03.prefab using Guid(ce2273b04b5575047afe4ea8791571bc) Importer(2089858483,e11c23a36db5f54750b8cd40eac0985b) (ScriptedImporter) -> (Import Result ID: 'ed05d8b566bc2ccc337f0bf88b069706') in 0.0137908 seconds [static and dynamic dependencies]. Details - ImportResultOutputID=87afe2801dedb3175d96e878c4791c43 DependenciesID=78d69242b30778ef90b71a02089e292d StaticDependenciesID=c3368097a0e6bce18eaf71364a9bf0de 
Number of updated asset objects reloaded before import = 0Number of asset objects unloaded after import = 8

========================================================================
Received Import Request.
  Time since last request: 0.000029 seconds.
  path: Assets/SunboxGames/ModularDungeonCaves/Prefabs/Rocks/Pillar_02.prefab
  importAddress: Guid(c3b3b1793ef2f144d8283a9b579ee805) Importer(2089858483,e11c23a36db5f54750b8cd40eac0985b)
Start importing Assets/SunboxGames/ModularDungeonCaves/Prefabs/Rocks/Pillar_02.prefab using Guid(c3b3b1793ef2f144d8283a9b579ee805) Importer(2089858483,e11c23a36db5f54750b8cd40eac0985b) (ScriptedImporter) -> (Import Result ID: '6703265f521deb4bee6b36d32bfea51c') in 0.0145436 seconds [static and dynamic dependencies]. Details - ImportResultOutputID=b79db8697df13f2f82e1b61631e874db DependenciesID=6cd4d33c0f8341043b5358208edbae5e StaticDependenciesID=0dc845668d621fa2fd43de0bea3d4cd8 
Number of updated asset objects reloaded before import = 0Number of asset objects unloaded after import = 11

========================================================================
Received Import Request.
  Time since last request: 0.000053 seconds.
  path: Assets/XR/Animated Hands/Prefabs/Left Hand Model.prefab
  importAddress: Guid(65847589f926b734d9eaed6e25f0046b) Importer(2089858483,e11c23a36db5f54750b8cd40eac0985b)
Start importing Assets/XR/Animated Hands/Prefabs/Left Hand Model.prefab using Guid(65847589f926b734d9eaed6e25f0046b) Importer(2089858483,e11c23a36db5f54750b8cd40eac0985b) (ScriptedImporter) -> (Import Result ID: '116aa78bbaf946d40d77215e6fe26abf') in 0.0255158 seconds [static and dynamic dependencies]. Details - ImportResultOutputID=b6120b5e70e6f921f6b6b1e27c54f701 DependenciesID=13b32141fd3810deba57ece5dfe6da43 StaticDependenciesID=aa9486013dc002c878e6d08a598c9f59 
Number of updated asset objects reloaded before import = 0Number of asset objects unloaded after import = 69

========================================================================
Received Import Request.
  Time since last request: 0.000052 seconds.
  path: Assets/fog/Demo Assets/INab Studio/Scripts/FloatingCoin.cs
  importAddress: Guid(c024ef0b195e73f4b94131f86f3afb93) Importer(2089858483,b0f066a214c2f5e87bad3c948f4d605d)
Start importing Assets/fog/Demo Assets/INab Studio/Scripts/FloatingCoin.cs using Guid(c024ef0b195e73f4b94131f86f3afb93) Importer(2089858483,b0f066a214c2f5e87bad3c948f4d605d) (ScriptedImporter) -> (Import Result ID: '478b5357bedbbf3b7959e95dd409cfff') in 0.0043371 seconds [static and dynamic dependencies]. Details - ImportResultOutputID=2127bfebb31ffca8916aa8120e556a4a DependenciesID=3fb02c1d7814e789ecfc2aa29125543b StaticDependenciesID=74d0f0ce4e16d7cf4a8ff11149ce5df6 
Number of updated asset objects reloaded before import = 0Number of asset objects unloaded after import = 0

========================================================================
Received Import Request.
  Time since last request: 0.000021 seconds.
  path: Assets/SunboxGames/ModularDungeonCaves/Prefabs/Roots/RootLarge_03.prefab
  importAddress: Guid(575c3671119d70e4b8d77f6ef6512cf1) Importer(2089858483,e11c23a36db5f54750b8cd40eac0985b)
Start importing Assets/SunboxGames/ModularDungeonCaves/Prefabs/Roots/RootLarge_03.prefab using Guid(575c3671119d70e4b8d77f6ef6512cf1) Importer(2089858483,e11c23a36db5f54750b8cd40eac0985b) (ScriptedImporter) -> (Import Result ID: 'e400e73bc876fdd1bbdb68a52cf4e14a') in 0.0098603 seconds [static and dynamic dependencies]. Details - ImportResultOutputID=2d4f14bbbac4c8d4bc86adf8dbf2b417 DependenciesID=3fc77dfc5716ee3df2d9cbe331bc8829 StaticDependenciesID=1f67be4f3ce3d1abb17a8f815be4947d 
Number of updated asset objects reloaded before import = 0Number of asset objects unloaded after import = 9

========================================================================
Received Import Request.
  Time since last request: 0.000028 seconds.
  path: Assets/TripoModels/ornate_crown_statue_3d_model/ornate_crown_statue_3d_model.fbm/ornate_crown_statue_3d_model_metallic_Smoothness.png
  importAddress: Guid(badf9d61ea3dbaa478b4a26922741fdc) Importer(2089858483,b0f066a214c2f5e87bad3c948f4d605d)
Start importing Assets/TripoModels/ornate_crown_statue_3d_model/ornate_crown_statue_3d_model.fbm/ornate_crown_statue_3d_model_metallic_Smoothness.png using Guid(badf9d61ea3dbaa478b4a26922741fdc) Importer(2089858483,b0f066a214c2f5e87bad3c948f4d605d) (ScriptedImporter) -> (Import Result ID: '025eda5345d7055e85d700870d89d4ed') in 0.0137449 seconds [static and dynamic dependencies]. Details - ImportResultOutputID=08686ca5de2d5c49e8c3401734b202e0 DependenciesID=c7cfeeb5716f1c382ef956768166fdde StaticDependenciesID=3fc7247eb4b1f7f7d521aec5b5037b26 
Number of updated asset objects reloaded before import = 0Number of asset objects unloaded after import = 1

========================================================================
Received Import Request.
  Time since last request: 0.000023 seconds.
  path: Assets/Samples/XR Interaction Toolkit/3.2.1/Starter Assets/DemoScene.unity
  importAddress: Guid(319dafa5c80f29f428dc1e0d03f04177) Importer(2089858483,e11c23a36db5f54750b8cd40eac0985b)
Start importing Assets/Samples/XR Interaction Toolkit/3.2.1/Starter Assets/DemoScene.unity using Guid(319dafa5c80f29f428dc1e0d03f04177) Importer(2089858483,e11c23a36db5f54750b8cd40eac0985b) (ScriptedImporter)Opening scene 'Assets/Samples/XR Interaction Toolkit/3.2.1/Starter Assets/DemoScene.unity additively'
Loaded scene 'Assets/Samples/XR Interaction Toolkit/3.2.1/Starter Assets/DemoScene.unity'
	Deserialize:            13.110 ms
	Integration:            205.278 ms
	Integration of assets:  0.397 ms
	Thread Wait Time:       0.021 ms
	Total Operation Time:   218.806 ms
 -> (Import Result ID: '0c9aab1f7cd779123bbbef3623659b25') in 1.6491413 seconds [static and dynamic dependencies]. Details - ImportResultOutputID=e45593b376d3f6495aa531aa1c5f73fa DependenciesID=f88f55dcfffa37ce14c7409087684997 StaticDependenciesID=35432adbdcd6cadcb3ab745b7134d19c 
Number of updated asset objects reloaded before import = 0Number of asset objects unloaded after import = 3584

========================================================================
Received Import Request.
  Time since last request: 0.000043 seconds.
  path: Assets/TripoModels/xiugai1/stone_fire_pit_3d_model/Materials/tripo_image_9057156d-426a-4fc0-92ea-beba77c902f9_0_0.mat
  importAddress: Guid(06f359280f4cb6642b6a5d69e5cbd20e) Importer(2089858483,b0f066a214c2f5e87bad3c948f4d605d)
Start importing Assets/TripoModels/xiugai1/stone_fire_pit_3d_model/Materials/tripo_image_9057156d-426a-4fc0-92ea-beba77c902f9_0_0.mat using Guid(06f359280f4cb6642b6a5d69e5cbd20e) Importer(2089858483,b0f066a214c2f5e87bad3c948f4d605d) (ScriptedImporter) -> (Import Result ID: 'a4c57a3bffed7c1e32dedee5aeb165d5') in 0.0183206 seconds [static and dynamic dependencies]. Details - ImportResultOutputID=cd5ee6df88374d76e2ab63b04e2de18f DependenciesID=42563a3fae5ee6dec9afd631135981b8 StaticDependenciesID=a8a0bf8ddb88639f6eaf822a67b73e5f 
Number of updated asset objects reloaded before import = 0Number of asset objects unloaded after import = 9

========================================================================
Received Import Request.
  Time since last request: 0.000037 seconds.
  path: Assets/TripoModels/xiugai1/shengxiang6/stone_sculpture_prop_3d_model.fbm/stone_sculpture_prop_3d_model_metallic_Smoothness.png
  importAddress: Guid(3ebb7c9aaaa3df340bd38b3b6a7ed27c) Importer(2089858483,b0f066a214c2f5e87bad3c948f4d605d)
Start importing Assets/TripoModels/xiugai1/shengxiang6/stone_sculpture_prop_3d_model.fbm/stone_sculpture_prop_3d_model_metallic_Smoothness.png using Guid(3ebb7c9aaaa3df340bd38b3b6a7ed27c) Importer(2089858483,b0f066a214c2f5e87bad3c948f4d605d) (ScriptedImporter) -> (Import Result ID: 'f966862b0d1b4686687235edecc85a7f') in 0.0120994 seconds [static and dynamic dependencies]. Details - ImportResultOutputID=a545766bdab35bde9c6a9dd6891f684d DependenciesID=7ad3abd5e3025b2063ca302e4e02ccef StaticDependenciesID=ace4768b285aa47313468a6ff5aaa71c 
Number of updated asset objects reloaded before import = 0Number of asset objects unloaded after import = 1

========================================================================
Received Import Request.
  Time since last request: 0.000023 seconds.
  path: Assets/BefourStudios/AsianDynastyEnvironment/Art/Meshes/Materials/No Name.mat
  importAddress: Guid(4ebacd317b8ed8d418db581f82316e8b) Importer(2089858483,b0f066a214c2f5e87bad3c948f4d605d)
Start importing Assets/BefourStudios/AsianDynastyEnvironment/Art/Meshes/Materials/No Name.mat using Guid(4ebacd317b8ed8d418db581f82316e8b) Importer(2089858483,b0f066a214c2f5e87bad3c948f4d605d) (ScriptedImporter) -> (Import Result ID: '13b2b5d1884184cfa6e2cafcd5baaf8b') in 0.0135218 seconds [static and dynamic dependencies]. Details - ImportResultOutputID=1e8991a8844c98896695fd88a7e99c47 DependenciesID=7e5d2e350919ed4af0f3d3bc800753e5 StaticDependenciesID=0f39174ec3d5ea1e95cc71f89cc029ab 
Number of updated asset objects reloaded before import = 0Number of asset objects unloaded after import = 1

========================================================================
Received Import Request.
  Time since last request: 0.000023 seconds.
  path: Assets/BefourStudios/AsianDynastyEnvironment/Art/Meshes/Materials/MI_BazaarProps.mat
  importAddress: Guid(1bc89cfc5f82c6a428b06aee2a611306) Importer(2089858483,b0f066a214c2f5e87bad3c948f4d605d)
Start importing Assets/BefourStudios/AsianDynastyEnvironment/Art/Meshes/Materials/MI_BazaarProps.mat using Guid(1bc89cfc5f82c6a428b06aee2a611306) Importer(2089858483,b0f066a214c2f5e87bad3c948f4d605d) (ScriptedImporter) -> (Import Result ID: '723f28ceb5b0466bff23474d2c547e60') in 0.0060425 seconds [static and dynamic dependencies]. Details - ImportResultOutputID=a0873b9ed54b66a32c053fe6880acd01 DependenciesID=eb69cc5a189228a417bb9c587367c870 StaticDependenciesID=02ec1e53a537092f830500d2742842d0 
Number of updated asset objects reloaded before import = 0Number of asset objects unloaded after import = 1

========================================================================
Received Import Request.
  Time since last request: 0.000020 seconds.
  path: Assets/SunboxGames/ModularDungeonCaves/Scenes/CaveDemoScene02/ReflectionProbe-0.exr
  importAddress: Guid(d98e94160a6b0ff458400f7373ab92ca) Importer(2089858483,b0f066a214c2f5e87bad3c948f4d605d)
Start importing Assets/SunboxGames/ModularDungeonCaves/Scenes/CaveDemoScene02/ReflectionProbe-0.exr using Guid(d98e94160a6b0ff458400f7373ab92ca) Importer(2089858483,b0f066a214c2f5e87bad3c948f4d605d) (ScriptedImporter) -> (Import Result ID: '566cb5bc7633efeb65420db3c9340d45') in 0.0112515 seconds [static and dynamic dependencies]. Details - ImportResultOutputID=51a4aa22bc8152ce52831b8d3f034c54 DependenciesID=58644806c1adc701807dfd3c5a70ed60 StaticDependenciesID=835b3b744dab1e2b4dd0b705c9bbcb4d 
Number of updated asset objects reloaded before import = 0Number of asset objects unloaded after import = 1

========================================================================
Received Import Request.
  Time since last request: 0.000022 seconds.
  path: Assets/SunboxGames/ModularDungeonCaves/Prefabs/Various/CandleHolder01.prefab
  importAddress: Guid(7079f787ce9905c409639597885ec35e) Importer(2089858483,e11c23a36db5f54750b8cd40eac0985b)
Start importing Assets/SunboxGames/ModularDungeonCaves/Prefabs/Various/CandleHolder01.prefab using Guid(7079f787ce9905c409639597885ec35e) Importer(2089858483,e11c23a36db5f54750b8cd40eac0985b) (ScriptedImporter) -> (Import Result ID: 'ae951b3300849ee863ff7de17f26c533') in 0.0246952 seconds [static and dynamic dependencies]. Details - ImportResultOutputID=9a6f47145c949c4da3285662b33d3e09 DependenciesID=0815c71388d42437da0616cd0908a3e5 StaticDependenciesID=5fbe6ca0d2a2fbaefeb1361e961666df 
Number of updated asset objects reloaded before import = 0Number of asset objects unloaded after import = 23

========================================================================
Received Import Request.
  Time since last request: 0.000034 seconds.
  path: Assets/SunboxGames/ModularDungeonCaves/Textures/Cobweb_01/Cobweb_normal.png
  importAddress: Guid(c6ad88494feefa5438d911ca831e244a) Importer(2089858483,b0f066a214c2f5e87bad3c948f4d605d)
Start importing Assets/SunboxGames/ModularDungeonCaves/Textures/Cobweb_01/Cobweb_normal.png using Guid(c6ad88494feefa5438d911ca831e244a) Importer(2089858483,b0f066a214c2f5e87bad3c948f4d605d) (ScriptedImporter) -> (Import Result ID: '34b1b2f4dd04c36928028a6bb58d3f93') in 0.0281176 seconds [static and dynamic dependencies]. Details - ImportResultOutputID=f5d91ae88e3c97df95b520a37e896e21 DependenciesID=5a9df48db1155546bbc3b57bf963eb7f StaticDependenciesID=ce52a8a7c748ccdefd674ee105f7319b 
Number of updated asset objects reloaded before import = 0Number of asset objects unloaded after import = 1

========================================================================
Received Import Request.
  Time since last request: 0.000022 seconds.
  path: Assets/TripoModels/ancient_warrior_statue_3d_model/ancient_warrior_statue_3d_model.fbm/ancient_warrior_statue_3d_model_metallic_Smoothness.png
  importAddress: Guid(1845ed6dcc66e0041a07b93853dcf4ed) Importer(2089858483,b0f066a214c2f5e87bad3c948f4d605d)
Start importing Assets/TripoModels/ancient_warrior_statue_3d_model/ancient_warrior_statue_3d_model.fbm/ancient_warrior_statue_3d_model_metallic_Smoothness.png using Guid(1845ed6dcc66e0041a07b93853dcf4ed) Importer(2089858483,b0f066a214c2f5e87bad3c948f4d605d) (ScriptedImporter) -> (Import Result ID: 'f6281002f4fcdd6138390865333acda5') in 0.0115811 seconds [static and dynamic dependencies]. Details - ImportResultOutputID=2b041ba7444a05f40982a10784637257 DependenciesID=49e30ff575372dadb1375a49f24368bb StaticDependenciesID=a65c29df111db0841ca5141e62eb07f6 
Number of updated asset objects reloaded before import = 0Number of asset objects unloaded after import = 1

========================================================================
Received Import Request.
  Time since last request: 0.000022 seconds.
  path: Assets/SunboxGames/ModularDungeonCaves/Prefabs/Roots/RootSmall_02.prefab
  importAddress: Guid(3bbf179054a89ea45bf52d0abd5bf3a1) Importer(2089858483,e11c23a36db5f54750b8cd40eac0985b)
Start importing Assets/SunboxGames/ModularDungeonCaves/Prefabs/Roots/RootSmall_02.prefab using Guid(3bbf179054a89ea45bf52d0abd5bf3a1) Importer(2089858483,e11c23a36db5f54750b8cd40eac0985b) (ScriptedImporter) -> (Import Result ID: '9222f686e4290d7069767f4fe6b6b741') in 0.0088366 seconds [static and dynamic dependencies]. Details - ImportResultOutputID=8ba46f9b864b437d09d6fa7664b62a35 DependenciesID=b625d6f81365c5fb60db4a485367747e StaticDependenciesID=5ac2ea09be82700993974c7e3a91d515 
Number of updated asset objects reloaded before import = 0Number of asset objects unloaded after import = 8

========================================================================
Received Import Request.
  Time since last request: 0.000021 seconds.
  path: Assets/SunboxGames/ModularDungeonCaves/Textures/SandMineRock/sand_mine_rock_rubble_Specular.png
  importAddress: Guid(a2df74be3bdc0184eac7f85f07eb2a90) Importer(2089858483,b0f066a214c2f5e87bad3c948f4d605d)
Start importing Assets/SunboxGames/ModularDungeonCaves/Textures/SandMineRock/sand_mine_rock_rubble_Specular.png using Guid(a2df74be3bdc0184eac7f85f07eb2a90) Importer(2089858483,b0f066a214c2f5e87bad3c948f4d605d) (ScriptedImporter) -> (Import Result ID: '1aa7dd4c447e30aa7ad8bc8d7bdf30a8') in 0.0331368 seconds [static and dynamic dependencies]. Details - ImportResultOutputID=3091812a0c492f89d209f999758454f6 DependenciesID=8c934be9b63a6dd85d172644faf32bca StaticDependenciesID=8a8d1c58347f879819f23bddfa3e45b6 
Number of updated asset objects reloaded before import = 0Number of asset objects unloaded after import = 1

========================================================================
Received Import Request.
  Time since last request: 0.000026 seconds.
  path: Assets/TripoModels/xiugai1/shengxiang6/stone_sculpture_prop_3d_model.fbm/tripo_image_346d620e-6d3d-4076-9e46-244cadb6d2ca_0_0.jpg
  importAddress: Guid(b75ec9117100ec14e94607f146246c94) Importer(2089858483,b0f066a214c2f5e87bad3c948f4d605d)
Start importing Assets/TripoModels/xiugai1/shengxiang6/stone_sculpture_prop_3d_model.fbm/tripo_image_346d620e-6d3d-4076-9e46-244cadb6d2ca_0_0.jpg using Guid(b75ec9117100ec14e94607f146246c94) Importer(2089858483,b0f066a214c2f5e87bad3c948f4d605d) (ScriptedImporter) -> (Import Result ID: '2790df3d65a8128accd4a8bf5f1affb1') in 0.0125441 seconds [static and dynamic dependencies]. Details - ImportResultOutputID=42d2bd2f34340511ca97222b61d94b1f DependenciesID=4e8add2be0b7afefdca91d9cebba7a3c StaticDependenciesID=d047573bccf24700e303283b2a751022 
Number of updated asset objects reloaded before import = 0Number of asset objects unloaded after import = 1

========================================================================
Received Import Request.
  Time since last request: 0.000040 seconds.
  path: Assets/HIVEMIND/CaveOfHiddenTomb/HDRP (Default)/Art/AllTextures1K/T_Aztec_Trim_003_basecolor.png
  importAddress: Guid(abc00000000010587962969134784465) Importer(2089858483,b0f066a214c2f5e87bad3c948f4d605d)
Start importing Assets/HIVEMIND/CaveOfHiddenTomb/HDRP (Default)/Art/AllTextures1K/T_Aztec_Trim_003_basecolor.png using Guid(abc00000000010587962969134784465) Importer(2089858483,b0f066a214c2f5e87bad3c948f4d605d) (ScriptedImporter) -> (Import Result ID: 'ad33491ca72f5ec827da51aa121e10ce') in 0.0124384 seconds [static and dynamic dependencies]. Details - ImportResultOutputID=353eca2a41fffce5666b001e2f67fdd1 DependenciesID=509ec4a89e67eded0ffc356e98281982 StaticDependenciesID=2f29c314c3cec6efcb57545fd40936dc 
Number of updated asset objects reloaded before import = 0Number of asset objects unloaded after import = 1

========================================================================
Received Import Request.
  Time since last request: 0.000024 seconds.
  path: Assets/fog/Post Processing Assets/Common/Subgraphs/Particles/SoftParticles.shadersubgraph
  importAddress: Guid(c697dcbdfb453ac45b89716e06fcfc50) Importer(2089858483,b0f066a214c2f5e87bad3c948f4d605d)
Start importing Assets/fog/Post Processing Assets/Common/Subgraphs/Particles/SoftParticles.shadersubgraph using Guid(c697dcbdfb453ac45b89716e06fcfc50) Importer(2089858483,b0f066a214c2f5e87bad3c948f4d605d) (ScriptedImporter) -> (Import Result ID: '39e5d050d4e7890fca1e121219b15f7b') in 0.0104467 seconds [static and dynamic dependencies]. Details - ImportResultOutputID=a18666d64fb0d9fa50b6609f25e54671 DependenciesID=97c4dc4d4e94bdbb39449e6fafc639c2 StaticDependenciesID=2f0f2f79a10e8b967a8d5fa366810596 
Number of updated asset objects reloaded before import = 0Number of asset objects unloaded after import = 1

========================================================================
Received Import Request.
  Time since last request: 0.000018 seconds.
  path: Assets/HIVEMIND/CaveOfHiddenTomb/HDRP (Default)/Art/AllTextures1K/T_EuropeanBeech_01_N.png
  importAddress: Guid(abc00000000002345256355526394350) Importer(2089858483,b0f066a214c2f5e87bad3c948f4d605d)
Start importing Assets/HIVEMIND/CaveOfHiddenTomb/HDRP (Default)/Art/AllTextures1K/T_EuropeanBeech_01_N.png using Guid(abc00000000002345256355526394350) Importer(2089858483,b0f066a214c2f5e87bad3c948f4d605d) (ScriptedImporter) -> (Import Result ID: '6a144d8f2e66d54e81f080e885f90ffa') in 0.0103116 seconds [static and dynamic dependencies]. Details - ImportResultOutputID=47b26c8fe08d6ebd71c2e899c3103c32 DependenciesID=ee9fec8cd20a8011e37ffb4e687cb042 StaticDependenciesID=b4fd44640a338d188e1bb00a7d5a43ae 
Number of updated asset objects reloaded before import = 0Number of asset objects unloaded after import = 1

========================================================================
Received Import Request.
  Time since last request: 0.000019 seconds.
  path: Assets/HIVEMIND/CaveOfHiddenTomb/HDRP (Default)/Art/AllTextures1K/T_EagleFern_01_D.png
  importAddress: Guid(abc00000000002942604511334285778) Importer(2089858483,b0f066a214c2f5e87bad3c948f4d605d)
Start importing Assets/HIVEMIND/CaveOfHiddenTomb/HDRP (Default)/Art/AllTextures1K/T_EagleFern_01_D.png using Guid(abc00000000002942604511334285778) Importer(2089858483,b0f066a214c2f5e87bad3c948f4d605d) (ScriptedImporter) -> (Import Result ID: '47f4724d8c17e9d195d093d3a29963e4') in 0.0089752 seconds [static and dynamic dependencies]. Details - ImportResultOutputID=a7d60ef6b00f1834af28d6b6c7d4403f DependenciesID=8ba780dda133d97b8e6c315acf19f794 StaticDependenciesID=307c0d6dfccf261ad2518a77be63ce6c 
Number of updated asset objects reloaded before import = 0Number of asset objects unloaded after import = 1

========================================================================
Received Import Request.
  Time since last request: 0.000022 seconds.
  path: Assets/fog/Demo Assets/Unity Companion License/Particle Pack/Prefabs/DustStorm.prefab
  importAddress: Guid(9e03786a9517b604d8e930182607a128) Importer(2089858483,e11c23a36db5f54750b8cd40eac0985b)
Start importing Assets/fog/Demo Assets/Unity Companion License/Particle Pack/Prefabs/DustStorm.prefab using Guid(9e03786a9517b604d8e930182607a128) Importer(2089858483,e11c23a36db5f54750b8cd40eac0985b) (ScriptedImporter) -> (Import Result ID: 'b30a2f401edc86c62e7714a7e4a1ec59') in 0.0192372 seconds [static and dynamic dependencies]. Details - ImportResultOutputID=bd2ac8b43d812a9a7c2a8b88cde6f8d5 DependenciesID=e22e087ef237cfca0a827294bdc40f7f StaticDependenciesID=f29bed8ec8705abbfc3126f6ebbfd1bc 
Number of updated asset objects reloaded before import = 0Number of asset objects unloaded after import = 6

========================================================================
Received Import Request.
  Time since last request: 0.000044 seconds.
  path: Assets/HIVEMIND/CaveOfHiddenTomb/HDRP (Default)/Art/AllTextures1K/T_MI_Boulder_D_ORD.png
  importAddress: Guid(abc00000000012600186048743921113) Importer(2089858483,b0f066a214c2f5e87bad3c948f4d605d)
Start importing Assets/HIVEMIND/CaveOfHiddenTomb/HDRP (Default)/Art/AllTextures1K/T_MI_Boulder_D_ORD.png using Guid(abc00000000012600186048743921113) Importer(2089858483,b0f066a214c2f5e87bad3c948f4d605d) (ScriptedImporter) -> (Import Result ID: 'c7fbe39cc858631c1d456cab6e37d14a') in 0.0173175 seconds [static and dynamic dependencies]. Details - ImportResultOutputID=108f553c475cbfce078cdde98dd4cf9c DependenciesID=b1c570cbd4627a0be6d0c39b3f3437f4 StaticDependenciesID=eb3ce774e149b761686ff6ef89f961f0 
Number of updated asset objects reloaded before import = 0Number of asset objects unloaded after import = 1

========================================================================
Received Import Request.
  Time since last request: 0.000022 seconds.
  path: Assets/HIVEMIND/CaveOfHiddenTomb/HDRP (Default)/Art/AllTextures1K/T_MI_Firepit_B_N.png
  importAddress: Guid(abc00000000009687540241379883050) Importer(2089858483,b0f066a214c2f5e87bad3c948f4d605d)
Start importing Assets/HIVEMIND/CaveOfHiddenTomb/HDRP (Default)/Art/AllTextures1K/T_MI_Firepit_B_N.png using Guid(abc00000000009687540241379883050) Importer(2089858483,b0f066a214c2f5e87bad3c948f4d605d) (ScriptedImporter) -> (Import Result ID: 'b7047b90f4d2d2d32fbc8900a90f3101') in 0.0098407 seconds [static and dynamic dependencies]. Details - ImportResultOutputID=dc92dfad443bc8bf9d11f0ffff60e1e1 DependenciesID=03e77c504a4a1d36adf40d62271edfdc StaticDependenciesID=f49d85ff9754a1b3ae7c6b135a7ea971 
Number of updated asset objects reloaded before import = 0Number of asset objects unloaded after import = 1

========================================================================
Received Import Request.
  Time since last request: 0.000018 seconds.
  path: Assets/HIVEMIND/CaveOfHiddenTomb/HDRP (Default)/Art/AllTextures1K/T_MI_Pillar_A_N.png
  importAddress: Guid(abc00000000000787695860200289578) Importer(2089858483,b0f066a214c2f5e87bad3c948f4d605d)
Start importing Assets/HIVEMIND/CaveOfHiddenTomb/HDRP (Default)/Art/AllTextures1K/T_MI_Pillar_A_N.png using Guid(abc00000000000787695860200289578) Importer(2089858483,b0f066a214c2f5e87bad3c948f4d605d) (ScriptedImporter) -> (Import Result ID: '995c99ad07f11e465071079ca199a318') in 0.0086508 seconds [static and dynamic dependencies]. Details - ImportResultOutputID=9bf90c0290add7eaceaac7ad132c428f DependenciesID=14485b7666995875111607712c221063 StaticDependenciesID=fdf1446ea9e077601291b7497343c31f 
Number of updated asset objects reloaded before import = 0Number of asset objects unloaded after import = 1

========================================================================
Received Import Request.
  Time since last request: 0.000024 seconds.
  path: Assets/HIVEMIND/CaveOfHiddenTomb/HDRP (Default)/Art/AllTextures1K/T_EuropeanBeech_Bark_01_N.png
  importAddress: Guid(abc00000000008515096664407145359) Importer(2089858483,b0f066a214c2f5e87bad3c948f4d605d)
Start importing Assets/HIVEMIND/CaveOfHiddenTomb/HDRP (Default)/Art/AllTextures1K/T_EuropeanBeech_Bark_01_N.png using Guid(abc00000000008515096664407145359) Importer(2089858483,b0f066a214c2f5e87bad3c948f4d605d) (ScriptedImporter) -> (Import Result ID: 'fcec5108817929c32c69a00d1d911614') in 0.0097207 seconds [static and dynamic dependencies]. Details - ImportResultOutputID=0b8043dac4b915c56c3706185169f275 DependenciesID=6be494270d013a1d39aa80517e92c79d StaticDependenciesID=76c9a8cf0f7cbb60e03fd64647837fcc 
Number of updated asset objects reloaded before import = 0Number of asset objects unloaded after import = 1

========================================================================
Received Import Request.
  Time since last request: 0.000067 seconds.
  path: Assets/HIVEMIND/CaveOfHiddenTomb/HDRP (Default)/Art/AllTextures1K/T_MI_Pillar_A_BC.png
  importAddress: Guid(abc00000000001765006738762989057) Importer(2089858483,b0f066a214c2f5e87bad3c948f4d605d)
Start importing Assets/HIVEMIND/CaveOfHiddenTomb/HDRP (Default)/Art/AllTextures1K/T_MI_Pillar_A_BC.png using Guid(abc00000000001765006738762989057) Importer(2089858483,b0f066a214c2f5e87bad3c948f4d605d) (ScriptedImporter) -> (Import Result ID: '03db8caaed99e45bd967a8ddf2876438') in 0.0074705 seconds [static and dynamic dependencies]. Details - ImportResultOutputID=bd58f651a9d4167d67089a110bd842b9 DependenciesID=6b2283b2d46ceda8344bd981b2757a10 StaticDependenciesID=72491ab02e83b0ea9de443f2f280f0ac 
Number of updated asset objects reloaded before import = 0Number of asset objects unloaded after import = 1

========================================================================
Received Import Request.
  Time since last request: 0.000061 seconds.
  path: Assets/SunboxGames/ModularDungeonCaves/Prefabs/Roots/RootLarge_01.prefab
  importAddress: Guid(884c0a1c9936ea440bf63b4729cfe636) Importer(2089858483,e11c23a36db5f54750b8cd40eac0985b)
Start importing Assets/SunboxGames/ModularDungeonCaves/Prefabs/Roots/RootLarge_01.prefab using Guid(884c0a1c9936ea440bf63b4729cfe636) Importer(2089858483,e11c23a36db5f54750b8cd40eac0985b) (ScriptedImporter) -> (Import Result ID: 'c369d52399398e58f6fc9b1ff6c36d4b') in 0.0079952 seconds [static and dynamic dependencies]. Details - ImportResultOutputID=f3923e8acec9f5d76f69d8360cfb1ef6 DependenciesID=5312d708ff0a9128a821285ff0a0aa97 StaticDependenciesID=5adaa8d203a1617941c359054d2da782 
Number of updated asset objects reloaded before import = 0Number of asset objects unloaded after import = 9

========================================================================
Received Import Request.
  Time since last request: 0.000020 seconds.
  path: Assets/SunboxGames/ModularDungeonCaves/Textures/Mushrooms/Mushrooms_SpecularGollsines.png
  importAddress: Guid(a10c713f43a316b4985a0ee3569ddf5d) Importer(2089858483,b0f066a214c2f5e87bad3c948f4d605d)
Start importing Assets/SunboxGames/ModularDungeonCaves/Textures/Mushrooms/Mushrooms_SpecularGollsines.png using Guid(a10c713f43a316b4985a0ee3569ddf5d) Importer(2089858483,b0f066a214c2f5e87bad3c948f4d605d) (ScriptedImporter) -> (Import Result ID: '8ea93be9384f4bd88a53f8e1228e4f6c') in 0.025387 seconds [static and dynamic dependencies]. Details - ImportResultOutputID=dcd7603075cb9761058ce88b7e6b8b86 DependenciesID=d62e1a9e090da8e8ea0f3d4af0c223d4 StaticDependenciesID=185942433b329c954d773993fd231b5d 
Number of updated asset objects reloaded before import = 0Number of asset objects unloaded after import = 1

========================================================================
Received Import Request.
  Time since last request: 0.000018 seconds.
  path: Assets/TripoModels/ancient_statue_3d_model_3/ancient_statue_3d_model_3.fbm/ancient_statue_3d_model_normal.JPEG
  importAddress: Guid(6b7586adfd149694890276b36469517e) Importer(2089858483,b0f066a214c2f5e87bad3c948f4d605d)
Start importing Assets/TripoModels/ancient_statue_3d_model_3/ancient_statue_3d_model_3.fbm/ancient_statue_3d_model_normal.JPEG using Guid(6b7586adfd149694890276b36469517e) Importer(2089858483,b0f066a214c2f5e87bad3c948f4d605d) (ScriptedImporter) -> (Import Result ID: 'f0b0762cf00428c82e799ec547f6c0bc') in 0.0113536 seconds [static and dynamic dependencies]. Details - ImportResultOutputID=dc8c6194c36910ae3b11302c21256dbf DependenciesID=df464964ce14700e7d8e5d59c1773f38 StaticDependenciesID=5337b263d75e17ac57f4b15613109a7a 
Number of updated asset objects reloaded before import = 0Number of asset objects unloaded after import = 1

========================================================================
Received Import Request.
  Time since last request: 0.000018 seconds.
  path: Assets/SunboxGames/ModularDungeonCaves/Scenes/CaveDemoScene02/ReflectionProbe-3.exr
  importAddress: Guid(ff93a1483e1d42944a400c406bb5f931) Importer(2089858483,b0f066a214c2f5e87bad3c948f4d605d)
Start importing Assets/SunboxGames/ModularDungeonCaves/Scenes/CaveDemoScene02/ReflectionProbe-3.exr using Guid(ff93a1483e1d42944a400c406bb5f931) Importer(2089858483,b0f066a214c2f5e87bad3c948f4d605d) (ScriptedImporter) -> (Import Result ID: 'ec288bd2673e324a95211b392fc942a6') in 0.0070018 seconds [static and dynamic dependencies]. Details - ImportResultOutputID=b3ad5818e65e9708b541ffa1741bd7d1 DependenciesID=5c851874f7950de31fb922406854cd68 StaticDependenciesID=6b384d137096abf592e4d642e8cdf331 
Number of updated asset objects reloaded before import = 0Number of asset objects unloaded after import = 1

========================================================================
Received Import Request.
  Time since last request: 0.000027 seconds.
  path: Assets/HIVEMIND/CaveOfHiddenTomb/HDRP (Default)/Art/AllTextures1K/T_MI_RockWall_BC.png
  importAddress: Guid(abc00000000013989828535454248437) Importer(2089858483,b0f066a214c2f5e87bad3c948f4d605d)
Start importing Assets/HIVEMIND/CaveOfHiddenTomb/HDRP (Default)/Art/AllTextures1K/T_MI_RockWall_BC.png using Guid(abc00000000013989828535454248437) Importer(2089858483,b0f066a214c2f5e87bad3c948f4d605d) (ScriptedImporter) -> (Import Result ID: '0fa5f1096b1130837867247d4e969f2a') in 0.0087861 seconds [static and dynamic dependencies]. Details - ImportResultOutputID=c8f601da1ed5a62a0566626e72da9863 DependenciesID=f137aa601bc7ee601201bff402b84691 StaticDependenciesID=8ac21e8a98e31385272e9f7450c7d847 
Number of updated asset objects reloaded before import = 0Number of asset objects unloaded after import = 1

========================================================================
Received Import Request.
  Time since last request: 0.000035 seconds.
  path: Assets/HIVEMIND/CaveOfHiddenTomb/HDRP (Default)/Art/AllTextures1K/T_MI_Sculpt_ORD.png
  importAddress: Guid(abc00000000000514510563825668639) Importer(2089858483,b0f066a214c2f5e87bad3c948f4d605d)
Start importing Assets/HIVEMIND/CaveOfHiddenTomb/HDRP (Default)/Art/AllTextures1K/T_MI_Sculpt_ORD.png using Guid(abc00000000000514510563825668639) Importer(2089858483,b0f066a214c2f5e87bad3c948f4d605d) (ScriptedImporter) -> (Import Result ID: '2494924c463d66a7532647ed54e983fb') in 0.0126379 seconds [static and dynamic dependencies]. Details - ImportResultOutputID=87e97ceacecc2b5b0e037cbf33415f72 DependenciesID=7073af3ec7abf6f942c983ed10558a6e StaticDependenciesID=e33862f5e0813a092e93402601aa0a6f 
Number of updated asset objects reloaded before import = 0Number of asset objects unloaded after import = 1

========================================================================
Received Import Request.
  Time since last request: 0.000019 seconds.
  path: Assets/HIVEMIND/CaveOfHiddenTomb/HDRP (Default)/Art/AllTextures1K/T_MI_RockWall_ORD.png
  importAddress: Guid(abc00000000009006963996692780339) Importer(2089858483,b0f066a214c2f5e87bad3c948f4d605d)
Start importing Assets/HIVEMIND/CaveOfHiddenTomb/HDRP (Default)/Art/AllTextures1K/T_MI_RockWall_ORD.png using Guid(abc00000000009006963996692780339) Importer(2089858483,b0f066a214c2f5e87bad3c948f4d605d) (ScriptedImporter) -> (Import Result ID: '5fefdd34d8e125afc1bba3a6e65e46c7') in 0.0122575 seconds [static and dynamic dependencies]. Details - ImportResultOutputID=e3a8e95abeb1fb7b534d276417de1e98 DependenciesID=941de7c336c80c24ceec0f02625eb353 StaticDependenciesID=d65264b30a0043da12043d18ee24e6b2 
Number of updated asset objects reloaded before import = 0Number of asset objects unloaded after import = 1

========================================================================
Received Import Request.
  Time since last request: 0.000018 seconds.
  path: Assets/HIVEMIND/CaveOfHiddenTomb/HDRP (Default)/Art/AllTextures1K/T_MI_StonePlate_H_ORD.png
  importAddress: Guid(abc00000000012512075384020316111) Importer(2089858483,b0f066a214c2f5e87bad3c948f4d605d)
Start importing Assets/HIVEMIND/CaveOfHiddenTomb/HDRP (Default)/Art/AllTextures1K/T_MI_StonePlate_H_ORD.png using Guid(abc00000000012512075384020316111) Importer(2089858483,b0f066a214c2f5e87bad3c948f4d605d) (ScriptedImporter) -> (Import Result ID: '0e08f82a0a930815731aaee2173a3e59') in 0.0124849 seconds [static and dynamic dependencies]. Details - ImportResultOutputID=e02c532c80a059c65cee7b626932b24c DependenciesID=3caaa3d42000a3ad3c563d31d4e3db7d StaticDependenciesID=cc841c220275636f69de542830ec5490 
Number of updated asset objects reloaded before import = 0Number of asset objects unloaded after import = 1

========================================================================
Received Import Request.
  Time since last request: 0.000018 seconds.
  path: Assets/HIVEMIND/CaveOfHiddenTomb/HDRP (Default)/Art/AllTextures1K/T_MI_Stone_D_BC.png
  importAddress: Guid(abc00000000016500934904736676607) Importer(2089858483,b0f066a214c2f5e87bad3c948f4d605d)
Start importing Assets/HIVEMIND/CaveOfHiddenTomb/HDRP (Default)/Art/AllTextures1K/T_MI_Stone_D_BC.png using Guid(abc00000000016500934904736676607) Importer(2089858483,b0f066a214c2f5e87bad3c948f4d605d) (ScriptedImporter) -> (Import Result ID: '5568526ef6392f18a6be2a0343da14b2') in 0.0091949 seconds [static and dynamic dependencies]. Details - ImportResultOutputID=2b414ac29c28151eece6d148a250129c DependenciesID=497e9b7ccb56bf2343d2e05546b04648 StaticDependenciesID=22ce978389ee50c32be811646f0ec0ac 
Number of updated asset objects reloaded before import = 0Number of asset objects unloaded after import = 1

========================================================================
Received Import Request.
  Time since last request: 0.000032 seconds.
  path: Assets/HIVEMIND/CaveOfHiddenTomb/HDRP (Default)/Art/AllTextures1K/T_MI_Stalacite_BC03.png
  importAddress: Guid(abc00000000005784402785277090299) Importer(2089858483,b0f066a214c2f5e87bad3c948f4d605d)
Start importing Assets/HIVEMIND/CaveOfHiddenTomb/HDRP (Default)/Art/AllTextures1K/T_MI_Stalacite_BC03.png using Guid(abc00000000005784402785277090299) Importer(2089858483,b0f066a214c2f5e87bad3c948f4d605d) (ScriptedImporter) -> (Import Result ID: '5b4d089532122db9ca1e08a1a9d0c59a') in 0.0088334 seconds [static and dynamic dependencies]. Details - ImportResultOutputID=8fd73dec7b11a12be9d2cf974e7f2e6f DependenciesID=98b2152007e2c6559622ff05275844ea StaticDependenciesID=e7c2c75f3090d9982b069fc425cf98b6 
Number of updated asset objects reloaded before import = 0Number of asset objects unloaded after import = 1

========================================================================
Received Import Request.
  Time since last request: 0.000038 seconds.
  path: Assets/HIVEMIND/CaveOfHiddenTomb/HDRP (Default)/Art/AllTextures1K/T_MI_Stalacite_BC06.png
  importAddress: Guid(abc00000000000423320257502238100) Importer(2089858483,b0f066a214c2f5e87bad3c948f4d605d)
Start importing Assets/HIVEMIND/CaveOfHiddenTomb/HDRP (Default)/Art/AllTextures1K/T_MI_Stalacite_BC06.png using Guid(abc00000000000423320257502238100) Importer(2089858483,b0f066a214c2f5e87bad3c948f4d605d) (ScriptedImporter) -> (Import Result ID: '28969261316c4cd0c9e5c65cf8edc94a') in 0.0142258 seconds [static and dynamic dependencies]. Details - ImportResultOutputID=773287e7aa59a7e05f4ef0d05187faa3 DependenciesID=03b7171a5d16fe3e1e0b93917a20abed StaticDependenciesID=571fec680a445e422f03a8e8e9ec9e75 
Number of updated asset objects reloaded before import = 0Number of asset objects unloaded after import = 1

========================================================================
Received Import Request.
  Time since last request: 0.000019 seconds.
  path: Assets/HIVEMIND/CaveOfHiddenTomb/HDRP (Default)/Art/AllTextures1K/T_MI_Stalacite_N05.png
  importAddress: Guid(abc00000000010323476208424991590) Importer(2089858483,b0f066a214c2f5e87bad3c948f4d605d)
Start importing Assets/HIVEMIND/CaveOfHiddenTomb/HDRP (Default)/Art/AllTextures1K/T_MI_Stalacite_N05.png using Guid(abc00000000010323476208424991590) Importer(2089858483,b0f066a214c2f5e87bad3c948f4d605d) (ScriptedImporter) -> (Import Result ID: 'de3722b3283e0ea6063209ada45b1fe7') in 0.0100736 seconds [static and dynamic dependencies]. Details - ImportResultOutputID=b2aa037e74cdbbb7b9bbae941d1d08f9 DependenciesID=0aac3a1cdd186fc9c3d9c3e2d6129c8c StaticDependenciesID=6dfe529bd25368808f7144ee5412306c 
Number of updated asset objects reloaded before import = 0Number of asset objects unloaded after import = 1

========================================================================
Received Import Request.
  Time since last request: 0.000018 seconds.
  path: Assets/HIVEMIND/CaveOfHiddenTomb/HDRP (Default)/Art/AllTextures1K/T_MI_Sculpt_B_BC.png
  importAddress: Guid(abc00000000017291848011228056897) Importer(2089858483,b0f066a214c2f5e87bad3c948f4d605d)
Start importing Assets/HIVEMIND/CaveOfHiddenTomb/HDRP (Default)/Art/AllTextures1K/T_MI_Sculpt_B_BC.png using Guid(abc00000000017291848011228056897) Importer(2089858483,b0f066a214c2f5e87bad3c948f4d605d) (ScriptedImporter) -> (Import Result ID: '15cd2b5ccf194406581ecf09afca4bf9') in 0.0092089 seconds [static and dynamic dependencies]. Details - ImportResultOutputID=7e8f56288fd6efa6c6fdb80cc4b83ef3 DependenciesID=1c2c5dbeb5d41577fde7007716f73102 StaticDependenciesID=4e590eba9b241f7960bb397c12a9b2af 
Number of updated asset objects reloaded before import = 0Number of asset objects unloaded after import = 1

========================================================================
Received Import Request.
  Time since last request: 0.000020 seconds.
  path: Assets/HIVEMIND/CaveOfHiddenTomb/HDRP (Default)/Art/AllTextures1K/T_MI_Stalacite_ORD06.png
  importAddress: Guid(abc00000000005373656343506342044) Importer(2089858483,b0f066a214c2f5e87bad3c948f4d605d)
Start importing Assets/HIVEMIND/CaveOfHiddenTomb/HDRP (Default)/Art/AllTextures1K/T_MI_Stalacite_ORD06.png using Guid(abc00000000005373656343506342044) Importer(2089858483,b0f066a214c2f5e87bad3c948f4d605d) (ScriptedImporter) -> (Import Result ID: 'db5fc40df60efc3b0b827776d1f2bd6f') in 0.0161057 seconds [static and dynamic dependencies]. Details - ImportResultOutputID=5c9a2325932366743d89fb8eae392c61 DependenciesID=bae6a34d3e7ce0e3045eaa0f41946c42 StaticDependenciesID=4bc24106aa13ea7a347698f1431693cb 
Number of updated asset objects reloaded before import = 0Number of asset objects unloaded after import = 1

========================================================================
Received Import Request.
  Time since last request: 0.000026 seconds.
  path: Assets/HIVEMIND/CaveOfHiddenTomb/HDRP (Default)/Art/AllTextures1K/T_MI_Sculpt_N.png
  importAddress: Guid(abc00000000003500705563284856290) Importer(2089858483,b0f066a214c2f5e87bad3c948f4d605d)
Start importing Assets/HIVEMIND/CaveOfHiddenTomb/HDRP (Default)/Art/AllTextures1K/T_MI_Sculpt_N.png using Guid(abc00000000003500705563284856290) Importer(2089858483,b0f066a214c2f5e87bad3c948f4d605d) (ScriptedImporter) -> (Import Result ID: '38d5cae77b479fb79cbbaafd01052334') in 0.0094354 seconds [static and dynamic dependencies]. Details - ImportResultOutputID=d339a94bbbee34369f37fb2811c8a3fe DependenciesID=a4d6e506a1dc6c6eff878dfd93c13483 StaticDependenciesID=59717e7bce93830738397a3e0f545580 
Number of updated asset objects reloaded before import = 0Number of asset objects unloaded after import = 1

========================================================================
Received Import Request.
  Time since last request: 0.000034 seconds.
  path: Assets/XR/Animated Hands/Animations/r_hand_fist_anim.fbx
  importAddress: Guid(005ab0ae8aa7f74438a5fa50f7cd50e3) Importer(2089858483,b0f066a214c2f5e87bad3c948f4d605d)
Start importing Assets/XR/Animated Hands/Animations/r_hand_fist_anim.fbx using Guid(005ab0ae8aa7f74438a5fa50f7cd50e3) Importer(2089858483,b0f066a214c2f5e87bad3c948f4d605d) (ScriptedImporter) -> (Import Result ID: '077359cfbd3823bb8f10303a1bf6888e') in 0.0080017 seconds [static and dynamic dependencies]. Details - ImportResultOutputID=a9e76c524319338a3d54e9a012c57018 DependenciesID=99058143e6bb288fea17c931c33d9f42 StaticDependenciesID=6de374df33e30e99fd17bbb8626ec184 
Number of updated asset objects reloaded before import = 0Number of asset objects unloaded after import = 55

========================================================================
Received Import Request.
  Time since last request: 0.000023 seconds.
  path: Assets/HIVEMIND/CaveOfHiddenTomb/HDRP (Default)/Art/AllTextures1K/T_MI_Rock_N.png
  importAddress: Guid(abc00000000000344012165875951352) Importer(2089858483,b0f066a214c2f5e87bad3c948f4d605d)
Start importing Assets/HIVEMIND/CaveOfHiddenTomb/HDRP (Default)/Art/AllTextures1K/T_MI_Rock_N.png using Guid(abc00000000000344012165875951352) Importer(2089858483,b0f066a214c2f5e87bad3c948f4d605d) (ScriptedImporter) -> (Import Result ID: '0ac76d84c1e80affe340ca05696ad916') in 0.0096696 seconds [static and dynamic dependencies]. Details - ImportResultOutputID=108e68488392cab1fefae2892e14b850 DependenciesID=5b0fc60921f0e8e0360fe3d805c3fd1d StaticDependenciesID=6975a4ddd778dd78c8b9835b52260aaa 
Number of updated asset objects reloaded before import = 0Number of asset objects unloaded after import = 1

========================================================================
Received Import Request.
  Time since last request: 0.000024 seconds.
  path: Assets/SunboxGames/ModularDungeonCaves/Textures/MediumCorridor_03/MediumCorridor_03_paint_MediumCorridor_03_AlbedoTransparency.png
  importAddress: Guid(88ed1c86f0b6b2a42a2d2019e6c500cc) Importer(2089858483,b0f066a214c2f5e87bad3c948f4d605d)
Start importing Assets/SunboxGames/ModularDungeonCaves/Textures/MediumCorridor_03/MediumCorridor_03_paint_MediumCorridor_03_AlbedoTransparency.png using Guid(88ed1c86f0b6b2a42a2d2019e6c500cc) Importer(2089858483,b0f066a214c2f5e87bad3c948f4d605d) (ScriptedImporter) -> (Import Result ID: 'cc88ea622eee8d34e2d5860e532b6448') in 0.0126195 seconds [static and dynamic dependencies]. Details - ImportResultOutputID=901ce35c117030dda24815e9ac0dd83c DependenciesID=9a6256078d1def6eaba2d6f709038121 StaticDependenciesID=0c49180c2369d7013d6771e9f16bda25 
Number of updated asset objects reloaded before import = 0Number of asset objects unloaded after import = 1

========================================================================
Received Import Request.
  Time since last request: 0.000020 seconds.
  path: Assets/HIVEMIND/CaveOfHiddenTomb/HDRP (Default)/Art/AllTextures1K/T_StonePlate_AORD04.png
  importAddress: Guid(abc00000000017787125238747712906) Importer(2089858483,b0f066a214c2f5e87bad3c948f4d605d)
Start importing Assets/HIVEMIND/CaveOfHiddenTomb/HDRP (Default)/Art/AllTextures1K/T_StonePlate_AORD04.png using Guid(abc00000000017787125238747712906) Importer(2089858483,b0f066a214c2f5e87bad3c948f4d605d) (ScriptedImporter) -> (Import Result ID: '6c3e0d985829390bb330ba96463ac1ec') in 0.01198 seconds [static and dynamic dependencies]. Details - ImportResultOutputID=c77a2d920eac646039349c8a9b42472c DependenciesID=afeb93f5bfeb10fa4141eb1c54ecabc4 StaticDependenciesID=36aa8179babbbc2f765c064d9e07a43e 
Number of updated asset objects reloaded before import = 0Number of asset objects unloaded after import = 1

========================================================================
Received Import Request.
  Time since last request: 0.000393 seconds.
  path: Assets/HIVEMIND/CaveOfHiddenTomb/HDRP (Default)/Art/AllTextures1K/T_Rock_N.png
  importAddress: Guid(abc00000000005604451500764248257) Importer(2089858483,b0f066a214c2f5e87bad3c948f4d605d)
Start importing Assets/HIVEMIND/CaveOfHiddenTomb/HDRP (Default)/Art/AllTextures1K/T_Rock_N.png using Guid(abc00000000005604451500764248257) Importer(2089858483,b0f066a214c2f5e87bad3c948f4d605d) (ScriptedImporter) -> (Import Result ID: '4be59679ca79e7f3ac26227be97b0da5') in 0.0107512 seconds [static and dynamic dependencies]. Details - ImportResultOutputID=60f4e16b322c8b0c6d5dac882772387b DependenciesID=dba3547b4ccfb27e65a0f4dce330e16f StaticDependenciesID=f26e079de5ad2c1354b4cf1198f5e515 
Number of updated asset objects reloaded before import = 0Number of asset objects unloaded after import = 1

========================================================================
Received Import Request.
  Time since last request: 0.000027 seconds.
  path: Assets/HIVEMIND/CaveOfHiddenTomb/HDRP (Default)/Art/AllTextures1K/T_VineLeaf_Translucent.png
  importAddress: Guid(abc00000000013934749768640837935) Importer(2089858483,b0f066a214c2f5e87bad3c948f4d605d)
Start importing Assets/HIVEMIND/CaveOfHiddenTomb/HDRP (Default)/Art/AllTextures1K/T_VineLeaf_Translucent.png using Guid(abc00000000013934749768640837935) Importer(2089858483,b0f066a214c2f5e87bad3c948f4d605d) (ScriptedImporter) -> (Import Result ID: '568dab6318395306ecee3ece7442352a') in 0.0094928 seconds [static and dynamic dependencies]. Details - ImportResultOutputID=91eefd617d4820bbb1a3f8d6a3fa8c71 DependenciesID=5b0dd3ce23196620b85267c7562d30ff StaticDependenciesID=5ac79cb360799f82b23419ce1a575f61 
Number of updated asset objects reloaded before import = 0Number of asset objects unloaded after import = 1

========================================================================
Received Import Request.
  Time since last request: 0.000024 seconds.
  path: Assets/HIVEMIND/CaveOfHiddenTomb/HDRP (Default)/Art/AllTextures1K/T_Rock_ORD05.png
  importAddress: Guid(abc00000000004423364467469148136) Importer(2089858483,b0f066a214c2f5e87bad3c948f4d605d)
Start importing Assets/HIVEMIND/CaveOfHiddenTomb/HDRP (Default)/Art/AllTextures1K/T_Rock_ORD05.png using Guid(abc00000000004423364467469148136) Importer(2089858483,b0f066a214c2f5e87bad3c948f4d605d) (ScriptedImporter) -> (Import Result ID: 'cc14299c1e1d153aa9c9e3c3e38426dd') in 0.0143134 seconds [static and dynamic dependencies]. Details - ImportResultOutputID=19f52851f3df3ef02e2360a95412de6c DependenciesID=d87f0f281e75fe6b838e964d235e1690 StaticDependenciesID=6e90240cf22f52d3b37e2b1c95b218d0 
Number of updated asset objects reloaded before import = 0Number of asset objects unloaded after import = 1

========================================================================
Received Import Request.
  Time since last request: 0.000020 seconds.
  path: Assets/HIVEMIND/CaveOfHiddenTomb/HDRP (Default)/Art/AllTextures1K/T_VineLeaf_R.png
  importAddress: Guid(abc00000000014756723469492739150) Importer(2089858483,b0f066a214c2f5e87bad3c948f4d605d)
Start importing Assets/HIVEMIND/CaveOfHiddenTomb/HDRP (Default)/Art/AllTextures1K/T_VineLeaf_R.png using Guid(abc00000000014756723469492739150) Importer(2089858483,b0f066a214c2f5e87bad3c948f4d605d) (ScriptedImporter) -> (Import Result ID: '9258f1d0ea674661c76b39f99f4a6eed') in 0.0090176 seconds [static and dynamic dependencies]. Details - ImportResultOutputID=9f332548a8f161c148143e6fdfc78f7a DependenciesID=04730d0c8fa37fdae9b2b4e7aac1bf01 StaticDependenciesID=6b7aa9f7d84d4616cb43dd7aa357c438 
Number of updated asset objects reloaded before import = 0Number of asset objects unloaded after import = 1

========================================================================
Received Import Request.
  Time since last request: 0.000019 seconds.
  path: Assets/HIVEMIND/CaveOfHiddenTomb/HDRP (Default)/Art/AllTextures1K/T_TempleStoneGround_Normal.png
  importAddress: Guid(abc00000000003939304784876280162) Importer(2089858483,b0f066a214c2f5e87bad3c948f4d605d)
Start importing Assets/HIVEMIND/CaveOfHiddenTomb/HDRP (Default)/Art/AllTextures1K/T_TempleStoneGround_Normal.png using Guid(abc00000000003939304784876280162) Importer(2089858483,b0f066a214c2f5e87bad3c948f4d605d) (ScriptedImporter) -> (Import Result ID: '62e89b421b1fa6f3cfbfdbcfbd3ca846') in 0.0106856 seconds [static and dynamic dependencies]. Details - ImportResultOutputID=79f6fd4752b269f216a46291e112c17d DependenciesID=cfb08c063b9993e320431ed3ce1765ac StaticDependenciesID=f61c85918f45a00a00475f08580fe792 
Number of updated asset objects reloaded before import = 0Number of asset objects unloaded after import = 1

========================================================================
Received Import Request.
  Time since last request: 0.000023 seconds.
  path: Assets/HIVEMIND/CaveOfHiddenTomb/HDRP (Default)/Art/AllTextures1K/T_Soil_N.png
  importAddress: Guid(abc00000000000697485258986389806) Importer(2089858483,b0f066a214c2f5e87bad3c948f4d605d)
Start importing Assets/HIVEMIND/CaveOfHiddenTomb/HDRP (Default)/Art/AllTextures1K/T_Soil_N.png using Guid(abc00000000000697485258986389806) Importer(2089858483,b0f066a214c2f5e87bad3c948f4d605d) (ScriptedImporter) -> (Import Result ID: '5484f086df564e35e8721a1017d31451') in 0.0081961 seconds [static and dynamic dependencies]. Details - ImportResultOutputID=7cb12e87f2ffc655fa05dc271ff95aed DependenciesID=2ecbf0c12180019ccf5248c3de782727 StaticDependenciesID=190095dee6af3bb55d885be7827d1621 
Number of updated asset objects reloaded before import = 0Number of asset objects unloaded after import = 1

========================================================================
Received Import Request.
  Time since last request: 0.000042 seconds.
  path: Assets/HIVEMIND/CaveOfHiddenTomb/HDRP (Default)/Art/AllTextures1K/T_Temple_Floor_BC.png
  importAddress: Guid(abc00000000013609777554971894006) Importer(2089858483,b0f066a214c2f5e87bad3c948f4d605d)
Start importing Assets/HIVEMIND/CaveOfHiddenTomb/HDRP (Default)/Art/AllTextures1K/T_Temple_Floor_BC.png using Guid(abc00000000013609777554971894006) Importer(2089858483,b0f066a214c2f5e87bad3c948f4d605d) (ScriptedImporter) -> (Import Result ID: '7955a4a870144f9054da25072b84d4c7') in 0.0158497 seconds [static and dynamic dependencies]. Details - ImportResultOutputID=6eb59699ec644a77da0a1b5564cabda6 DependenciesID=6accb9b124db1feeaadd287da2c7c8e2 StaticDependenciesID=4a7c4bbcc79070348e20325c075f23ae 
Number of updated asset objects reloaded before import = 0Number of asset objects unloaded after import = 1

========================================================================
Received Import Request.
  Time since last request: 0.000021 seconds.
  path: Assets/HIVEMIND/CaveOfHiddenTomb/HDRP (Default)/Art/AllTextures1K/T_Soil_M.png
  importAddress: Guid(abc00000000006413941680705221691) Importer(2089858483,b0f066a214c2f5e87bad3c948f4d605d)
Start importing Assets/HIVEMIND/CaveOfHiddenTomb/HDRP (Default)/Art/AllTextures1K/T_Soil_M.png using Guid(abc00000000006413941680705221691) Importer(2089858483,b0f066a214c2f5e87bad3c948f4d605d) (ScriptedImporter) -> (Import Result ID: '8fa40d0108f76608b2d3b7f0c3477199') in 0.0095158 seconds [static and dynamic dependencies]. Details - ImportResultOutputID=fd07c74dc4fc9a449a841d145da9de70 DependenciesID=6eacfabc22d1eca30256cd9938006016 StaticDependenciesID=c93760ff10bf30fa8728ae5bd372e3fb 
Number of updated asset objects reloaded before import = 0Number of asset objects unloaded after import = 1

========================================================================
Received Import Request.
  Time since last request: 0.000024 seconds.
  path: Assets/HIVEMIND/CaveOfHiddenTomb/HDRP (Default)/Art/AllTextures1K/T_Temple_Floor_AORD.png
  importAddress: Guid(abc00000000016626269251493428787) Importer(2089858483,b0f066a214c2f5e87bad3c948f4d605d)
Start importing Assets/HIVEMIND/CaveOfHiddenTomb/HDRP (Default)/Art/AllTextures1K/T_Temple_Floor_AORD.png using Guid(abc00000000016626269251493428787) Importer(2089858483,b0f066a214c2f5e87bad3c948f4d605d) (ScriptedImporter) -> (Import Result ID: 'f3463eae47fa34963ebce8907faa9ad9') in 0.0138906 seconds [static and dynamic dependencies]. Details - ImportResultOutputID=6927373688b49e5a8183a210db8a6833 DependenciesID=176a4f6b5fa392c86d1cf98277cfb959 StaticDependenciesID=bb61b058120d6e64868da1e11adda8fb 
Number of updated asset objects reloaded before import = 0Number of asset objects unloaded after import = 1

========================================================================
Received Import Request.
  Time since last request: 0.000018 seconds.
  path: Assets/HIVEMIND/CaveOfHiddenTomb/HDRP (Default)/Art/AllTextures1K/T_RockWall_BC02.png
  importAddress: Guid(abc00000000012931472132439333189) Importer(2089858483,b0f066a214c2f5e87bad3c948f4d605d)
Start importing Assets/HIVEMIND/CaveOfHiddenTomb/HDRP (Default)/Art/AllTextures1K/T_RockWall_BC02.png using Guid(abc00000000012931472132439333189) Importer(2089858483,b0f066a214c2f5e87bad3c948f4d605d) (ScriptedImporter) -> (Import Result ID: 'f1b753f88807adfed82a2315baf8c4a1') in 0.0079046 seconds [static and dynamic dependencies]. Details - ImportResultOutputID=eea58bed31b8a20a17183dca5f221cb4 DependenciesID=fa44a4bc254caa40f5db4687dc47b9b7 StaticDependenciesID=94182fbb4d4cbb6dfdad5f1b5b630d6f 
Number of updated asset objects reloaded before import = 0Number of asset objects unloaded after import = 1

========================================================================
Received Import Request.
  Time since last request: 0.000024 seconds.
  path: Assets/HIVEMIND/CaveOfHiddenTomb/HDRP (Default)/Art/AllTextures1K/T_RockWall_BC03.png
  importAddress: Guid(abc00000000003821658837382181122) Importer(2089858483,b0f066a214c2f5e87bad3c948f4d605d)
Start importing Assets/HIVEMIND/CaveOfHiddenTomb/HDRP (Default)/Art/AllTextures1K/T_RockWall_BC03.png using Guid(abc00000000003821658837382181122) Importer(2089858483,b0f066a214c2f5e87bad3c948f4d605d) (ScriptedImporter) -> (Import Result ID: 'e473dca3fca07f9f6e3432b3db27b6e9') in 0.0112087 seconds [static and dynamic dependencies]. Details - ImportResultOutputID=4e74e2dea2336fce0d2a997119875426 DependenciesID=4419b0ee561b291b5a2f12dc9d0ce503 StaticDependenciesID=d971c49ab20610fb3fd75c9fe7852cf5 
Number of updated asset objects reloaded before import = 0Number of asset objects unloaded after import = 1

========================================================================
Received Import Request.
  Time since last request: 0.000033 seconds.
  path: Assets/HIVEMIND/CaveOfHiddenTomb/HDRP (Default)/Art/Prefabs/SM_Boulder_D.prefab
  importAddress: Guid(abc00000000001488256242141954089) Importer(2089858483,e11c23a36db5f54750b8cd40eac0985b)
Start importing Assets/HIVEMIND/CaveOfHiddenTomb/HDRP (Default)/Art/Prefabs/SM_Boulder_D.prefab using Guid(abc00000000001488256242141954089) Importer(2089858483,e11c23a36db5f54750b8cd40eac0985b) (ScriptedImporter) -> (Import Result ID: '86160856a47440c7cf8a038bee54aa37') in 0.0239899 seconds [static and dynamic dependencies]. Details - ImportResultOutputID=8e717075b19d5b333f6a5426768275f3 DependenciesID=26f39bceb7834b456fb1c77832e85983 StaticDependenciesID=16c19cbaa8418e7f5ff7680e65efb24c 
Number of updated asset objects reloaded before import = 0Number of asset objects unloaded after import = 34

========================================================================
Received Import Request.
  Time since last request: 0.000019 seconds.
  path: Assets/HIVEMIND/CaveOfHiddenTomb/HDRP (Default)/Art/Prefabs/SM_Pillar_A.prefab
  importAddress: Guid(abc00000000016925454466495723917) Importer(2089858483,e11c23a36db5f54750b8cd40eac0985b)
Start importing Assets/HIVEMIND/CaveOfHiddenTomb/HDRP (Default)/Art/Prefabs/SM_Pillar_A.prefab using Guid(abc00000000016925454466495723917) Importer(2089858483,e11c23a36db5f54750b8cd40eac0985b) (ScriptedImporter) -> (Import Result ID: 'c042ddce9f5475feadd7b746864a4d4b') in 0.0241515 seconds [static and dynamic dependencies]. Details - ImportResultOutputID=10618c572232296b1d84cf7f127534cc DependenciesID=ccf0ac3b42f3d2b002e075dc166986bc StaticDependenciesID=2ab639a5bbab5ca61fba5e62af2c9adb 
Number of updated asset objects reloaded before import = 0Number of asset objects unloaded after import = 35

========================================================================
Received Import Request.
  Time since last request: 0.000026 seconds.
  path: Assets/HIVEMIND/CaveOfHiddenTomb/HDRP (Default)/Art/Prefabs/SM_Rock_D.prefab
  importAddress: Guid(abc00000000002176590496076342563) Importer(2089858483,e11c23a36db5f54750b8cd40eac0985b)
Start importing Assets/HIVEMIND/CaveOfHiddenTomb/HDRP (Default)/Art/Prefabs/SM_Rock_D.prefab using Guid(abc00000000002176590496076342563) Importer(2089858483,e11c23a36db5f54750b8cd40eac0985b) (ScriptedImporter) -> (Import Result ID: 'e6d7dd3e98aeba805dd9ca625c3e5d50') in 0.0286937 seconds [static and dynamic dependencies]. Details - ImportResultOutputID=c24890468e9debf79b7c2b2172661482 DependenciesID=3a51d2a8942a70fe8ae5c0d350b50a6f StaticDependenciesID=b7587ac0f3ce4630a605aadc1f2fe75e 
Number of updated asset objects reloaded before import = 0Number of asset objects unloaded after import = 33

========================================================================
Received Import Request.
  Time since last request: 0.000020 seconds.
  path: Assets/HIVEMIND/CaveOfHiddenTomb/HDRP (Default)/Art/Prefabs/SM_Rock_C.prefab
  importAddress: Guid(abc00000000010047204483267387140) Importer(2089858483,e11c23a36db5f54750b8cd40eac0985b)
Start importing Assets/HIVEMIND/CaveOfHiddenTomb/HDRP (Default)/Art/Prefabs/SM_Rock_C.prefab using Guid(abc00000000010047204483267387140) Importer(2089858483,e11c23a36db5f54750b8cd40eac0985b) (ScriptedImporter) -> (Import Result ID: '791f1c5b155847b3ce4e6d4fe89c6a1b') in 0.021652 seconds [static and dynamic dependencies]. Details - ImportResultOutputID=2c6cc3003309d9cdad81a0f9fa1739bc DependenciesID=96e930684de43ae405a54dd7f47b94d0 StaticDependenciesID=11eac477b7af820dfd697bb095c818b1 
Number of updated asset objects reloaded before import = 0Number of asset objects unloaded after import = 33

========================================================================
Received Import Request.
  Time since last request: 0.000028 seconds.
  path: Assets/HIVEMIND/CaveOfHiddenTomb/HDRP (Default)/Art/Prefabs/SM_Rock_F.prefab
  importAddress: Guid(abc00000000003429954581696290785) Importer(2089858483,e11c23a36db5f54750b8cd40eac0985b)
Start importing Assets/HIVEMIND/CaveOfHiddenTomb/HDRP (Default)/Art/Prefabs/SM_Rock_F.prefab using Guid(abc00000000003429954581696290785) Importer(2089858483,e11c23a36db5f54750b8cd40eac0985b) (ScriptedImporter) -> (Import Result ID: 'e76ffd84473ed21b18022df4b8f9a809') in 0.0199356 seconds [static and dynamic dependencies]. Details - ImportResultOutputID=afdcb0b08d64ec0efa25f7ba4b9e4c1e DependenciesID=43d310135f1308ddff09b7c6bc58cf50 StaticDependenciesID=16e7a1f9457db3169269ccca1098548e 
Number of updated asset objects reloaded before import = 0Number of asset objects unloaded after import = 33

========================================================================
Received Import Request.
  Time since last request: 0.000020 seconds.
  path: Assets/HIVEMIND/CaveOfHiddenTomb/HDRP (Default)/Art/Prefabs/SM_Pillar_C.prefab
  importAddress: Guid(abc00000000016086955431054814335) Importer(2089858483,e11c23a36db5f54750b8cd40eac0985b)
Start importing Assets/HIVEMIND/CaveOfHiddenTomb/HDRP (Default)/Art/Prefabs/SM_Pillar_C.prefab using Guid(abc00000000016086955431054814335) Importer(2089858483,e11c23a36db5f54750b8cd40eac0985b) (ScriptedImporter) -> (Import Result ID: '8b0afbd9786412fe112a72510577e3f4') in 0.0198579 seconds [static and dynamic dependencies]. Details - ImportResultOutputID=cc3a2e8904a3c38b652ddc2ef5f9ddab DependenciesID=048431c7b77f8b6ccdc2dbafca73f037 StaticDependenciesID=0f0db9cfca74c569de13405cf2e7fb8d 
Number of updated asset objects reloaded before import = 0Number of asset objects unloaded after import = 35

========================================================================
Received Import Request.
  Time since last request: 0.000020 seconds.
  path: Assets/HIVEMIND/CaveOfHiddenTomb/HDRP (Default)/Art/Prefabs/SM_EagleFern_S_01.prefab
  importAddress: Guid(abc00000000010867273741362675008) Importer(2089858483,e11c23a36db5f54750b8cd40eac0985b)
Start importing Assets/HIVEMIND/CaveOfHiddenTomb/HDRP (Default)/Art/Prefabs/SM_EagleFern_S_01.prefab using Guid(abc00000000010867273741362675008) Importer(2089858483,e11c23a36db5f54750b8cd40eac0985b) (ScriptedImporter) -> (Import Result ID: 'afa020692b7524a5b1b5d1cbb64b9c30') in 0.0287534 seconds [static and dynamic dependencies]. Details - ImportResultOutputID=d8b4f40fbe7887db4295e8f1b86d60f8 DependenciesID=f0175c9c08e6c70f7f4beab83a25dd7d StaticDependenciesID=ad1bf543338c19976b7d9f2c7aab6228 
Number of updated asset objects reloaded before import = 0Number of asset objects unloaded after import = 32

========================================================================
Received Import Request.
  Time since last request: 0.000021 seconds.
  path: Assets/HIVEMIND/CaveOfHiddenTomb/HDRP (Default)/Art/Prefabs/SM_Ground_A_3.prefab
  importAddress: Guid(abc00000000003527578867099926062) Importer(2089858483,e11c23a36db5f54750b8cd40eac0985b)
Start importing Assets/HIVEMIND/CaveOfHiddenTomb/HDRP (Default)/Art/Prefabs/SM_Ground_A_3.prefab using Guid(abc00000000003527578867099926062) Importer(2089858483,e11c23a36db5f54750b8cd40eac0985b) (ScriptedImporter) -> (Import Result ID: '3cbfe799785cba7339159a93b004b5f3') in 0.0205958 seconds [static and dynamic dependencies]. Details - ImportResultOutputID=0f9357b5e79bf75a3e02a0d3c1147f07 DependenciesID=896fa6308b9c68c913ada0bfb5cbb35a StaticDependenciesID=9d990effc68c0ec944888356e990bac9 
Number of updated asset objects reloaded before import = 0Number of asset objects unloaded after import = 33

========================================================================
Received Import Request.
  Time since last request: 0.000027 seconds.
  path: Assets/HIVEMIND/CaveOfHiddenTomb/HDRP (Default)/Art/Prefabs/SM_RockWall_C.prefab
  importAddress: Guid(abc00000000004175420548038613420) Importer(2089858483,e11c23a36db5f54750b8cd40eac0985b)
Start importing Assets/HIVEMIND/CaveOfHiddenTomb/HDRP (Default)/Art/Prefabs/SM_RockWall_C.prefab using Guid(abc00000000004175420548038613420) Importer(2089858483,e11c23a36db5f54750b8cd40eac0985b) (ScriptedImporter) -> (Import Result ID: 'abf687defd4c34543a9f6cb9e33816d5') in 0.0209782 seconds [static and dynamic dependencies]. Details - ImportResultOutputID=0213f0179fc897370f5355c5ac84cfae DependenciesID=2c229c10195be782c8c8c60cad0b34c2 StaticDependenciesID=47720a59849d847a8a247017844b8d79 
Number of updated asset objects reloaded before import = 0Number of asset objects unloaded after import = 33

========================================================================
Received Import Request.
  Time since last request: 0.000030 seconds.
  path: Assets/HIVEMIND/CaveOfHiddenTomb/HDRP (Default)/Art/AllTextures1K/T_SM_Pillar_B_N.png
  importAddress: Guid(abc00000000017505046164731070400) Importer(2089858483,b0f066a214c2f5e87bad3c948f4d605d)
Start importing Assets/HIVEMIND/CaveOfHiddenTomb/HDRP (Default)/Art/AllTextures1K/T_SM_Pillar_B_N.png using Guid(abc00000000017505046164731070400) Importer(2089858483,b0f066a214c2f5e87bad3c948f4d605d) (ScriptedImporter) -> (Import Result ID: 'd37487290262faabb3fbbf6379b3a36a') in 0.0087636 seconds [static and dynamic dependencies]. Details - ImportResultOutputID=096ac06b7fd5c369e3873d216bc497b2 DependenciesID=e577d1ad3d240405bbcbece068edbd77 StaticDependenciesID=6eb0ae3041f92d15a088079ec2cbdd81 
Number of updated asset objects reloaded before import = 0Number of asset objects unloaded after import = 1

========================================================================
Received Import Request.
  Time since last request: 0.000018 seconds.
  path: Assets/HIVEMIND/CaveOfHiddenTomb/HDRP (Default)/Art/Prefabs/SM_StonePattern_C.prefab
  importAddress: Guid(abc00000000010487137838528659476) Importer(2089858483,e11c23a36db5f54750b8cd40eac0985b)
Start importing Assets/HIVEMIND/CaveOfHiddenTomb/HDRP (Default)/Art/Prefabs/SM_StonePattern_C.prefab using Guid(abc00000000010487137838528659476) Importer(2089858483,e11c23a36db5f54750b8cd40eac0985b) (ScriptedImporter) -> (Import Result ID: '0c286a9810f4e0f6e72cb37794d1fa9b') in 0.0273187 seconds [static and dynamic dependencies]. Details - ImportResultOutputID=aa6d0c5e0420fbed28ce47073298eecf DependenciesID=98d1b9082f307047223f2dc08f2f9f98 StaticDependenciesID=dffb297a6783699af18e632c107578f5 
Number of updated asset objects reloaded before import = 0Number of asset objects unloaded after import = 33

========================================================================
Received Import Request.
  Time since last request: 0.000029 seconds.
  path: Assets/HIVEMIND/CaveOfHiddenTomb/HDRP (Default)/Art/Prefabs/SM_Vine_Arch_Mid.prefab
  importAddress: Guid(abc00000000012190848210136667651) Importer(2089858483,e11c23a36db5f54750b8cd40eac0985b)
Start importing Assets/HIVEMIND/CaveOfHiddenTomb/HDRP (Default)/Art/Prefabs/SM_Vine_Arch_Mid.prefab using Guid(abc00000000012190848210136667651) Importer(2089858483,e11c23a36db5f54750b8cd40eac0985b) (ScriptedImporter) -> (Import Result ID: '446de3ab71179e9798adb1079203835f') in 0.0268971 seconds [static and dynamic dependencies]. Details - ImportResultOutputID=01043615470629b12790f1c9e36ec6c4 DependenciesID=6f5b27c8850aa61e95c49ffbc47fd312 StaticDependenciesID=767a1eb25734adcfba6b1c174779c1bc 
Number of updated asset objects reloaded before import = 0Number of asset objects unloaded after import = 34

========================================================================
Received Import Request.
  Time since last request: 0.000024 seconds.
  path: Assets/HIVEMIND/CaveOfHiddenTomb/HDRP (Default)/Scenes/LV_CaveofHiddenTomb/ReflectionProbe-1.exr
  importAddress: Guid(7d07625896e6cd5429a6feadc92a012e) Importer(2089858483,b0f066a214c2f5e87bad3c948f4d605d)
Start importing Assets/HIVEMIND/CaveOfHiddenTomb/HDRP (Default)/Scenes/LV_CaveofHiddenTomb/ReflectionProbe-1.exr using Guid(7d07625896e6cd5429a6feadc92a012e) Importer(2089858483,b0f066a214c2f5e87bad3c948f4d605d) (ScriptedImporter) -> (Import Result ID: '76bcff302d0fc4e20680beb7e1f6cc6c') in 0.0080931 seconds [static and dynamic dependencies]. Details - ImportResultOutputID=0603e4367f52ee7a43ddd5800f0af3e7 DependenciesID=cc06ad4cd4a8d41df4e2cd43eae5f070 StaticDependenciesID=5ac904646ccf4431009048e3b103e5ec 
Number of updated asset objects reloaded before import = 0Number of asset objects unloaded after import = 1

========================================================================
Received Import Request.
  Time since last request: 0.000025 seconds.
  path: Assets/HIVEMIND/CaveOfHiddenTomb/HDRP (Default)/Art/Prefabs/SM_Water_01.prefab
  importAddress: Guid(abc00000000006219677561374395088) Importer(2089858483,e11c23a36db5f54750b8cd40eac0985b)
Start importing Assets/HIVEMIND/CaveOfHiddenTomb/HDRP (Default)/Art/Prefabs/SM_Water_01.prefab using Guid(abc00000000006219677561374395088) Importer(2089858483,e11c23a36db5f54750b8cd40eac0985b) (ScriptedImporter) -> (Import Result ID: '14fdee0b66d94f8950b9d5c62650b020') in 0.0125604 seconds [static and dynamic dependencies]. Details - ImportResultOutputID=5f59147421ec77089b34f388a9b9b4c7 DependenciesID=3cb4a3bb592e7b17279528f50d8efa6e StaticDependenciesID=cf430c272b835a71bc478d4bb8553905 
Number of updated asset objects reloaded before import = 0Number of asset objects unloaded after import = 12

========================================================================
Received Import Request.
  Time since last request: 0.000038 seconds.
  path: Assets/HIVEMIND/CaveOfHiddenTomb/HDRP (Default)/Art/Prefabs/SM_TempleFloor.prefab
  importAddress: Guid(abc00000000017553738664562203828) Importer(2089858483,e11c23a36db5f54750b8cd40eac0985b)
Start importing Assets/HIVEMIND/CaveOfHiddenTomb/HDRP (Default)/Art/Prefabs/SM_TempleFloor.prefab using Guid(abc00000000017553738664562203828) Importer(2089858483,e11c23a36db5f54750b8cd40eac0985b) (ScriptedImporter) -> (Import Result ID: 'd826aa26cf2a03f6dac3e6a34ce3c382') in 0.0232496 seconds [static and dynamic dependencies]. Details - ImportResultOutputID=2cbf240dd679d78c540c67b73c25e3c1 DependenciesID=f87eb05c5ed56b1d687e3e7299da9e95 StaticDependenciesID=0c398f5418980c8d126991f0fe35a3cc 
Number of updated asset objects reloaded before import = 0Number of asset objects unloaded after import = 33

========================================================================
Received Import Request.
  Time since last request: 0.000022 seconds.
  path: Assets/HIVEMIND/CaveOfHiddenTomb/HDRP (Default)/Scenes/LV_CaveofHiddenTomb/ReflectionProbe-0.exr
  importAddress: Guid(2392822d2268a3744a0ada6ede79696c) Importer(2089858483,b0f066a214c2f5e87bad3c948f4d605d)
Start importing Assets/HIVEMIND/CaveOfHiddenTomb/HDRP (Default)/Scenes/LV_CaveofHiddenTomb/ReflectionProbe-0.exr using Guid(2392822d2268a3744a0ada6ede79696c) Importer(2089858483,b0f066a214c2f5e87bad3c948f4d605d) (ScriptedImporter) -> (Import Result ID: '390f59f7d3fcce7919cb4077e717bc39') in 0.0085816 seconds [static and dynamic dependencies]. Details - ImportResultOutputID=6b05ef9766c98558a019cc6e38941e64 DependenciesID=417ffe553e9be35e3b873628eb4ffa6c StaticDependenciesID=7bae41fdc7f9cf9ce88d5edc6b242ed3 
Number of updated asset objects reloaded before import = 0Number of asset objects unloaded after import = 1

========================================================================
Received Import Request.
  Time since last request: 0.000024 seconds.
  path: Assets/HIVEMIND/CaveOfHiddenTomb/HDRP (Default)/Art/Prefabs/SM_Vine_C.prefab
  importAddress: Guid(abc00000000006727434436927824567) Importer(2089858483,e11c23a36db5f54750b8cd40eac0985b)
Start importing Assets/HIVEMIND/CaveOfHiddenTomb/HDRP (Default)/Art/Prefabs/SM_Vine_C.prefab using Guid(abc00000000006727434436927824567) Importer(2089858483,e11c23a36db5f54750b8cd40eac0985b) (ScriptedImporter) -> (Import Result ID: '4df3859bdcce1698590241ffc2590a08') in 0.0243741 seconds [static and dynamic dependencies]. Details - ImportResultOutputID=ba2762f5e0007372950e92eca84eadaa DependenciesID=74d03f3bf994d196807572549318a603 StaticDependenciesID=a341aaac78e20579ff040e6587cddc44 
Number of updated asset objects reloaded before import = 0Number of asset objects unloaded after import = 34

========================================================================
Received Import Request.
  Time since last request: 0.000030 seconds.
  path: Assets/HIVEMIND/CaveOfHiddenTomb/HDRP (Default)/Art/Prefabs/SM_Wall_Aztec_B.prefab
  importAddress: Guid(abc00000000007112950678139539936) Importer(2089858483,e11c23a36db5f54750b8cd40eac0985b)
Start importing Assets/HIVEMIND/CaveOfHiddenTomb/HDRP (Default)/Art/Prefabs/SM_Wall_Aztec_B.prefab using Guid(abc00000000007112950678139539936) Importer(2089858483,e11c23a36db5f54750b8cd40eac0985b) (ScriptedImporter) -> (Import Result ID: '7419f9f5f763f292f8b091e2ae9947b7') in 0.0259617 seconds [static and dynamic dependencies]. Details - ImportResultOutputID=83c8ba63884a5bbcde6e8d8e23e90620 DependenciesID=d396886e5eae9e1b67c2705be42c157b StaticDependenciesID=bbc650b569c126f83bb335e2ef2fa394 
Number of updated asset objects reloaded before import = 0Number of asset objects unloaded after import = 35

========================================================================
Received Import Request.
  Time since last request: 0.000023 seconds.
  path: Assets/Samples/XR Interaction Toolkit/3.2.1/Starter Assets/Materials/Controller_White.mat
  importAddress: Guid(9f12d299d16099343a3c5c0d7285822a) Importer(2089858483,b0f066a214c2f5e87bad3c948f4d605d)
Start importing Assets/Samples/XR Interaction Toolkit/3.2.1/Starter Assets/Materials/Controller_White.mat using Guid(9f12d299d16099343a3c5c0d7285822a) Importer(2089858483,b0f066a214c2f5e87bad3c948f4d605d) (ScriptedImporter) -> (Import Result ID: 'b98032e196cb3466b061a3366626ed3b') in 0.0094114 seconds [static and dynamic dependencies]. Details - ImportResultOutputID=0066cbe06b86bfb310fbc5c283e411c1 DependenciesID=377575c6695032e659747d8aec7ad6bc StaticDependenciesID=e8cf110df36bfa4c568a503fa73b151c 
Number of updated asset objects reloaded before import = 0Number of asset objects unloaded after import = 2

========================================================================
Received Import Request.
  Time since last request: 0.000043 seconds.
  path: Assets/Samples/XR Interaction Toolkit/3.2.1/Starter Assets/Prefabs/Permissions Manager.prefab
  importAddress: Guid(faf53399145e13c4b992b14c97b5f4c0) Importer(2089858483,e11c23a36db5f54750b8cd40eac0985b)
Start importing Assets/Samples/XR Interaction Toolkit/3.2.1/Starter Assets/Prefabs/Permissions Manager.prefab using Guid(faf53399145e13c4b992b14c97b5f4c0) Importer(2089858483,e11c23a36db5f54750b8cd40eac0985b) (ScriptedImporter) -> (Import Result ID: '7b7936c585830a73361fa79b2c526f11') in 0.007 seconds [static and dynamic dependencies]. Details - ImportResultOutputID=1b23c50379f359dbdb4a87add5972955 DependenciesID=cd2ee53b2159a5d19bfd9f1a807330ee StaticDependenciesID=a45417b852f687084fcd4afbdcc15c50 
Number of updated asset objects reloaded before import = 0Number of asset objects unloaded after import = 5

========================================================================
Received Import Request.
  Time since last request: 0.000020 seconds.
  path: Assets/Samples/XR Interaction Toolkit/3.2.1/Starter Assets/Materials/Controller_Grey.mat
  importAddress: Guid(99685157b02e4d446bbecb015645e5e8) Importer(2089858483,b0f066a214c2f5e87bad3c948f4d605d)
Start importing Assets/Samples/XR Interaction Toolkit/3.2.1/Starter Assets/Materials/Controller_Grey.mat using Guid(99685157b02e4d446bbecb015645e5e8) Importer(2089858483,b0f066a214c2f5e87bad3c948f4d605d) (ScriptedImporter) -> (Import Result ID: 'a3bab30a45624e7ac5debfa78fa75db8') in 0.0083501 seconds [static and dynamic dependencies]. Details - ImportResultOutputID=38a0e843fd8ad58d6ee1f0cc5c824890 DependenciesID=e78e4bd8ee19f51c803e9b7c65a9083f StaticDependenciesID=6ce001109784c092ecf5a5adf3fbcafc 
Number of updated asset objects reloaded before import = 0Number of asset objects unloaded after import = 2

========================================================================
Received Import Request.
  Time since last request: 0.000027 seconds.
  path: Assets/Samples/XR Interaction Toolkit/3.2.1/Starter Assets/Animations/ArrowBounce.anim
  importAddress: Guid(ebfa13455423c254e943b87bf6e1f310) Importer(2089858483,b0f066a214c2f5e87bad3c948f4d605d)
Start importing Assets/Samples/XR Interaction Toolkit/3.2.1/Starter Assets/Animations/ArrowBounce.anim using Guid(ebfa13455423c254e943b87bf6e1f310) Importer(2089858483,b0f066a214c2f5e87bad3c948f4d605d) (ScriptedImporter) -> (Import Result ID: 'd8fd9b88e7222d003bf2465810cdce18') in 0.0055868 seconds [static and dynamic dependencies]. Details - ImportResultOutputID=d2607a3fc02a29c586372ac80b9a49c3 DependenciesID=2089d2bd9e11c8adde46c2cf541a8d04 StaticDependenciesID=047b6fe15e1390728884c8d4f9e0a6d1 
Number of updated asset objects reloaded before import = 0Number of asset objects unloaded after import = 1

========================================================================
Received Import Request.
  Time since last request: 0.000021 seconds.
  path: Assets/Samples/XR Interaction Toolkit/3.2.1/Starter Assets/Presets/XRI Default Continuous Turn.preset
  importAddress: Guid(735a78fc7c2a98a4e85e0e42bf895f48) Importer(2089858483,b0f066a214c2f5e87bad3c948f4d605d)
Start importing Assets/Samples/XR Interaction Toolkit/3.2.1/Starter Assets/Presets/XRI Default Continuous Turn.preset using Guid(735a78fc7c2a98a4e85e0e42bf895f48) Importer(2089858483,b0f066a214c2f5e87bad3c948f4d605d) (ScriptedImporter) -> (Import Result ID: '71505156ffe66fe0f652b326ff763cc9') in 0.0115774 seconds [static and dynamic dependencies]. Details - ImportResultOutputID=fc60b4f039622492d2e814eb15abf607 DependenciesID=052714dd27e681f521295c78d08e74a7 StaticDependenciesID=dda41b22fcf58b6e8b97ff06b4738e9e 
Number of updated asset objects reloaded before import = 0Number of asset objects unloaded after import = 4

========================================================================
Received Import Request.
  Time since last request: 0.000025 seconds.
  path: Assets/Samples/XR Interaction Toolkit/3.2.1/Starter Assets/Models/Primitive_Wedge.fbx
  importAddress: Guid(ab3a79eba4de4be0ad5fead9fb858190) Importer(2089858483,b0f066a214c2f5e87bad3c948f4d605d)
Start importing Assets/Samples/XR Interaction Toolkit/3.2.1/Starter Assets/Models/Primitive_Wedge.fbx using Guid(ab3a79eba4de4be0ad5fead9fb858190) Importer(2089858483,b0f066a214c2f5e87bad3c948f4d605d) (ScriptedImporter) -> (Import Result ID: 'f53f088b6fae241abf2433d22882a695') in 0.0120633 seconds [static and dynamic dependencies]. Details - ImportResultOutputID=cd11e4d43497df42ad6aea86c49a7a07 DependenciesID=0b7dedde02878d6832bb224e63901384 StaticDependenciesID=12435c944bd9cf1408dcc9968b3c733d 
Number of updated asset objects reloaded before import = 0Number of asset objects unloaded after import = 9

========================================================================
Received Import Request.
  Time since last request: 0.000046 seconds.
  path: Assets/materials/TextureHaven/wood_4k/wood_4k_textures/brown_planks_04/brown_planks_04_disp_4k.png
  importAddress: Guid(1f47f459d76b8ae48b10cb2d06034428) Importer(2089858483,b0f066a214c2f5e87bad3c948f4d605d)
Start importing Assets/materials/TextureHaven/wood_4k/wood_4k_textures/brown_planks_04/brown_planks_04_disp_4k.png using Guid(1f47f459d76b8ae48b10cb2d06034428) Importer(2089858483,b0f066a214c2f5e87bad3c948f4d605d) (ScriptedImporter) -> (Import Result ID: '51679cf68ec9a042b575f508d19c76fc') in 0.0102114 seconds [static and dynamic dependencies]. Details - ImportResultOutputID=5a2d67aa5888846fb29c7bc005fcdcf7 DependenciesID=d8fb07cb3acd50ebbe1c33a427476240 StaticDependenciesID=70aa9f64eb593038f33cd472fec70040 
Number of updated asset objects reloaded before import = 0Number of asset objects unloaded after import = 1

========================================================================
Received Import Request.
  Time since last request: 0.000019 seconds.
  path: Assets/Samples/XR Interaction Toolkit/3.2.1/Starter Assets/Prefabs/XR Origin (XR Rig).prefab
  importAddress: Guid(f6336ac4ac8b4d34bc5072418cdc62a0) Importer(2089858483,e11c23a36db5f54750b8cd40eac0985b)
Start importing Assets/Samples/XR Interaction Toolkit/3.2.1/Starter Assets/Prefabs/XR Origin (XR Rig).prefab using Guid(f6336ac4ac8b4d34bc5072418cdc62a0) Importer(2089858483,e11c23a36db5f54750b8cd40eac0985b) (ScriptedImporter) -> (Import Result ID: '7fb7666cea38cc43dc48dec7480f9b15') in 0.2840404 seconds [static and dynamic dependencies]. Details - ImportResultOutputID=8e94cef8b38447c0e61d0f5895cb1076 DependenciesID=8ad83a75302db22bace604fe2c3b73bc StaticDependenciesID=2601d3713e2f20d9f7c145d9eca2f158 
Number of updated asset objects reloaded before import = 0Number of asset objects unloaded after import = 525

========================================================================
Received Import Request.
  Time since last request: 0.000037 seconds.
  path: Assets/fog/Demo Assets/Unity Companion License/StarterAssets/ThirdPersonController/Scripts/ThirdPersonController.cs
  importAddress: Guid(26e54e5a728a9234ab24fcf1460ed8a2) Importer(2089858483,b0f066a214c2f5e87bad3c948f4d605d)
Start importing Assets/fog/Demo Assets/Unity Companion License/StarterAssets/ThirdPersonController/Scripts/ThirdPersonController.cs using Guid(26e54e5a728a9234ab24fcf1460ed8a2) Importer(2089858483,b0f066a214c2f5e87bad3c948f4d605d) (ScriptedImporter) -> (Import Result ID: '4ac4d058b6aab4bbeeb72de80dca0ad3') in 0.0045258 seconds [static and dynamic dependencies]. Details - ImportResultOutputID=7c5938fe9ea1ba36642e6454cb237763 DependenciesID=7298a74cb063d9795d0256b06bb64d38 StaticDependenciesID=9f1cf0147035b1bb78f13d684bf6e69a 
Number of updated asset objects reloaded before import = 0Number of asset objects unloaded after import = 0

========================================================================
Received Import Request.
  Time since last request: 0.000040 seconds.
  path: Assets/Samples/XR Interaction Toolkit/3.2.1/Starter Assets/Scripts/ObjectSpawner.cs
  importAddress: Guid(956dd6cf70eaca449a45b6a95b96c8c1) Importer(2089858483,b0f066a214c2f5e87bad3c948f4d605d)
Start importing Assets/Samples/XR Interaction Toolkit/3.2.1/Starter Assets/Scripts/ObjectSpawner.cs using Guid(956dd6cf70eaca449a45b6a95b96c8c1) Importer(2089858483,b0f066a214c2f5e87bad3c948f4d605d) (ScriptedImporter) -> (Import Result ID: '1eaa93a2196e27ad8b0a391e4cc46bbb') in 0.0047047 seconds [static and dynamic dependencies]. Details - ImportResultOutputID=cb9b88ce906e3c27e68cb4058144e3d6 DependenciesID=870eadb87240c38cdc49910e87e070fc StaticDependenciesID=17b71c791c5c6120c0ec329730b9765f 
Number of updated asset objects reloaded before import = 0Number of asset objects unloaded after import = 0

========================================================================
Received Import Request.
  Time since last request: 0.000023 seconds.
  path: Assets/fog/Post Processing Assets/Better Fog/Core/Shader Graphs/Particles/Unlit Particle.shadergraph
  importAddress: Guid(ade0b32f7c0346e41885c2cf8f01efe0) Importer(2089858483,b0f066a214c2f5e87bad3c948f4d605d)
Start importing Assets/fog/Post Processing Assets/Better Fog/Core/Shader Graphs/Particles/Unlit Particle.shadergraph using Guid(ade0b32f7c0346e41885c2cf8f01efe0) Importer(2089858483,b0f066a214c2f5e87bad3c948f4d605d) (ScriptedImporter) -> (Import Result ID: 'd1983af7a292b3d431888cacf6baf51c') in 0.2134619 seconds [static and dynamic dependencies]. Details - ImportResultOutputID=9ab24159ba5a37ca161c9e4bf40b2154 DependenciesID=3951693656c555fc47b03c28244c15c4 StaticDependenciesID=f7fa6f40d7d2298e30d1ed3d81380fe4 
Number of updated asset objects reloaded before import = 0Number of asset objects unloaded after import = 7

========================================================================
Received Import Request.
  Time since last request: 0.000026 seconds.
  path: Assets/HIVEMIND/CaveOfHiddenTomb/HDRP (Default)/Art/Assets/Ground/SM_TempleFloor.fbx
  importAddress: Guid(abc00000000012991211219685271959) Importer(2089858483,b0f066a214c2f5e87bad3c948f4d605d)
Start importing Assets/HIVEMIND/CaveOfHiddenTomb/HDRP (Default)/Art/Assets/Ground/SM_TempleFloor.fbx using Guid(abc00000000012991211219685271959) Importer(2089858483,b0f066a214c2f5e87bad3c948f4d605d) (ScriptedImporter)MaterialLocation.External is obsolete. External Material Location is no longer supported. (Assets/HIVEMIND/CaveOfHiddenTomb/HDRP (Default)/Art/Assets/Ground/SM_TempleFloor.fbx)
 -> (Import Result ID: '37a1207cd68da6e57fdc026128cf197a') in 0.0122578 seconds [static and dynamic dependencies]. Details - ImportResultOutputID=90735b85492b258ec830c6b044f36f19 DependenciesID=bf1024c30ec28945165d20752f4fcd30 StaticDependenciesID=1bd30eb9e932ee08dc965230ddd301b6 
Number of updated asset objects reloaded before import = 0Number of asset objects unloaded after import = 37

========================================================================
Received Import Request.
  Time since last request: 0.000032 seconds.
  path: Assets/HIVEMIND/CaveOfHiddenTomb/HDRP (Default)/Art/Assets/Vines/SM_Vine_C.fbx
  importAddress: Guid(abc00000000004012959434225037964) Importer(2089858483,b0f066a214c2f5e87bad3c948f4d605d)
Start importing Assets/HIVEMIND/CaveOfHiddenTomb/HDRP (Default)/Art/Assets/Vines/SM_Vine_C.fbx using Guid(abc00000000004012959434225037964) Importer(2089858483,b0f066a214c2f5e87bad3c948f4d605d) (ScriptedImporter)MaterialLocation.External is obsolete. External Material Location is no longer supported. (Assets/HIVEMIND/CaveOfHiddenTomb/HDRP (Default)/Art/Assets/Vines/SM_Vine_C.fbx)
 -> (Import Result ID: '19d1684f41801ecd4e7afc64ddfba7eb') in 0.0144296 seconds [static and dynamic dependencies]. Details - ImportResultOutputID=c44a78f3ef961b40b1526425bd2a2692 DependenciesID=ed77b638a5aaf08a00d6695174553b46 StaticDependenciesID=568d95b2a4fe6b05d4a847808e81b273 
Number of updated asset objects reloaded before import = 0Number of asset objects unloaded after import = 37

========================================================================
Received Import Request.
  Time since last request: 0.000026 seconds.
  path: Assets/HIVEMIND/CaveOfHiddenTomb/HDRP (Default)/Art/Assets/Ground/M_Ground_WA_Mud_002.mat
  importAddress: Guid(abc00000000004571287995539567655) Importer(2089858483,b0f066a214c2f5e87bad3c948f4d605d)
Start importing Assets/HIVEMIND/CaveOfHiddenTomb/HDRP (Default)/Art/Assets/Ground/M_Ground_WA_Mud_002.mat using Guid(abc00000000004571287995539567655) Importer(2089858483,b0f066a214c2f5e87bad3c948f4d605d) (ScriptedImporter) -> (Import Result ID: '4ea06f551035d7ebba044869045ddcc5') in 0.0135477 seconds [static and dynamic dependencies]. Details - ImportResultOutputID=54f07b9589774108d1fe26f768c90e26 DependenciesID=db22a9ecb8d1af1042a02338da567342 StaticDependenciesID=42ca5ea0aa9e9fa798a9bb1bd33866fa 
Number of updated asset objects reloaded before import = 0Number of asset objects unloaded after import = 11

========================================================================
Received Import Request.
  Time since last request: 0.000023 seconds.
  path: Assets/HIVEMIND/CaveOfHiddenTomb/HDRP (Default)/Art/VFX/Materials/M_FireSheet_01.mat
  importAddress: Guid(d10c1dc24453f8c4eb26d8ed7223d745) Importer(2089858483,b0f066a214c2f5e87bad3c948f4d605d)
Start importing Assets/HIVEMIND/CaveOfHiddenTomb/HDRP (Default)/Art/VFX/Materials/M_FireSheet_01.mat using Guid(d10c1dc24453f8c4eb26d8ed7223d745) Importer(2089858483,b0f066a214c2f5e87bad3c948f4d605d) (ScriptedImporter) -> (Import Result ID: '634c4938dd278a4f79ff13574443c2f6') in 0.0096406 seconds [static and dynamic dependencies]. Details - ImportResultOutputID=e33ac0d52b3839ea5d358937a16c1e20 DependenciesID=7b3f0f3e47e77c7c68992712ffc83b15 StaticDependenciesID=34c14964359dcdd092bfa1d965580498 
Number of updated asset objects reloaded before import = 0Number of asset objects unloaded after import = 2

========================================================================
Received Import Request.
  Time since last request: 0.000024 seconds.
  path: Assets/Samples/XR Interaction Toolkit/3.2.1/Starter Assets/DemoSceneAssets/Materials/Concrete Dark Blue.mat
  importAddress: Guid(bbb56ac3cf3c61a46ab3887c0fdbda8f) Importer(2089858483,b0f066a214c2f5e87bad3c948f4d605d)
Start importing Assets/Samples/XR Interaction Toolkit/3.2.1/Starter Assets/DemoSceneAssets/Materials/Concrete Dark Blue.mat using Guid(bbb56ac3cf3c61a46ab3887c0fdbda8f) Importer(2089858483,b0f066a214c2f5e87bad3c948f4d605d) (ScriptedImporter) -> (Import Result ID: '310273961b24d78eb5848209f7fc9604') in 0.0076369 seconds [static and dynamic dependencies]. Details - ImportResultOutputID=241d60d0c5440bb2d8bcaae7af992128 DependenciesID=92cf5e681689aeba75a235696fbc3724 StaticDependenciesID=0dc07f0ce21d4679d4837165b87f3775 
Number of updated asset objects reloaded before import = 0Number of asset objects unloaded after import = 3

========================================================================
Received Import Request.
  Time since last request: 0.000035 seconds.
  path: Assets/HIVEMIND/CaveOfHiddenTomb/HDRP (Default)/Art/VFX/Materials/M_Smoke.mat
  importAddress: Guid(251f329e9f65944409f96791dedb09b0) Importer(2089858483,b0f066a214c2f5e87bad3c948f4d605d)
Start importing Assets/HIVEMIND/CaveOfHiddenTomb/HDRP (Default)/Art/VFX/Materials/M_Smoke.mat using Guid(251f329e9f65944409f96791dedb09b0) Importer(2089858483,b0f066a214c2f5e87bad3c948f4d605d) (ScriptedImporter) -> (Import Result ID: '1d14a3464ce41ea36e69bde1cbe33d60') in 0.0074646 seconds [static and dynamic dependencies]. Details - ImportResultOutputID=29e400a6d413c5db62d957caeff8e724 DependenciesID=d00aa9fea9999da42fb63bf334c32da6 StaticDependenciesID=6edd22525c38fc40543cce1a7300d463 
Number of updated asset objects reloaded before import = 0Number of asset objects unloaded after import = 2

========================================================================
Received Import Request.
  Time since last request: 0.000040 seconds.
  path: Assets/Samples/XR Interaction Toolkit/3.2.1/Starter Assets/DemoSceneAssets/Materials/Concrete Light Blue.mat
  importAddress: Guid(830d28b607e09a2479e2005c2eb5c75e) Importer(2089858483,b0f066a214c2f5e87bad3c948f4d605d)
Start importing Assets/Samples/XR Interaction Toolkit/3.2.1/Starter Assets/DemoSceneAssets/Materials/Concrete Light Blue.mat using Guid(830d28b607e09a2479e2005c2eb5c75e) Importer(2089858483,b0f066a214c2f5e87bad3c948f4d605d) (ScriptedImporter) -> (Import Result ID: '3ab67102fa729edc991c1ea1d4298c51') in 0.0096185 seconds [static and dynamic dependencies]. Details - ImportResultOutputID=6ee87d73c9987d7478c5b1043675bbf4 DependenciesID=075ea1d169ca1b9991866e746c49ab2f StaticDependenciesID=33b8a91c63fbf83004b33628401b1c06 
Number of updated asset objects reloaded before import = 0Number of asset objects unloaded after import = 3

========================================================================
Received Import Request.
  Time since last request: 0.000031 seconds.
  path: Assets/fog/Demo Assets/Unity Companion License/Particle Pack/Textures/Effects/LargeFlame02.tif
  importAddress: Guid(01dc1c1c99bf4984ca35c1591d3eeb54) Importer(2089858483,b0f066a214c2f5e87bad3c948f4d605d)
Start importing Assets/fog/Demo Assets/Unity Companion License/Particle Pack/Textures/Effects/LargeFlame02.tif using Guid(01dc1c1c99bf4984ca35c1591d3eeb54) Importer(2089858483,b0f066a214c2f5e87bad3c948f4d605d) (ScriptedImporter) -> (Import Result ID: '65283abc1d1b745bcd6dee2745cbe183') in 0.0159641 seconds [static and dynamic dependencies]. Details - ImportResultOutputID=bffb1ff6116297af17ed5801498589d2 DependenciesID=d4cf4a5acb577a4b3bcde215182c24ba StaticDependenciesID=275928a2104bbe21af666d283f48e40d 
Number of updated asset objects reloaded before import = 0Number of asset objects unloaded after import = 1

========================================================================
Received Import Request.
  Time since last request: 0.000024 seconds.
  path: Assets/Samples/XR Interaction Toolkit/3.2.1/Starter Assets/Materials/FresnelHighlight.mat
  importAddress: Guid(f5ccd52dc494e054fbe7d7161dcabe25) Importer(2089858483,b0f066a214c2f5e87bad3c948f4d605d)
Start importing Assets/Samples/XR Interaction Toolkit/3.2.1/Starter Assets/Materials/FresnelHighlight.mat using Guid(f5ccd52dc494e054fbe7d7161dcabe25) Importer(2089858483,b0f066a214c2f5e87bad3c948f4d605d) (ScriptedImporter) -> (Import Result ID: 'ad12a001ecf209818b86cba7b35b12e5') in 0.1754196 seconds [static and dynamic dependencies]. Details - ImportResultOutputID=65fbbad3a35f6bed69b327a6aab1b4f6 DependenciesID=6eb3df82c7143c1950c3ec73925fbc23 StaticDependenciesID=0c3c6a098f26a9039d010eed9f16d781 
Number of updated asset objects reloaded before import = 0Number of asset objects unloaded after import = 7

========================================================================
Received Import Request.
  Time since last request: 0.000029 seconds.
  path: Assets/Samples/XR Interaction Toolkit/3.2.1/Starter Assets/Prefabs/Teleport/Directional Teleport Reticle.prefab
  importAddress: Guid(893219773891c784ab469a39151879b4) Importer(2089858483,e11c23a36db5f54750b8cd40eac0985b)
Start importing Assets/Samples/XR Interaction Toolkit/3.2.1/Starter Assets/Prefabs/Teleport/Directional Teleport Reticle.prefab using Guid(893219773891c784ab469a39151879b4) Importer(2089858483,e11c23a36db5f54750b8cd40eac0985b) (ScriptedImporter) -> (Import Result ID: '46f9db4da8c0d0f4b4b96fbd07974117') in 0.0102264 seconds [static and dynamic dependencies]. Details - ImportResultOutputID=99a5b479fb3ab0902a2c0792d1f11976 DependenciesID=2f2724834f3a4ce0622d5d2b8dc38637 StaticDependenciesID=119b2a578b291a6c5712d4e77b9a9991 
Number of updated asset objects reloaded before import = 0Number of asset objects unloaded after import = 21

========================================================================
Received Import Request.
  Time since last request: 0.000040 seconds.
  path: Assets/Samples/XR Interaction Toolkit/3.2.1/Starter Assets/Prefabs/Teleport/Climb Teleport Arrow.prefab
  importAddress: Guid(ae1968658b9687b47976fe86c062168f) Importer(2089858483,e11c23a36db5f54750b8cd40eac0985b)
Start importing Assets/Samples/XR Interaction Toolkit/3.2.1/Starter Assets/Prefabs/Teleport/Climb Teleport Arrow.prefab using Guid(ae1968658b9687b47976fe86c062168f) Importer(2089858483,e11c23a36db5f54750b8cd40eac0985b) (ScriptedImporter) -> (Import Result ID: 'afe820109b83fb9a636907ec293f2fa4') in 0.0143566 seconds [static and dynamic dependencies]. Details - ImportResultOutputID=ef6e0705611058b3102d85f805bc1429 DependenciesID=5eb7527d91d3364e39fe61c509d47c30 StaticDependenciesID=176741b4ee7e5c4fdb3ac2b71bb5c965 
Number of updated asset objects reloaded before import = 0Number of asset objects unloaded after import = 27

========================================================================
Received Import Request.
  Time since last request: 0.000022 seconds.
  path: Assets/Samples/XR Interaction Toolkit/3.2.1/Starter Assets/DemoSceneAssets/Prefabs/Far Grab Samples.prefab
  importAddress: Guid(f5ee409d69254d64da7a3b74d31a5a40) Importer(2089858483,e11c23a36db5f54750b8cd40eac0985b)
Start importing Assets/Samples/XR Interaction Toolkit/3.2.1/Starter Assets/DemoSceneAssets/Prefabs/Far Grab Samples.prefab using Guid(f5ee409d69254d64da7a3b74d31a5a40) Importer(2089858483,e11c23a36db5f54750b8cd40eac0985b) (ScriptedImporter) -> (Import Result ID: 'f0c262e09959cb243c521a884c59346f') in 0.0875675 seconds [static and dynamic dependencies]. Details - ImportResultOutputID=30cf978ca32dba9fdb5931092faa7af8 DependenciesID=207cffcad6c1b52cf0fb95a06b89e50b StaticDependenciesID=c98fe343e1c585458c053865c2fab909 
Number of updated asset objects reloaded before import = 0Number of asset objects unloaded after import = 181

========================================================================
Received Import Request.
  Time since last request: 0.000024 seconds.
  path: Assets/Samples/XR Interaction Toolkit/3.2.1/Starter Assets/DemoSceneAssets/Models/PushButton.fbx
  importAddress: Guid(7ab6f3b0fd1a6ba41b2a47766c16613f) Importer(2089858483,b0f066a214c2f5e87bad3c948f4d605d)
Start importing Assets/Samples/XR Interaction Toolkit/3.2.1/Starter Assets/DemoSceneAssets/Models/PushButton.fbx using Guid(7ab6f3b0fd1a6ba41b2a47766c16613f) Importer(2089858483,b0f066a214c2f5e87bad3c948f4d605d) (ScriptedImporter) -> (Import Result ID: '36f29855825f3a27bff60d9f1de99fd9') in 0.0113166 seconds [static and dynamic dependencies]. Details - ImportResultOutputID=8b5f31505d8ab40b210b9dd07d1ce2af DependenciesID=1d9ebb3477e4d6b8a8a30f054ca05918 StaticDependenciesID=0c24207729d3f7e7c30f12174859dcfb 
Number of updated asset objects reloaded before import = 0Number of asset objects unloaded after import = 18

========================================================================
Received Import Request.
  Time since last request: 0.000026 seconds.
  path: Assets/Samples/XR Interaction Toolkit/3.2.1/Starter Assets/DemoSceneAssets/Sprites/Circle_60x60_Horizontal.png
  importAddress: Guid(e45f8f823c093d941855bb23b53b9414) Importer(2089858483,b0f066a214c2f5e87bad3c948f4d605d)
Start importing Assets/Samples/XR Interaction Toolkit/3.2.1/Starter Assets/DemoSceneAssets/Sprites/Circle_60x60_Horizontal.png using Guid(e45f8f823c093d941855bb23b53b9414) Importer(2089858483,b0f066a214c2f5e87bad3c948f4d605d) (ScriptedImporter) -> (Import Result ID: '1d7ef263c373e5e3351d4d567b14644d') in 0.0107012 seconds [static and dynamic dependencies]. Details - ImportResultOutputID=1090bad23162bbc7a7c3ac226fb54a6e DependenciesID=8d6358901983d865d41bd70496692241 StaticDependenciesID=96e2ff7c2362e1af69d7ff982a09b21e 
Number of updated asset objects reloaded before import = 0Number of asset objects unloaded after import = 3

========================================================================
Received Import Request.
  Time since last request: 0.000041 seconds.
  path: Assets/HIVEMIND/CaveOfHiddenTomb/HDRP (Default)/Art/Assets/Boulder/C/M_Boulder_C.mat
  importAddress: Guid(abc00000000006082432433969822040) Importer(2089858483,b0f066a214c2f5e87bad3c948f4d605d)
Start importing Assets/HIVEMIND/CaveOfHiddenTomb/HDRP (Default)/Art/Assets/Boulder/C/M_Boulder_C.mat using Guid(abc00000000006082432433969822040) Importer(2089858483,b0f066a214c2f5e87bad3c948f4d605d) (ScriptedImporter) -> (Import Result ID: 'cb7dbed0748b53140a106a23c0d7b94f') in 0.0165727 seconds [static and dynamic dependencies]. Details - ImportResultOutputID=253504afa90205feb318202fc2a3d89f DependenciesID=426c71462c74cc7d81f62799fc734591 StaticDependenciesID=0ec10dc83c8520486ab2c81c819fc513 
Number of updated asset objects reloaded before import = 0Number of asset objects unloaded after import = 12

========================================================================
Received Import Request.
  Time since last request: 0.000053 seconds.
  path: Assets/HIVEMIND/CaveOfHiddenTomb/HDRP (Default)/Art/Assets/FirePit/FireWood/M_FireWood_02.mat
  importAddress: Guid(abc00000000006739514821378734912) Importer(2089858483,b0f066a214c2f5e87bad3c948f4d605d)
Start importing Assets/HIVEMIND/CaveOfHiddenTomb/HDRP (Default)/Art/Assets/FirePit/FireWood/M_FireWood_02.mat using Guid(abc00000000006739514821378734912) Importer(2089858483,b0f066a214c2f5e87bad3c948f4d605d) (ScriptedImporter) -> (Import Result ID: '40b0a2e0890f180faba9aa8b64d6b4a9') in 0.0187488 seconds [static and dynamic dependencies]. Details - ImportResultOutputID=c28ffd3cf3e73e48565558709dfd686f DependenciesID=c129859715be7d8361b099035e06bc6e StaticDependenciesID=a4b8a0c697bc9d7b0514a43116d9a611 
Number of updated asset objects reloaded before import = 0Number of asset objects unloaded after import = 12

========================================================================
Received Import Request.
  Time since last request: 0.000060 seconds.
  path: Assets/HIVEMIND/CaveOfHiddenTomb/HDRP (Default)/Art/Assets/AztecMuralWall/AztecMural/M_Wall_Aztec_Edge.mat
  importAddress: Guid(abc00000000002622184442070753360) Importer(2089858483,b0f066a214c2f5e87bad3c948f4d605d)
Start importing Assets/HIVEMIND/CaveOfHiddenTomb/HDRP (Default)/Art/Assets/AztecMuralWall/AztecMural/M_Wall_Aztec_Edge.mat using Guid(abc00000000002622184442070753360) Importer(2089858483,b0f066a214c2f5e87bad3c948f4d605d) (ScriptedImporter) -> (Import Result ID: '4801071ee2df7bae4967b82b0ad9f8a5') in 0.017201 seconds [static and dynamic dependencies]. Details - ImportResultOutputID=1d3fd8fd7f6d5751e2f23b952780627d DependenciesID=056469a1296f605bef86bbaf360d827b StaticDependenciesID=464718f85776b8ce050ccc4b936891a6 
Number of updated asset objects reloaded before import = 0Number of asset objects unloaded after import = 11

========================================================================
Received Import Request.
  Time since last request: 0.000025 seconds.
  path: Assets/HIVEMIND/CaveOfHiddenTomb/HDRP (Default)/Art/Assets/Ground/Materials/MI_Ground_WA.mat
  importAddress: Guid(4115858d50ead4b4f959f3ebea31eac5) Importer(2089858483,b0f066a214c2f5e87bad3c948f4d605d)
Start importing Assets/HIVEMIND/CaveOfHiddenTomb/HDRP (Default)/Art/Assets/Ground/Materials/MI_Ground_WA.mat using Guid(4115858d50ead4b4f959f3ebea31eac5) Importer(2089858483,b0f066a214c2f5e87bad3c948f4d605d) (ScriptedImporter) -> (Import Result ID: 'b55bf1f4dccb91e1b3612311187db4b5') in 0.0071417 seconds [static and dynamic dependencies]. Details - ImportResultOutputID=a6c5ea49667d42497499c7aad964bdd1 DependenciesID=32ab8ae1e213798dbacd5af19210d31d StaticDependenciesID=9246b7db73dadd3502f11b0d30e5d6b7 
Number of updated asset objects reloaded before import = 0Number of asset objects unloaded after import = 1

========================================================================
Received Import Request.
  Time since last request: 0.000022 seconds.
  path: Assets/HIVEMIND/CaveOfHiddenTomb/HDRP (Default)/Art/Assets/AztecMuralWall/AztecMural/SM_Wall_Aztec_C.fbx
  importAddress: Guid(abc00000000005913604250935479498) Importer(2089858483,b0f066a214c2f5e87bad3c948f4d605d)
Start importing Assets/HIVEMIND/CaveOfHiddenTomb/HDRP (Default)/Art/Assets/AztecMuralWall/AztecMural/SM_Wall_Aztec_C.fbx using Guid(abc00000000005913604250935479498) Importer(2089858483,b0f066a214c2f5e87bad3c948f4d605d) (ScriptedImporter)MaterialLocation.External is obsolete. External Material Location is no longer supported. (Assets/HIVEMIND/CaveOfHiddenTomb/HDRP (Default)/Art/Assets/AztecMuralWall/AztecMural/SM_Wall_Aztec_C.fbx)
 -> (Import Result ID: '8915d42ace9ca24fe975d89e1531fa63') in 0.0204952 seconds [static and dynamic dependencies]. Details - ImportResultOutputID=262696ce749c07d37294585efb0d41f0 DependenciesID=757db12400e6a15fe543d8e780ec0a35 StaticDependenciesID=b6ea85d059a05ea4b072194c535dadb1 
Number of updated asset objects reloaded before import = 0Number of asset objects unloaded after import = 37

========================================================================
Received Import Request.
  Time since last request: 0.000039 seconds.
  path: Assets/HIVEMIND/CaveOfHiddenTomb/HDRP (Default)/Art/Assets/Arch/B/M_Arch_B.mat
  importAddress: Guid(abc00000000014618209953512283869) Importer(2089858483,b0f066a214c2f5e87bad3c948f4d605d)
Start importing Assets/HIVEMIND/CaveOfHiddenTomb/HDRP (Default)/Art/Assets/Arch/B/M_Arch_B.mat using Guid(abc00000000014618209953512283869) Importer(2089858483,b0f066a214c2f5e87bad3c948f4d605d) (ScriptedImporter) -> (Import Result ID: '9062a18913e90a7174d08e1d895b7ba4') in 0.0185633 seconds [static and dynamic dependencies]. Details - ImportResultOutputID=7de59f39419bb760172bfc38eb33897d DependenciesID=dd758d91a3180a8b29633bf7cd90c2e9 StaticDependenciesID=2375f18377a4ecad1954cde128421453 
Number of updated asset objects reloaded before import = 0Number of asset objects unloaded after import = 11

========================================================================
Received Import Request.
  Time since last request: 0.000027 seconds.
  path: Assets/Samples/XR Interaction Toolkit/3.2.1/Starter Assets/Prefabs/Interactors/Poke Interactor.prefab
  importAddress: Guid(27024f5809f4a4347b9cd7f26a1bdf93) Importer(2089858483,e11c23a36db5f54750b8cd40eac0985b)
Start importing Assets/Samples/XR Interaction Toolkit/3.2.1/Starter Assets/Prefabs/Interactors/Poke Interactor.prefab using Guid(27024f5809f4a4347b9cd7f26a1bdf93) Importer(2089858483,e11c23a36db5f54750b8cd40eac0985b) (ScriptedImporter) -> (Import Result ID: 'a3ae484f5f4ab8143e291d8285b85f45') in 0.010826 seconds [static and dynamic dependencies]. Details - ImportResultOutputID=87c046d3185e8b5debb3d2fdb1b0bf96 DependenciesID=04974c6eb1b007048cb4c8189a5bfdfe StaticDependenciesID=d61312b73a8e38ffe485b4497f94e93d 
Number of updated asset objects reloaded before import = 0Number of asset objects unloaded after import = 17

========================================================================
Received Import Request.
  Time since last request: 0.000036 seconds.
  path: Assets/Samples/XR Interaction Toolkit/3.2.1/Starter Assets/DemoSceneAssets/Models/Primitive_Tapered_Cylinder.fbx
  importAddress: Guid(e3493855a112e8248a2ea2c9828a51a1) Importer(2089858483,b0f066a214c2f5e87bad3c948f4d605d)
Start importing Assets/Samples/XR Interaction Toolkit/3.2.1/Starter Assets/DemoSceneAssets/Models/Primitive_Tapered_Cylinder.fbx using Guid(e3493855a112e8248a2ea2c9828a51a1) Importer(2089858483,b0f066a214c2f5e87bad3c948f4d605d) (ScriptedImporter) -> (Import Result ID: 'f3e38ef8c09063ea3d686f7a9153fe94') in 0.0122142 seconds [static and dynamic dependencies]. Details - ImportResultOutputID=feda7c71864bca64443a7e2ce5aa924a DependenciesID=2139a23761811041301e4f795d6ced16 StaticDependenciesID=17a44d00cc9cee2f0c95cb5c1d680c7d 
Number of updated asset objects reloaded before import = 0Number of asset objects unloaded after import = 9

========================================================================
Received Import Request.
  Time since last request: 0.000030 seconds.
  path: Assets/HIVEMIND/CaveOfHiddenTomb/HDRP (Default)/Art/Assets/00_MATERIAL/MI/M_Water.mat
  importAddress: Guid(abc00000000002299484457868971540) Importer(2089858483,b0f066a214c2f5e87bad3c948f4d605d)
Start importing Assets/HIVEMIND/CaveOfHiddenTomb/HDRP (Default)/Art/Assets/00_MATERIAL/MI/M_Water.mat using Guid(abc00000000002299484457868971540) Importer(2089858483,b0f066a214c2f5e87bad3c948f4d605d) (ScriptedImporter) -> (Import Result ID: '00004699ec86daa53b1ca53f9bb64e79') in 0.0106375 seconds [static and dynamic dependencies]. Details - ImportResultOutputID=68220df77cc936ce769b87bed2f83590 DependenciesID=a70263cc5bd842bc5dc9a0a25bdb477c StaticDependenciesID=9bd22dd17d2ebfa47090a292c972c361 
Number of updated asset objects reloaded before import = 0Number of asset objects unloaded after import = 10

========================================================================
Received Import Request.
  Time since last request: 0.000025 seconds.
  path: Assets/HIVEMIND/CaveOfHiddenTomb/HDRP (Default)/Art/Assets/stalactite/A/SM_Stalacite_A.fbx
  importAddress: Guid(abc00000000007673115996162911383) Importer(2089858483,b0f066a214c2f5e87bad3c948f4d605d)
Start importing Assets/HIVEMIND/CaveOfHiddenTomb/HDRP (Default)/Art/Assets/stalactite/A/SM_Stalacite_A.fbx using Guid(abc00000000007673115996162911383) Importer(2089858483,b0f066a214c2f5e87bad3c948f4d605d) (ScriptedImporter)MaterialLocation.External is obsolete. External Material Location is no longer supported. (Assets/HIVEMIND/CaveOfHiddenTomb/HDRP (Default)/Art/Assets/stalactite/A/SM_Stalacite_A.fbx)
 -> (Import Result ID: '6af90669b53acf3aa47ec94d37ce4e91') in 0.0170717 seconds [static and dynamic dependencies]. Details - ImportResultOutputID=d1de7583c7a65d4e6233ec77c6aa4f9e DependenciesID=fa6ecff6773751b8a207b5bee06243c3 StaticDependenciesID=26193c96705e3ab3b1f935950ffdf414 
Number of updated asset objects reloaded before import = 0Number of asset objects unloaded after import = 37

========================================================================
Received Import Request.
  Time since last request: 0.000036 seconds.
  path: Assets/HIVEMIND/CaveOfHiddenTomb/HDRP (Default)/Art/Assets/Pillar/D/M_Pillar_D.mat
  importAddress: Guid(abc00000000008202198138025726740) Importer(2089858483,b0f066a214c2f5e87bad3c948f4d605d)
Start importing Assets/HIVEMIND/CaveOfHiddenTomb/HDRP (Default)/Art/Assets/Pillar/D/M_Pillar_D.mat using Guid(abc00000000008202198138025726740) Importer(2089858483,b0f066a214c2f5e87bad3c948f4d605d) (ScriptedImporter) -> (Import Result ID: '8d04aaa0eb04fcb37bce40e64b0d6eb1') in 0.0213691 seconds [static and dynamic dependencies]. Details - ImportResultOutputID=989cd1977f9a39e41b0f102d38a48b7f DependenciesID=d3f5d431163e465441b0ab4cbf2bce29 StaticDependenciesID=e07639381cbef284a06380db91bd5d04 
Number of updated asset objects reloaded before import = 0Number of asset objects unloaded after import = 11

========================================================================
Received Import Request.
  Time since last request: 0.000027 seconds.
  path: Assets/HIVEMIND/CaveOfHiddenTomb/HDRP (Default)/Art/Assets/Sculpt/A/M_Sculpt_A.mat
  importAddress: Guid(abc00000000002581292203688558939) Importer(2089858483,b0f066a214c2f5e87bad3c948f4d605d)
Start importing Assets/HIVEMIND/CaveOfHiddenTomb/HDRP (Default)/Art/Assets/Sculpt/A/M_Sculpt_A.mat using Guid(abc00000000002581292203688558939) Importer(2089858483,b0f066a214c2f5e87bad3c948f4d605d) (ScriptedImporter) -> (Import Result ID: 'b086a80edb14ef74428088e18b839d0b') in 0.0150615 seconds [static and dynamic dependencies]. Details - ImportResultOutputID=546c4e4ce945bbe716aaba68c75cdf72 DependenciesID=ce8d622007dc14c19160ebb02c53834a StaticDependenciesID=ca6a0705ec7eb11dbf8fd64e77e7d82f 
Number of updated asset objects reloaded before import = 0Number of asset objects unloaded after import = 11

========================================================================
Received Import Request.
  Time since last request: 0.000028 seconds.
  path: Assets/HIVEMIND/CaveOfHiddenTomb/HDRP (Default)/Art/Assets/RockWall/C/M_RockWall_C_Simple.mat
  importAddress: Guid(abc00000000002850577164653654986) Importer(2089858483,b0f066a214c2f5e87bad3c948f4d605d)
Start importing Assets/HIVEMIND/CaveOfHiddenTomb/HDRP (Default)/Art/Assets/RockWall/C/M_RockWall_C_Simple.mat using Guid(abc00000000002850577164653654986) Importer(2089858483,b0f066a214c2f5e87bad3c948f4d605d) (ScriptedImporter) -> (Import Result ID: '394f27e1be2d3b4f16df4bb13edd1c4a') in 0.0225964 seconds [static and dynamic dependencies]. Details - ImportResultOutputID=80a3bba4ba638267c15c50cd4461423c DependenciesID=99c662c4f48f4e09f7e545683c7de2d0 StaticDependenciesID=6055e03bc88f1b788628a0e37e0262c0 
Number of updated asset objects reloaded before import = 0Number of asset objects unloaded after import = 11

========================================================================
Received Import Request.
  Time since last request: 0.000028 seconds.
  path: Assets/HIVEMIND/CaveOfHiddenTomb/HDRP (Default)/Art/Assets/stalactite/A/M_Stalacite_A.mat
  importAddress: Guid(abc00000000006216884789176443716) Importer(2089858483,b0f066a214c2f5e87bad3c948f4d605d)
Start importing Assets/HIVEMIND/CaveOfHiddenTomb/HDRP (Default)/Art/Assets/stalactite/A/M_Stalacite_A.mat using Guid(abc00000000006216884789176443716) Importer(2089858483,b0f066a214c2f5e87bad3c948f4d605d) (ScriptedImporter) -> (Import Result ID: '35be83da5f57e0be8a1b73f3d32b3593') in 0.0178473 seconds [static and dynamic dependencies]. Details - ImportResultOutputID=7a255c19b23603240d1f40ddeb34bb32 DependenciesID=a4a6a3f3c4ed633fd56b68b8b1c1edb1 StaticDependenciesID=626003285d07838734a9289fb4538d65 
Number of updated asset objects reloaded before import = 0Number of asset objects unloaded after import = 11

========================================================================
Received Import Request.
  Time since last request: 0.000030 seconds.
  path: Assets/HIVEMIND/CaveOfHiddenTomb/HDRP (Default)/Art/Assets/RockWall/E/M_RockWall_E_Simple.mat
  importAddress: Guid(abc00000000002288178230991224033) Importer(2089858483,b0f066a214c2f5e87bad3c948f4d605d)
Start importing Assets/HIVEMIND/CaveOfHiddenTomb/HDRP (Default)/Art/Assets/RockWall/E/M_RockWall_E_Simple.mat using Guid(abc00000000002288178230991224033) Importer(2089858483,b0f066a214c2f5e87bad3c948f4d605d) (ScriptedImporter) -> (Import Result ID: '76765f6f4bbebd603364207446f7b407') in 0.0167938 seconds [static and dynamic dependencies]. Details - ImportResultOutputID=0f1d81a333d26662ef89a6470628b0f0 DependenciesID=0c1f467903578aeb052fa40e0965e482 StaticDependenciesID=6fc3808e5ae2a1e38371bcc2f46f314a 
Number of updated asset objects reloaded before import = 0Number of asset objects unloaded after import = 11

========================================================================
Received Import Request.
  Time since last request: 0.000043 seconds.
  path: Assets/HIVEMIND/CaveOfHiddenTomb/HDRP (Default)/Art/AllTextures1K/T_Rock_BC06.png
  importAddress: Guid(abc00000000010365300191227582093) Importer(2089858483,b0f066a214c2f5e87bad3c948f4d605d)
Start importing Assets/HIVEMIND/CaveOfHiddenTomb/HDRP (Default)/Art/AllTextures1K/T_Rock_BC06.png using Guid(abc00000000010365300191227582093) Importer(2089858483,b0f066a214c2f5e87bad3c948f4d605d) (ScriptedImporter) -> (Import Result ID: '20cbf6ce8f382a656ee58ba7b8d90fe9') in 0.0071563 seconds [static and dynamic dependencies]. Details - ImportResultOutputID=2e9e7719587d29d0a48898d66abaec42 DependenciesID=241ed505b2c7ca674943c455382123d0 StaticDependenciesID=40da119869221bf0a3a6b7ace0d06e1e 
Number of updated asset objects reloaded before import = 0Number of asset objects unloaded after import = 1

========================================================================
Received Import Request.
  Time since last request: 0.000020 seconds.
  path: Assets/materials/TextureHaven/wood_4k/wood_4k_textures/brown_planks_04/68ba0a1b971d9ed461c47c1b10bf16d2.jpg
  importAddress: Guid(4bdf1679be6b3c24fa33137c0aebf77a) Importer(2089858483,b0f066a214c2f5e87bad3c948f4d605d)
Start importing Assets/materials/TextureHaven/wood_4k/wood_4k_textures/brown_planks_04/68ba0a1b971d9ed461c47c1b10bf16d2.jpg using Guid(4bdf1679be6b3c24fa33137c0aebf77a) Importer(2089858483,b0f066a214c2f5e87bad3c948f4d605d) (ScriptedImporter) -> (Import Result ID: 'ec250396c9d83c627fb703aefd834370') in 0.0107263 seconds [static and dynamic dependencies]. Details - ImportResultOutputID=a8b3730fd8b47c965c435662c37c80ff DependenciesID=fd125bbc07ea42abdadff6b8db510562 StaticDependenciesID=1e9b2f4e83e747c6d60feacdbd3682b5 
Number of updated asset objects reloaded before import = 0Number of asset objects unloaded after import = 1

========================================================================
Received Import Request.
  Time since last request: 0.000022 seconds.
  path: Assets/HIVEMIND/CaveOfHiddenTomb/HDRP (Default)/Art/Assets/Stone/C/M_Stone_C.mat
  importAddress: Guid(abc00000000002183593793230785314) Importer(2089858483,b0f066a214c2f5e87bad3c948f4d605d)
Start importing Assets/HIVEMIND/CaveOfHiddenTomb/HDRP (Default)/Art/Assets/Stone/C/M_Stone_C.mat using Guid(abc00000000002183593793230785314) Importer(2089858483,b0f066a214c2f5e87bad3c948f4d605d) (ScriptedImporter) -> (Import Result ID: '9c1ac6240824a916808e116579848987') in 0.0164856 seconds [static and dynamic dependencies]. Details - ImportResultOutputID=9c6f4851ff849646aef5ee87baebbb41 DependenciesID=e371340defc8c9a07c8ec35b76907be8 StaticDependenciesID=fa57ba012a97fdc6e5fee10fc6a97b2f 
Number of updated asset objects reloaded before import = 0Number of asset objects unloaded after import = 11

========================================================================
Received Import Request.
  Time since last request: 0.000028 seconds.
  path: Assets/HIVEMIND/CaveOfHiddenTomb/HDRP (Default)/Art/Assets/stalactite/F/M_Stalacite_F.mat
  importAddress: Guid(abc00000000012968756452394854773) Importer(2089858483,b0f066a214c2f5e87bad3c948f4d605d)
Start importing Assets/HIVEMIND/CaveOfHiddenTomb/HDRP (Default)/Art/Assets/stalactite/F/M_Stalacite_F.mat using Guid(abc00000000012968756452394854773) Importer(2089858483,b0f066a214c2f5e87bad3c948f4d605d) (ScriptedImporter) -> (Import Result ID: '4e20a8bfc8d203178ec045697630d93e') in 0.0167634 seconds [static and dynamic dependencies]. Details - ImportResultOutputID=8380159bff4fcbb2089a03a542326a70 DependenciesID=560b04b566899dba36dfef28a56663c2 StaticDependenciesID=74988c62a7ac98d26432c08da733b32f 
Number of updated asset objects reloaded before import = 0Number of asset objects unloaded after import = 11

========================================================================
Received Import Request.
  Time since last request: 0.000031 seconds.
  path: Assets/HIVEMIND/CaveOfHiddenTomb/HDRP (Default)/Art/Assets/stalactite/F/SM_Stalacite_F.fbx
  importAddress: Guid(abc00000000009309448816691368849) Importer(2089858483,b0f066a214c2f5e87bad3c948f4d605d)
Start importing Assets/HIVEMIND/CaveOfHiddenTomb/HDRP (Default)/Art/Assets/stalactite/F/SM_Stalacite_F.fbx using Guid(abc00000000009309448816691368849) Importer(2089858483,b0f066a214c2f5e87bad3c948f4d605d) (ScriptedImporter)MaterialLocation.External is obsolete. External Material Location is no longer supported. (Assets/HIVEMIND/CaveOfHiddenTomb/HDRP (Default)/Art/Assets/stalactite/F/SM_Stalacite_F.fbx)
 -> (Import Result ID: '0c2502bbb673dcc367df4e589aec9434') in 0.0147005 seconds [static and dynamic dependencies]. Details - ImportResultOutputID=ba2cd82c1dc614deaaca5ab643e6067e DependenciesID=2e87345c0de51d79c7f938f39a14d8e9 StaticDependenciesID=b58603b50298285daa439ae52e07b8b3 
Number of updated asset objects reloaded before import = 0Number of asset objects unloaded after import = 37

========================================================================
Received Import Request.
  Time since last request: 0.000066 seconds.
  path: Assets/HIVEMIND/CaveOfHiddenTomb/HDRP (Default)/Art/Assets/StonePattern/StonePattern/SM_StonePattern_C.fbx
  importAddress: Guid(abc00000000009875738743489896067) Importer(2089858483,b0f066a214c2f5e87bad3c948f4d605d)
Start importing Assets/HIVEMIND/CaveOfHiddenTomb/HDRP (Default)/Art/Assets/StonePattern/StonePattern/SM_StonePattern_C.fbx using Guid(abc00000000009875738743489896067) Importer(2089858483,b0f066a214c2f5e87bad3c948f4d605d) (ScriptedImporter)MaterialLocation.External is obsolete. External Material Location is no longer supported. (Assets/HIVEMIND/CaveOfHiddenTomb/HDRP (Default)/Art/Assets/StonePattern/StonePattern/SM_StonePattern_C.fbx)
 -> (Import Result ID: '547fe37ab1bb27c1fbb58ab21217c89a') in 0.0163375 seconds [static and dynamic dependencies]. Details - ImportResultOutputID=fe9184790f04262cef71acc47f0d7bdf DependenciesID=5ba55bd3e84a3555f48e0a3751e25205 StaticDependenciesID=75190e196e5eb991b07e1f7bd381bce7 
Number of updated asset objects reloaded before import = 0Number of asset objects unloaded after import = 37

========================================================================
Received Import Request.
  Time since last request: 0.000027 seconds.
  path: Assets/HIVEMIND/CaveOfHiddenTomb/HDRP (Default)/Art/Assets/StonePattern/TempleStoneGround/M_StonePattern_F_Edge.mat
  importAddress: Guid(abc00000000016491108832980827150) Importer(2089858483,b0f066a214c2f5e87bad3c948f4d605d)
Start importing Assets/HIVEMIND/CaveOfHiddenTomb/HDRP (Default)/Art/Assets/StonePattern/TempleStoneGround/M_StonePattern_F_Edge.mat using Guid(abc00000000016491108832980827150) Importer(2089858483,b0f066a214c2f5e87bad3c948f4d605d) (ScriptedImporter) -> (Import Result ID: 'ee8e664908556836bf823118fc4d8910') in 0.0129369 seconds [static and dynamic dependencies]. Details - ImportResultOutputID=9737db6f1869683c3176d8fcb7ff26dd DependenciesID=665a956a418454b4cb71a75a0c187032 StaticDependenciesID=58a952a5b564eef0007f95eb0a7810eb 
Number of updated asset objects reloaded before import = 0Number of asset objects unloaded after import = 11

========================================================================
Received Import Request.
  Time since last request: 0.000035 seconds.
  path: Assets/HIVEMIND/CaveOfHiddenTomb/HDRP (Default)/Art/Assets/stalactite/B/SM_Stalacite_B.fbx
  importAddress: Guid(abc00000000000581833867405933809) Importer(2089858483,b0f066a214c2f5e87bad3c948f4d605d)
Start importing Assets/HIVEMIND/CaveOfHiddenTomb/HDRP (Default)/Art/Assets/stalactite/B/SM_Stalacite_B.fbx using Guid(abc00000000000581833867405933809) Importer(2089858483,b0f066a214c2f5e87bad3c948f4d605d) (ScriptedImporter)MaterialLocation.External is obsolete. External Material Location is no longer supported. (Assets/HIVEMIND/CaveOfHiddenTomb/HDRP (Default)/Art/Assets/stalactite/B/SM_Stalacite_B.fbx)
 -> (Import Result ID: '87a4d7e20f575dac65724e4daa7a5465') in 0.0229645 seconds [static and dynamic dependencies]. Details - ImportResultOutputID=fb6d4f29f3984c7231d26ef45093389b DependenciesID=18038c6895e2c38829ce6eae85cc08ca StaticDependenciesID=228e22c1dd4cd677d9f6fba896b0830f 
Number of updated asset objects reloaded before import = 0Number of asset objects unloaded after import = 37

========================================================================
Received Import Request.
  Time since last request: 0.000029 seconds.
  path: Assets/HIVEMIND/CaveOfHiddenTomb/HDRP (Default)/Art/Assets/stalactite/C/SM_Stalacite_C.fbx
  importAddress: Guid(abc00000000005702893226053742071) Importer(2089858483,b0f066a214c2f5e87bad3c948f4d605d)
Start importing Assets/HIVEMIND/CaveOfHiddenTomb/HDRP (Default)/Art/Assets/stalactite/C/SM_Stalacite_C.fbx using Guid(abc00000000005702893226053742071) Importer(2089858483,b0f066a214c2f5e87bad3c948f4d605d) (ScriptedImporter)MaterialLocation.External is obsolete. External Material Location is no longer supported. (Assets/HIVEMIND/CaveOfHiddenTomb/HDRP (Default)/Art/Assets/stalactite/C/SM_Stalacite_C.fbx)
 -> (Import Result ID: 'c6d2b5d3fa3031d64b99574c37b8c9cc') in 0.0259269 seconds [static and dynamic dependencies]. Details - ImportResultOutputID=3f1bf14ca5ed719caf9d65e9d48dd36b DependenciesID=b43aacf7e2bfdae04215e99752bff4c5 StaticDependenciesID=802f1539935b1087eab6eb79cea1168c 
Number of updated asset objects reloaded before import = 0Number of asset objects unloaded after import = 37

========================================================================
Received Import Request.
  Time since last request: 0.000029 seconds.
  path: Assets/Samples/XR Interaction Toolkit/3.2.1/Starter Assets/DemoSceneAssets/Prefabs/Interactables/Push Button.prefab
  importAddress: Guid(76f3439a0ae796e4b81bee3f91f888ee) Importer(2089858483,e11c23a36db5f54750b8cd40eac0985b)
Start importing Assets/Samples/XR Interaction Toolkit/3.2.1/Starter Assets/DemoSceneAssets/Prefabs/Interactables/Push Button.prefab using Guid(76f3439a0ae796e4b81bee3f91f888ee) Importer(2089858483,e11c23a36db5f54750b8cd40eac0985b) (ScriptedImporter) -> (Import Result ID: '07da82328aab5c0999134a723612dab8') in 0.0243108 seconds [static and dynamic dependencies]. Details - ImportResultOutputID=fd790b3fde2b0d200a22e9c58a828c81 DependenciesID=54def0d9bd24f0e4766528588d99dcb8 StaticDependenciesID=88994350090c2ed5b239572fbd625b2c 
Number of updated asset objects reloaded before import = 0Number of asset objects unloaded after import = 45

========================================================================
Received Import Request.
  Time since last request: 0.000045 seconds.
  path: Assets/Samples/XR Interaction Toolkit/3.2.1/Starter Assets/DemoSceneAssets/Prefabs/UI/ModalSingleButton.prefab
  importAddress: Guid(c24a7635b5761984d81cf6c4aac26e0d) Importer(2089858483,e11c23a36db5f54750b8cd40eac0985b)
Start importing Assets/Samples/XR Interaction Toolkit/3.2.1/Starter Assets/DemoSceneAssets/Prefabs/UI/ModalSingleButton.prefab using Guid(c24a7635b5761984d81cf6c4aac26e0d) Importer(2089858483,e11c23a36db5f54750b8cd40eac0985b) (ScriptedImporter) -> (Import Result ID: '045e6179cf673dfd908fab334085444e') in 0.0318743 seconds [static and dynamic dependencies]. Details - ImportResultOutputID=f28834acfd2ef0b2c094111cd2d307d4 DependenciesID=5d1c17ae8ce3073438d0553759c4b56e StaticDependenciesID=c54bcfa70bbdb32b4fd5183d0f9d3092 
Number of updated asset objects reloaded before import = 0Number of asset objects unloaded after import = 62

========================================================================
Received Import Request.
  Time since last request: 0.000029 seconds.
  path: Assets/Samples/XR Interaction Toolkit/3.2.1/Starter Assets/DemoSceneAssets/Prefabs/UI/Text Toggle.prefab
  importAddress: Guid(6a448845c7017044e8a9f3d711cfe825) Importer(2089858483,e11c23a36db5f54750b8cd40eac0985b)
Start importing Assets/Samples/XR Interaction Toolkit/3.2.1/Starter Assets/DemoSceneAssets/Prefabs/UI/Text Toggle.prefab using Guid(6a448845c7017044e8a9f3d711cfe825) Importer(2089858483,e11c23a36db5f54750b8cd40eac0985b) (ScriptedImporter) -> (Import Result ID: 'd64da918bb376ccca14bb47509dcdaa5') in 0.0232348 seconds [static and dynamic dependencies]. Details - ImportResultOutputID=f9133afa4bb3416e5bfb9a5608467a15 DependenciesID=a9afe9628494c4dd8441637430c0eb71 StaticDependenciesID=c76ff9e6081c55ad00d0ceb8663dbaa8 
Number of updated asset objects reloaded before import = 0Number of asset objects unloaded after import = 25

========================================================================
Received Import Request.
  Time since last request: 0.000028 seconds.
  path: Assets/Samples/XR Interaction Toolkit/3.2.1/Starter Assets/DemoSceneAssets/Prefabs/Climb/Ladder.prefab
  importAddress: Guid(b3830b3b2f190ee46a9c88433e985221) Importer(2089858483,e11c23a36db5f54750b8cd40eac0985b)
Start importing Assets/Samples/XR Interaction Toolkit/3.2.1/Starter Assets/DemoSceneAssets/Prefabs/Climb/Ladder.prefab using Guid(b3830b3b2f190ee46a9c88433e985221) Importer(2089858483,e11c23a36db5f54750b8cd40eac0985b) (ScriptedImporter) -> (Import Result ID: '0b9a2cc6abcc3cf4f700c50c53ed9a24') in 0.082226 seconds [static and dynamic dependencies]. Details - ImportResultOutputID=b4cc5016c2cff03da892bf45a5ab44ad DependenciesID=8b44ea3898b9ac3cb126a011e4d995b5 StaticDependenciesID=b43f313c09e9716f29476278293595d1 
Number of updated asset objects reloaded before import = 0Number of asset objects unloaded after import = 142

========================================================================
Received Import Request.
  Time since last request: 0.000032 seconds.
  path: Assets/Samples/XR Interaction Toolkit/3.2.1/Starter Assets/DemoSceneAssets/Prefabs/Climb/Climbing Wall.prefab
  importAddress: Guid(a0ea40bd139aedc43b0e8374d6139437) Importer(2089858483,e11c23a36db5f54750b8cd40eac0985b)
Start importing Assets/Samples/XR Interaction Toolkit/3.2.1/Starter Assets/DemoSceneAssets/Prefabs/Climb/Climbing Wall.prefab using Guid(a0ea40bd139aedc43b0e8374d6139437) Importer(2089858483,e11c23a36db5f54750b8cd40eac0985b) (ScriptedImporter) -> (Import Result ID: '6f64c4e89e53659a7cb27f4578790ffa') in 0.1933762 seconds [static and dynamic dependencies]. Details - ImportResultOutputID=73e16061ab4a6c170d5dc779ead6f1a4 DependenciesID=507b8a64cfc81d0be67cb94336f4b74b StaticDependenciesID=3501582829058fa6ba2854c4cb8fbfd1 
Number of updated asset objects reloaded before import = 0Number of asset objects unloaded after import = 347

========================================================================
Received Import Request.
  Time since last request: 0.000042 seconds.
  path: Assets/HIVEMIND/CaveOfHiddenTomb/HDRP (Default)/Art/Assets/Rock/F/Materials/MI_Rock_F.mat
  importAddress: Guid(2018e0ddccb3f2441a1cfcb38b9f82be) Importer(2089858483,b0f066a214c2f5e87bad3c948f4d605d)
Start importing Assets/HIVEMIND/CaveOfHiddenTomb/HDRP (Default)/Art/Assets/Rock/F/Materials/MI_Rock_F.mat using Guid(2018e0ddccb3f2441a1cfcb38b9f82be) Importer(2089858483,b0f066a214c2f5e87bad3c948f4d605d) (ScriptedImporter) -> (Import Result ID: '0520c67ead229924f1dc61850741560e') in 0.0062495 seconds [static and dynamic dependencies]. Details - ImportResultOutputID=c20aed3c55abe505e4e23b1685c56acd DependenciesID=5e868b5496558cbf91e8ca8ce0fa14b1 StaticDependenciesID=e850b62b816c6213722add0358af5cd0 
Number of updated asset objects reloaded before import = 0Number of asset objects unloaded after import = 1

========================================================================
Received Import Request.
  Time since last request: 0.000024 seconds.
  path: Assets/HIVEMIND/CaveOfHiddenTomb/HDRP (Default)/Art/Assets/Boulder/B/Materials/MI_Boulder_B.mat
  importAddress: Guid(738ae20f26c331345a54bf9cd74ee93b) Importer(2089858483,b0f066a214c2f5e87bad3c948f4d605d)
Start importing Assets/HIVEMIND/CaveOfHiddenTomb/HDRP (Default)/Art/Assets/Boulder/B/Materials/MI_Boulder_B.mat using Guid(738ae20f26c331345a54bf9cd74ee93b) Importer(2089858483,b0f066a214c2f5e87bad3c948f4d605d) (ScriptedImporter) -> (Import Result ID: '1986b93b938408151b78910e018424ed') in 0.0065053 seconds [static and dynamic dependencies]. Details - ImportResultOutputID=8330619b0500286ce7f45ff37c02351a DependenciesID=77ad37d4c85ed72c6e641ea874cd72b5 StaticDependenciesID=d77a54fa6b7a2b98b8930ed3c8fbaa3a 
Number of updated asset objects reloaded before import = 0Number of asset objects unloaded after import = 1

========================================================================
Received Import Request.
  Time since last request: 0.000025 seconds.
  path: Assets/HIVEMIND/CaveOfHiddenTomb/HDRP (Default)/Art/Assets/FirePit/FirePit_B/Materials/No Name.mat
  importAddress: Guid(c655319dce6a1304fafbb8c7a524c7f2) Importer(2089858483,b0f066a214c2f5e87bad3c948f4d605d)
Start importing Assets/HIVEMIND/CaveOfHiddenTomb/HDRP (Default)/Art/Assets/FirePit/FirePit_B/Materials/No Name.mat using Guid(c655319dce6a1304fafbb8c7a524c7f2) Importer(2089858483,b0f066a214c2f5e87bad3c948f4d605d) (ScriptedImporter) -> (Import Result ID: '6637a7f421aea1c90e32a232ae14b066') in 0.0048114 seconds [static and dynamic dependencies]. Details - ImportResultOutputID=aa9e68d16b7ce024b12baaf146e851ab DependenciesID=ebddc9dc2e728fabaa985a60d00c3417 StaticDependenciesID=ece1f4379779c685e37cd46268a17ffd 
Number of updated asset objects reloaded before import = 0Number of asset objects unloaded after import = 1

========================================================================
Received Import Request.
  Time since last request: 0.000034 seconds.
  path: Assets/HIVEMIND/CaveOfHiddenTomb/HDRP (Default)/Art/Assets/Pillar/A/Materials/MI_Pillar_A_Simple.mat
  importAddress: Guid(6875cd1b6fc73b14286d3932d291204d) Importer(2089858483,b0f066a214c2f5e87bad3c948f4d605d)
Start importing Assets/HIVEMIND/CaveOfHiddenTomb/HDRP (Default)/Art/Assets/Pillar/A/Materials/MI_Pillar_A_Simple.mat using Guid(6875cd1b6fc73b14286d3932d291204d) Importer(2089858483,b0f066a214c2f5e87bad3c948f4d605d) (ScriptedImporter) -> (Import Result ID: 'd99f50a73d592ecc272d24704066449b') in 0.0053635 seconds [static and dynamic dependencies]. Details - ImportResultOutputID=2a294bee08377e6b3f8eeec971f8f9ca DependenciesID=0eba484e06fb06228e516f89adf4d822 StaticDependenciesID=6e17ea24b877e751023f8cc203f6f512 
Number of updated asset objects reloaded before import = 0Number of asset objects unloaded after import = 1

========================================================================
Received Import Request.
  Time since last request: 0.000049 seconds.
  path: Assets/Samples/XR Interaction Toolkit/3.2.1/Starter Assets/DemoSceneAssets/Prefabs/Interactables/Blaser-Long.prefab
  importAddress: Guid(fe7fcf44eedd467489de26ce92577bc3) Importer(2089858483,e11c23a36db5f54750b8cd40eac0985b)
Start importing Assets/Samples/XR Interaction Toolkit/3.2.1/Starter Assets/DemoSceneAssets/Prefabs/Interactables/Blaser-Long.prefab using Guid(fe7fcf44eedd467489de26ce92577bc3) Importer(2089858483,e11c23a36db5f54750b8cd40eac0985b) (ScriptedImporter) -> (Import Result ID: '152f7e31dc9a8161fdd4e68c7c3a4f07') in 0.0565824 seconds [static and dynamic dependencies]. Details - ImportResultOutputID=b0a65cc510c2a77907e07f806fb77a3b DependenciesID=acb882db7b37ffede96f89dc4918554b StaticDependenciesID=19d1fdd46936e1a5b4dc4ae3d384c065 
Number of updated asset objects reloaded before import = 0Number of asset objects unloaded after import = 53

========================================================================
Received Import Request.
  Time since last request: 0.000026 seconds.
  path: Assets/HIVEMIND/CaveOfHiddenTomb/HDRP (Default)/Art/Assets/Sculpt/B/Materials/MI_Sculpt_B.mat
  importAddress: Guid(40e25ceedfff86c47bae0e831dd5fad7) Importer(2089858483,b0f066a214c2f5e87bad3c948f4d605d)
Start importing Assets/HIVEMIND/CaveOfHiddenTomb/HDRP (Default)/Art/Assets/Sculpt/B/Materials/MI_Sculpt_B.mat using Guid(40e25ceedfff86c47bae0e831dd5fad7) Importer(2089858483,b0f066a214c2f5e87bad3c948f4d605d) (ScriptedImporter) -> (Import Result ID: '35da033460fc3954bff6e5e2927e79e8') in 0.0054661 seconds [static and dynamic dependencies]. Details - ImportResultOutputID=47d3546fca7f21c9b21189881dd2ee9d DependenciesID=177fa07cd47821f2867146b60110aaef StaticDependenciesID=f472dc87d015f81c521186b23647acdf 
Number of updated asset objects reloaded before import = 0Number of asset objects unloaded after import = 1

========================================================================
Received Import Request.
  Time since last request: 0.000021 seconds.
  path: Assets/HIVEMIND/CaveOfHiddenTomb/HDRP (Default)/Art/Assets/RockWall/C/Materials/MI_RockWall_C_Simple.mat
  importAddress: Guid(436f7aad66ead2547bed6dd4ce01d5b5) Importer(2089858483,b0f066a214c2f5e87bad3c948f4d605d)
Start importing Assets/HIVEMIND/CaveOfHiddenTomb/HDRP (Default)/Art/Assets/RockWall/C/Materials/MI_RockWall_C_Simple.mat using Guid(436f7aad66ead2547bed6dd4ce01d5b5) Importer(2089858483,b0f066a214c2f5e87bad3c948f4d605d) (ScriptedImporter) -> (Import Result ID: '8175c53ec5967716ec967986308eadf5') in 0.0060845 seconds [static and dynamic dependencies]. Details - ImportResultOutputID=e719cdc9f151a827ab11e553d641dc80 DependenciesID=591672fca44c65b1e3599a8336b39916 StaticDependenciesID=e022eeebe0966634dbd5ce9a5a7e5a74 
Number of updated asset objects reloaded before import = 0Number of asset objects unloaded after import = 1

========================================================================
Received Import Request.
  Time since last request: 0.000029 seconds.
  path: Assets/HIVEMIND/CaveOfHiddenTomb/HDRP (Default)/Art/Assets/stalactite/D/Materials/No Name.mat
  importAddress: Guid(948a9d13750807847a3f0f2f4592f08a) Importer(2089858483,b0f066a214c2f5e87bad3c948f4d605d)
Start importing Assets/HIVEMIND/CaveOfHiddenTomb/HDRP (Default)/Art/Assets/stalactite/D/Materials/No Name.mat using Guid(948a9d13750807847a3f0f2f4592f08a) Importer(2089858483,b0f066a214c2f5e87bad3c948f4d605d) (ScriptedImporter) -> (Import Result ID: 'f2eaeb39f8390274204a6c47e35fa772') in 0.0073866 seconds [static and dynamic dependencies]. Details - ImportResultOutputID=117694927bf119901eebca74eb7c3d1f DependenciesID=51e004c07ae06f2d44bcb244f4dda58b StaticDependenciesID=486a4b1edb3a251cc3aac552ebc66bb0 
Number of updated asset objects reloaded before import = 0Number of asset objects unloaded after import = 1

========================================================================
Received Import Request.
  Time since last request: 0.000038 seconds.
  path: Assets/HIVEMIND/CaveOfHiddenTomb/HDRP (Default)/Art/Assets/RockWall/D/Materials/No Name.mat
  importAddress: Guid(28325c4491654ba40875d493dddc281a) Importer(2089858483,b0f066a214c2f5e87bad3c948f4d605d)
Start importing Assets/HIVEMIND/CaveOfHiddenTomb/HDRP (Default)/Art/Assets/RockWall/D/Materials/No Name.mat using Guid(28325c4491654ba40875d493dddc281a) Importer(2089858483,b0f066a214c2f5e87bad3c948f4d605d) (ScriptedImporter) -> (Import Result ID: 'e0d8df5295f5064789ebe2c26001bbdf') in 0.0062553 seconds [static and dynamic dependencies]. Details - ImportResultOutputID=c0d29f987e1746cff3310b7f6c473a38 DependenciesID=035d54490ce65694b9acb5886d3c73f6 StaticDependenciesID=043ffc7a17f564ce3c0f9a229d031e3b 
Number of updated asset objects reloaded before import = 0Number of asset objects unloaded after import = 1

========================================================================
Received Import Request.
  Time since last request: 0.000025 seconds.
  path: Assets/Samples/XR Interaction Toolkit/3.2.1/Starter Assets/DemoSceneAssets/Prefabs/Interactables/Cylinder.prefab
  importAddress: Guid(2ed984a58a974166bf92c82a74380454) Importer(2089858483,e11c23a36db5f54750b8cd40eac0985b)
Start importing Assets/Samples/XR Interaction Toolkit/3.2.1/Starter Assets/DemoSceneAssets/Prefabs/Interactables/Cylinder.prefab using Guid(2ed984a58a974166bf92c82a74380454) Importer(2089858483,e11c23a36db5f54750b8cd40eac0985b) (ScriptedImporter) -> (Import Result ID: 'a1d50b17eb9c5f7434449cb3394ff9d2') in 0.033434 seconds [static and dynamic dependencies]. Details - ImportResultOutputID=cb9b03dd8359672f9bf8a5bd41b95dd0 DependenciesID=622baf18bc3dd96d4f014ccfa9359c56 StaticDependenciesID=6234ff2bf7cb332d7d9f7f0bbd759a3e 
Number of updated asset objects reloaded before import = 0Number of asset objects unloaded after import = 37

========================================================================
Received Import Request.
  Time since last request: 0.000028 seconds.
  path: Assets/HIVEMIND/CaveOfHiddenTomb/HDRP (Default)/Art/Assets/stalactite/C/Materials/MI_Stalacite_C.mat
  importAddress: Guid(32e90c67806f1954cb77e0456658440b) Importer(2089858483,b0f066a214c2f5e87bad3c948f4d605d)
Start importing Assets/HIVEMIND/CaveOfHiddenTomb/HDRP (Default)/Art/Assets/stalactite/C/Materials/MI_Stalacite_C.mat using Guid(32e90c67806f1954cb77e0456658440b) Importer(2089858483,b0f066a214c2f5e87bad3c948f4d605d) (ScriptedImporter) -> (Import Result ID: 'c0e59596b09c21ebaaba680f081c09bc') in 0.0075038 seconds [static and dynamic dependencies]. Details - ImportResultOutputID=53274a75dc35f0b9a69819102009efdd DependenciesID=1577a50b56cc2d0911718565974f8d17 StaticDependenciesID=645544dba8480cd8d1bc4e2227012083 
Number of updated asset objects reloaded before import = 0Number of asset objects unloaded after import = 1

========================================================================
Received Import Request.
  Time since last request: 0.000033 seconds.
  path: Assets/HIVEMIND/CaveOfHiddenTomb/HDRP (Default)/Art/Assets/StonePlate/H/SM_StonePlate_H.fbx
  importAddress: Guid(abc00000000002937256569923361613) Importer(2089858483,b0f066a214c2f5e87bad3c948f4d605d)
Start importing Assets/HIVEMIND/CaveOfHiddenTomb/HDRP (Default)/Art/Assets/StonePlate/H/SM_StonePlate_H.fbx using Guid(abc00000000002937256569923361613) Importer(2089858483,b0f066a214c2f5e87bad3c948f4d605d) (ScriptedImporter)MaterialLocation.External is obsolete. External Material Location is no longer supported. (Assets/HIVEMIND/CaveOfHiddenTomb/HDRP (Default)/Art/Assets/StonePlate/H/SM_StonePlate_H.fbx)
 -> (Import Result ID: 'a4d84986b90b62b52483147ea061557d') in 0.0294966 seconds [static and dynamic dependencies]. Details - ImportResultOutputID=d099ac12dda356ad4cfb8c49c6635aa8 DependenciesID=b9d0636040373d7d74bafa13bebe6836 StaticDependenciesID=57cbbf6c380370cb0773ef921edfa82f 
Number of updated asset objects reloaded before import = 0Number of asset objects unloaded after import = 37

========================================================================
Received Import Request.
  Time since last request: 0.000045 seconds.
  path: Assets/HIVEMIND/CaveOfHiddenTomb/HDRP (Default)/Art/Assets/StonePattern/StonePattern/Materials/MI_MineWall.mat
  importAddress: Guid(d2bfd435af08738448324ed14861c98b) Importer(2089858483,b0f066a214c2f5e87bad3c948f4d605d)
Start importing Assets/HIVEMIND/CaveOfHiddenTomb/HDRP (Default)/Art/Assets/StonePattern/StonePattern/Materials/MI_MineWall.mat using Guid(d2bfd435af08738448324ed14861c98b) Importer(2089858483,b0f066a214c2f5e87bad3c948f4d605d) (ScriptedImporter) -> (Import Result ID: 'd94ce1323952101cc4b0d6abd7aafbcb') in 0.0135561 seconds [static and dynamic dependencies]. Details - ImportResultOutputID=496d41fe2fd09394aae7acf5463ea7e1 DependenciesID=37d3010341ae387de4d86a37f4d4dd61 StaticDependenciesID=d2c885390d0a7c8f6e90ffcbb1cc6615 
Number of updated asset objects reloaded before import = 0Number of asset objects unloaded after import = 1

========================================================================
Received Import Request.
  Time since last request: 0.000028 seconds.
  path: Assets/HIVEMIND/CaveOfHiddenTomb/HDRP (Default)/Art/Assets/Stone/A/Materials/MI_Stone_A.mat
  importAddress: Guid(4e48b12b92c0566449a0dc616bd91b5f) Importer(2089858483,b0f066a214c2f5e87bad3c948f4d605d)
Start importing Assets/HIVEMIND/CaveOfHiddenTomb/HDRP (Default)/Art/Assets/Stone/A/Materials/MI_Stone_A.mat using Guid(4e48b12b92c0566449a0dc616bd91b5f) Importer(2089858483,b0f066a214c2f5e87bad3c948f4d605d) (ScriptedImporter) -> (Import Result ID: '85d7acad95ca437584b0579093ace518') in 0.0073617 seconds [static and dynamic dependencies]. Details - ImportResultOutputID=4c53021170fca8506b40ef0f2f223056 DependenciesID=b5c7bdf8a3ed42df3ed098c3ae4dae5b StaticDependenciesID=acbefeba9a08b050d38aa8e612b84c94 
Number of updated asset objects reloaded before import = 0Number of asset objects unloaded after import = 1

========================================================================
Received Import Request.
  Time since last request: 0.000025 seconds.
  path: Assets/HIVEMIND/CaveOfHiddenTomb/HDRP (Default)/Art/Assets/StonePlate/C/Materials/MI_StonePlate_C.mat
  importAddress: Guid(e32caff525ebc454f9a8299175bed202) Importer(2089858483,b0f066a214c2f5e87bad3c948f4d605d)
Start importing Assets/HIVEMIND/CaveOfHiddenTomb/HDRP (Default)/Art/Assets/StonePlate/C/Materials/MI_StonePlate_C.mat using Guid(e32caff525ebc454f9a8299175bed202) Importer(2089858483,b0f066a214c2f5e87bad3c948f4d605d) (ScriptedImporter) -> (Import Result ID: 'f82aeabb0c7077f567df7d52849cead7') in 0.0059841 seconds [static and dynamic dependencies]. Details - ImportResultOutputID=dc20b34e60444e6ee94063641466d5e6 DependenciesID=acc4cb3ec40fb8a9f84de7a658c8f212 StaticDependenciesID=3a6d5791c1ec4ae9b0795e699cef9ace 
Number of updated asset objects reloaded before import = 0Number of asset objects unloaded after import = 1

========================================================================
Received Import Request.
  Time since last request: 0.000027 seconds.
  path: Assets/HIVEMIND/CaveOfHiddenTomb/HDRP (Default)/Art/Assets/StonePlate/D/Materials/MI_StonePlate_D.mat
  importAddress: Guid(8cccc9bd5fb6fca45b1874b635c781ef) Importer(2089858483,b0f066a214c2f5e87bad3c948f4d605d)
Start importing Assets/HIVEMIND/CaveOfHiddenTomb/HDRP (Default)/Art/Assets/StonePlate/D/Materials/MI_StonePlate_D.mat using Guid(8cccc9bd5fb6fca45b1874b635c781ef) Importer(2089858483,b0f066a214c2f5e87bad3c948f4d605d) (ScriptedImporter) -> (Import Result ID: '2fb14ad6f1bc4481dd28e377f09f9a8a') in 0.0054118 seconds [static and dynamic dependencies]. Details - ImportResultOutputID=196b3d163ba457b40300b926258b581e DependenciesID=3afb06afb8946630cff4a0886d011470 StaticDependenciesID=3977865e962aa72b2699aba9cff5e376 
Number of updated asset objects reloaded before import = 0Number of asset objects unloaded after import = 1

========================================================================
Received Import Request.
  Time since last request: 0.000033 seconds.
  path: Assets/HIVEMIND/CaveOfHiddenTomb/HDRP (Default)/Art/Assets/Scanned_Foliage/Foliage/EagleFern/Meshes/SM_EagleFern_S_02.fbx
  importAddress: Guid(abc00000000010968874312411316132) Importer(2089858483,b0f066a214c2f5e87bad3c948f4d605d)
Start importing Assets/HIVEMIND/CaveOfHiddenTomb/HDRP (Default)/Art/Assets/Scanned_Foliage/Foliage/EagleFern/Meshes/SM_EagleFern_S_02.fbx using Guid(abc00000000010968874312411316132) Importer(2089858483,b0f066a214c2f5e87bad3c948f4d605d) (ScriptedImporter)MaterialLocation.External is obsolete. External Material Location is no longer supported. (Assets/HIVEMIND/CaveOfHiddenTomb/HDRP (Default)/Art/Assets/Scanned_Foliage/Foliage/EagleFern/Meshes/SM_EagleFern_S_02.fbx)
 -> (Import Result ID: '508ea6330eefb439fbfed139920611cb') in 0.0146318 seconds [static and dynamic dependencies]. Details - ImportResultOutputID=223e7d618193217b78f1e39bb8ee1aaf DependenciesID=b4debacbce700225fc81c70335abc30b StaticDependenciesID=c0aeb714680dfb131ce545bbab10ddbf 
Number of updated asset objects reloaded before import = 0Number of asset objects unloaded after import = 32

========================================================================
Received Import Request.
  Time since last request: 0.000028 seconds.
  path: Assets/HIVEMIND/CaveOfHiddenTomb/HDRP (Default)/Art/Assets/StonePlate/H/Materials/MI_StonePlate_H.mat
  importAddress: Guid(2222900610bb897468797a07c7d9dbb4) Importer(2089858483,b0f066a214c2f5e87bad3c948f4d605d)
Start importing Assets/HIVEMIND/CaveOfHiddenTomb/HDRP (Default)/Art/Assets/StonePlate/H/Materials/MI_StonePlate_H.mat using Guid(2222900610bb897468797a07c7d9dbb4) Importer(2089858483,b0f066a214c2f5e87bad3c948f4d605d) (ScriptedImporter) -> (Import Result ID: '27e07136f316fdb2fba6da78d7a2f425') in 0.0064575 seconds [static and dynamic dependencies]. Details - ImportResultOutputID=65989816a35f286f110b455152e87c9f DependenciesID=049e6fb209347ac729b216bd0ccbb4f7 StaticDependenciesID=186d69eb790a7d21f11dc2a677967eec 
Number of updated asset objects reloaded before import = 0Number of asset objects unloaded after import = 1

========================================================================
Received Import Request.
  Time since last request: 0.000027 seconds.
  path: Assets/HIVEMIND/CaveOfHiddenTomb/HDRP (Default)/Art/Assets/Scanned_Foliage/Foliage/EuropeanBeech/Materials/M_EuropeanBeech_Detail_01.mat
  importAddress: Guid(abc00000000000933830981474488139) Importer(2089858483,b0f066a214c2f5e87bad3c948f4d605d)
Start importing Assets/HIVEMIND/CaveOfHiddenTomb/HDRP (Default)/Art/Assets/Scanned_Foliage/Foliage/EuropeanBeech/Materials/M_EuropeanBeech_Detail_01.mat using Guid(abc00000000000933830981474488139) Importer(2089858483,b0f066a214c2f5e87bad3c948f4d605d) (ScriptedImporter) -> (Import Result ID: '2bc1bde9699af2a56d4a1783eb859621') in 0.0168694 seconds [static and dynamic dependencies]. Details - ImportResultOutputID=bb5dd309d6fdebdadfb599ae7f86111c DependenciesID=b6cd352413adfd94759d89d5b0c2c910 StaticDependenciesID=869d8c2d158be49a5a125664b8ba3f6e 
Number of updated asset objects reloaded before import = 0Number of asset objects unloaded after import = 9

========================================================================
Received Import Request.
  Time since last request: 0.000032 seconds.
  path: Assets/HIVEMIND/CaveOfHiddenTomb/HDRP (Default)/Art/Assets/Scanned_Foliage/Foliage/EuropeanBeech/Meshes/Materials/MI_EuropeanBeech_Atlas_01.mat
  importAddress: Guid(6cc3b3c18a7ed1a4da5c5f2b8e024284) Importer(2089858483,b0f066a214c2f5e87bad3c948f4d605d)
Start importing Assets/HIVEMIND/CaveOfHiddenTomb/HDRP (Default)/Art/Assets/Scanned_Foliage/Foliage/EuropeanBeech/Meshes/Materials/MI_EuropeanBeech_Atlas_01.mat using Guid(6cc3b3c18a7ed1a4da5c5f2b8e024284) Importer(2089858483,b0f066a214c2f5e87bad3c948f4d605d) (ScriptedImporter) -> (Import Result ID: '84a172224c024bb14d1c2ac80fc31a5c') in 0.0073076 seconds [static and dynamic dependencies]. Details - ImportResultOutputID=1769f09bbe5f3d1fb6fd14dc5f3707af DependenciesID=6ba38b88568b94277a59c47bb65504ae StaticDependenciesID=3e1ebea544c985283686181c7092917d 
Number of updated asset objects reloaded before import = 0Number of asset objects unloaded after import = 1

========================================================================
Received Import Request.
  Time since last request: 0.000039 seconds.
  path: Assets/HIVEMIND/CaveOfHiddenTomb/HDRP (Default)/Art/Assets/Scanned_Foliage/Foliage/Ivy/Meshes/SM_Ivy_C.fbx
  importAddress: Guid(abc00000000017701895482160927225) Importer(2089858483,b0f066a214c2f5e87bad3c948f4d605d)
Start importing Assets/HIVEMIND/CaveOfHiddenTomb/HDRP (Default)/Art/Assets/Scanned_Foliage/Foliage/Ivy/Meshes/SM_Ivy_C.fbx using Guid(abc00000000017701895482160927225) Importer(2089858483,b0f066a214c2f5e87bad3c948f4d605d) (ScriptedImporter)MaterialLocation.External is obsolete. External Material Location is no longer supported. (Assets/HIVEMIND/CaveOfHiddenTomb/HDRP (Default)/Art/Assets/Scanned_Foliage/Foliage/Ivy/Meshes/SM_Ivy_C.fbx)
 -> (Import Result ID: '1b064a767bb393fac513a1080079db2a') in 0.0158393 seconds [static and dynamic dependencies]. Details - ImportResultOutputID=878cbb86aabb157c897f66d9e06ab0b3 DependenciesID=e90c87a52a6662e064fc635712399819 StaticDependenciesID=55137f147e422a0615755d445d0fdab2 
Number of updated asset objects reloaded before import = 0Number of asset objects unloaded after import = 37

========================================================================
Received Import Request.
  Time since last request: 0.000023 seconds.
  path: Assets/HIVEMIND/CaveOfHiddenTomb/HDRP (Default)/Art/Assets/Scanned_Foliage/Foliage/EagleFern/Meshes/Materials/MI_EagleFern_Atlas_01.mat
  importAddress: Guid(26056263d36943245a92040a351b41de) Importer(2089858483,b0f066a214c2f5e87bad3c948f4d605d)
Start importing Assets/HIVEMIND/CaveOfHiddenTomb/HDRP (Default)/Art/Assets/Scanned_Foliage/Foliage/EagleFern/Meshes/Materials/MI_EagleFern_Atlas_01.mat using Guid(26056263d36943245a92040a351b41de) Importer(2089858483,b0f066a214c2f5e87bad3c948f4d605d) (ScriptedImporter) -> (Import Result ID: 'cfa8243f4a85828e3fdf0e02af7186a6') in 0.0069027 seconds [static and dynamic dependencies]. Details - ImportResultOutputID=40a762c31d59d21a2d46a0422fd2c8be DependenciesID=5bf1fa1226218e3b0fdf72febc42800c StaticDependenciesID=af78a86fea3d9a347414a8d71c6aa44a 
Number of updated asset objects reloaded before import = 0Number of asset objects unloaded after import = 1

========================================================================
Received Import Request.
  Time since last request: 0.000022 seconds.
  path: Assets/HIVEMIND/CaveOfHiddenTomb/HDRP (Default)/Art/Assets/Scanned_Foliage/Foliage/EuropeanBeech/Meshes/Materials/MI_EuropeanBeech_Bark_NW_01.mat
  importAddress: Guid(9a0d06c1da1a8fe479a1f1272ac5cb67) Importer(2089858483,b0f066a214c2f5e87bad3c948f4d605d)
Start importing Assets/HIVEMIND/CaveOfHiddenTomb/HDRP (Default)/Art/Assets/Scanned_Foliage/Foliage/EuropeanBeech/Meshes/Materials/MI_EuropeanBeech_Bark_NW_01.mat using Guid(9a0d06c1da1a8fe479a1f1272ac5cb67) Importer(2089858483,b0f066a214c2f5e87bad3c948f4d605d) (ScriptedImporter) -> (Import Result ID: '7bf0ecf7897bda5a1af918311aea6cc6') in 0.0066338 seconds [static and dynamic dependencies]. Details - ImportResultOutputID=084f9b914d110ed3c8ecf16e8e488107 DependenciesID=11801f2773b5c4b744ae4864ad149b8c StaticDependenciesID=e955808c6d34f1f7b65c44a0a825891c 
Number of updated asset objects reloaded before import = 0Number of asset objects unloaded after import = 1

========================================================================
Received Import Request.
  Time since last request: 0.000030 seconds.
  path: Assets/HIVEMIND/CaveOfHiddenTomb/HDRP (Default)/Art/Assets/Scanned_Foliage/Foliage/EuropeanBeech/Meshes/Materials/MI_EuropeanBeech_Detail_01.mat
  importAddress: Guid(2919eac6b5d29ad4db836655197b6002) Importer(2089858483,b0f066a214c2f5e87bad3c948f4d605d)
Start importing Assets/HIVEMIND/CaveOfHiddenTomb/HDRP (Default)/Art/Assets/Scanned_Foliage/Foliage/EuropeanBeech/Meshes/Materials/MI_EuropeanBeech_Detail_01.mat using Guid(2919eac6b5d29ad4db836655197b6002) Importer(2089858483,b0f066a214c2f5e87bad3c948f4d605d) (ScriptedImporter) -> (Import Result ID: '6854081bb9e6a519e73bdeea4b95fa02') in 0.0083904 seconds [static and dynamic dependencies]. Details - ImportResultOutputID=772e7f50ac5db868fb1732d8c695ffd6 DependenciesID=37f8d823f4445ae428438e5ab4ef43c8 StaticDependenciesID=8d9ce350f7bc9c7f8bd808928cb4de5c 
Number of updated asset objects reloaded before import = 0Number of asset objects unloaded after import = 1

========================================================================
Received Import Request.
  Time since last request: 0.000053 seconds.
  path: Assets/HIVEMIND/CaveOfHiddenTomb/HDRP (Default)/Art/Assets/Rock/A/M_Rock_A.mat
  importAddress: Guid(abc00000000007072424565883807951) Importer(2089858483,b0f066a214c2f5e87bad3c948f4d605d)
Start importing Assets/HIVEMIND/CaveOfHiddenTomb/HDRP (Default)/Art/Assets/Rock/A/M_Rock_A.mat using Guid(abc00000000007072424565883807951) Importer(2089858483,b0f066a214c2f5e87bad3c948f4d605d) (ScriptedImporter) -> (Import Result ID: 'c6697ed079b3170c52e7ee6ef9936a4f') in 0.0182829 seconds [static and dynamic dependencies]. Details - ImportResultOutputID=4da112e07f5eb2d51507f1941d009f0a DependenciesID=f252da26401634c20b935ad0cec9b799 StaticDependenciesID=30eb80ae32edc6a56626ec9314739ad9 
Number of updated asset objects reloaded before import = 0Number of asset objects unloaded after import = 11

========================================================================
Received Import Request.
  Time since last request: 0.000034 seconds.
  path: Assets/HIVEMIND/CaveOfHiddenTomb/HDRP (Default)/Art/Prefabs/SM_Boulder_B.prefab
  importAddress: Guid(abc00000000014621462514801664999) Importer(2089858483,e11c23a36db5f54750b8cd40eac0985b)
Start importing Assets/HIVEMIND/CaveOfHiddenTomb/HDRP (Default)/Art/Prefabs/SM_Boulder_B.prefab using Guid(abc00000000014621462514801664999) Importer(2089858483,e11c23a36db5f54750b8cd40eac0985b) (ScriptedImporter) -> (Import Result ID: '00404b8467083a4ea0845cbc889dd24e') in 0.0249205 seconds [static and dynamic dependencies]. Details - ImportResultOutputID=2ca69f08b9aa3825b97d5904477fd563 DependenciesID=95797dc2ccd6635be25c2cb27fbc0215 StaticDependenciesID=28cf7d9d9176347a0043a673ec6e68a2 
Number of updated asset objects reloaded before import = 0Number of asset objects unloaded after import = 33

========================================================================
Received Import Request.
  Time since last request: 0.000029 seconds.
  path: Assets/HIVEMIND/CaveOfHiddenTomb/HDRP (Default)/Art/Assets/stalactite/E/M_Stalacite_E.mat
  importAddress: Guid(abc00000000009416100869348883680) Importer(2089858483,b0f066a214c2f5e87bad3c948f4d605d)
Start importing Assets/HIVEMIND/CaveOfHiddenTomb/HDRP (Default)/Art/Assets/stalactite/E/M_Stalacite_E.mat using Guid(abc00000000009416100869348883680) Importer(2089858483,b0f066a214c2f5e87bad3c948f4d605d) (ScriptedImporter) -> (Import Result ID: 'f7ef7ff1ad4f4663370327c517bf045e') in 0.0233866 seconds [static and dynamic dependencies]. Details - ImportResultOutputID=5349ad8407aa75368d1a71d617a5d289 DependenciesID=5d3464c147dc8a4eff7a0c5f464a9635 StaticDependenciesID=8629ea293a559d616207c4a3492b391d 
Number of updated asset objects reloaded before import = 0Number of asset objects unloaded after import = 11

========================================================================
Received Import Request.
  Time since last request: 0.000034 seconds.
  path: Assets/Samples/XR Interaction Toolkit/3.2.1/Starter Assets/Presets/XRI Default Continuous Move.preset
  importAddress: Guid(27c5945ad36f6f147bc402250679a228) Importer(2089858483,b0f066a214c2f5e87bad3c948f4d605d)
Start importing Assets/Samples/XR Interaction Toolkit/3.2.1/Starter Assets/Presets/XRI Default Continuous Move.preset using Guid(27c5945ad36f6f147bc402250679a228) Importer(2089858483,b0f066a214c2f5e87bad3c948f4d605d) (ScriptedImporter) -> (Import Result ID: 'f82565aff05b349658c7cf7e5aedbeb8') in 0.0076419 seconds [static and dynamic dependencies]. Details - ImportResultOutputID=9473d287c083b21a59c7936305f970f1 DependenciesID=b3f3abb2637c720c52419230c9882940 StaticDependenciesID=9eb36730371670f8ccef8856c526b6bc 
Number of updated asset objects reloaded before import = 0Number of asset objects unloaded after import = 4

========================================================================
Received Import Request.
  Time since last request: 0.000043 seconds.
  path: Assets/HIVEMIND/CaveOfHiddenTomb/HDRP (Default)/Art/Assets/Scanned_Foliage/Foliage/EuropeanBeech/Meshes/SM_EuropeanBeech_XL_01.fbx
  importAddress: Guid(abc00000000018135902099549504814) Importer(2089858483,b0f066a214c2f5e87bad3c948f4d605d)
Start importing Assets/HIVEMIND/CaveOfHiddenTomb/HDRP (Default)/Art/Assets/Scanned_Foliage/Foliage/EuropeanBeech/Meshes/SM_EuropeanBeech_XL_01.fbx using Guid(abc00000000018135902099549504814) Importer(2089858483,b0f066a214c2f5e87bad3c948f4d605d) (ScriptedImporter)MaterialLocation.External is obsolete. External Material Location is no longer supported. (Assets/HIVEMIND/CaveOfHiddenTomb/HDRP (Default)/Art/Assets/Scanned_Foliage/Foliage/EuropeanBeech/Meshes/SM_EuropeanBeech_XL_01.fbx)
 -> (Import Result ID: '9e9e3ee60d99e06672b02cb7777fdc49') in 0.0212986 seconds [static and dynamic dependencies]. Details - ImportResultOutputID=ea5fdfac30020e8f176b63677df5ad64 DependenciesID=0aa0229bce64615a384ecb0ace9245c6 StaticDependenciesID=40db3203407496720ab941b5d292c743 
Number of updated asset objects reloaded before import = 0Number of asset objects unloaded after import = 34

========================================================================
Received Import Request.
  Time since last request: 0.000031 seconds.
  path: Assets/Samples/XR Interaction Toolkit/3.2.1/Starter Assets/StarterAssets.asmdef
  importAddress: Guid(8f07e33567e0ee542b40769c456c6b53) Importer(2089858483,b0f066a214c2f5e87bad3c948f4d605d)
Start importing Assets/Samples/XR Interaction Toolkit/3.2.1/Starter Assets/StarterAssets.asmdef using Guid(8f07e33567e0ee542b40769c456c6b53) Importer(2089858483,b0f066a214c2f5e87bad3c948f4d605d) (ScriptedImporter) -> (Import Result ID: '7dc76742dda46bdf8df9ddeafeb2df0a') in 0.0049028 seconds [static and dynamic dependencies]. Details - ImportResultOutputID=d983f51994523b1bd6f2c4ffeceebcc4 DependenciesID=f04f56683855d1eb58d111ce51807319 StaticDependenciesID=aa3a02eb41f185191ef5c72ea3ef34e6 
Number of updated asset objects reloaded before import = 0Number of asset objects unloaded after import = 1

========================================================================
Received Import Request.
  Time since last request: 0.000043 seconds.
  path: Assets/HIVEMIND/CaveOfHiddenTomb/HDRP (Default)/Art/AllTextures1K/T_Boulder_BC.png
  importAddress: Guid(abc00000000002125955864041798498) Importer(2089858483,b0f066a214c2f5e87bad3c948f4d605d)
Start importing Assets/HIVEMIND/CaveOfHiddenTomb/HDRP (Default)/Art/AllTextures1K/T_Boulder_BC.png using Guid(abc00000000002125955864041798498) Importer(2089858483,b0f066a214c2f5e87bad3c948f4d605d) (ScriptedImporter) -> (Import Result ID: '2d6b49997a35e963ae3bd8b559ec85ec') in 0.0099834 seconds [static and dynamic dependencies]. Details - ImportResultOutputID=11e3b70b4e78fb35c8a0170b0f1b750c DependenciesID=0e032080a9aa4dd05491a69fa7f0d784 StaticDependenciesID=7bd824f4e721da6a40455504c3c4b671 
Number of updated asset objects reloaded before import = 0Number of asset objects unloaded after import = 1

========================================================================
Received Import Request.
  Time since last request: 0.000030 seconds.
  path: Assets/TripoModels/xiugai1/shengxiang2/Materials/tripo_image_ffc4070a-147f-4d26-aeaf-1f4bcdc22767_0_0.mat
  importAddress: Guid(818a724f9a901cb4e96f9cf0360c55aa) Importer(2089858483,b0f066a214c2f5e87bad3c948f4d605d)
Start importing Assets/TripoModels/xiugai1/shengxiang2/Materials/tripo_image_ffc4070a-147f-4d26-aeaf-1f4bcdc22767_0_0.mat using Guid(818a724f9a901cb4e96f9cf0360c55aa) Importer(2089858483,b0f066a214c2f5e87bad3c948f4d605d) (ScriptedImporter) -> (Import Result ID: 'cf3d20546f15ea55ea5df2d479d718be') in 0.0166472 seconds [static and dynamic dependencies]. Details - ImportResultOutputID=bbf060cebc1a5493010a1eb84c4e4bf5 DependenciesID=853f75656f59ef21cc2e7d6623c6ec12 StaticDependenciesID=d449c0246c650675ce13f8e4298e3344 
Number of updated asset objects reloaded before import = 0Number of asset objects unloaded after import = 9

========================================================================
Received Import Request.
  Time since last request: 0.000041 seconds.
  path: Assets/BefourStudios/AsianDynastyEnvironment/Art/Textures/T_TreeBark_Normal.png
  importAddress: Guid(abc00000000008435835078370501336) Importer(2089858483,b0f066a214c2f5e87bad3c948f4d605d)
Start importing Assets/BefourStudios/AsianDynastyEnvironment/Art/Textures/T_TreeBark_Normal.png using Guid(abc00000000008435835078370501336) Importer(2089858483,b0f066a214c2f5e87bad3c948f4d605d) (ScriptedImporter) -> (Import Result ID: '80b3f21e9596d2cd9648f15d3279a3fc') in 0.0120187 seconds [static and dynamic dependencies]. Details - ImportResultOutputID=79a2526db3a01a7de93453cafcd51ed5 DependenciesID=dd673a7a0a0411a6a3d7b28d0474703e StaticDependenciesID=60706e99eefa652fd382278fb8b58c27 
Number of updated asset objects reloaded before import = 0Number of asset objects unloaded after import = 1

========================================================================
Received Import Request.
  Time since last request: 0.000026 seconds.
  path: Assets/SunboxGames/ModularDungeonCaves/Textures/DungeonProps05/DungeonProps05_Normal.png
  importAddress: Guid(24c7d88b0fd8f794f9ada4416824556d) Importer(2089858483,b0f066a214c2f5e87bad3c948f4d605d)
Start importing Assets/SunboxGames/ModularDungeonCaves/Textures/DungeonProps05/DungeonProps05_Normal.png using Guid(24c7d88b0fd8f794f9ada4416824556d) Importer(2089858483,b0f066a214c2f5e87bad3c948f4d605d) (ScriptedImporter) -> (Import Result ID: 'b08d01d979c380c225a9d01cab40fff4') in 0.0385026 seconds [static and dynamic dependencies]. Details - ImportResultOutputID=1dada7fad417bfd042b7978061e255a9 DependenciesID=8efaca62a52c4e5276e58c8a797ae1ad StaticDependenciesID=5e76c8eb24898c0e58c701542adb9e10 
Number of updated asset objects reloaded before import = 0Number of asset objects unloaded after import = 1

========================================================================
Received Import Request.
  Time since last request: 0.000023 seconds.
  path: Assets/HIVEMIND/CaveOfHiddenTomb/HDRP (Default)/Art/AllTextures1K/T_TempleStoneGround_Albedo.png
  importAddress: Guid(abc00000000016478012287979876196) Importer(2089858483,b0f066a214c2f5e87bad3c948f4d605d)
Start importing Assets/HIVEMIND/CaveOfHiddenTomb/HDRP (Default)/Art/AllTextures1K/T_TempleStoneGround_Albedo.png using Guid(abc00000000016478012287979876196) Importer(2089858483,b0f066a214c2f5e87bad3c948f4d605d) (ScriptedImporter) -> (Import Result ID: '976721dd956d168f06c01939a9becd43') in 0.0144253 seconds [static and dynamic dependencies]. Details - ImportResultOutputID=281468f4609022e2c739a286da73217b DependenciesID=be04a58d7dd00859cecf605d2cee90c5 StaticDependenciesID=c49b1bf5d2e3cb971a521c88569a1ccb 
Number of updated asset objects reloaded before import = 0Number of asset objects unloaded after import = 1

========================================================================
Received Import Request.
  Time since last request: 0.000028 seconds.
  path: Assets/audio 1/tomb/Character/4/独白9（1）.wav
  importAddress: Guid(26f9a619ed65ed145acce7c656027bcc) Importer(2089858483,b0f066a214c2f5e87bad3c948f4d605d)
Start importing Assets/audio 1/tomb/Character/4/独白9（1）.wav using Guid(26f9a619ed65ed145acce7c656027bcc) Importer(2089858483,b0f066a214c2f5e87bad3c948f4d605d) (ScriptedImporter) -> (Import Result ID: '9845fe0de6028e02b0215da67d615506') in 0.0063717 seconds [static and dynamic dependencies]. Details - ImportResultOutputID=b9a59edac5d381a81ef59e6e53eefd68 DependenciesID=b848d5e28a7ae18faab93ff572b98b9b StaticDependenciesID=32cca351f05cd8170040cbe9a95799f8 
Number of updated asset objects reloaded before import = 0Number of asset objects unloaded after import = 1

========================================================================
Received Import Request.
  Time since last request: 0.000043 seconds.
  path: Assets/fog/Demo Assets/INab Studio/Scripts/Highlighters/CameraManager.cs
  importAddress: Guid(71f20312f3223b54780a73928fb64c11) Importer(2089858483,b0f066a214c2f5e87bad3c948f4d605d)
Start importing Assets/fog/Demo Assets/INab Studio/Scripts/Highlighters/CameraManager.cs using Guid(71f20312f3223b54780a73928fb64c11) Importer(2089858483,b0f066a214c2f5e87bad3c948f4d605d) (ScriptedImporter) -> (Import Result ID: 'b3d23d63f7cfdf76e7aa6e6376e12cc2') in 0.0047093 seconds [static and dynamic dependencies]. Details - ImportResultOutputID=bf32171c36c41184fd2db84754584ca9 DependenciesID=1252c30b1e3a7454797ce8794960ef74 StaticDependenciesID=1c11fb90de77abbe96c852743de7cebb 
Number of updated asset objects reloaded before import = 0Number of asset objects unloaded after import = 0

========================================================================
Received Import Request.
  Time since last request: 0.000025 seconds.
  path: Assets/HIVEMIND/CaveOfHiddenTomb/HDRP (Default)/Art/AllTextures1K/T_Mud_BC.png
  importAddress: Guid(abc00000000006340101680907485059) Importer(2089858483,b0f066a214c2f5e87bad3c948f4d605d)
Start importing Assets/HIVEMIND/CaveOfHiddenTomb/HDRP (Default)/Art/AllTextures1K/T_Mud_BC.png using Guid(abc00000000006340101680907485059) Importer(2089858483,b0f066a214c2f5e87bad3c948f4d605d) (ScriptedImporter) -> (Import Result ID: 'ef6cc062483c612cc67973854d0d50d8') in 0.0092136 seconds [static and dynamic dependencies]. Details - ImportResultOutputID=9979a690363c8d22671aa3a885b6f33b DependenciesID=f851011a0e76c435557fa9d88dd48b8c StaticDependenciesID=8a0fc56d5754a5a137134ceb416676f0 
Number of updated asset objects reloaded before import = 0Number of asset objects unloaded after import = 1

========================================================================
Received Import Request.
  Time since last request: 0.000019 seconds.
  path: Assets/TripoModels/xiugai1/shengxiang2/bodhisattva_statue_3d_model_1.fbm/bodhisattva_statue_3d_model_metallic_Smoothness.png
  importAddress: Guid(c773224c57525264ca71aaf92b54fc37) Importer(2089858483,b0f066a214c2f5e87bad3c948f4d605d)
Start importing Assets/TripoModels/xiugai1/shengxiang2/bodhisattva_statue_3d_model_1.fbm/bodhisattva_statue_3d_model_metallic_Smoothness.png using Guid(c773224c57525264ca71aaf92b54fc37) Importer(2089858483,b0f066a214c2f5e87bad3c948f4d605d) (ScriptedImporter) -> (Import Result ID: 'c575f8d0307bb0f31e38e529276bc6b1') in 0.0099886 seconds [static and dynamic dependencies]. Details - ImportResultOutputID=0400a48b793e38ac78dba405f95a6d7b DependenciesID=ad0030d23be403b82004a057f02df74f StaticDependenciesID=5f257acb39845988336445b38f70e261 
Number of updated asset objects reloaded before import = 0Number of asset objects unloaded after import = 1

========================================================================
Received Import Request.
  Time since last request: 0.000024 seconds.
  path: Assets/HIVEMIND/CaveOfHiddenTomb/HDRP (Default)/Art/Prefabs/SM_EuropeanBeech_L_02.prefab
  importAddress: Guid(abc00000000017518264023766144327) Importer(2089858483,e11c23a36db5f54750b8cd40eac0985b)
Start importing Assets/HIVEMIND/CaveOfHiddenTomb/HDRP (Default)/Art/Prefabs/SM_EuropeanBeech_L_02.prefab using Guid(abc00000000017518264023766144327) Importer(2089858483,e11c23a36db5f54750b8cd40eac0985b) (ScriptedImporter) -> (Import Result ID: '6853001853f4e5024e69d6224e7dc7e2') in 0.0394158 seconds [static and dynamic dependencies]. Details - ImportResultOutputID=f6742f6668bc0e2dd4e0a46d50f7dd8c DependenciesID=5456d668660ab8cd0f00f1caf24ca771 StaticDependenciesID=95d093f8297bd930cb6d7885a44f6882 
Number of updated asset objects reloaded before import = 0Number of asset objects unloaded after import = 43

========================================================================
Received Import Request.
  Time since last request: 0.000026 seconds.
  path: Assets/XR/Animated Hands/Animations/l_hand_pinch_anim.fbx
  importAddress: Guid(a91ff20f7450bf446a6bf0bfb5e932ae) Importer(2089858483,b0f066a214c2f5e87bad3c948f4d605d)
Start importing Assets/XR/Animated Hands/Animations/l_hand_pinch_anim.fbx using Guid(a91ff20f7450bf446a6bf0bfb5e932ae) Importer(2089858483,b0f066a214c2f5e87bad3c948f4d605d) (ScriptedImporter) -> (Import Result ID: '283aba727e5700f65623a628a09b9ef0') in 0.0116691 seconds [static and dynamic dependencies]. Details - ImportResultOutputID=79fd83de2d91c220f979ebc2c7e4c089 DependenciesID=dcb79d89546d2460e6f74447dc7deb22 StaticDependenciesID=2b6be6defca979be2acce256c61f0a1b 
Number of updated asset objects reloaded before import = 0Number of asset objects unloaded after import = 57

========================================================================
Received Import Request.
  Time since last request: 0.000037 seconds.
  path: Assets/TripoModels/xiugai1/stone_fire_pit_3d_model/stone_fire_pit_3d_model.fbm/stone_fire_pit_3d_model_metallic_Smoothness.png
  importAddress: Guid(55ca122c45131634da62708d4b84ea07) Importer(2089858483,b0f066a214c2f5e87bad3c948f4d605d)
Start importing Assets/TripoModels/xiugai1/stone_fire_pit_3d_model/stone_fire_pit_3d_model.fbm/stone_fire_pit_3d_model_metallic_Smoothness.png using Guid(55ca122c45131634da62708d4b84ea07) Importer(2089858483,b0f066a214c2f5e87bad3c948f4d605d) (ScriptedImporter) -> (Import Result ID: 'ba502d2e3961f407c191a4f85018dd24') in 0.0116382 seconds [static and dynamic dependencies]. Details - ImportResultOutputID=63788be94b46f94186cc34ee70f172bb DependenciesID=3dcce0c37a0fdea805ee89fdfbb8ae20 StaticDependenciesID=baae850434d9136e033e46bb56ae59d3 
Number of updated asset objects reloaded before import = 0Number of asset objects unloaded after import = 1

========================================================================
Received Import Request.
  Time since last request: 0.000023 seconds.
  path: Assets/SunboxGames/ModularDungeonCaves/Textures/LogStairs_01/LogStairs_01_paint_LogStairs_01_AlbedoTransparency.png
  importAddress: Guid(ed36e8b7df0a1a94fa13ebf693facea5) Importer(2089858483,b0f066a214c2f5e87bad3c948f4d605d)
Start importing Assets/SunboxGames/ModularDungeonCaves/Textures/LogStairs_01/LogStairs_01_paint_LogStairs_01_AlbedoTransparency.png using Guid(ed36e8b7df0a1a94fa13ebf693facea5) Importer(2089858483,b0f066a214c2f5e87bad3c948f4d605d) (ScriptedImporter) -> (Import Result ID: '6791163a7f52293109b52285d9edee75') in 0.0158387 seconds [static and dynamic dependencies]. Details - ImportResultOutputID=31becb180d091d51dbb642cc6fc300f0 DependenciesID=68981c3c6aecbb119ad2e21376455c64 StaticDependenciesID=30095506a57405cb37f2aeeca411c279 
Number of updated asset objects reloaded before import = 0Number of asset objects unloaded after import = 1

========================================================================
Received Import Request.
  Time since last request: 0.000023 seconds.
  path: Assets/HIVEMIND/CaveOfHiddenTomb/HDRP (Default)/Art/AllTextures1K/T_MI_FireWood_BC.png
  importAddress: Guid(abc00000000000551414953042338107) Importer(2089858483,b0f066a214c2f5e87bad3c948f4d605d)
Start importing Assets/HIVEMIND/CaveOfHiddenTomb/HDRP (Default)/Art/AllTextures1K/T_MI_FireWood_BC.png using Guid(abc00000000000551414953042338107) Importer(2089858483,b0f066a214c2f5e87bad3c948f4d605d) (ScriptedImporter) -> (Import Result ID: '6ce317c2e7a48a4e5e85b7992f5bda54') in 0.0094959 seconds [static and dynamic dependencies]. Details - ImportResultOutputID=b1972724cf5d5ae02210e46be0adfecd DependenciesID=8200cda1cd9399659bf1662e7b234858 StaticDependenciesID=d75446766db76f5615a0167e766439ba 
Number of updated asset objects reloaded before import = 0Number of asset objects unloaded after import = 1

========================================================================
Received Import Request.
  Time since last request: 0.000022 seconds.
  path: Assets/TripoModels/pregnant_goddess_statue_3d_model/pregnant_goddess_statue_3d_model.fbm/pregnant_goddess_statue_3d_model_normal.JPEG
  importAddress: Guid(2d3b7d9da63141145a9aab87a425c0c2) Importer(2089858483,b0f066a214c2f5e87bad3c948f4d605d)
Start importing Assets/TripoModels/pregnant_goddess_statue_3d_model/pregnant_goddess_statue_3d_model.fbm/pregnant_goddess_statue_3d_model_normal.JPEG using Guid(2d3b7d9da63141145a9aab87a425c0c2) Importer(2089858483,b0f066a214c2f5e87bad3c948f4d605d) (ScriptedImporter) -> (Import Result ID: '9497b0ca91f3b44f5194edb4d2e0cc49') in 0.0144303 seconds [static and dynamic dependencies]. Details - ImportResultOutputID=004b1e7e5a7f58ff18712a4eff24f4ad DependenciesID=d165fbee46dce24ee291ca2539384aac StaticDependenciesID=be40557bf12cf6b138fc5760412462ed 
Number of updated asset objects reloaded before import = 0Number of asset objects unloaded after import = 1

========================================================================
Received Import Request.
  Time since last request: 0.000045 seconds.
  path: Assets/TripoModels/stone_fire_pit_3d_model/stone_fire_pit_3d_model.fbm/stone_fire_pit_3d_model_roughness.JPEG
  importAddress: Guid(9086c69239653b74aa4e26af7e35e594) Importer(2089858483,b0f066a214c2f5e87bad3c948f4d605d)
Start importing Assets/TripoModels/stone_fire_pit_3d_model/stone_fire_pit_3d_model.fbm/stone_fire_pit_3d_model_roughness.JPEG using Guid(9086c69239653b74aa4e26af7e35e594) Importer(2089858483,b0f066a214c2f5e87bad3c948f4d605d) (ScriptedImporter) -> (Import Result ID: '707c9fc5caf2dd3e16d1b929cf6823ce') in 0.0113076 seconds [static and dynamic dependencies]. Details - ImportResultOutputID=4a6a53d51eeb052543369a729d068663 DependenciesID=fbfa3ebd0a39ae8b6f7ffa7883a086d4 StaticDependenciesID=a6a35394742d702a0f9f4fe767cd7dd3 
Number of updated asset objects reloaded before import = 0Number of asset objects unloaded after import = 1

========================================================================
Received Import Request.
  Time since last request: 0.000026 seconds.
  path: Assets/SunboxGames/ModularDungeonCaves/Textures/DungeonProps02/DungeonProps02_AO.png
  importAddress: Guid(d01a5fdeef9d7b845b87e211ab31ca1c) Importer(2089858483,b0f066a214c2f5e87bad3c948f4d605d)
Start importing Assets/SunboxGames/ModularDungeonCaves/Textures/DungeonProps02/DungeonProps02_AO.png using Guid(d01a5fdeef9d7b845b87e211ab31ca1c) Importer(2089858483,b0f066a214c2f5e87bad3c948f4d605d) (ScriptedImporter) -> (Import Result ID: '607b46a481d0fa028f9506ecf3799a8c') in 0.0327834 seconds [static and dynamic dependencies]. Details - ImportResultOutputID=09f7b19d6e18f654fd17b14af0343cf6 DependenciesID=37193387073832fe75d8881b100bb8f3 StaticDependenciesID=38aa709c7e6a3fab22b63c940e766ea7 
Number of updated asset objects reloaded before import = 0Number of asset objects unloaded after import = 1

Editor requested this worker to shutdown with reason: Scaling down because of idle timeout
AssetImportWorker is now disconnected from the server
Process exiting
Exiting without the bug reporter. Application will terminate with return code 0