[Licensing::Module] Trying to connect to existing licensing client channel...
Built from '6000.4/staging' branch; Version is '6000.4.6f1 (0b051c2e5d54) revision 722204'; Using compiler version '194234433'; Build Type 'Release'
[Licensing::IpcConnector] Successfully connected to: "LicenseClient-15490" at "2026-08-02T21:54:29.0934448Z"
OS: 'Windows 11  (10.0.26200) CoreCountrySpecific' Language: 'zh' Physical Memory: 32212 MB
BatchMode: 1, IsHumanControllingUs: 0, StartBugReporterOnCrash: 0, Is64bit: 1
System  architecture: x64
Process architecture: x64
Date: 2026-08-02T21:54:29Z

COMMAND LINE ARGUMENTS:
D:\unity\Editor\Unity.exe
-adb2
-batchMode
-noUpm
-name
AssetImportWorker2
-projectPath
D:/Yin
-logFile
Logs/AssetImportWorker2.log
-srvPort
2613
-licensingIpc
LicenseClient-15490
-force-d3d12
-job-worker-count
11
-background-job-worker-count
8
-gc-helper-count
1
-name
AssetImport
Successfully changed project path to: D:/Yin
D:/Yin
[UnityMemory] Configuration Parameters - Can be set up in boot.config
    "memorysetup-temp-allocator-size-gi-baking-worker=262144"
    "memorysetup-temp-allocator-size-gi-baking-worker=262144"
    "memorysetup-temp-allocator-size-gi-baking-worker=262144"
    "memorysetup-temp-allocator-size-gi-baking-worker=262144"
    "memorysetup-temp-allocator-size-gi-baking-worker=262144"
    "memorysetup-temp-allocator-size-nav-mesh-worker=65536"
    "memorysetup-temp-allocator-size-audio-worker=65536"
    "memorysetup-temp-allocator-size-cloud-worker=32768"
    "memorysetup-temp-allocator-size-gfx=262144"
    "memorysetup-temp-allocator-size-preload-manager=33554432"
    "memorysetup-temp-allocator-size-job-worker=262144"
    "memorysetup-temp-allocator-size-background-worker=32768"
    "memorysetup-allocator-temp-initial-block-size-main=262144"
    "memorysetup-allocator-temp-initial-block-size-worker=262144"
    "memorysetup-bucket-allocator-granularity=16"
    "memorysetup-bucket-allocator-bucket-count=8"
    "memorysetup-bucket-allocator-block-size=33554432"
    "memorysetup-bucket-allocator-block-count=8"
    "memorysetup-main-allocator-block-size=16777216"
    "memorysetup-thread-allocator-block-size=16777216"
    "memorysetup-gfx-main-allocator-block-size=16777216"
    "memorysetup-gfx-thread-allocator-block-size=16777216"
    "memorysetup-cache-allocator-block-size=4194304"
    "memorysetup-typetree-allocator-block-size=2097152"
    "memorysetup-profiler-bucket-allocator-granularity=16"
    "memorysetup-profiler-bucket-allocator-bucket-count=8"
    "memorysetup-profiler-bucket-allocator-block-size=33554432"
    "memorysetup-profiler-bucket-allocator-block-count=8"
    "memorysetup-profiler-allocator-block-size=16777216"
    "memorysetup-profiler-editor-allocator-block-size=1048576"
    "memorysetup-temp-allocator-size-main=16777216"
    "memorysetup-job-temp-allocator-block-size=2097152"
    "memorysetup-job-temp-allocator-block-size-background=1048576"
    "memorysetup-job-temp-allocator-reduction-small-platforms=262144"
Player connection [36816]  Target information:

Player connection [36816]  * "[IP] 192.168.1.112 [Port] 0 [Flags] 2 [Guid] 948083642 [EditorId] 948083642 [Version] 1048832 [Id] WindowsEditor(7,9daY) [Debug] 1 [PackageName] WindowsEditor [ProjectName] Editor" 

Player connection [36816] Host joined multi-casting on [225.0.0.222:54997]...
Player connection [36816] Host joined alternative multi-casting on [225.0.0.222:34997]...
JobSystem: Creating JobQueue using job-worker-count value 11
Input System module state changed to: Initialized.
[Physics::Module] Initialized fallback backend.
[Physics::Module] Id: 0xdecafbad
Library Redirect Path: Library/
[Physics::Module] Selected backend.
[Physics::Module] Name: PhysX
[Physics::Module] Id: 0xf2b8ea05
[Physics::Module] SDK Version: 4.1.2
[Physics::Module] Integration Version: 1.0.0
[Physics::Module] Threading Mode: Multi-Threaded
Refreshing native plugins compatible for Editor in 24.94 ms, found 10 plugins.
Initialize engine version: 6000.4.6f1 (0b051c2e5d54)
[Subsystems] Discovering subsystems at path D:/unity/Editor/Data/Resources/UnitySubsystems
[Subsystems] Discovering subsystems at path D:/Yin/Assets
Forcing GfxDevice: Direct3D 12
GfxDevice: creating device client; kGfxThreadingModeNonThreaded
d3d12: failed to query info queue interface (0x80004002).
Direct3D:
    Version:         Direct3D 12 [level 12.2]
    Renderer:        NVIDIA GeForce RTX 5070 Laptop GPU (ID=0x2d58)
    Vendor:          NVIDIA
    VRAM:            7891 MB
    App VRAM Budget: 7123 MB
    Driver:          32.0.15.9608
Initialize mono
Mono path[0] = 'D:/unity/Editor/Data/Managed'
Mono path[1] = 'D:/unity/Editor/Data/MonoBleedingEdge/lib/mono/unityjit-win32'
Mono config path = 'D:/unity/Editor/Data/MonoBleedingEdge/etc'
Using monoOptions --debugger-agent=transport=dt_socket,embedding=1,server=y,suspend=n,address=127.0.0.1:56668
CodeReloadManager initialized
Begin MonoManager ReloadAssembly
Registering precompiled unity dll's ...
Register platform support module: D:/unity/Editor/Data/PlaybackEngines/WindowsStandaloneSupport/UnityEditor.WindowsStandalone.Extensions.dll
Registered in 0.001331 seconds.
Native extension for WindowsStandalone target not found
Package Manager log level set to [2]
[Package Manager] Failed to launch server process. Reason: Unity was launched with the -noUpm command-line argument
[Package Manager] Unable to send message (not connected to server process).
[Package Manager] Cannot connect to Unity Package Manager local server
ScheduleIndexationOnStartup MainProcess:False IndexOnStartup:True
Mono: successfully reloaded assembly
[Licensing::Client] Error: HandshakeResponse reported an error:
	ResponseCode: 505
	ResponseStatus: Unsupported protocol version '1.18.1'.
[Licensing::Module] Error: Failed to handshake to channel: "LicenseClient-15490"
[Licensing::IpcConnector] LicenseClient-15490 channel disconnected successfully.
[Licensing::IpcConnector] Successfully connected to: "LicenseClient-15490-6000.4.6" at "2026-08-02T21:54:31.0594476Z"
- Finished resetting the current domain, in  0.383 seconds
Domain Reload Profiling: 869ms
	BeginReloadAssembly (152ms)
	RebuildCommonClasses (39ms)
	RebuildNativeTypeToScriptingClass (16ms)
	initialDomainReloadingComplete (65ms)
	LoadAllAssembliesAndSetupDomain (212ms)
		LoadAssemblies (150ms)
		AnalyzeDomain (203ms)
			TypeCache.Refresh (202ms)
				TypeCache.ScanAssembly (187ms)
	FinalizeReload (384ms)
		SetupLoadedEditorAssemblies (0ms)
			InitializePlatformSupportModulesInManaged (41ms)
			BeforeProcessingInitializeOnLoad (73ms)
			ProcessInitializeOnLoadAttributes (107ms)
			ProcessInitializeOnLoadMethodAttributes (88ms)
[Licensing::Client] Code 10 while verifying Licensing Client signature (process Id: 36380, path: "D:/unity/Editor/Data/Resources/Licensing/Client/Unity.Licensing.Client.exe")
[Licensing::Module] LicensingClient has failed validation; ignoring
[Licensing::Client] Handshaking with LicensingClient:
  Version:                 1.18.1+9fbee8e
  Session Id:              c4da411b6ce844cc9fc63459d66b9bcd
  Correlation Id:          8f132c48ba833a145d04de9bbedf03ed
  External correlation Id: 5828932755631760409
  Machine Id:              DJWBFtPZt+einrVuex0hynKXsRc=
[Licensing::Module] Successfully connected to LicensingClient on channel: "LicenseClient-15490-6000.4.6" (connect: 0.00s, validation: 0.00s, handshake: 0.01s)
[Licensing::IpcConnector] Successfully connected to: "LicenseClient-15490-6000.4.6-notifications" at "2026-08-02T21:54:31.0762653Z"
[Licensing::Module] Licensing Background thread has ended after 1.98s
========================================================================
Worker process is ready to serve import requests
Import Worker Mode flag is 0x00
Begin MonoManager ReloadAssembly
[Licensing::Client] Successfully resolved entitlement details
[Licensing::Module] License group:
  Id: 5773964460127-UnityPersXXXX
  Product: Unity Personal
  Type: Assigned
  Expiration: Unlimited
Assembly Assembly-CSharp-Editor-firstpass.dll at Library/ScriptAssemblies/Assembly-CSharp-Editor-firstpass.dll not valid. Loading of assembly skipped.
Assembly Assembly-CSharp-firstpass.dll at Library/ScriptAssemblies/Assembly-CSharp-firstpass.dll not valid. Loading of assembly skipped.
Assembly DocCodeExamples.dll at Library/ScriptAssemblies/DocCodeExamples.dll not valid. Loading of assembly skipped.
Assembly TestNewCustomAssembly.dll at Library/ScriptAssemblies/TestNewCustomAssembly.dll not valid. Loading of assembly skipped.
Assembly Unity.Collections.BurstCompatibilityGen.dll at Library/ScriptAssemblies/Unity.Collections.BurstCompatibilityGen.dll not valid. Loading of assembly skipped.
Assembly Unity.Collections.DocCodeSamples.dll at Library/ScriptAssemblies/Unity.Collections.DocCodeSamples.dll not valid. Loading of assembly skipped.
Assembly Unity.Collections.PerformanceTests.dll at Library/ScriptAssemblies/Unity.Collections.PerformanceTests.dll not valid. Loading of assembly skipped.
Assembly Unity.Collections.Tests.dll at Library/ScriptAssemblies/Unity.Collections.Tests.dll not valid. Loading of assembly skipped.
Assembly Unity.Collections.Tests.Playmode.dll at Library/ScriptAssemblies/Unity.Collections.Tests.Playmode.dll not valid. Loading of assembly skipped.
Assembly Unity.InputSystem.IntegrationTests.dll at Library/ScriptAssemblies/Unity.InputSystem.IntegrationTests.dll not valid. Loading of assembly skipped.
Assembly Unity.Mathematics.Tests.dll at Library/ScriptAssemblies/Unity.Mathematics.Tests.dll not valid. Loading of assembly skipped.
Assembly Unity.Multiplayer.Center.Editor.Tests.dll at Library/ScriptAssemblies/Unity.Multiplayer.Center.Editor.Tests.dll not valid. Loading of assembly skipped.
Assembly Unity.Multiplayer.Center.Tests.dll at Library/ScriptAssemblies/Unity.Multiplayer.Center.Tests.dll not valid. Loading of assembly skipped.
Assembly Unity.Nuget.Mono-Cecil.dll at Library/ScriptAssemblies/Unity.Nuget.Mono-Cecil.dll not valid. Loading of assembly skipped.
Assembly Unity.PathTracing.Editor.Tests.dll at Library/ScriptAssemblies/Unity.PathTracing.Editor.Tests.dll not valid. Loading of assembly skipped.
Assembly Unity.PathTracing.Runtime.Tests.dll at Library/ScriptAssemblies/Unity.PathTracing.Runtime.Tests.dll not valid. Loading of assembly skipped.
Assembly Unity.RenderPipelines.Core.Editor.Tests.dll at Library/ScriptAssemblies/Unity.RenderPipelines.Core.Editor.Tests.dll not valid. Loading of assembly skipped.
Assembly Unity.RenderPipelines.Core.Runtime.Tests.dll at Library/ScriptAssemblies/Unity.RenderPipelines.Core.Runtime.Tests.dll not valid. Loading of assembly skipped.
Assembly Unity.RenderPipelines.Universal.Config.Editor.Tests.dll at Library/ScriptAssemblies/Unity.RenderPipelines.Universal.Config.Editor.Tests.dll not valid. Loading of assembly skipped.
Assembly Unity.RenderPipelines.Universal.Editor.Tests.dll at Library/ScriptAssemblies/Unity.RenderPipelines.Universal.Editor.Tests.dll not valid. Loading of assembly skipped.
Assembly Unity.RenderPipelines.Universal.Runtime.Tests.dll at Library/ScriptAssemblies/Unity.RenderPipelines.Universal.Runtime.Tests.dll not valid. Loading of assembly skipped.
Assembly Unity.Searcher.EditorTests.dll at Library/ScriptAssemblies/Unity.Searcher.EditorTests.dll not valid. Loading of assembly skipped.
Assembly Unity.ShaderGraph.Editor.Tests.dll at Library/ScriptAssemblies/Unity.ShaderGraph.Editor.Tests.dll not valid. Loading of assembly skipped.
Assembly Unity.TextMeshPro.Editor.Tests.dll at Library/ScriptAssemblies/Unity.TextMeshPro.Editor.Tests.dll not valid. Loading of assembly skipped.
Assembly Unity.TextMeshPro.Tests.dll at Library/ScriptAssemblies/Unity.TextMeshPro.Tests.dll not valid. Loading of assembly skipped.
Assembly Unity.UnifiedRayTracing.Editor.Tests.dll at Library/ScriptAssemblies/Unity.UnifiedRayTracing.Editor.Tests.dll not valid. Loading of assembly skipped.
Assembly Unity.XR.CoreUtils.CodeSamples.Tests.dll at Library/ScriptAssemblies/Unity.XR.CoreUtils.CodeSamples.Tests.dll not valid. Loading of assembly skipped.
Assembly Unity.XR.CoreUtils.Editor.Tests.dll at Library/ScriptAssemblies/Unity.XR.CoreUtils.Editor.Tests.dll not valid. Loading of assembly skipped.
Assembly Unity.XR.CoreUtils.Tests.dll at Library/ScriptAssemblies/Unity.XR.CoreUtils.Tests.dll not valid. Loading of assembly skipped.
Assembly Unity.XR.Interaction.Toolkit.Editor.Tests.dll at Library/ScriptAssemblies/Unity.XR.Interaction.Toolkit.Editor.Tests.dll not valid. Loading of assembly skipped.
Assembly Unity.XR.Interaction.Toolkit.Tests.dll at Library/ScriptAssemblies/Unity.XR.Interaction.Toolkit.Tests.dll not valid. Loading of assembly skipped.
Assembly Unity.XR.Management.EditorTests.dll at Library/ScriptAssemblies/Unity.XR.Management.EditorTests.dll not valid. Loading of assembly skipped.
Assembly Unity.XR.Management.TestPackage.dll at Library/ScriptAssemblies/Unity.XR.Management.TestPackage.dll not valid. Loading of assembly skipped.
Assembly Unity.XR.Management.TestPackage.Editor.dll at Library/ScriptAssemblies/Unity.XR.Management.TestPackage.Editor.dll not valid. Loading of assembly skipped.
Assembly Unity.XR.Management.Tests.dll at Library/ScriptAssemblies/Unity.XR.Management.Tests.dll not valid. Loading of assembly skipped.
Assembly Unity.XR.Management.Tests.Standalone.dll at Library/ScriptAssemblies/Unity.XR.Management.Tests.Standalone.dll not valid. Loading of assembly skipped.
Assembly Unity.XR.OpenXR.Editor.Tests.dll at Library/ScriptAssemblies/Unity.XR.OpenXR.Editor.Tests.dll not valid. Loading of assembly skipped.
Assembly Unity.XR.OpenXR.Tests.dll at Library/ScriptAssemblies/Unity.XR.OpenXR.Tests.dll not valid. Loading of assembly skipped.
Assembly Unity.XR.OpenXR.Ubuntu.Tests.dll at Library/ScriptAssemblies/Unity.XR.OpenXR.Ubuntu.Tests.dll not valid. Loading of assembly skipped.
Assembly Unity.XR.TestSupport.dll at Library/ScriptAssemblies/Unity.XR.TestSupport.dll not valid. Loading of assembly skipped.
Assembly UnityEditor.UI.Common.Tests.dll at Library/ScriptAssemblies/UnityEditor.UI.Common.Tests.dll not valid. Loading of assembly skipped.
Assembly UnityEditor.UI.EditorTests.dll at Library/ScriptAssemblies/UnityEditor.UI.EditorTests.dll not valid. Loading of assembly skipped.
Assembly UnityEditor.XR.LegacyInputHelpers.Tests.dll at Library/ScriptAssemblies/UnityEditor.XR.LegacyInputHelpers.Tests.dll not valid. Loading of assembly skipped.
Assembly UnityEngine.SpatialTracking.Tests.dll at Library/ScriptAssemblies/UnityEngine.SpatialTracking.Tests.dll not valid. Loading of assembly skipped.
Assembly UnityEngine.UI.Tests.dll at Library/ScriptAssemblies/UnityEngine.UI.Tests.dll not valid. Loading of assembly skipped.
Assembly UnityEngine.XR.OpenXR.CodeSamples.Editor.Tests.dll at Library/ScriptAssemblies/UnityEngine.XR.OpenXR.CodeSamples.Editor.Tests.dll not valid. Loading of assembly skipped.
Refreshing native plugins compatible for Editor in 6.61 ms, found 10 plugins.
Native extension for WindowsStandalone target not found
[Package Manager] Failed to launch server process. Reason: Unity was launched with the -noUpm command-line argument
[Package Manager] Unable to send message (not connected to server process).
[Package Manager] Cannot connect to Unity Package Manager local server
Refreshing native plugins compatible for Editor in 8.26 ms, found 10 plugins.
[Package Manager] Failed to launch server process. Reason: Unity was launched with the -noUpm command-line argument
[Package Manager] Unable to send message (not connected to server process).
[Package Manager] Cannot connect to Unity Package Manager local server
ScheduleIndexationOnStartup MainProcess:False IndexOnStartup:True
Mono: successfully reloaded assembly
[Package Manager] Failed to launch server process. Reason: Unity was launched with the -noUpm command-line argument
[Package Manager] Unable to send message (not connected to server process).
[Package Manager] Cannot connect to Unity Package Manager local server
[Package Manager] Failed to launch server process. Reason: Unity was launched with the -noUpm command-line argument
[Package Manager] Unable to send message (not connected to server process).
[Package Manager] Cannot connect to Unity Package Manager local server
- Finished resetting the current domain, in  0.967 seconds
Domain Reload Profiling: 1816ms
	BeginReloadAssembly (182ms)
		DisableScriptedObjects (5ms)
		CreateAndSetChildDomain (31ms)
	RebuildCommonClasses (34ms)
	RebuildNativeTypeToScriptingClass (11ms)
	initialDomainReloadingComplete (70ms)
	LoadAllAssembliesAndSetupDomain (552ms)
		LoadAssemblies (376ms)
		AnalyzeDomain (276ms)
			TypeCache.Refresh (204ms)
				TypeCache.ScanAssembly (185ms)
			BuildScriptInfoCaches (56ms)
			ResolveRequiredComponents (13ms)
	FinalizeReload (968ms)
		SetupLoadedEditorAssemblies (0ms)
			BeforeProcessingInitializeOnLoad (125ms)
			ProcessInitializeOnLoadAttributes (486ms)
			ProcessInitializeOnLoadMethodAttributes (123ms)
		AwakeInstancesAfterBackupRestoration (6ms)
Launched and connected shader compiler UnityShaderCompiler.exe after 0.01 seconds
Refreshing native plugins compatible for Editor in 7.45 ms, found 10 plugins.
Unloading 24 Unused Serialized files (Serialized files now loaded: 0)
Unloading 7687 unused Assets / (6.2 MB). Loaded Objects now: 8527.
Memory consumption went from 182.3 MB to 176.1 MB.
Total: 9.634500 ms (FindLiveObjects: 0.949600 ms CreateObjectMapping: 0.953900 ms MarkObjects: 4.648500 ms  DeleteObjects: 3.079700 ms)

========================================================================
Received Import Request.
  Time since last request: 27421.713252 seconds.
  path: Assets/Scenes/tomb1.unity
  importAddress: Guid(5104e6740f8e9704dbc8fabd653e146d) Importer(2089858483,e11c23a36db5f54750b8cd40eac0985b)
Start importing Assets/Scenes/tomb1.unity using Guid(5104e6740f8e9704dbc8fabd653e146d) Importer(2089858483,e11c23a36db5f54750b8cd40eac0985b) (ScriptedImporter)Opening scene 'Assets/Scenes/tomb1.unity additively'
d3d12: upload buffer was too small for the requested resource! Size: 16777216. Requested: 17014704.
Problem detected while opening the Scene file: 'Assets/Scenes/tomb1.unity'.
Check the following logs for more details.
UnityEngine.Debug:ExtractStackTraceNoAlloc (byte*,int,string)
UnityEngine.StackTraceUtility:ExtractStackTrace ()
UnityEditor.SceneManagement.EditorSceneManager:OpenScene (string,UnityEditor.SceneManagement.OpenSceneMode)
UnityEditor.Search.AssetIndexer:IndexScene (string,bool)
UnityEditor.Search.AssetIndexer:IndexSceneDocument (string,bool)
UnityEditor.Search.AssetIndexer:IndexDocument (string,bool)
UnityEditor.Search.SearchIndexArtifactImporter:OnImportAsset (UnityEditor.AssetImporters.AssetImportContext)
UnityEditor.AssetImporters.ScriptedImporter:GenerateAssetData (UnityEditor.AssetImporters.AssetImportContext)

[C:\build\output\unity\unity\Runtime\PreloadManager\LoadSceneOperation.cpp line 839]

Prefab instance problem. Missing Prefab Asset: 'tomb1 (Missing Prefab with guid: 589117fb677d81448bff3275eacb2d08)'
UnityEngine.Debug:ExtractStackTraceNoAlloc (byte*,int,string)
UnityEngine.StackTraceUtility:ExtractStackTrace ()
UnityEditor.SceneManagement.EditorSceneManager:OpenScene (string,UnityEditor.SceneManagement.OpenSceneMode)
UnityEditor.Search.AssetIndexer:IndexScene (string,bool)
UnityEditor.Search.AssetIndexer:IndexSceneDocument (string,bool)
UnityEditor.Search.AssetIndexer:IndexDocument (string,bool)
UnityEditor.Search.SearchIndexArtifactImporter:OnImportAsset (UnityEditor.AssetImporters.AssetImportContext)
UnityEditor.AssetImporters.ScriptedImporter:GenerateAssetData (UnityEditor.AssetImporters.AssetImportContext)

[C:\build\output\unity\unity\Runtime\BaseClasses\ErrorsAndWarningsCapture.cpp line 66]

Prefab instance problem. Missing Prefab Asset: 'Meshy_AI_Bronze_Ritual_Vessel__0731180908_texture (Missing Prefab with guid: a6d9128fdd823cd4d906b843b1441ab2)'
UnityEngine.Debug:ExtractStackTraceNoAlloc (byte*,int,string)
UnityEngine.StackTraceUtility:ExtractStackTrace ()
UnityEditor.SceneManagement.EditorSceneManager:OpenScene (string,UnityEditor.SceneManagement.OpenSceneMode)
UnityEditor.Search.AssetIndexer:IndexScene (string,bool)
UnityEditor.Search.AssetIndexer:IndexSceneDocument (string,bool)
UnityEditor.Search.AssetIndexer:IndexDocument (string,bool)
UnityEditor.Search.SearchIndexArtifactImporter:OnImportAsset (UnityEditor.AssetImporters.AssetImportContext)
UnityEditor.AssetImporters.ScriptedImporter:GenerateAssetData (UnityEditor.AssetImporters.AssetImportContext)

[C:\build\output\unity\unity\Runtime\BaseClasses\ErrorsAndWarningsCapture.cpp line 66]

Prefab instance problem. Missing Prefab Asset: 'Meshy_AI_Ancient_Bronze_Plaque_0731180540_texture (Missing Prefab with guid: d51a7c16aef907a489d8d50f73056f19)'
UnityEngine.Debug:ExtractStackTraceNoAlloc (byte*,int,string)
UnityEngine.StackTraceUtility:ExtractStackTrace ()
UnityEditor.SceneManagement.EditorSceneManager:OpenScene (string,UnityEditor.SceneManagement.OpenSceneMode)
UnityEditor.Search.AssetIndexer:IndexScene (string,bool)
UnityEditor.Search.AssetIndexer:IndexSceneDocument (string,bool)
UnityEditor.Search.AssetIndexer:IndexDocument (string,bool)
UnityEditor.Search.SearchIndexArtifactImporter:OnImportAsset (UnityEditor.AssetImporters.AssetImportContext)
UnityEditor.AssetImporters.ScriptedImporter:GenerateAssetData (UnityEditor.AssetImporters.AssetImportContext)

[C:\build\output\unity\unity\Runtime\BaseClasses\ErrorsAndWarningsCapture.cpp line 66]

Prefab instance problem. Missing Prefab Asset: 'Meshy_AI_Fragmented_Clay_Table_0801055023_texture (Missing Prefab with guid: fb562b30378901f4d8efa58a49b49a50)'
UnityEngine.Debug:ExtractStackTraceNoAlloc (byte*,int,string)
UnityEngine.StackTraceUtility:ExtractStackTrace ()
UnityEditor.SceneManagement.EditorSceneManager:OpenScene (string,UnityEditor.SceneManagement.OpenSceneMode)
UnityEditor.Search.AssetIndexer:IndexScene (string,bool)
UnityEditor.Search.AssetIndexer:IndexSceneDocument (string,bool)
UnityEditor.Search.AssetIndexer:IndexDocument (string,bool)
UnityEditor.Search.SearchIndexArtifactImporter:OnImportAsset (UnityEditor.AssetImporters.AssetImportContext)
UnityEditor.AssetImporters.ScriptedImporter:GenerateAssetData (UnityEditor.AssetImporters.AssetImportContext)

[C:\build\output\unity\unity\Runtime\BaseClasses\ErrorsAndWarningsCapture.cpp line 66]

Loaded scene 'Assets/Scenes/tomb1.unity'
	Deserialize:            35.682 ms
	Integration:            61374.547 ms
	Integration of assets:  1.506 ms
	Thread Wait Time:       0.004 ms
	Total Operation Time:   61411.742 ms
 -> (Import Result ID: 'abc2bb278507e36a335bac709c3ca217') in 61.9174939 seconds [static and dynamic dependencies]. Details - ImportResultOutputID=0026289ee6b350cf3271ce8d9f0f4f0b DependenciesID=f6d990732bb49251e8455e7da7e881ad StaticDependenciesID=0d291ee55c2d414e59c8c8a91b817f74 
Number of updated asset objects reloaded before import = 0Number of asset objects unloaded after import = 434

========================================================================
Received Import Request.
  Time since last request: 77.999004 seconds.
  path: Assets/Scenes/tomb1.fbx
  importAddress: Guid(589117fb677d81448bff3275eacb2d08) Importer(815301076,1909f56bfc062723c751e8b465ee728b)
Start importing Assets/Scenes/tomb1.fbx using Guid(589117fb677d81448bff3275eacb2d08) Importer(815301076,1909f56bfc062723c751e8b465ee728b) (PreviewImporter) -> (Import Result ID: '3d6ba75230144ead126a02fee1a1b0ca') in 2.9230975 seconds [static and dynamic dependencies]. Details - ImportResultOutputID=709cdde16c40a799a818ee9890691e86 DependenciesID=7d52cc3c681e23618ff0cfbdd97472bb StaticDependenciesID=50317d737f7bf5d6ca7cf539a3a85acf 
Number of updated asset objects reloaded before import = 0Number of asset objects unloaded after import = 610

========================================================================
Received Prepare
Begin MonoManager ReloadAssembly
[Licensing::Client] Successfully resolved entitlement details
ADTM: Control thread waiting for realtime thread timed out, have to lock...
Assembly Assembly-CSharp-Editor-firstpass.dll at Library/ScriptAssemblies/Assembly-CSharp-Editor-firstpass.dll not valid. Loading of assembly skipped.
Assembly Assembly-CSharp-firstpass.dll at Library/ScriptAssemblies/Assembly-CSharp-firstpass.dll not valid. Loading of assembly skipped.
Assembly DocCodeExamples.dll at Library/ScriptAssemblies/DocCodeExamples.dll not valid. Loading of assembly skipped.
Assembly TestNewCustomAssembly.dll at Library/ScriptAssemblies/TestNewCustomAssembly.dll not valid. Loading of assembly skipped.
Assembly Unity.Collections.BurstCompatibilityGen.dll at Library/ScriptAssemblies/Unity.Collections.BurstCompatibilityGen.dll not valid. Loading of assembly skipped.
Assembly Unity.Collections.DocCodeSamples.dll at Library/ScriptAssemblies/Unity.Collections.DocCodeSamples.dll not valid. Loading of assembly skipped.
Assembly Unity.Collections.PerformanceTests.dll at Library/ScriptAssemblies/Unity.Collections.PerformanceTests.dll not valid. Loading of assembly skipped.
Assembly Unity.Collections.Tests.dll at Library/ScriptAssemblies/Unity.Collections.Tests.dll not valid. Loading of assembly skipped.
Assembly Unity.Collections.Tests.Playmode.dll at Library/ScriptAssemblies/Unity.Collections.Tests.Playmode.dll not valid. Loading of assembly skipped.
Assembly Unity.InputSystem.IntegrationTests.dll at Library/ScriptAssemblies/Unity.InputSystem.IntegrationTests.dll not valid. Loading of assembly skipped.
Assembly Unity.Mathematics.Tests.dll at Library/ScriptAssemblies/Unity.Mathematics.Tests.dll not valid. Loading of assembly skipped.
Assembly Unity.Multiplayer.Center.Editor.Tests.dll at Library/ScriptAssemblies/Unity.Multiplayer.Center.Editor.Tests.dll not valid. Loading of assembly skipped.
Assembly Unity.Multiplayer.Center.Tests.dll at Library/ScriptAssemblies/Unity.Multiplayer.Center.Tests.dll not valid. Loading of assembly skipped.
Assembly Unity.Nuget.Mono-Cecil.dll at Library/ScriptAssemblies/Unity.Nuget.Mono-Cecil.dll not valid. Loading of assembly skipped.
Assembly Unity.PathTracing.Editor.Tests.dll at Library/ScriptAssemblies/Unity.PathTracing.Editor.Tests.dll not valid. Loading of assembly skipped.
Assembly Unity.PathTracing.Runtime.Tests.dll at Library/ScriptAssemblies/Unity.PathTracing.Runtime.Tests.dll not valid. Loading of assembly skipped.
Assembly Unity.RenderPipelines.Core.Editor.Tests.dll at Library/ScriptAssemblies/Unity.RenderPipelines.Core.Editor.Tests.dll not valid. Loading of assembly skipped.
Assembly Unity.RenderPipelines.Core.Runtime.Tests.dll at Library/ScriptAssemblies/Unity.RenderPipelines.Core.Runtime.Tests.dll not valid. Loading of assembly skipped.
Assembly Unity.RenderPipelines.Universal.Config.Editor.Tests.dll at Library/ScriptAssemblies/Unity.RenderPipelines.Universal.Config.Editor.Tests.dll not valid. Loading of assembly skipped.
Assembly Unity.RenderPipelines.Universal.Editor.Tests.dll at Library/ScriptAssemblies/Unity.RenderPipelines.Universal.Editor.Tests.dll not valid. Loading of assembly skipped.
Assembly Unity.RenderPipelines.Universal.Runtime.Tests.dll at Library/ScriptAssemblies/Unity.RenderPipelines.Universal.Runtime.Tests.dll not valid. Loading of assembly skipped.
Assembly Unity.Searcher.EditorTests.dll at Library/ScriptAssemblies/Unity.Searcher.EditorTests.dll not valid. Loading of assembly skipped.
Assembly Unity.ShaderGraph.Editor.Tests.dll at Library/ScriptAssemblies/Unity.ShaderGraph.Editor.Tests.dll not valid. Loading of assembly skipped.
Assembly Unity.TextMeshPro.Editor.Tests.dll at Library/ScriptAssemblies/Unity.TextMeshPro.Editor.Tests.dll not valid. Loading of assembly skipped.
Assembly Unity.TextMeshPro.Tests.dll at Library/ScriptAssemblies/Unity.TextMeshPro.Tests.dll not valid. Loading of assembly skipped.
Assembly Unity.UnifiedRayTracing.Editor.Tests.dll at Library/ScriptAssemblies/Unity.UnifiedRayTracing.Editor.Tests.dll not valid. Loading of assembly skipped.
Assembly Unity.XR.CoreUtils.CodeSamples.Tests.dll at Library/ScriptAssemblies/Unity.XR.CoreUtils.CodeSamples.Tests.dll not valid. Loading of assembly skipped.
Assembly Unity.XR.CoreUtils.Editor.Tests.dll at Library/ScriptAssemblies/Unity.XR.CoreUtils.Editor.Tests.dll not valid. Loading of assembly skipped.
Assembly Unity.XR.CoreUtils.Tests.dll at Library/ScriptAssemblies/Unity.XR.CoreUtils.Tests.dll not valid. Loading of assembly skipped.
Assembly Unity.XR.Interaction.Toolkit.Editor.Tests.dll at Library/ScriptAssemblies/Unity.XR.Interaction.Toolkit.Editor.Tests.dll not valid. Loading of assembly skipped.
Assembly Unity.XR.Interaction.Toolkit.Tests.dll at Library/ScriptAssemblies/Unity.XR.Interaction.Toolkit.Tests.dll not valid. Loading of assembly skipped.
Assembly Unity.XR.Management.EditorTests.dll at Library/ScriptAssemblies/Unity.XR.Management.EditorTests.dll not valid. Loading of assembly skipped.
Assembly Unity.XR.Management.TestPackage.dll at Library/ScriptAssemblies/Unity.XR.Management.TestPackage.dll not valid. Loading of assembly skipped.
Assembly Unity.XR.Management.TestPackage.Editor.dll at Library/ScriptAssemblies/Unity.XR.Management.TestPackage.Editor.dll not valid. Loading of assembly skipped.
Assembly Unity.XR.Management.Tests.dll at Library/ScriptAssemblies/Unity.XR.Management.Tests.dll not valid. Loading of assembly skipped.
Assembly Unity.XR.Management.Tests.Standalone.dll at Library/ScriptAssemblies/Unity.XR.Management.Tests.Standalone.dll not valid. Loading of assembly skipped.
Assembly Unity.XR.OpenXR.Editor.Tests.dll at Library/ScriptAssemblies/Unity.XR.OpenXR.Editor.Tests.dll not valid. Loading of assembly skipped.
Assembly Unity.XR.OpenXR.Tests.dll at Library/ScriptAssemblies/Unity.XR.OpenXR.Tests.dll not valid. Loading of assembly skipped.
Assembly Unity.XR.OpenXR.Ubuntu.Tests.dll at Library/ScriptAssemblies/Unity.XR.OpenXR.Ubuntu.Tests.dll not valid. Loading of assembly skipped.
Assembly Unity.XR.TestSupport.dll at Library/ScriptAssemblies/Unity.XR.TestSupport.dll not valid. Loading of assembly skipped.
Assembly UnityEditor.UI.Common.Tests.dll at Library/ScriptAssemblies/UnityEditor.UI.Common.Tests.dll not valid. Loading of assembly skipped.
Assembly UnityEditor.UI.EditorTests.dll at Library/ScriptAssemblies/UnityEditor.UI.EditorTests.dll not valid. Loading of assembly skipped.
Assembly UnityEditor.XR.LegacyInputHelpers.Tests.dll at Library/ScriptAssemblies/UnityEditor.XR.LegacyInputHelpers.Tests.dll not valid. Loading of assembly skipped.
Assembly UnityEngine.SpatialTracking.Tests.dll at Library/ScriptAssemblies/UnityEngine.SpatialTracking.Tests.dll not valid. Loading of assembly skipped.
Assembly UnityEngine.UI.Tests.dll at Library/ScriptAssemblies/UnityEngine.UI.Tests.dll not valid. Loading of assembly skipped.
Assembly UnityEngine.XR.OpenXR.CodeSamples.Editor.Tests.dll at Library/ScriptAssemblies/UnityEngine.XR.OpenXR.CodeSamples.Editor.Tests.dll not valid. Loading of assembly skipped.
Refreshing native plugins compatible for Editor in 5.64 ms, found 10 plugins.
Native extension for WindowsStandalone target not found
[Package Manager] Failed to launch server process. Reason: Unity was launched with the -noUpm command-line argument
[Package Manager] Unable to send message (not connected to server process).
[Package Manager] Cannot connect to Unity Package Manager local server
[Package Manager] Failed to launch server process. Reason: Unity was launched with the -noUpm command-line argument
[Package Manager] Unable to send message (not connected to server process).
[Package Manager] Cannot connect to Unity Package Manager local server
ScheduleIndexationOnStartup MainProcess:False IndexOnStartup:True
Mono: successfully reloaded assembly
[Package Manager] Failed to launch server process. Reason: Unity was launched with the -noUpm command-line argument
[Package Manager] Unable to send message (not connected to server process).
[Package Manager] Cannot connect to Unity Package Manager local server
- Finished resetting the current domain, in  0.769 seconds
Domain Reload Profiling: 2398ms
	BeginReloadAssembly (1212ms)
		DisableScriptedObjects (18ms)
		CreateAndSetChildDomain (1064ms)
	RebuildCommonClasses (24ms)
	RebuildNativeTypeToScriptingClass (8ms)
	initialDomainReloadingComplete (50ms)
	LoadAllAssembliesAndSetupDomain (334ms)
		LoadAssemblies (276ms)
		AnalyzeDomain (140ms)
			TypeCache.Refresh (9ms)
			BuildScriptInfoCaches (120ms)
			ResolveRequiredComponents (9ms)
	FinalizeReload (770ms)
		SetupLoadedEditorAssemblies (0ms)
			BeforeProcessingInitializeOnLoad (119ms)
			ProcessInitializeOnLoadAttributes (383ms)
			ProcessInitializeOnLoadMethodAttributes (88ms)
		AwakeInstancesAfterBackupRestoration (11ms)
Refreshing native plugins compatible for Editor in 4.44 ms, found 10 plugins.
Unloading 24 Unused Serialized files (Serialized files now loaded: 0)
Unloading 7691 unused Assets / (8.6 MB). Loaded Objects now: 8610.
Memory consumption went from 221.8 MB to 213.2 MB.
Total: 9.393400 ms (FindLiveObjects: 0.774100 ms CreateObjectMapping: 0.671500 ms MarkObjects: 3.908700 ms  DeleteObjects: 4.038300 ms)

Prepare: number of updated asset objects reloaded= 0
========================================================================
Received Import Request.
  Time since last request: 60.190260 seconds.
  path: Assets/Scenes
  importAddress: Guid(95e879f10764bff448cc1ca3a5507db8) Importer(815301076,1909f56bfc062723c751e8b465ee728b)
Start importing Assets/Scenes using Guid(95e879f10764bff448cc1ca3a5507db8) Importer(815301076,1909f56bfc062723c751e8b465ee728b) (PreviewImporter) -> (Import Result ID: '559a3588da8224655bff26a0b187c4fe') in 0.0035503 seconds [static and dynamic dependencies]. Details - ImportResultOutputID=cee4188ee69a3b30422d29112aea77fc DependenciesID=9d6fe4dcce813b5f8b8a8eaeda5dd564 StaticDependenciesID=9eca67f5a41422d5f4b17bff5bf1a9bb 
Number of updated asset objects reloaded before import = 0Number of asset objects unloaded after import = 0

========================================================================
Received Import Request.
  Time since last request: 2.242981 seconds.
  path: Assets/Scenes/intro.unity
  importAddress: Guid(5effcdf43ce09a44b8c134aa1d4ca86c) Importer(815301076,1909f56bfc062723c751e8b465ee728b)
Start importing Assets/Scenes/intro.unity using Guid(5effcdf43ce09a44b8c134aa1d4ca86c) Importer(815301076,1909f56bfc062723c751e8b465ee728b) (PreviewImporter) -> (Import Result ID: '56238bb3c822d85c014e6b9d9a199c4a') in 0.0006181 seconds [static and dynamic dependencies]. Details - ImportResultOutputID=8b489a9e25e034707d9c5fc7a95b99d1 DependenciesID=fcc254d3fc1c0d2acbf20de84d20acc5 StaticDependenciesID=ab1ca396caab4cab37ab86717fbb8214 
Number of updated asset objects reloaded before import = 0Number of asset objects unloaded after import = 0

========================================================================
Received Prepare
Begin MonoManager ReloadAssembly
ADTM: Control thread waiting for realtime thread timed out, have to lock...
Assembly Assembly-CSharp-Editor-firstpass.dll at Library/ScriptAssemblies/Assembly-CSharp-Editor-firstpass.dll not valid. Loading of assembly skipped.
Assembly Assembly-CSharp-firstpass.dll at Library/ScriptAssemblies/Assembly-CSharp-firstpass.dll not valid. Loading of assembly skipped.
Assembly DocCodeExamples.dll at Library/ScriptAssemblies/DocCodeExamples.dll not valid. Loading of assembly skipped.
Assembly TestNewCustomAssembly.dll at Library/ScriptAssemblies/TestNewCustomAssembly.dll not valid. Loading of assembly skipped.
Assembly Unity.Collections.BurstCompatibilityGen.dll at Library/ScriptAssemblies/Unity.Collections.BurstCompatibilityGen.dll not valid. Loading of assembly skipped.
Assembly Unity.Collections.DocCodeSamples.dll at Library/ScriptAssemblies/Unity.Collections.DocCodeSamples.dll not valid. Loading of assembly skipped.
Assembly Unity.Collections.PerformanceTests.dll at Library/ScriptAssemblies/Unity.Collections.PerformanceTests.dll not valid. Loading of assembly skipped.
Assembly Unity.Collections.Tests.dll at Library/ScriptAssemblies/Unity.Collections.Tests.dll not valid. Loading of assembly skipped.
Assembly Unity.Collections.Tests.Playmode.dll at Library/ScriptAssemblies/Unity.Collections.Tests.Playmode.dll not valid. Loading of assembly skipped.
Assembly Unity.InputSystem.IntegrationTests.dll at Library/ScriptAssemblies/Unity.InputSystem.IntegrationTests.dll not valid. Loading of assembly skipped.
Assembly Unity.Mathematics.Tests.dll at Library/ScriptAssemblies/Unity.Mathematics.Tests.dll not valid. Loading of assembly skipped.
Assembly Unity.Multiplayer.Center.Editor.Tests.dll at Library/ScriptAssemblies/Unity.Multiplayer.Center.Editor.Tests.dll not valid. Loading of assembly skipped.
Assembly Unity.Multiplayer.Center.Tests.dll at Library/ScriptAssemblies/Unity.Multiplayer.Center.Tests.dll not valid. Loading of assembly skipped.
Assembly Unity.Nuget.Mono-Cecil.dll at Library/ScriptAssemblies/Unity.Nuget.Mono-Cecil.dll not valid. Loading of assembly skipped.
Assembly Unity.PathTracing.Editor.Tests.dll at Library/ScriptAssemblies/Unity.PathTracing.Editor.Tests.dll not valid. Loading of assembly skipped.
Assembly Unity.PathTracing.Runtime.Tests.dll at Library/ScriptAssemblies/Unity.PathTracing.Runtime.Tests.dll not valid. Loading of assembly skipped.
Assembly Unity.RenderPipelines.Core.Editor.Tests.dll at Library/ScriptAssemblies/Unity.RenderPipelines.Core.Editor.Tests.dll not valid. Loading of assembly skipped.
Assembly Unity.RenderPipelines.Core.Runtime.Tests.dll at Library/ScriptAssemblies/Unity.RenderPipelines.Core.Runtime.Tests.dll not valid. Loading of assembly skipped.
Assembly Unity.RenderPipelines.Universal.Config.Editor.Tests.dll at Library/ScriptAssemblies/Unity.RenderPipelines.Universal.Config.Editor.Tests.dll not valid. Loading of assembly skipped.
Assembly Unity.RenderPipelines.Universal.Editor.Tests.dll at Library/ScriptAssemblies/Unity.RenderPipelines.Universal.Editor.Tests.dll not valid. Loading of assembly skipped.
Assembly Unity.RenderPipelines.Universal.Runtime.Tests.dll at Library/ScriptAssemblies/Unity.RenderPipelines.Universal.Runtime.Tests.dll not valid. Loading of assembly skipped.
Assembly Unity.Searcher.EditorTests.dll at Library/ScriptAssemblies/Unity.Searcher.EditorTests.dll not valid. Loading of assembly skipped.
Assembly Unity.ShaderGraph.Editor.Tests.dll at Library/ScriptAssemblies/Unity.ShaderGraph.Editor.Tests.dll not valid. Loading of assembly skipped.
Assembly Unity.TextMeshPro.Editor.Tests.dll at Library/ScriptAssemblies/Unity.TextMeshPro.Editor.Tests.dll not valid. Loading of assembly skipped.
Assembly Unity.TextMeshPro.Tests.dll at Library/ScriptAssemblies/Unity.TextMeshPro.Tests.dll not valid. Loading of assembly skipped.
Assembly Unity.UnifiedRayTracing.Editor.Tests.dll at Library/ScriptAssemblies/Unity.UnifiedRayTracing.Editor.Tests.dll not valid. Loading of assembly skipped.
Assembly Unity.XR.CoreUtils.CodeSamples.Tests.dll at Library/ScriptAssemblies/Unity.XR.CoreUtils.CodeSamples.Tests.dll not valid. Loading of assembly skipped.
Assembly Unity.XR.CoreUtils.Editor.Tests.dll at Library/ScriptAssemblies/Unity.XR.CoreUtils.Editor.Tests.dll not valid. Loading of assembly skipped.
Assembly Unity.XR.CoreUtils.Tests.dll at Library/ScriptAssemblies/Unity.XR.CoreUtils.Tests.dll not valid. Loading of assembly skipped.
Assembly Unity.XR.Interaction.Toolkit.Editor.Tests.dll at Library/ScriptAssemblies/Unity.XR.Interaction.Toolkit.Editor.Tests.dll not valid. Loading of assembly skipped.
Assembly Unity.XR.Interaction.Toolkit.Tests.dll at Library/ScriptAssemblies/Unity.XR.Interaction.Toolkit.Tests.dll not valid. Loading of assembly skipped.
Assembly Unity.XR.Management.EditorTests.dll at Library/ScriptAssemblies/Unity.XR.Management.EditorTests.dll not valid. Loading of assembly skipped.
Assembly Unity.XR.Management.TestPackage.dll at Library/ScriptAssemblies/Unity.XR.Management.TestPackage.dll not valid. Loading of assembly skipped.
Assembly Unity.XR.Management.TestPackage.Editor.dll at Library/ScriptAssemblies/Unity.XR.Management.TestPackage.Editor.dll not valid. Loading of assembly skipped.
Assembly Unity.XR.Management.Tests.dll at Library/ScriptAssemblies/Unity.XR.Management.Tests.dll not valid. Loading of assembly skipped.
Assembly Unity.XR.Management.Tests.Standalone.dll at Library/ScriptAssemblies/Unity.XR.Management.Tests.Standalone.dll not valid. Loading of assembly skipped.
Assembly Unity.XR.OpenXR.Editor.Tests.dll at Library/ScriptAssemblies/Unity.XR.OpenXR.Editor.Tests.dll not valid. Loading of assembly skipped.
Assembly Unity.XR.OpenXR.Tests.dll at Library/ScriptAssemblies/Unity.XR.OpenXR.Tests.dll not valid. Loading of assembly skipped.
Assembly Unity.XR.OpenXR.Ubuntu.Tests.dll at Library/ScriptAssemblies/Unity.XR.OpenXR.Ubuntu.Tests.dll not valid. Loading of assembly skipped.
Assembly Unity.XR.TestSupport.dll at Library/ScriptAssemblies/Unity.XR.TestSupport.dll not valid. Loading of assembly skipped.
Assembly UnityEditor.UI.Common.Tests.dll at Library/ScriptAssemblies/UnityEditor.UI.Common.Tests.dll not valid. Loading of assembly skipped.
Assembly UnityEditor.UI.EditorTests.dll at Library/ScriptAssemblies/UnityEditor.UI.EditorTests.dll not valid. Loading of assembly skipped.
Assembly UnityEditor.XR.LegacyInputHelpers.Tests.dll at Library/ScriptAssemblies/UnityEditor.XR.LegacyInputHelpers.Tests.dll not valid. Loading of assembly skipped.
Assembly UnityEngine.SpatialTracking.Tests.dll at Library/ScriptAssemblies/UnityEngine.SpatialTracking.Tests.dll not valid. Loading of assembly skipped.
Assembly UnityEngine.UI.Tests.dll at Library/ScriptAssemblies/UnityEngine.UI.Tests.dll not valid. Loading of assembly skipped.
Assembly UnityEngine.XR.OpenXR.CodeSamples.Editor.Tests.dll at Library/ScriptAssemblies/UnityEngine.XR.OpenXR.CodeSamples.Editor.Tests.dll not valid. Loading of assembly skipped.
Refreshing native plugins compatible for Editor in 5.40 ms, found 10 plugins.
Native extension for WindowsStandalone target not found
[Package Manager] Failed to launch server process. Reason: Unity was launched with the -noUpm command-line argument
[Package Manager] Unable to send message (not connected to server process).
[Package Manager] Cannot connect to Unity Package Manager local server
[Package Manager] Failed to launch server process. Reason: Unity was launched with the -noUpm command-line argument
[Package Manager] Unable to send message (not connected to server process).
[Package Manager] Cannot connect to Unity Package Manager local server
ScheduleIndexationOnStartup MainProcess:False IndexOnStartup:True
Mono: successfully reloaded assembly
[Package Manager] Failed to launch server process. Reason: Unity was launched with the -noUpm command-line argument
[Package Manager] Unable to send message (not connected to server process).
[Package Manager] Cannot connect to Unity Package Manager local server
- Finished resetting the current domain, in  0.700 seconds
Domain Reload Profiling: 2317ms
	BeginReloadAssembly (1186ms)
		DisableScriptedObjects (4ms)
		CreateAndSetChildDomain (1049ms)
	RebuildCommonClasses (26ms)
	RebuildNativeTypeToScriptingClass (9ms)
	initialDomainReloadingComplete (48ms)
	LoadAllAssembliesAndSetupDomain (347ms)
		LoadAssemblies (270ms)
		AnalyzeDomain (159ms)
			TypeCache.Refresh (9ms)
			BuildScriptInfoCaches (137ms)
			ResolveRequiredComponents (10ms)
	FinalizeReload (700ms)
		SetupLoadedEditorAssemblies (0ms)
			BeforeProcessingInitializeOnLoad (113ms)
			ProcessInitializeOnLoadAttributes (346ms)
			ProcessInitializeOnLoadMethodAttributes (92ms)
		AwakeInstancesAfterBackupRestoration (11ms)
Refreshing native plugins compatible for Editor in 6.23 ms, found 10 plugins.
Unloading 24 Unused Serialized files (Serialized files now loaded: 0)
Unloading 7687 unused Assets / (8.3 MB). Loaded Objects now: 8613.
Memory consumption went from 221.6 MB to 213.3 MB.
Total: 9.040600 ms (FindLiveObjects: 0.801500 ms CreateObjectMapping: 0.678200 ms MarkObjects: 3.905200 ms  DeleteObjects: 3.654900 ms)

Prepare: number of updated asset objects reloaded= 0
========================================================================
Received Prepare
Begin MonoManager ReloadAssembly
[Licensing::Client] Successfully resolved entitlement details
ADTM: Control thread waiting for realtime thread timed out, have to lock...
Assembly Assembly-CSharp-Editor-firstpass.dll at Library/ScriptAssemblies/Assembly-CSharp-Editor-firstpass.dll not valid. Loading of assembly skipped.
Assembly Assembly-CSharp-firstpass.dll at Library/ScriptAssemblies/Assembly-CSharp-firstpass.dll not valid. Loading of assembly skipped.
Assembly DocCodeExamples.dll at Library/ScriptAssemblies/DocCodeExamples.dll not valid. Loading of assembly skipped.
Assembly TestNewCustomAssembly.dll at Library/ScriptAssemblies/TestNewCustomAssembly.dll not valid. Loading of assembly skipped.
Assembly Unity.Collections.BurstCompatibilityGen.dll at Library/ScriptAssemblies/Unity.Collections.BurstCompatibilityGen.dll not valid. Loading of assembly skipped.
Assembly Unity.Collections.DocCodeSamples.dll at Library/ScriptAssemblies/Unity.Collections.DocCodeSamples.dll not valid. Loading of assembly skipped.
Assembly Unity.Collections.PerformanceTests.dll at Library/ScriptAssemblies/Unity.Collections.PerformanceTests.dll not valid. Loading of assembly skipped.
Assembly Unity.Collections.Tests.dll at Library/ScriptAssemblies/Unity.Collections.Tests.dll not valid. Loading of assembly skipped.
Assembly Unity.Collections.Tests.Playmode.dll at Library/ScriptAssemblies/Unity.Collections.Tests.Playmode.dll not valid. Loading of assembly skipped.
Assembly Unity.InputSystem.IntegrationTests.dll at Library/ScriptAssemblies/Unity.InputSystem.IntegrationTests.dll not valid. Loading of assembly skipped.
Assembly Unity.Mathematics.Tests.dll at Library/ScriptAssemblies/Unity.Mathematics.Tests.dll not valid. Loading of assembly skipped.
Assembly Unity.Multiplayer.Center.Editor.Tests.dll at Library/ScriptAssemblies/Unity.Multiplayer.Center.Editor.Tests.dll not valid. Loading of assembly skipped.
Assembly Unity.Multiplayer.Center.Tests.dll at Library/ScriptAssemblies/Unity.Multiplayer.Center.Tests.dll not valid. Loading of assembly skipped.
Assembly Unity.Nuget.Mono-Cecil.dll at Library/ScriptAssemblies/Unity.Nuget.Mono-Cecil.dll not valid. Loading of assembly skipped.
Assembly Unity.PathTracing.Editor.Tests.dll at Library/ScriptAssemblies/Unity.PathTracing.Editor.Tests.dll not valid. Loading of assembly skipped.
Assembly Unity.PathTracing.Runtime.Tests.dll at Library/ScriptAssemblies/Unity.PathTracing.Runtime.Tests.dll not valid. Loading of assembly skipped.
Assembly Unity.RenderPipelines.Core.Editor.Tests.dll at Library/ScriptAssemblies/Unity.RenderPipelines.Core.Editor.Tests.dll not valid. Loading of assembly skipped.
Assembly Unity.RenderPipelines.Core.Runtime.Tests.dll at Library/ScriptAssemblies/Unity.RenderPipelines.Core.Runtime.Tests.dll not valid. Loading of assembly skipped.
Assembly Unity.RenderPipelines.Universal.Config.Editor.Tests.dll at Library/ScriptAssemblies/Unity.RenderPipelines.Universal.Config.Editor.Tests.dll not valid. Loading of assembly skipped.
Assembly Unity.RenderPipelines.Universal.Editor.Tests.dll at Library/ScriptAssemblies/Unity.RenderPipelines.Universal.Editor.Tests.dll not valid. Loading of assembly skipped.
Assembly Unity.RenderPipelines.Universal.Runtime.Tests.dll at Library/ScriptAssemblies/Unity.RenderPipelines.Universal.Runtime.Tests.dll not valid. Loading of assembly skipped.
Assembly Unity.Searcher.EditorTests.dll at Library/ScriptAssemblies/Unity.Searcher.EditorTests.dll not valid. Loading of assembly skipped.
Assembly Unity.ShaderGraph.Editor.Tests.dll at Library/ScriptAssemblies/Unity.ShaderGraph.Editor.Tests.dll not valid. Loading of assembly skipped.
Assembly Unity.TextMeshPro.Editor.Tests.dll at Library/ScriptAssemblies/Unity.TextMeshPro.Editor.Tests.dll not valid. Loading of assembly skipped.
Assembly Unity.TextMeshPro.Tests.dll at Library/ScriptAssemblies/Unity.TextMeshPro.Tests.dll not valid. Loading of assembly skipped.
Assembly Unity.UnifiedRayTracing.Editor.Tests.dll at Library/ScriptAssemblies/Unity.UnifiedRayTracing.Editor.Tests.dll not valid. Loading of assembly skipped.
Assembly Unity.XR.CoreUtils.CodeSamples.Tests.dll at Library/ScriptAssemblies/Unity.XR.CoreUtils.CodeSamples.Tests.dll not valid. Loading of assembly skipped.
Assembly Unity.XR.CoreUtils.Editor.Tests.dll at Library/ScriptAssemblies/Unity.XR.CoreUtils.Editor.Tests.dll not valid. Loading of assembly skipped.
Assembly Unity.XR.CoreUtils.Tests.dll at Library/ScriptAssemblies/Unity.XR.CoreUtils.Tests.dll not valid. Loading of assembly skipped.
Assembly Unity.XR.Interaction.Toolkit.Editor.Tests.dll at Library/ScriptAssemblies/Unity.XR.Interaction.Toolkit.Editor.Tests.dll not valid. Loading of assembly skipped.
Assembly Unity.XR.Interaction.Toolkit.Tests.dll at Library/ScriptAssemblies/Unity.XR.Interaction.Toolkit.Tests.dll not valid. Loading of assembly skipped.
Assembly Unity.XR.Management.EditorTests.dll at Library/ScriptAssemblies/Unity.XR.Management.EditorTests.dll not valid. Loading of assembly skipped.
Assembly Unity.XR.Management.TestPackage.dll at Library/ScriptAssemblies/Unity.XR.Management.TestPackage.dll not valid. Loading of assembly skipped.
Assembly Unity.XR.Management.TestPackage.Editor.dll at Library/ScriptAssemblies/Unity.XR.Management.TestPackage.Editor.dll not valid. Loading of assembly skipped.
Assembly Unity.XR.Management.Tests.dll at Library/ScriptAssemblies/Unity.XR.Management.Tests.dll not valid. Loading of assembly skipped.
Assembly Unity.XR.Management.Tests.Standalone.dll at Library/ScriptAssemblies/Unity.XR.Management.Tests.Standalone.dll not valid. Loading of assembly skipped.
Assembly Unity.XR.OpenXR.Editor.Tests.dll at Library/ScriptAssemblies/Unity.XR.OpenXR.Editor.Tests.dll not valid. Loading of assembly skipped.
Assembly Unity.XR.OpenXR.Tests.dll at Library/ScriptAssemblies/Unity.XR.OpenXR.Tests.dll not valid. Loading of assembly skipped.
Assembly Unity.XR.OpenXR.Ubuntu.Tests.dll at Library/ScriptAssemblies/Unity.XR.OpenXR.Ubuntu.Tests.dll not valid. Loading of assembly skipped.
Assembly Unity.XR.TestSupport.dll at Library/ScriptAssemblies/Unity.XR.TestSupport.dll not valid. Loading of assembly skipped.
Assembly UnityEditor.UI.Common.Tests.dll at Library/ScriptAssemblies/UnityEditor.UI.Common.Tests.dll not valid. Loading of assembly skipped.
Assembly UnityEditor.UI.EditorTests.dll at Library/ScriptAssemblies/UnityEditor.UI.EditorTests.dll not valid. Loading of assembly skipped.
Assembly UnityEditor.XR.LegacyInputHelpers.Tests.dll at Library/ScriptAssemblies/UnityEditor.XR.LegacyInputHelpers.Tests.dll not valid. Loading of assembly skipped.
Assembly UnityEngine.SpatialTracking.Tests.dll at Library/ScriptAssemblies/UnityEngine.SpatialTracking.Tests.dll not valid. Loading of assembly skipped.
Assembly UnityEngine.UI.Tests.dll at Library/ScriptAssemblies/UnityEngine.UI.Tests.dll not valid. Loading of assembly skipped.
Assembly UnityEngine.XR.OpenXR.CodeSamples.Editor.Tests.dll at Library/ScriptAssemblies/UnityEngine.XR.OpenXR.CodeSamples.Editor.Tests.dll not valid. Loading of assembly skipped.
Refreshing native plugins compatible for Editor in 4.98 ms, found 10 plugins.
Native extension for WindowsStandalone target not found
[Package Manager] Failed to launch server process. Reason: Unity was launched with the -noUpm command-line argument
[Package Manager] Unable to send message (not connected to server process).
[Package Manager] Cannot connect to Unity Package Manager local server
[Package Manager] Failed to launch server process. Reason: Unity was launched with the -noUpm command-line argument
[Package Manager] Unable to send message (not connected to server process).
[Package Manager] Cannot connect to Unity Package Manager local server
ScheduleIndexationOnStartup MainProcess:False IndexOnStartup:True
Mono: successfully reloaded assembly
[Package Manager] Failed to launch server process. Reason: Unity was launched with the -noUpm command-line argument
[Package Manager] Unable to send message (not connected to server process).
[Package Manager] Cannot connect to Unity Package Manager local server
- Finished resetting the current domain, in  0.737 seconds
Domain Reload Profiling: 2353ms
	BeginReloadAssembly (1189ms)
		DisableScriptedObjects (4ms)
		CreateAndSetChildDomain (1050ms)
	RebuildCommonClasses (28ms)
	RebuildNativeTypeToScriptingClass (9ms)
	initialDomainReloadingComplete (49ms)
	LoadAllAssembliesAndSetupDomain (341ms)
		LoadAssemblies (273ms)
		AnalyzeDomain (151ms)
			TypeCache.Refresh (8ms)
			BuildScriptInfoCaches (131ms)
			ResolveRequiredComponents (9ms)
	FinalizeReload (738ms)
		SetupLoadedEditorAssemblies (0ms)
			BeforeProcessingInitializeOnLoad (106ms)
			ProcessInitializeOnLoadAttributes (379ms)
			ProcessInitializeOnLoadMethodAttributes (98ms)
		AwakeInstancesAfterBackupRestoration (11ms)
Refreshing native plugins compatible for Editor in 4.75 ms, found 10 plugins.
Unloading 24 Unused Serialized files (Serialized files now loaded: 0)
Unloading 7687 unused Assets / (8.6 MB). Loaded Objects now: 8616.
Memory consumption went from 224.8 MB to 216.2 MB.
Total: 9.301000 ms (FindLiveObjects: 0.952800 ms CreateObjectMapping: 0.602900 ms MarkObjects: 3.791000 ms  DeleteObjects: 3.953500 ms)

Prepare: number of updated asset objects reloaded= 0
========================================================================
Received Import Request.
  Time since last request: 445.691650 seconds.
  path: Assets/Scenes/tomb1.unity
  importAddress: Guid(5104e6740f8e9704dbc8fabd653e146d) Importer(815301076,1909f56bfc062723c751e8b465ee728b)
Start importing Assets/Scenes/tomb1.unity using Guid(5104e6740f8e9704dbc8fabd653e146d) Importer(815301076,1909f56bfc062723c751e8b465ee728b) (PreviewImporter) -> (Import Result ID: 'ec84411828d2721101e03c2c1087229a') in 0.0028634 seconds [static and dynamic dependencies]. Details - ImportResultOutputID=07792a32ed7590b8c54ae26697ef4b23 DependenciesID=3ed44c6ca0a461590e5816d5aff43141 StaticDependenciesID=37b197a8df9e1ee8bbda5ed139fb198e 
Number of updated asset objects reloaded before import = 0Number of asset objects unloaded after import = 0

========================================================================
Received Prepare
Begin MonoManager ReloadAssembly
[Licensing::Client] Successfully resolved entitlement details
ADTM: Control thread waiting for realtime thread timed out, have to lock...
Assembly Assembly-CSharp-Editor-firstpass.dll at Library/ScriptAssemblies/Assembly-CSharp-Editor-firstpass.dll not valid. Loading of assembly skipped.
Assembly Assembly-CSharp-firstpass.dll at Library/ScriptAssemblies/Assembly-CSharp-firstpass.dll not valid. Loading of assembly skipped.
Assembly DocCodeExamples.dll at Library/ScriptAssemblies/DocCodeExamples.dll not valid. Loading of assembly skipped.
Assembly TestNewCustomAssembly.dll at Library/ScriptAssemblies/TestNewCustomAssembly.dll not valid. Loading of assembly skipped.
Assembly Unity.Collections.BurstCompatibilityGen.dll at Library/ScriptAssemblies/Unity.Collections.BurstCompatibilityGen.dll not valid. Loading of assembly skipped.
Assembly Unity.Collections.DocCodeSamples.dll at Library/ScriptAssemblies/Unity.Collections.DocCodeSamples.dll not valid. Loading of assembly skipped.
Assembly Unity.Collections.PerformanceTests.dll at Library/ScriptAssemblies/Unity.Collections.PerformanceTests.dll not valid. Loading of assembly skipped.
Assembly Unity.Collections.Tests.dll at Library/ScriptAssemblies/Unity.Collections.Tests.dll not valid. Loading of assembly skipped.
Assembly Unity.Collections.Tests.Playmode.dll at Library/ScriptAssemblies/Unity.Collections.Tests.Playmode.dll not valid. Loading of assembly skipped.
Assembly Unity.InputSystem.IntegrationTests.dll at Library/ScriptAssemblies/Unity.InputSystem.IntegrationTests.dll not valid. Loading of assembly skipped.
Assembly Unity.Mathematics.Tests.dll at Library/ScriptAssemblies/Unity.Mathematics.Tests.dll not valid. Loading of assembly skipped.
Assembly Unity.Multiplayer.Center.Editor.Tests.dll at Library/ScriptAssemblies/Unity.Multiplayer.Center.Editor.Tests.dll not valid. Loading of assembly skipped.
Assembly Unity.Multiplayer.Center.Tests.dll at Library/ScriptAssemblies/Unity.Multiplayer.Center.Tests.dll not valid. Loading of assembly skipped.
Assembly Unity.Nuget.Mono-Cecil.dll at Library/ScriptAssemblies/Unity.Nuget.Mono-Cecil.dll not valid. Loading of assembly skipped.
Assembly Unity.PathTracing.Editor.Tests.dll at Library/ScriptAssemblies/Unity.PathTracing.Editor.Tests.dll not valid. Loading of assembly skipped.
Assembly Unity.PathTracing.Runtime.Tests.dll at Library/ScriptAssemblies/Unity.PathTracing.Runtime.Tests.dll not valid. Loading of assembly skipped.
Assembly Unity.RenderPipelines.Core.Editor.Tests.dll at Library/ScriptAssemblies/Unity.RenderPipelines.Core.Editor.Tests.dll not valid. Loading of assembly skipped.
Assembly Unity.RenderPipelines.Core.Runtime.Tests.dll at Library/ScriptAssemblies/Unity.RenderPipelines.Core.Runtime.Tests.dll not valid. Loading of assembly skipped.
Assembly Unity.RenderPipelines.Universal.Config.Editor.Tests.dll at Library/ScriptAssemblies/Unity.RenderPipelines.Universal.Config.Editor.Tests.dll not valid. Loading of assembly skipped.
Assembly Unity.RenderPipelines.Universal.Editor.Tests.dll at Library/ScriptAssemblies/Unity.RenderPipelines.Universal.Editor.Tests.dll not valid. Loading of assembly skipped.
Assembly Unity.RenderPipelines.Universal.Runtime.Tests.dll at Library/ScriptAssemblies/Unity.RenderPipelines.Universal.Runtime.Tests.dll not valid. Loading of assembly skipped.
Assembly Unity.Searcher.EditorTests.dll at Library/ScriptAssemblies/Unity.Searcher.EditorTests.dll not valid. Loading of assembly skipped.
Assembly Unity.ShaderGraph.Editor.Tests.dll at Library/ScriptAssemblies/Unity.ShaderGraph.Editor.Tests.dll not valid. Loading of assembly skipped.
Assembly Unity.TextMeshPro.Editor.Tests.dll at Library/ScriptAssemblies/Unity.TextMeshPro.Editor.Tests.dll not valid. Loading of assembly skipped.
Assembly Unity.TextMeshPro.Tests.dll at Library/ScriptAssemblies/Unity.TextMeshPro.Tests.dll not valid. Loading of assembly skipped.
Assembly Unity.UnifiedRayTracing.Editor.Tests.dll at Library/ScriptAssemblies/Unity.UnifiedRayTracing.Editor.Tests.dll not valid. Loading of assembly skipped.
Assembly Unity.XR.CoreUtils.CodeSamples.Tests.dll at Library/ScriptAssemblies/Unity.XR.CoreUtils.CodeSamples.Tests.dll not valid. Loading of assembly skipped.
Assembly Unity.XR.CoreUtils.Editor.Tests.dll at Library/ScriptAssemblies/Unity.XR.CoreUtils.Editor.Tests.dll not valid. Loading of assembly skipped.
Assembly Unity.XR.CoreUtils.Tests.dll at Library/ScriptAssemblies/Unity.XR.CoreUtils.Tests.dll not valid. Loading of assembly skipped.
Assembly Unity.XR.Interaction.Toolkit.Editor.Tests.dll at Library/ScriptAssemblies/Unity.XR.Interaction.Toolkit.Editor.Tests.dll not valid. Loading of assembly skipped.
Assembly Unity.XR.Interaction.Toolkit.Tests.dll at Library/ScriptAssemblies/Unity.XR.Interaction.Toolkit.Tests.dll not valid. Loading of assembly skipped.
Assembly Unity.XR.Management.EditorTests.dll at Library/ScriptAssemblies/Unity.XR.Management.EditorTests.dll not valid. Loading of assembly skipped.
Assembly Unity.XR.Management.TestPackage.dll at Library/ScriptAssemblies/Unity.XR.Management.TestPackage.dll not valid. Loading of assembly skipped.
Assembly Unity.XR.Management.TestPackage.Editor.dll at Library/ScriptAssemblies/Unity.XR.Management.TestPackage.Editor.dll not valid. Loading of assembly skipped.
Assembly Unity.XR.Management.Tests.dll at Library/ScriptAssemblies/Unity.XR.Management.Tests.dll not valid. Loading of assembly skipped.
Assembly Unity.XR.Management.Tests.Standalone.dll at Library/ScriptAssemblies/Unity.XR.Management.Tests.Standalone.dll not valid. Loading of assembly skipped.
Assembly Unity.XR.OpenXR.Editor.Tests.dll at Library/ScriptAssemblies/Unity.XR.OpenXR.Editor.Tests.dll not valid. Loading of assembly skipped.
Assembly Unity.XR.OpenXR.Tests.dll at Library/ScriptAssemblies/Unity.XR.OpenXR.Tests.dll not valid. Loading of assembly skipped.
Assembly Unity.XR.OpenXR.Ubuntu.Tests.dll at Library/ScriptAssemblies/Unity.XR.OpenXR.Ubuntu.Tests.dll not valid. Loading of assembly skipped.
Assembly Unity.XR.TestSupport.dll at Library/ScriptAssemblies/Unity.XR.TestSupport.dll not valid. Loading of assembly skipped.
Assembly UnityEditor.UI.Common.Tests.dll at Library/ScriptAssemblies/UnityEditor.UI.Common.Tests.dll not valid. Loading of assembly skipped.
Assembly UnityEditor.UI.EditorTests.dll at Library/ScriptAssemblies/UnityEditor.UI.EditorTests.dll not valid. Loading of assembly skipped.
Assembly UnityEditor.XR.LegacyInputHelpers.Tests.dll at Library/ScriptAssemblies/UnityEditor.XR.LegacyInputHelpers.Tests.dll not valid. Loading of assembly skipped.
Assembly UnityEngine.SpatialTracking.Tests.dll at Library/ScriptAssemblies/UnityEngine.SpatialTracking.Tests.dll not valid. Loading of assembly skipped.
Assembly UnityEngine.UI.Tests.dll at Library/ScriptAssemblies/UnityEngine.UI.Tests.dll not valid. Loading of assembly skipped.
Assembly UnityEngine.XR.OpenXR.CodeSamples.Editor.Tests.dll at Library/ScriptAssemblies/UnityEngine.XR.OpenXR.CodeSamples.Editor.Tests.dll not valid. Loading of assembly skipped.
Refreshing native plugins compatible for Editor in 4.82 ms, found 10 plugins.
Native extension for WindowsStandalone target not found
[Package Manager] Failed to launch server process. Reason: Unity was launched with the -noUpm command-line argument
[Package Manager] Unable to send message (not connected to server process).
[Package Manager] Cannot connect to Unity Package Manager local server
[Package Manager] Failed to launch server process. Reason: Unity was launched with the -noUpm command-line argument
[Package Manager] Unable to send message (not connected to server process).
[Package Manager] Cannot connect to Unity Package Manager local server
ScheduleIndexationOnStartup MainProcess:False IndexOnStartup:True
Mono: successfully reloaded assembly
[Package Manager] Failed to launch server process. Reason: Unity was launched with the -noUpm command-line argument
[Package Manager] Unable to send message (not connected to server process).
[Package Manager] Cannot connect to Unity Package Manager local server
- Finished resetting the current domain, in  0.737 seconds
Domain Reload Profiling: 2386ms
	BeginReloadAssembly (1193ms)
		DisableScriptedObjects (4ms)
		CreateAndSetChildDomain (1050ms)
	RebuildCommonClasses (27ms)
	RebuildNativeTypeToScriptingClass (9ms)
	initialDomainReloadingComplete (49ms)
	LoadAllAssembliesAndSetupDomain (370ms)
		LoadAssemblies (284ms)
		AnalyzeDomain (170ms)
			TypeCache.Refresh (10ms)
			BuildScriptInfoCaches (147ms)
			ResolveRequiredComponents (10ms)
	FinalizeReload (737ms)
		SetupLoadedEditorAssemblies (0ms)
			BeforeProcessingInitializeOnLoad (105ms)
			ProcessInitializeOnLoadAttributes (372ms)
			ProcessInitializeOnLoadMethodAttributes (100ms)
		AwakeInstancesAfterBackupRestoration (12ms)
Refreshing native plugins compatible for Editor in 5.82 ms, found 10 plugins.
Unloading 24 Unused Serialized files (Serialized files now loaded: 0)
Unloading 7687 unused Assets / (8.2 MB). Loaded Objects now: 8619.
Memory consumption went from 221.6 MB to 213.4 MB.
Total: 9.375200 ms (FindLiveObjects: 0.849100 ms CreateObjectMapping: 0.739600 ms MarkObjects: 3.890700 ms  DeleteObjects: 3.894300 ms)

Prepare: number of updated asset objects reloaded= 0
========================================================================
Received Prepare
Begin MonoManager ReloadAssembly
[Licensing::Client] Successfully resolved entitlement details
ADTM: Control thread waiting for realtime thread timed out, have to lock...
Assembly Assembly-CSharp-Editor-firstpass.dll at Library/ScriptAssemblies/Assembly-CSharp-Editor-firstpass.dll not valid. Loading of assembly skipped.
Assembly Assembly-CSharp-firstpass.dll at Library/ScriptAssemblies/Assembly-CSharp-firstpass.dll not valid. Loading of assembly skipped.
Assembly DocCodeExamples.dll at Library/ScriptAssemblies/DocCodeExamples.dll not valid. Loading of assembly skipped.
Assembly TestNewCustomAssembly.dll at Library/ScriptAssemblies/TestNewCustomAssembly.dll not valid. Loading of assembly skipped.
Assembly Unity.Collections.BurstCompatibilityGen.dll at Library/ScriptAssemblies/Unity.Collections.BurstCompatibilityGen.dll not valid. Loading of assembly skipped.
Assembly Unity.Collections.DocCodeSamples.dll at Library/ScriptAssemblies/Unity.Collections.DocCodeSamples.dll not valid. Loading of assembly skipped.
Assembly Unity.Collections.PerformanceTests.dll at Library/ScriptAssemblies/Unity.Collections.PerformanceTests.dll not valid. Loading of assembly skipped.
Assembly Unity.Collections.Tests.dll at Library/ScriptAssemblies/Unity.Collections.Tests.dll not valid. Loading of assembly skipped.
Assembly Unity.Collections.Tests.Playmode.dll at Library/ScriptAssemblies/Unity.Collections.Tests.Playmode.dll not valid. Loading of assembly skipped.
Assembly Unity.InputSystem.IntegrationTests.dll at Library/ScriptAssemblies/Unity.InputSystem.IntegrationTests.dll not valid. Loading of assembly skipped.
Assembly Unity.Mathematics.Tests.dll at Library/ScriptAssemblies/Unity.Mathematics.Tests.dll not valid. Loading of assembly skipped.
Assembly Unity.Multiplayer.Center.Editor.Tests.dll at Library/ScriptAssemblies/Unity.Multiplayer.Center.Editor.Tests.dll not valid. Loading of assembly skipped.
Assembly Unity.Multiplayer.Center.Tests.dll at Library/ScriptAssemblies/Unity.Multiplayer.Center.Tests.dll not valid. Loading of assembly skipped.
Assembly Unity.Nuget.Mono-Cecil.dll at Library/ScriptAssemblies/Unity.Nuget.Mono-Cecil.dll not valid. Loading of assembly skipped.
Assembly Unity.PathTracing.Editor.Tests.dll at Library/ScriptAssemblies/Unity.PathTracing.Editor.Tests.dll not valid. Loading of assembly skipped.
Assembly Unity.PathTracing.Runtime.Tests.dll at Library/ScriptAssemblies/Unity.PathTracing.Runtime.Tests.dll not valid. Loading of assembly skipped.
Assembly Unity.RenderPipelines.Core.Editor.Tests.dll at Library/ScriptAssemblies/Unity.RenderPipelines.Core.Editor.Tests.dll not valid. Loading of assembly skipped.
Assembly Unity.RenderPipelines.Core.Runtime.Tests.dll at Library/ScriptAssemblies/Unity.RenderPipelines.Core.Runtime.Tests.dll not valid. Loading of assembly skipped.
Assembly Unity.RenderPipelines.Universal.Config.Editor.Tests.dll at Library/ScriptAssemblies/Unity.RenderPipelines.Universal.Config.Editor.Tests.dll not valid. Loading of assembly skipped.
Assembly Unity.RenderPipelines.Universal.Editor.Tests.dll at Library/ScriptAssemblies/Unity.RenderPipelines.Universal.Editor.Tests.dll not valid. Loading of assembly skipped.
Assembly Unity.RenderPipelines.Universal.Runtime.Tests.dll at Library/ScriptAssemblies/Unity.RenderPipelines.Universal.Runtime.Tests.dll not valid. Loading of assembly skipped.
Assembly Unity.Searcher.EditorTests.dll at Library/ScriptAssemblies/Unity.Searcher.EditorTests.dll not valid. Loading of assembly skipped.
Assembly Unity.ShaderGraph.Editor.Tests.dll at Library/ScriptAssemblies/Unity.ShaderGraph.Editor.Tests.dll not valid. Loading of assembly skipped.
Assembly Unity.TextMeshPro.Editor.Tests.dll at Library/ScriptAssemblies/Unity.TextMeshPro.Editor.Tests.dll not valid. Loading of assembly skipped.
Assembly Unity.TextMeshPro.Tests.dll at Library/ScriptAssemblies/Unity.TextMeshPro.Tests.dll not valid. Loading of assembly skipped.
Assembly Unity.UnifiedRayTracing.Editor.Tests.dll at Library/ScriptAssemblies/Unity.UnifiedRayTracing.Editor.Tests.dll not valid. Loading of assembly skipped.
Assembly Unity.XR.CoreUtils.CodeSamples.Tests.dll at Library/ScriptAssemblies/Unity.XR.CoreUtils.CodeSamples.Tests.dll not valid. Loading of assembly skipped.
Assembly Unity.XR.CoreUtils.Editor.Tests.dll at Library/ScriptAssemblies/Unity.XR.CoreUtils.Editor.Tests.dll not valid. Loading of assembly skipped.
Assembly Unity.XR.CoreUtils.Tests.dll at Library/ScriptAssemblies/Unity.XR.CoreUtils.Tests.dll not valid. Loading of assembly skipped.
Assembly Unity.XR.Interaction.Toolkit.Editor.Tests.dll at Library/ScriptAssemblies/Unity.XR.Interaction.Toolkit.Editor.Tests.dll not valid. Loading of assembly skipped.
Assembly Unity.XR.Interaction.Toolkit.Tests.dll at Library/ScriptAssemblies/Unity.XR.Interaction.Toolkit.Tests.dll not valid. Loading of assembly skipped.
Assembly Unity.XR.Management.EditorTests.dll at Library/ScriptAssemblies/Unity.XR.Management.EditorTests.dll not valid. Loading of assembly skipped.
Assembly Unity.XR.Management.TestPackage.dll at Library/ScriptAssemblies/Unity.XR.Management.TestPackage.dll not valid. Loading of assembly skipped.
Assembly Unity.XR.Management.TestPackage.Editor.dll at Library/ScriptAssemblies/Unity.XR.Management.TestPackage.Editor.dll not valid. Loading of assembly skipped.
Assembly Unity.XR.Management.Tests.dll at Library/ScriptAssemblies/Unity.XR.Management.Tests.dll not valid. Loading of assembly skipped.
Assembly Unity.XR.Management.Tests.Standalone.dll at Library/ScriptAssemblies/Unity.XR.Management.Tests.Standalone.dll not valid. Loading of assembly skipped.
Assembly Unity.XR.OpenXR.Editor.Tests.dll at Library/ScriptAssemblies/Unity.XR.OpenXR.Editor.Tests.dll not valid. Loading of assembly skipped.
Assembly Unity.XR.OpenXR.Tests.dll at Library/ScriptAssemblies/Unity.XR.OpenXR.Tests.dll not valid. Loading of assembly skipped.
Assembly Unity.XR.OpenXR.Ubuntu.Tests.dll at Library/ScriptAssemblies/Unity.XR.OpenXR.Ubuntu.Tests.dll not valid. Loading of assembly skipped.
Assembly Unity.XR.TestSupport.dll at Library/ScriptAssemblies/Unity.XR.TestSupport.dll not valid. Loading of assembly skipped.
Assembly UnityEditor.UI.Common.Tests.dll at Library/ScriptAssemblies/UnityEditor.UI.Common.Tests.dll not valid. Loading of assembly skipped.
Assembly UnityEditor.UI.EditorTests.dll at Library/ScriptAssemblies/UnityEditor.UI.EditorTests.dll not valid. Loading of assembly skipped.
Assembly UnityEditor.XR.LegacyInputHelpers.Tests.dll at Library/ScriptAssemblies/UnityEditor.XR.LegacyInputHelpers.Tests.dll not valid. Loading of assembly skipped.
Assembly UnityEngine.SpatialTracking.Tests.dll at Library/ScriptAssemblies/UnityEngine.SpatialTracking.Tests.dll not valid. Loading of assembly skipped.
Assembly UnityEngine.UI.Tests.dll at Library/ScriptAssemblies/UnityEngine.UI.Tests.dll not valid. Loading of assembly skipped.
Assembly UnityEngine.XR.OpenXR.CodeSamples.Editor.Tests.dll at Library/ScriptAssemblies/UnityEngine.XR.OpenXR.CodeSamples.Editor.Tests.dll not valid. Loading of assembly skipped.
Refreshing native plugins compatible for Editor in 4.68 ms, found 10 plugins.
Native extension for WindowsStandalone target not found
[Package Manager] Failed to launch server process. Reason: Unity was launched with the -noUpm command-line argument
[Package Manager] Unable to send message (not connected to server process).
[Package Manager] Cannot connect to Unity Package Manager local server
[Package Manager] Failed to launch server process. Reason: Unity was launched with the -noUpm command-line argument
[Package Manager] Unable to send message (not connected to server process).
[Package Manager] Cannot connect to Unity Package Manager local server
ScheduleIndexationOnStartup MainProcess:False IndexOnStartup:True
Mono: successfully reloaded assembly
[Package Manager] Failed to launch server process. Reason: Unity was launched with the -noUpm command-line argument
[Package Manager] Unable to send message (not connected to server process).
[Package Manager] Cannot connect to Unity Package Manager local server
- Finished resetting the current domain, in  0.819 seconds
Domain Reload Profiling: 2515ms
	BeginReloadAssembly (1203ms)
		DisableScriptedObjects (4ms)
		CreateAndSetChildDomain (1052ms)
	RebuildCommonClasses (30ms)
	RebuildNativeTypeToScriptingClass (10ms)
	initialDomainReloadingComplete (57ms)
	LoadAllAssembliesAndSetupDomain (396ms)
		LoadAssemblies (301ms)
		AnalyzeDomain (183ms)
			TypeCache.Refresh (11ms)
			BuildScriptInfoCaches (157ms)
			ResolveRequiredComponents (13ms)
	FinalizeReload (820ms)
		SetupLoadedEditorAssemblies (0ms)
			BeforeProcessingInitializeOnLoad (124ms)
			ProcessInitializeOnLoadAttributes (385ms)
			ProcessInitializeOnLoadMethodAttributes (111ms)
		AwakeInstancesAfterBackupRestoration (14ms)
Refreshing native plugins compatible for Editor in 5.17 ms, found 10 plugins.
Unloading 24 Unused Serialized files (Serialized files now loaded: 0)
Unloading 7687 unused Assets / (8.2 MB). Loaded Objects now: 8622.
Memory consumption went from 224.8 MB to 216.6 MB.
Total: 9.400900 ms (FindLiveObjects: 0.829400 ms CreateObjectMapping: 0.728700 ms MarkObjects: 3.899100 ms  DeleteObjects: 3.942800 ms)

Prepare: number of updated asset objects reloaded= 0
========================================================================
Received Prepare
Begin MonoManager ReloadAssembly
[Licensing::Client] Successfully resolved entitlement details
ADTM: Control thread waiting for realtime thread timed out, have to lock...
Assembly Assembly-CSharp-Editor-firstpass.dll at Library/ScriptAssemblies/Assembly-CSharp-Editor-firstpass.dll not valid. Loading of assembly skipped.
Assembly Assembly-CSharp-firstpass.dll at Library/ScriptAssemblies/Assembly-CSharp-firstpass.dll not valid. Loading of assembly skipped.
Assembly DocCodeExamples.dll at Library/ScriptAssemblies/DocCodeExamples.dll not valid. Loading of assembly skipped.
Assembly TestNewCustomAssembly.dll at Library/ScriptAssemblies/TestNewCustomAssembly.dll not valid. Loading of assembly skipped.
Assembly Unity.Collections.BurstCompatibilityGen.dll at Library/ScriptAssemblies/Unity.Collections.BurstCompatibilityGen.dll not valid. Loading of assembly skipped.
Assembly Unity.Collections.DocCodeSamples.dll at Library/ScriptAssemblies/Unity.Collections.DocCodeSamples.dll not valid. Loading of assembly skipped.
Assembly Unity.Collections.PerformanceTests.dll at Library/ScriptAssemblies/Unity.Collections.PerformanceTests.dll not valid. Loading of assembly skipped.
Assembly Unity.Collections.Tests.dll at Library/ScriptAssemblies/Unity.Collections.Tests.dll not valid. Loading of assembly skipped.
Assembly Unity.Collections.Tests.Playmode.dll at Library/ScriptAssemblies/Unity.Collections.Tests.Playmode.dll not valid. Loading of assembly skipped.
Assembly Unity.InputSystem.IntegrationTests.dll at Library/ScriptAssemblies/Unity.InputSystem.IntegrationTests.dll not valid. Loading of assembly skipped.
Assembly Unity.Mathematics.Tests.dll at Library/ScriptAssemblies/Unity.Mathematics.Tests.dll not valid. Loading of assembly skipped.
Assembly Unity.Multiplayer.Center.Editor.Tests.dll at Library/ScriptAssemblies/Unity.Multiplayer.Center.Editor.Tests.dll not valid. Loading of assembly skipped.
Assembly Unity.Multiplayer.Center.Tests.dll at Library/ScriptAssemblies/Unity.Multiplayer.Center.Tests.dll not valid. Loading of assembly skipped.
Assembly Unity.Nuget.Mono-Cecil.dll at Library/ScriptAssemblies/Unity.Nuget.Mono-Cecil.dll not valid. Loading of assembly skipped.
Assembly Unity.PathTracing.Editor.Tests.dll at Library/ScriptAssemblies/Unity.PathTracing.Editor.Tests.dll not valid. Loading of assembly skipped.
Assembly Unity.PathTracing.Runtime.Tests.dll at Library/ScriptAssemblies/Unity.PathTracing.Runtime.Tests.dll not valid. Loading of assembly skipped.
Assembly Unity.RenderPipelines.Core.Editor.Tests.dll at Library/ScriptAssemblies/Unity.RenderPipelines.Core.Editor.Tests.dll not valid. Loading of assembly skipped.
Assembly Unity.RenderPipelines.Core.Runtime.Tests.dll at Library/ScriptAssemblies/Unity.RenderPipelines.Core.Runtime.Tests.dll not valid. Loading of assembly skipped.
Assembly Unity.RenderPipelines.Universal.Config.Editor.Tests.dll at Library/ScriptAssemblies/Unity.RenderPipelines.Universal.Config.Editor.Tests.dll not valid. Loading of assembly skipped.
Assembly Unity.RenderPipelines.Universal.Editor.Tests.dll at Library/ScriptAssemblies/Unity.RenderPipelines.Universal.Editor.Tests.dll not valid. Loading of assembly skipped.
Assembly Unity.RenderPipelines.Universal.Runtime.Tests.dll at Library/ScriptAssemblies/Unity.RenderPipelines.Universal.Runtime.Tests.dll not valid. Loading of assembly skipped.
Assembly Unity.Searcher.EditorTests.dll at Library/ScriptAssemblies/Unity.Searcher.EditorTests.dll not valid. Loading of assembly skipped.
Assembly Unity.ShaderGraph.Editor.Tests.dll at Library/ScriptAssemblies/Unity.ShaderGraph.Editor.Tests.dll not valid. Loading of assembly skipped.
Assembly Unity.TextMeshPro.Editor.Tests.dll at Library/ScriptAssemblies/Unity.TextMeshPro.Editor.Tests.dll not valid. Loading of assembly skipped.
Assembly Unity.TextMeshPro.Tests.dll at Library/ScriptAssemblies/Unity.TextMeshPro.Tests.dll not valid. Loading of assembly skipped.
Assembly Unity.UnifiedRayTracing.Editor.Tests.dll at Library/ScriptAssemblies/Unity.UnifiedRayTracing.Editor.Tests.dll not valid. Loading of assembly skipped.
Assembly Unity.XR.CoreUtils.CodeSamples.Tests.dll at Library/ScriptAssemblies/Unity.XR.CoreUtils.CodeSamples.Tests.dll not valid. Loading of assembly skipped.
Assembly Unity.XR.CoreUtils.Editor.Tests.dll at Library/ScriptAssemblies/Unity.XR.CoreUtils.Editor.Tests.dll not valid. Loading of assembly skipped.
Assembly Unity.XR.CoreUtils.Tests.dll at Library/ScriptAssemblies/Unity.XR.CoreUtils.Tests.dll not valid. Loading of assembly skipped.
Assembly Unity.XR.Interaction.Toolkit.Editor.Tests.dll at Library/ScriptAssemblies/Unity.XR.Interaction.Toolkit.Editor.Tests.dll not valid. Loading of assembly skipped.
Assembly Unity.XR.Interaction.Toolkit.Tests.dll at Library/ScriptAssemblies/Unity.XR.Interaction.Toolkit.Tests.dll not valid. Loading of assembly skipped.
Assembly Unity.XR.Management.EditorTests.dll at Library/ScriptAssemblies/Unity.XR.Management.EditorTests.dll not valid. Loading of assembly skipped.
Assembly Unity.XR.Management.TestPackage.dll at Library/ScriptAssemblies/Unity.XR.Management.TestPackage.dll not valid. Loading of assembly skipped.
Assembly Unity.XR.Management.TestPackage.Editor.dll at Library/ScriptAssemblies/Unity.XR.Management.TestPackage.Editor.dll not valid. Loading of assembly skipped.
Assembly Unity.XR.Management.Tests.dll at Library/ScriptAssemblies/Unity.XR.Management.Tests.dll not valid. Loading of assembly skipped.
Assembly Unity.XR.Management.Tests.Standalone.dll at Library/ScriptAssemblies/Unity.XR.Management.Tests.Standalone.dll not valid. Loading of assembly skipped.
Assembly Unity.XR.OpenXR.Editor.Tests.dll at Library/ScriptAssemblies/Unity.XR.OpenXR.Editor.Tests.dll not valid. Loading of assembly skipped.
Assembly Unity.XR.OpenXR.Tests.dll at Library/ScriptAssemblies/Unity.XR.OpenXR.Tests.dll not valid. Loading of assembly skipped.
Assembly Unity.XR.OpenXR.Ubuntu.Tests.dll at Library/ScriptAssemblies/Unity.XR.OpenXR.Ubuntu.Tests.dll not valid. Loading of assembly skipped.
Assembly Unity.XR.TestSupport.dll at Library/ScriptAssemblies/Unity.XR.TestSupport.dll not valid. Loading of assembly skipped.
Assembly UnityEditor.UI.Common.Tests.dll at Library/ScriptAssemblies/UnityEditor.UI.Common.Tests.dll not valid. Loading of assembly skipped.
Assembly UnityEditor.UI.EditorTests.dll at Library/ScriptAssemblies/UnityEditor.UI.EditorTests.dll not valid. Loading of assembly skipped.
Assembly UnityEditor.XR.LegacyInputHelpers.Tests.dll at Library/ScriptAssemblies/UnityEditor.XR.LegacyInputHelpers.Tests.dll not valid. Loading of assembly skipped.
Assembly UnityEngine.SpatialTracking.Tests.dll at Library/ScriptAssemblies/UnityEngine.SpatialTracking.Tests.dll not valid. Loading of assembly skipped.
Assembly UnityEngine.UI.Tests.dll at Library/ScriptAssemblies/UnityEngine.UI.Tests.dll not valid. Loading of assembly skipped.
Assembly UnityEngine.XR.OpenXR.CodeSamples.Editor.Tests.dll at Library/ScriptAssemblies/UnityEngine.XR.OpenXR.CodeSamples.Editor.Tests.dll not valid. Loading of assembly skipped.
Refreshing native plugins compatible for Editor in 5.45 ms, found 10 plugins.
Native extension for WindowsStandalone target not found
[Package Manager] Failed to launch server process. Reason: Unity was launched with the -noUpm command-line argument
[Package Manager] Unable to send message (not connected to server process).
[Package Manager] Cannot connect to Unity Package Manager local server
[Package Manager] Failed to launch server process. Reason: Unity was launched with the -noUpm command-line argument
[Package Manager] Unable to send message (not connected to server process).
[Package Manager] Cannot connect to Unity Package Manager local server
ScheduleIndexationOnStartup MainProcess:False IndexOnStartup:True
Mono: successfully reloaded assembly
[Package Manager] Failed to launch server process. Reason: Unity was launched with the -noUpm command-line argument
[Package Manager] Unable to send message (not connected to server process).
[Package Manager] Cannot connect to Unity Package Manager local server
- Finished resetting the current domain, in  0.830 seconds
Domain Reload Profiling: 2479ms
	BeginReloadAssembly (1202ms)
		DisableScriptedObjects (4ms)
		CreateAndSetChildDomain (1062ms)
	RebuildCommonClasses (28ms)
	RebuildNativeTypeToScriptingClass (10ms)
	initialDomainReloadingComplete (45ms)
	LoadAllAssembliesAndSetupDomain (363ms)
		LoadAssemblies (291ms)
		AnalyzeDomain (153ms)
			TypeCache.Refresh (11ms)
			BuildScriptInfoCaches (131ms)
			ResolveRequiredComponents (10ms)
	FinalizeReload (831ms)
		SetupLoadedEditorAssemblies (0ms)
			BeforeProcessingInitializeOnLoad (119ms)
			ProcessInitializeOnLoadAttributes (440ms)
			ProcessInitializeOnLoadMethodAttributes (115ms)
		AwakeInstancesAfterBackupRestoration (13ms)
Refreshing native plugins compatible for Editor in 6.01 ms, found 10 plugins.
Unloading 24 Unused Serialized files (Serialized files now loaded: 0)
Unloading 7687 unused Assets / (8.2 MB). Loaded Objects now: 8625.
Memory consumption went from 228.0 MB to 219.7 MB.
Total: 12.275500 ms (FindLiveObjects: 0.980300 ms CreateObjectMapping: 0.872700 ms MarkObjects: 5.928600 ms  DeleteObjects: 4.491600 ms)

Prepare: number of updated asset objects reloaded= 0
========================================================================
Received Prepare
Refreshing native plugins compatible for Editor in 5.25 ms, found 10 plugins.
Unloading 24 Unused Serialized files (Serialized files now loaded: 0)
Unloading 7634 unused Assets / (5.6 MB). Loaded Objects now: 8613.
Memory consumption went from 202.9 MB to 197.3 MB.
Total: 9.981200 ms (FindLiveObjects: 0.869600 ms CreateObjectMapping: 0.744900 ms MarkObjects: 5.720000 ms  DeleteObjects: 2.645900 ms)

Prepare: number of updated asset objects reloaded= 0
========================================================================
Received Prepare
Begin MonoManager ReloadAssembly
[Licensing::Client] Successfully resolved entitlement details
ADTM: Control thread waiting for realtime thread timed out, have to lock...
Assembly Assembly-CSharp-Editor-firstpass.dll at Library/ScriptAssemblies/Assembly-CSharp-Editor-firstpass.dll not valid. Loading of assembly skipped.
Assembly Assembly-CSharp-firstpass.dll at Library/ScriptAssemblies/Assembly-CSharp-firstpass.dll not valid. Loading of assembly skipped.
Assembly DocCodeExamples.dll at Library/ScriptAssemblies/DocCodeExamples.dll not valid. Loading of assembly skipped.
Assembly TestNewCustomAssembly.dll at Library/ScriptAssemblies/TestNewCustomAssembly.dll not valid. Loading of assembly skipped.
Assembly Unity.Collections.BurstCompatibilityGen.dll at Library/ScriptAssemblies/Unity.Collections.BurstCompatibilityGen.dll not valid. Loading of assembly skipped.
Assembly Unity.Collections.DocCodeSamples.dll at Library/ScriptAssemblies/Unity.Collections.DocCodeSamples.dll not valid. Loading of assembly skipped.
Assembly Unity.Collections.PerformanceTests.dll at Library/ScriptAssemblies/Unity.Collections.PerformanceTests.dll not valid. Loading of assembly skipped.
Assembly Unity.Collections.Tests.dll at Library/ScriptAssemblies/Unity.Collections.Tests.dll not valid. Loading of assembly skipped.
Assembly Unity.Collections.Tests.Playmode.dll at Library/ScriptAssemblies/Unity.Collections.Tests.Playmode.dll not valid. Loading of assembly skipped.
Assembly Unity.InputSystem.IntegrationTests.dll at Library/ScriptAssemblies/Unity.InputSystem.IntegrationTests.dll not valid. Loading of assembly skipped.
Assembly Unity.Mathematics.Tests.dll at Library/ScriptAssemblies/Unity.Mathematics.Tests.dll not valid. Loading of assembly skipped.
Assembly Unity.Multiplayer.Center.Editor.Tests.dll at Library/ScriptAssemblies/Unity.Multiplayer.Center.Editor.Tests.dll not valid. Loading of assembly skipped.
Assembly Unity.Multiplayer.Center.Tests.dll at Library/ScriptAssemblies/Unity.Multiplayer.Center.Tests.dll not valid. Loading of assembly skipped.
Assembly Unity.Nuget.Mono-Cecil.dll at Library/ScriptAssemblies/Unity.Nuget.Mono-Cecil.dll not valid. Loading of assembly skipped.
Assembly Unity.PathTracing.Editor.Tests.dll at Library/ScriptAssemblies/Unity.PathTracing.Editor.Tests.dll not valid. Loading of assembly skipped.
Assembly Unity.PathTracing.Runtime.Tests.dll at Library/ScriptAssemblies/Unity.PathTracing.Runtime.Tests.dll not valid. Loading of assembly skipped.
Assembly Unity.RenderPipelines.Core.Editor.Tests.dll at Library/ScriptAssemblies/Unity.RenderPipelines.Core.Editor.Tests.dll not valid. Loading of assembly skipped.
Assembly Unity.RenderPipelines.Core.Runtime.Tests.dll at Library/ScriptAssemblies/Unity.RenderPipelines.Core.Runtime.Tests.dll not valid. Loading of assembly skipped.
Assembly Unity.RenderPipelines.Universal.Config.Editor.Tests.dll at Library/ScriptAssemblies/Unity.RenderPipelines.Universal.Config.Editor.Tests.dll not valid. Loading of assembly skipped.
Assembly Unity.RenderPipelines.Universal.Editor.Tests.dll at Library/ScriptAssemblies/Unity.RenderPipelines.Universal.Editor.Tests.dll not valid. Loading of assembly skipped.
Assembly Unity.RenderPipelines.Universal.Runtime.Tests.dll at Library/ScriptAssemblies/Unity.RenderPipelines.Universal.Runtime.Tests.dll not valid. Loading of assembly skipped.
Assembly Unity.Searcher.EditorTests.dll at Library/ScriptAssemblies/Unity.Searcher.EditorTests.dll not valid. Loading of assembly skipped.
Assembly Unity.ShaderGraph.Editor.Tests.dll at Library/ScriptAssemblies/Unity.ShaderGraph.Editor.Tests.dll not valid. Loading of assembly skipped.
Assembly Unity.TextMeshPro.Editor.Tests.dll at Library/ScriptAssemblies/Unity.TextMeshPro.Editor.Tests.dll not valid. Loading of assembly skipped.
Assembly Unity.TextMeshPro.Tests.dll at Library/ScriptAssemblies/Unity.TextMeshPro.Tests.dll not valid. Loading of assembly skipped.
Assembly Unity.UnifiedRayTracing.Editor.Tests.dll at Library/ScriptAssemblies/Unity.UnifiedRayTracing.Editor.Tests.dll not valid. Loading of assembly skipped.
Assembly Unity.XR.CoreUtils.CodeSamples.Tests.dll at Library/ScriptAssemblies/Unity.XR.CoreUtils.CodeSamples.Tests.dll not valid. Loading of assembly skipped.
Assembly Unity.XR.CoreUtils.Editor.Tests.dll at Library/ScriptAssemblies/Unity.XR.CoreUtils.Editor.Tests.dll not valid. Loading of assembly skipped.
Assembly Unity.XR.CoreUtils.Tests.dll at Library/ScriptAssemblies/Unity.XR.CoreUtils.Tests.dll not valid. Loading of assembly skipped.
Assembly Unity.XR.Interaction.Toolkit.Editor.Tests.dll at Library/ScriptAssemblies/Unity.XR.Interaction.Toolkit.Editor.Tests.dll not valid. Loading of assembly skipped.
Assembly Unity.XR.Interaction.Toolkit.Tests.dll at Library/ScriptAssemblies/Unity.XR.Interaction.Toolkit.Tests.dll not valid. Loading of assembly skipped.
Assembly Unity.XR.Management.EditorTests.dll at Library/ScriptAssemblies/Unity.XR.Management.EditorTests.dll not valid. Loading of assembly skipped.
Assembly Unity.XR.Management.TestPackage.dll at Library/ScriptAssemblies/Unity.XR.Management.TestPackage.dll not valid. Loading of assembly skipped.
Assembly Unity.XR.Management.TestPackage.Editor.dll at Library/ScriptAssemblies/Unity.XR.Management.TestPackage.Editor.dll not valid. Loading of assembly skipped.
Assembly Unity.XR.Management.Tests.dll at Library/ScriptAssemblies/Unity.XR.Management.Tests.dll not valid. Loading of assembly skipped.
Assembly Unity.XR.Management.Tests.Standalone.dll at Library/ScriptAssemblies/Unity.XR.Management.Tests.Standalone.dll not valid. Loading of assembly skipped.
Assembly Unity.XR.OpenXR.Editor.Tests.dll at Library/ScriptAssemblies/Unity.XR.OpenXR.Editor.Tests.dll not valid. Loading of assembly skipped.
Assembly Unity.XR.OpenXR.Tests.dll at Library/ScriptAssemblies/Unity.XR.OpenXR.Tests.dll not valid. Loading of assembly skipped.
Assembly Unity.XR.OpenXR.Ubuntu.Tests.dll at Library/ScriptAssemblies/Unity.XR.OpenXR.Ubuntu.Tests.dll not valid. Loading of assembly skipped.
Assembly Unity.XR.TestSupport.dll at Library/ScriptAssemblies/Unity.XR.TestSupport.dll not valid. Loading of assembly skipped.
Assembly UnityEditor.UI.Common.Tests.dll at Library/ScriptAssemblies/UnityEditor.UI.Common.Tests.dll not valid. Loading of assembly skipped.
Assembly UnityEditor.UI.EditorTests.dll at Library/ScriptAssemblies/UnityEditor.UI.EditorTests.dll not valid. Loading of assembly skipped.
Assembly UnityEditor.XR.LegacyInputHelpers.Tests.dll at Library/ScriptAssemblies/UnityEditor.XR.LegacyInputHelpers.Tests.dll not valid. Loading of assembly skipped.
Assembly UnityEngine.SpatialTracking.Tests.dll at Library/ScriptAssemblies/UnityEngine.SpatialTracking.Tests.dll not valid. Loading of assembly skipped.
Assembly UnityEngine.UI.Tests.dll at Library/ScriptAssemblies/UnityEngine.UI.Tests.dll not valid. Loading of assembly skipped.
Assembly UnityEngine.XR.OpenXR.CodeSamples.Editor.Tests.dll at Library/ScriptAssemblies/UnityEngine.XR.OpenXR.CodeSamples.Editor.Tests.dll not valid. Loading of assembly skipped.
Refreshing native plugins compatible for Editor in 6.39 ms, found 10 plugins.
Native extension for WindowsStandalone target not found
[Package Manager] Failed to launch server process. Reason: Unity was launched with the -noUpm command-line argument
[Package Manager] Unable to send message (not connected to server process).
[Package Manager] Cannot connect to Unity Package Manager local server
[Package Manager] Failed to launch server process. Reason: Unity was launched with the -noUpm command-line argument
[Package Manager] Unable to send message (not connected to server process).
[Package Manager] Cannot connect to Unity Package Manager local server
ScheduleIndexationOnStartup MainProcess:False IndexOnStartup:True
Mono: successfully reloaded assembly
[Package Manager] Failed to launch server process. Reason: Unity was launched with the -noUpm command-line argument
[Package Manager] Unable to send message (not connected to server process).
[Package Manager] Cannot connect to Unity Package Manager local server
- Finished resetting the current domain, in  0.931 seconds
Domain Reload Profiling: 2679ms
	BeginReloadAssembly (1220ms)
		DisableScriptedObjects (4ms)
		CreateAndSetChildDomain (1059ms)
	RebuildCommonClasses (28ms)
	RebuildNativeTypeToScriptingClass (14ms)
	initialDomainReloadingComplete (60ms)
	LoadAllAssembliesAndSetupDomain (425ms)
		LoadAssemblies (337ms)
		AnalyzeDomain (185ms)
			TypeCache.Refresh (14ms)
			BuildScriptInfoCaches (158ms)
			ResolveRequiredComponents (11ms)
	FinalizeReload (932ms)
		SetupLoadedEditorAssemblies (0ms)
			BeforeProcessingInitializeOnLoad (137ms)
			ProcessInitializeOnLoadAttributes (487ms)
			ProcessInitializeOnLoadMethodAttributes (118ms)
		AwakeInstancesAfterBackupRestoration (13ms)
Refreshing native plugins compatible for Editor in 6.65 ms, found 10 plugins.
Unloading 24 Unused Serialized files (Serialized files now loaded: 0)
Unloading 7687 unused Assets / (8.4 MB). Loaded Objects now: 8628.
Memory consumption went from 234.3 MB to 225.9 MB.
Total: 10.385100 ms (FindLiveObjects: 0.905400 ms CreateObjectMapping: 0.832900 ms MarkObjects: 4.365100 ms  DeleteObjects: 4.280700 ms)

Prepare: number of updated asset objects reloaded= 0
========================================================================
Received Prepare
Begin MonoManager ReloadAssembly
[Licensing::Client] Successfully resolved entitlement details
ADTM: Control thread waiting for realtime thread timed out, have to lock...
Assembly Assembly-CSharp-Editor-firstpass.dll at Library/ScriptAssemblies/Assembly-CSharp-Editor-firstpass.dll not valid. Loading of assembly skipped.
Assembly Assembly-CSharp-firstpass.dll at Library/ScriptAssemblies/Assembly-CSharp-firstpass.dll not valid. Loading of assembly skipped.
Assembly DocCodeExamples.dll at Library/ScriptAssemblies/DocCodeExamples.dll not valid. Loading of assembly skipped.
Assembly TestNewCustomAssembly.dll at Library/ScriptAssemblies/TestNewCustomAssembly.dll not valid. Loading of assembly skipped.
Assembly Unity.Collections.BurstCompatibilityGen.dll at Library/ScriptAssemblies/Unity.Collections.BurstCompatibilityGen.dll not valid. Loading of assembly skipped.
Assembly Unity.Collections.DocCodeSamples.dll at Library/ScriptAssemblies/Unity.Collections.DocCodeSamples.dll not valid. Loading of assembly skipped.
Assembly Unity.Collections.PerformanceTests.dll at Library/ScriptAssemblies/Unity.Collections.PerformanceTests.dll not valid. Loading of assembly skipped.
Assembly Unity.Collections.Tests.dll at Library/ScriptAssemblies/Unity.Collections.Tests.dll not valid. Loading of assembly skipped.
Assembly Unity.Collections.Tests.Playmode.dll at Library/ScriptAssemblies/Unity.Collections.Tests.Playmode.dll not valid. Loading of assembly skipped.
Assembly Unity.InputSystem.IntegrationTests.dll at Library/ScriptAssemblies/Unity.InputSystem.IntegrationTests.dll not valid. Loading of assembly skipped.
Assembly Unity.Mathematics.Tests.dll at Library/ScriptAssemblies/Unity.Mathematics.Tests.dll not valid. Loading of assembly skipped.
Assembly Unity.Multiplayer.Center.Editor.Tests.dll at Library/ScriptAssemblies/Unity.Multiplayer.Center.Editor.Tests.dll not valid. Loading of assembly skipped.
Assembly Unity.Multiplayer.Center.Tests.dll at Library/ScriptAssemblies/Unity.Multiplayer.Center.Tests.dll not valid. Loading of assembly skipped.
Assembly Unity.Nuget.Mono-Cecil.dll at Library/ScriptAssemblies/Unity.Nuget.Mono-Cecil.dll not valid. Loading of assembly skipped.
Assembly Unity.PathTracing.Editor.Tests.dll at Library/ScriptAssemblies/Unity.PathTracing.Editor.Tests.dll not valid. Loading of assembly skipped.
Assembly Unity.PathTracing.Runtime.Tests.dll at Library/ScriptAssemblies/Unity.PathTracing.Runtime.Tests.dll not valid. Loading of assembly skipped.
Assembly Unity.RenderPipelines.Core.Editor.Tests.dll at Library/ScriptAssemblies/Unity.RenderPipelines.Core.Editor.Tests.dll not valid. Loading of assembly skipped.
Assembly Unity.RenderPipelines.Core.Runtime.Tests.dll at Library/ScriptAssemblies/Unity.RenderPipelines.Core.Runtime.Tests.dll not valid. Loading of assembly skipped.
Assembly Unity.RenderPipelines.Universal.Config.Editor.Tests.dll at Library/ScriptAssemblies/Unity.RenderPipelines.Universal.Config.Editor.Tests.dll not valid. Loading of assembly skipped.
Assembly Unity.RenderPipelines.Universal.Editor.Tests.dll at Library/ScriptAssemblies/Unity.RenderPipelines.Universal.Editor.Tests.dll not valid. Loading of assembly skipped.
Assembly Unity.RenderPipelines.Universal.Runtime.Tests.dll at Library/ScriptAssemblies/Unity.RenderPipelines.Universal.Runtime.Tests.dll not valid. Loading of assembly skipped.
Assembly Unity.Searcher.EditorTests.dll at Library/ScriptAssemblies/Unity.Searcher.EditorTests.dll not valid. Loading of assembly skipped.
Assembly Unity.ShaderGraph.Editor.Tests.dll at Library/ScriptAssemblies/Unity.ShaderGraph.Editor.Tests.dll not valid. Loading of assembly skipped.
Assembly Unity.TextMeshPro.Editor.Tests.dll at Library/ScriptAssemblies/Unity.TextMeshPro.Editor.Tests.dll not valid. Loading of assembly skipped.
Assembly Unity.TextMeshPro.Tests.dll at Library/ScriptAssemblies/Unity.TextMeshPro.Tests.dll not valid. Loading of assembly skipped.
Assembly Unity.UnifiedRayTracing.Editor.Tests.dll at Library/ScriptAssemblies/Unity.UnifiedRayTracing.Editor.Tests.dll not valid. Loading of assembly skipped.
Assembly Unity.XR.CoreUtils.CodeSamples.Tests.dll at Library/ScriptAssemblies/Unity.XR.CoreUtils.CodeSamples.Tests.dll not valid. Loading of assembly skipped.
Assembly Unity.XR.CoreUtils.Editor.Tests.dll at Library/ScriptAssemblies/Unity.XR.CoreUtils.Editor.Tests.dll not valid. Loading of assembly skipped.
Assembly Unity.XR.CoreUtils.Tests.dll at Library/ScriptAssemblies/Unity.XR.CoreUtils.Tests.dll not valid. Loading of assembly skipped.
Assembly Unity.XR.Interaction.Toolkit.Editor.Tests.dll at Library/ScriptAssemblies/Unity.XR.Interaction.Toolkit.Editor.Tests.dll not valid. Loading of assembly skipped.
Assembly Unity.XR.Interaction.Toolkit.Tests.dll at Library/ScriptAssemblies/Unity.XR.Interaction.Toolkit.Tests.dll not valid. Loading of assembly skipped.
Assembly Unity.XR.Management.EditorTests.dll at Library/ScriptAssemblies/Unity.XR.Management.EditorTests.dll not valid. Loading of assembly skipped.
Assembly Unity.XR.Management.TestPackage.dll at Library/ScriptAssemblies/Unity.XR.Management.TestPackage.dll not valid. Loading of assembly skipped.
Assembly Unity.XR.Management.TestPackage.Editor.dll at Library/ScriptAssemblies/Unity.XR.Management.TestPackage.Editor.dll not valid. Loading of assembly skipped.
Assembly Unity.XR.Management.Tests.dll at Library/ScriptAssemblies/Unity.XR.Management.Tests.dll not valid. Loading of assembly skipped.
Assembly Unity.XR.Management.Tests.Standalone.dll at Library/ScriptAssemblies/Unity.XR.Management.Tests.Standalone.dll not valid. Loading of assembly skipped.
Assembly Unity.XR.OpenXR.Editor.Tests.dll at Library/ScriptAssemblies/Unity.XR.OpenXR.Editor.Tests.dll not valid. Loading of assembly skipped.
Assembly Unity.XR.OpenXR.Tests.dll at Library/ScriptAssemblies/Unity.XR.OpenXR.Tests.dll not valid. Loading of assembly skipped.
Assembly Unity.XR.OpenXR.Ubuntu.Tests.dll at Library/ScriptAssemblies/Unity.XR.OpenXR.Ubuntu.Tests.dll not valid. Loading of assembly skipped.
Assembly Unity.XR.TestSupport.dll at Library/ScriptAssemblies/Unity.XR.TestSupport.dll not valid. Loading of assembly skipped.
Assembly UnityEditor.UI.Common.Tests.dll at Library/ScriptAssemblies/UnityEditor.UI.Common.Tests.dll not valid. Loading of assembly skipped.
Assembly UnityEditor.UI.EditorTests.dll at Library/ScriptAssemblies/UnityEditor.UI.EditorTests.dll not valid. Loading of assembly skipped.
Assembly UnityEditor.XR.LegacyInputHelpers.Tests.dll at Library/ScriptAssemblies/UnityEditor.XR.LegacyInputHelpers.Tests.dll not valid. Loading of assembly skipped.
Assembly UnityEngine.SpatialTracking.Tests.dll at Library/ScriptAssemblies/UnityEngine.SpatialTracking.Tests.dll not valid. Loading of assembly skipped.
Assembly UnityEngine.UI.Tests.dll at Library/ScriptAssemblies/UnityEngine.UI.Tests.dll not valid. Loading of assembly skipped.
Assembly UnityEngine.XR.OpenXR.CodeSamples.Editor.Tests.dll at Library/ScriptAssemblies/UnityEngine.XR.OpenXR.CodeSamples.Editor.Tests.dll not valid. Loading of assembly skipped.
Refreshing native plugins compatible for Editor in 5.64 ms, found 10 plugins.
Native extension for WindowsStandalone target not found
[Package Manager] Failed to launch server process. Reason: Unity was launched with the -noUpm command-line argument
[Package Manager] Unable to send message (not connected to server process).
[Package Manager] Cannot connect to Unity Package Manager local server
[Package Manager] Failed to launch server process. Reason: Unity was launched with the -noUpm command-line argument
[Package Manager] Unable to send message (not connected to server process).
[Package Manager] Cannot connect to Unity Package Manager local server
ScheduleIndexationOnStartup MainProcess:False IndexOnStartup:True
Mono: successfully reloaded assembly
[Package Manager] Failed to launch server process. Reason: Unity was launched with the -noUpm command-line argument
[Package Manager] Unable to send message (not connected to server process).
[Package Manager] Cannot connect to Unity Package Manager local server
- Finished resetting the current domain, in  0.782 seconds
Domain Reload Profiling: 2439ms
	BeginReloadAssembly (1199ms)
		DisableScriptedObjects (4ms)
		CreateAndSetChildDomain (1053ms)
	RebuildCommonClasses (31ms)
	RebuildNativeTypeToScriptingClass (9ms)
	initialDomainReloadingComplete (46ms)
	LoadAllAssembliesAndSetupDomain (371ms)
		LoadAssemblies (292ms)
		AnalyzeDomain (167ms)
			TypeCache.Refresh (10ms)
			BuildScriptInfoCaches (145ms)
			ResolveRequiredComponents (10ms)
	FinalizeReload (783ms)
		SetupLoadedEditorAssemblies (0ms)
			BeforeProcessingInitializeOnLoad (115ms)
			ProcessInitializeOnLoadAttributes (399ms)
			ProcessInitializeOnLoadMethodAttributes (102ms)
		AwakeInstancesAfterBackupRestoration (12ms)
Refreshing native plugins compatible for Editor in 5.44 ms, found 10 plugins.
Unloading 24 Unused Serialized files (Serialized files now loaded: 0)
Unloading 7687 unused Assets / (8.7 MB). Loaded Objects now: 8631.
Memory consumption went from 237.5 MB to 228.8 MB.
Total: 10.094000 ms (FindLiveObjects: 0.910600 ms CreateObjectMapping: 0.732300 ms MarkObjects: 4.361000 ms  DeleteObjects: 4.088800 ms)

Prepare: number of updated asset objects reloaded= 0
========================================================================
Received Import Request.
  Time since last request: 1417.472638 seconds.
  path: Assets/timeline/ShengmiaoTimeline.playable
  importAddress: Guid(585d79253af903142b723c543697b509) Importer(815301076,1909f56bfc062723c751e8b465ee728b)
Start importing Assets/timeline/ShengmiaoTimeline.playable using Guid(585d79253af903142b723c543697b509) Importer(815301076,1909f56bfc062723c751e8b465ee728b) (PreviewImporter) -> (Import Result ID: 'c64c197f29863cc5ec0a3e7d5dcd4895') in 0.0332692 seconds [static and dynamic dependencies]. Details - ImportResultOutputID=0688ca55ff86be6a7dbcd21a1eb65c8f DependenciesID=e150219eba59b1f952badec18202cf01 StaticDependenciesID=27cc9c98246310e3305dd59fa7f458a3 
Number of updated asset objects reloaded before import = 0Number of asset objects unloaded after import = 20

========================================================================
Received Import Request.
  Time since last request: 0.000027 seconds.
  path: Assets/timeline/Timeline_character2Timeline.playable
  importAddress: Guid(1387d21e7d57f6547823b106f5d31096) Importer(815301076,1909f56bfc062723c751e8b465ee728b)
Start importing Assets/timeline/Timeline_character2Timeline.playable using Guid(1387d21e7d57f6547823b106f5d31096) Importer(815301076,1909f56bfc062723c751e8b465ee728b) (PreviewImporter) -> (Import Result ID: 'd0bc93a7796b133c1e5e3ffd6e3be3ac') in 0.0019462 seconds [static and dynamic dependencies]. Details - ImportResultOutputID=65b44a323a6486584da56101d5eaa7cc DependenciesID=58ea8802aa2adfc4eebfb4fe6063b169 StaticDependenciesID=1d11d7d26bc8c75425960965ee619a08 
Number of updated asset objects reloaded before import = 0Number of asset objects unloaded after import = 6

========================================================================
Received Import Request.
  Time since last request: 0.000025 seconds.
  path: Assets/timeline/Timeline_character1Timeline.playable
  importAddress: Guid(358d7213e256b5742ab0d77c72c9afe3) Importer(815301076,1909f56bfc062723c751e8b465ee728b)
Start importing Assets/timeline/Timeline_character1Timeline.playable using Guid(358d7213e256b5742ab0d77c72c9afe3) Importer(815301076,1909f56bfc062723c751e8b465ee728b) (PreviewImporter) -> (Import Result ID: '649e6bc755128ca6f7b8c75d3839bc5d') in 0.002312 seconds [static and dynamic dependencies]. Details - ImportResultOutputID=9e05a73403942024fbaac16f51c78c6b DependenciesID=2a1b3756203d123a9447b1cf9ffff329 StaticDependenciesID=1b8509d2c2d92425610a26041210fe72 
Number of updated asset objects reloaded before import = 0Number of asset objects unloaded after import = 8

========================================================================
Received Import Request.
  Time since last request: 14.812371 seconds.
  path: Assets/audio 1/tomb/Character/1/独白6（1）.wav
  importAddress: Guid(f9de4e26d762457499dad24b27f8dd0a) Importer(815301076,1909f56bfc062723c751e8b465ee728b)
Start importing Assets/audio 1/tomb/Character/1/独白6（1）.wav using Guid(f9de4e26d762457499dad24b27f8dd0a) Importer(815301076,1909f56bfc062723c751e8b465ee728b) (PreviewImporter) -> (Import Result ID: '3b44a06244c666c6213705cf570c90c6') in 0.0569984 seconds [static and dynamic dependencies]. Details - ImportResultOutputID=a08330796c29cc3c75908547832d922a DependenciesID=61103accb177bda905d040457d83210d StaticDependenciesID=f5322cde50a4adcbd9d144227aaecb6d 
Number of updated asset objects reloaded before import = 0Number of asset objects unloaded after import = 2

Editor requested this worker to shutdown with reason: Scaling down because of idle timeout
AssetImportWorker is now disconnected from the server
Process exiting
Exiting without the bug reporter. Application will terminate with return code 0