[Licensing::Module] Trying to connect to existing licensing client channel...
Built from '6000.4/staging' branch; Version is '6000.4.6f1 (0b051c2e5d54) revision 722204'; Using compiler version '194234433'; Build Type 'Release'
[Licensing::IpcConnector] Successfully connected to: "LicenseClient-15490" at "2026-08-12T23:04:22.8764629Z"
OS: 'Windows 11  (10.0.26200) CoreCountrySpecific' Language: 'zh' Physical Memory: 32212 MB
BatchMode: 1, IsHumanControllingUs: 0, StartBugReporterOnCrash: 0, Is64bit: 1
System  architecture: x64
Process architecture: x64
Date: 2026-08-12T23:04:22Z

COMMAND LINE ARGUMENTS:
D:\unity\Editor\Unity.exe
-adb2
-batchMode
-noUpm
-name
AssetImportWorker3
-projectPath
D:/Yin
-logFile
Logs/AssetImportWorker3.log
-srvPort
9633
-licensingIpc
LicenseClient-15490
-force-d3d12
-job-worker-count
11
-background-job-worker-count
8
-gc-helper-count
1
-name
AssetImport
Successfully changed project path to: D:/Yin
D:/Yin
[UnityMemory] Configuration Parameters - Can be set up in boot.config
    "memorysetup-temp-allocator-size-gi-baking-worker=262144"
    "memorysetup-temp-allocator-size-gi-baking-worker=262144"
    "memorysetup-temp-allocator-size-gi-baking-worker=262144"
    "memorysetup-temp-allocator-size-gi-baking-worker=262144"
    "memorysetup-temp-allocator-size-gi-baking-worker=262144"
    "memorysetup-temp-allocator-size-nav-mesh-worker=65536"
    "memorysetup-temp-allocator-size-audio-worker=65536"
    "memorysetup-temp-allocator-size-cloud-worker=32768"
    "memorysetup-temp-allocator-size-gfx=262144"
    "memorysetup-temp-allocator-size-preload-manager=33554432"
    "memorysetup-temp-allocator-size-job-worker=262144"
    "memorysetup-temp-allocator-size-background-worker=32768"
    "memorysetup-allocator-temp-initial-block-size-main=262144"
    "memorysetup-allocator-temp-initial-block-size-worker=262144"
    "memorysetup-bucket-allocator-granularity=16"
    "memorysetup-bucket-allocator-bucket-count=8"
    "memorysetup-bucket-allocator-block-size=33554432"
    "memorysetup-bucket-allocator-block-count=8"
    "memorysetup-main-allocator-block-size=16777216"
    "memorysetup-thread-allocator-block-size=16777216"
    "memorysetup-gfx-main-allocator-block-size=16777216"
    "memorysetup-gfx-thread-allocator-block-size=16777216"
    "memorysetup-cache-allocator-block-size=4194304"
    "memorysetup-typetree-allocator-block-size=2097152"
    "memorysetup-profiler-bucket-allocator-granularity=16"
    "memorysetup-profiler-bucket-allocator-bucket-count=8"
    "memorysetup-profiler-bucket-allocator-block-size=33554432"
    "memorysetup-profiler-bucket-allocator-block-count=8"
    "memorysetup-profiler-allocator-block-size=16777216"
    "memorysetup-profiler-editor-allocator-block-size=1048576"
    "memorysetup-temp-allocator-size-main=16777216"
    "memorysetup-job-temp-allocator-block-size=2097152"
    "memorysetup-job-temp-allocator-block-size-background=1048576"
    "memorysetup-job-temp-allocator-reduction-small-platforms=262144"
Player connection [13440]  Target information:

Player connection [13440]  * "[IP] 192.168.1.139 [Port] 0 [Flags] 2 [Guid] 4233922368 [EditorId] 4233922368 [Version] 1048832 [Id] WindowsEditor(7,9daY) [Debug] 1 [PackageName] WindowsEditor [ProjectName] Editor" 

Player connection [13440] Host joined multi-casting on [225.0.0.222:54997]...
Player connection [13440] Host joined alternative multi-casting on [225.0.0.222:34997]...
JobSystem: Creating JobQueue using job-worker-count value 11
Input System module state changed to: Initialized.
[Physics::Module] Initialized fallback backend.
[Physics::Module] Id: 0xdecafbad
Library Redirect Path: Library/
[Physics::Module] Selected backend.
[Physics::Module] Name: PhysX
[Physics::Module] Id: 0xf2b8ea05
[Physics::Module] SDK Version: 4.1.2
[Physics::Module] Integration Version: 1.0.0
[Physics::Module] Threading Mode: Multi-Threaded
Refreshing native plugins compatible for Editor in 23.85 ms, found 10 plugins.
Initialize engine version: 6000.4.6f1 (0b051c2e5d54)
[Subsystems] Discovering subsystems at path D:/unity/Editor/Data/Resources/UnitySubsystems
[Subsystems] Discovering subsystems at path D:/Yin/Assets
Forcing GfxDevice: Direct3D 12
GfxDevice: creating device client; kGfxThreadingModeNonThreaded
d3d12: failed to query info queue interface (0x80004002).
Direct3D:
    Version:         Direct3D 12 [level 12.2]
    Renderer:        NVIDIA GeForce RTX 5070 Laptop GPU (ID=0x2d58)
    Vendor:          NVIDIA
    VRAM:            7891 MB
    App VRAM Budget: 7123 MB
    Driver:          32.0.15.9608
Initialize mono
Mono path[0] = 'D:/unity/Editor/Data/Managed'
Mono path[1] = 'D:/unity/Editor/Data/MonoBleedingEdge/lib/mono/unityjit-win32'
Mono config path = 'D:/unity/Editor/Data/MonoBleedingEdge/etc'
Using monoOptions --debugger-agent=transport=dt_socket,embedding=1,server=y,suspend=n,address=127.0.0.1:56336
CodeReloadManager initialized
Begin MonoManager ReloadAssembly
Registering precompiled unity dll's ...
Register platform support module: D:/unity/Editor/Data/PlaybackEngines/WindowsStandaloneSupport/UnityEditor.WindowsStandalone.Extensions.dll
Registered in 0.001350 seconds.
[Licensing::Client] Error: HandshakeResponse reported an error:
	ResponseCode: 505
	ResponseStatus: Unsupported protocol version '1.18.1'.
[Licensing::Module] Error: Failed to handshake to channel: "LicenseClient-15490"
[Licensing::IpcConnector] LicenseClient-15490 channel disconnected successfully.
[Licensing::IpcConnector] Successfully connected to: "LicenseClient-15490-6000.4.6" at "2026-08-12T23:04:24.9867797Z"
[Licensing::Client] Code 10 while verifying Licensing Client signature (process Id: 35024, path: "D:/unity/Editor/Data/Resources/Licensing/Client/Unity.Licensing.Client.exe")
[Licensing::Module] LicensingClient has failed validation; ignoring
[Licensing::Client] Handshaking with LicensingClient:
  Version:                 1.18.1+9fbee8e
  Session Id:              372c407cf7da464caff34078bc24fa1e
  Correlation Id:          cfff11d5d07d6708b66774ab2c5d5809
  External correlation Id: 4535202719895523000
  Machine Id:              DJWBFtPZt+einrVuex0hynKXsRc=
[Licensing::Module] Successfully connected to LicensingClient on channel: "LicenseClient-15490-6000.4.6" (connect: 0.00s, validation: 0.00s, handshake: 0.01s)
[Licensing::IpcConnector] Successfully connected to: "LicenseClient-15490-6000.4.6-notifications" at "2026-08-12T23:04:24.9970245Z"
[Licensing::Module] Licensing Background thread has ended after 2.12s
Native extension for WindowsStandalone target not found
Package Manager log level set to [2]
[Package Manager] Failed to launch server process. Reason: Unity was launched with the -noUpm command-line argument
[Package Manager] Unable to send message (not connected to server process).
[Package Manager] Cannot connect to Unity Package Manager local server
ScheduleIndexationOnStartup MainProcess:False IndexOnStartup:True
Mono: successfully reloaded assembly
- Finished resetting the current domain, in  0.340 seconds
Domain Reload Profiling: 822ms
	BeginReloadAssembly (198ms)
	RebuildCommonClasses (29ms)
	RebuildNativeTypeToScriptingClass (13ms)
	initialDomainReloadingComplete (64ms)
	LoadAllAssembliesAndSetupDomain (177ms)
		LoadAssemblies (197ms)
		AnalyzeDomain (169ms)
			TypeCache.Refresh (168ms)
				TypeCache.ScanAssembly (156ms)
	FinalizeReload (341ms)
		SetupLoadedEditorAssemblies (0ms)
			InitializePlatformSupportModulesInManaged (35ms)
			BeforeProcessingInitializeOnLoad (68ms)
			ProcessInitializeOnLoadAttributes (89ms)
			ProcessInitializeOnLoadMethodAttributes (78ms)
========================================================================
Worker process is ready to serve import requests
Import Worker Mode flag is 0x00
Begin MonoManager ReloadAssembly
[Licensing::Client] Successfully resolved entitlement details
[Licensing::Module] License group:
  Id: 5773964460127-UnityPersXXXX
  Product: Unity Personal
  Type: Assigned
  Expiration: Unlimited
Assembly Assembly-CSharp-Editor-firstpass.dll at Library/ScriptAssemblies/Assembly-CSharp-Editor-firstpass.dll not valid. Loading of assembly skipped.
Assembly Assembly-CSharp-firstpass.dll at Library/ScriptAssemblies/Assembly-CSharp-firstpass.dll not valid. Loading of assembly skipped.
Assembly DocCodeExamples.dll at Library/ScriptAssemblies/DocCodeExamples.dll not valid. Loading of assembly skipped.
Assembly TestNewCustomAssembly.dll at Library/ScriptAssemblies/TestNewCustomAssembly.dll not valid. Loading of assembly skipped.
Assembly Unity.Collections.BurstCompatibilityGen.dll at Library/ScriptAssemblies/Unity.Collections.BurstCompatibilityGen.dll not valid. Loading of assembly skipped.
Assembly Unity.Collections.DocCodeSamples.dll at Library/ScriptAssemblies/Unity.Collections.DocCodeSamples.dll not valid. Loading of assembly skipped.
Assembly Unity.Collections.PerformanceTests.dll at Library/ScriptAssemblies/Unity.Collections.PerformanceTests.dll not valid. Loading of assembly skipped.
Assembly Unity.Collections.Tests.dll at Library/ScriptAssemblies/Unity.Collections.Tests.dll not valid. Loading of assembly skipped.
Assembly Unity.Collections.Tests.Playmode.dll at Library/ScriptAssemblies/Unity.Collections.Tests.Playmode.dll not valid. Loading of assembly skipped.
Assembly Unity.InputSystem.IntegrationTests.dll at Library/ScriptAssemblies/Unity.InputSystem.IntegrationTests.dll not valid. Loading of assembly skipped.
Assembly Unity.Mathematics.Tests.dll at Library/ScriptAssemblies/Unity.Mathematics.Tests.dll not valid. Loading of assembly skipped.
Assembly Unity.Multiplayer.Center.Editor.Tests.dll at Library/ScriptAssemblies/Unity.Multiplayer.Center.Editor.Tests.dll not valid. Loading of assembly skipped.
Assembly Unity.Multiplayer.Center.Tests.dll at Library/ScriptAssemblies/Unity.Multiplayer.Center.Tests.dll not valid. Loading of assembly skipped.
Assembly Unity.Nuget.Mono-Cecil.dll at Library/ScriptAssemblies/Unity.Nuget.Mono-Cecil.dll not valid. Loading of assembly skipped.
Assembly Unity.PathTracing.Editor.Tests.dll at Library/ScriptAssemblies/Unity.PathTracing.Editor.Tests.dll not valid. Loading of assembly skipped.
Assembly Unity.PathTracing.Runtime.Tests.dll at Library/ScriptAssemblies/Unity.PathTracing.Runtime.Tests.dll not valid. Loading of assembly skipped.
Assembly Unity.RenderPipelines.Core.Editor.Tests.dll at Library/ScriptAssemblies/Unity.RenderPipelines.Core.Editor.Tests.dll not valid. Loading of assembly skipped.
Assembly Unity.RenderPipelines.Core.Runtime.Tests.dll at Library/ScriptAssemblies/Unity.RenderPipelines.Core.Runtime.Tests.dll not valid. Loading of assembly skipped.
Assembly Unity.RenderPipelines.Universal.Config.Editor.Tests.dll at Library/ScriptAssemblies/Unity.RenderPipelines.Universal.Config.Editor.Tests.dll not valid. Loading of assembly skipped.
Assembly Unity.RenderPipelines.Universal.Editor.Tests.dll at Library/ScriptAssemblies/Unity.RenderPipelines.Universal.Editor.Tests.dll not valid. Loading of assembly skipped.
Assembly Unity.RenderPipelines.Universal.Runtime.Tests.dll at Library/ScriptAssemblies/Unity.RenderPipelines.Universal.Runtime.Tests.dll not valid. Loading of assembly skipped.
Assembly Unity.Searcher.EditorTests.dll at Library/ScriptAssemblies/Unity.Searcher.EditorTests.dll not valid. Loading of assembly skipped.
Assembly Unity.ShaderGraph.Editor.Tests.dll at Library/ScriptAssemblies/Unity.ShaderGraph.Editor.Tests.dll not valid. Loading of assembly skipped.
Assembly Unity.TextMeshPro.Editor.Tests.dll at Library/ScriptAssemblies/Unity.TextMeshPro.Editor.Tests.dll not valid. Loading of assembly skipped.
Assembly Unity.TextMeshPro.Tests.dll at Library/ScriptAssemblies/Unity.TextMeshPro.Tests.dll not valid. Loading of assembly skipped.
Assembly Unity.UnifiedRayTracing.Editor.Tests.dll at Library/ScriptAssemblies/Unity.UnifiedRayTracing.Editor.Tests.dll not valid. Loading of assembly skipped.
Assembly Unity.XR.CoreUtils.CodeSamples.Tests.dll at Library/ScriptAssemblies/Unity.XR.CoreUtils.CodeSamples.Tests.dll not valid. Loading of assembly skipped.
Assembly Unity.XR.CoreUtils.Editor.Tests.dll at Library/ScriptAssemblies/Unity.XR.CoreUtils.Editor.Tests.dll not valid. Loading of assembly skipped.
Assembly Unity.XR.CoreUtils.Tests.dll at Library/ScriptAssemblies/Unity.XR.CoreUtils.Tests.dll not valid. Loading of assembly skipped.
Assembly Unity.XR.Interaction.Toolkit.Editor.Tests.dll at Library/ScriptAssemblies/Unity.XR.Interaction.Toolkit.Editor.Tests.dll not valid. Loading of assembly skipped.
Assembly Unity.XR.Interaction.Toolkit.Tests.dll at Library/ScriptAssemblies/Unity.XR.Interaction.Toolkit.Tests.dll not valid. Loading of assembly skipped.
Assembly Unity.XR.Management.EditorTests.dll at Library/ScriptAssemblies/Unity.XR.Management.EditorTests.dll not valid. Loading of assembly skipped.
Assembly Unity.XR.Management.TestPackage.dll at Library/ScriptAssemblies/Unity.XR.Management.TestPackage.dll not valid. Loading of assembly skipped.
Assembly Unity.XR.Management.TestPackage.Editor.dll at Library/ScriptAssemblies/Unity.XR.Management.TestPackage.Editor.dll not valid. Loading of assembly skipped.
Assembly Unity.XR.Management.Tests.dll at Library/ScriptAssemblies/Unity.XR.Management.Tests.dll not valid. Loading of assembly skipped.
Assembly Unity.XR.Management.Tests.Standalone.dll at Library/ScriptAssemblies/Unity.XR.Management.Tests.Standalone.dll not valid. Loading of assembly skipped.
Assembly Unity.XR.OpenXR.Editor.Tests.dll at Library/ScriptAssemblies/Unity.XR.OpenXR.Editor.Tests.dll not valid. Loading of assembly skipped.
Assembly Unity.XR.OpenXR.Tests.dll at Library/ScriptAssemblies/Unity.XR.OpenXR.Tests.dll not valid. Loading of assembly skipped.
Assembly Unity.XR.OpenXR.Ubuntu.Tests.dll at Library/ScriptAssemblies/Unity.XR.OpenXR.Ubuntu.Tests.dll not valid. Loading of assembly skipped.
Assembly Unity.XR.TestSupport.dll at Library/ScriptAssemblies/Unity.XR.TestSupport.dll not valid. Loading of assembly skipped.
Assembly UnityEditor.UI.Common.Tests.dll at Library/ScriptAssemblies/UnityEditor.UI.Common.Tests.dll not valid. Loading of assembly skipped.
Assembly UnityEditor.UI.EditorTests.dll at Library/ScriptAssemblies/UnityEditor.UI.EditorTests.dll not valid. Loading of assembly skipped.
Assembly UnityEditor.XR.LegacyInputHelpers.Tests.dll at Library/ScriptAssemblies/UnityEditor.XR.LegacyInputHelpers.Tests.dll not valid. Loading of assembly skipped.
Assembly UnityEngine.SpatialTracking.Tests.dll at Library/ScriptAssemblies/UnityEngine.SpatialTracking.Tests.dll not valid. Loading of assembly skipped.
Assembly UnityEngine.UI.Tests.dll at Library/ScriptAssemblies/UnityEngine.UI.Tests.dll not valid. Loading of assembly skipped.
Assembly UnityEngine.XR.OpenXR.CodeSamples.Editor.Tests.dll at Library/ScriptAssemblies/UnityEngine.XR.OpenXR.CodeSamples.Editor.Tests.dll not valid. Loading of assembly skipped.
Refreshing native plugins compatible for Editor in 6.69 ms, found 10 plugins.
Native extension for WindowsStandalone target not found
[Package Manager] Failed to launch server process. Reason: Unity was launched with the -noUpm command-line argument
[Package Manager] Unable to send message (not connected to server process).
[Package Manager] Cannot connect to Unity Package Manager local server
Refreshing native plugins compatible for Editor in 5.66 ms, found 10 plugins.
[Package Manager] Failed to launch server process. Reason: Unity was launched with the -noUpm command-line argument
[Package Manager] Unable to send message (not connected to server process).
[Package Manager] Cannot connect to Unity Package Manager local server
ScheduleIndexationOnStartup MainProcess:False IndexOnStartup:True
Mono: successfully reloaded assembly
[Package Manager] Failed to launch server process. Reason: Unity was launched with the -noUpm command-line argument
[Package Manager] Unable to send message (not connected to server process).
[Package Manager] Cannot connect to Unity Package Manager local server
[Package Manager] Failed to launch server process. Reason: Unity was launched with the -noUpm command-line argument
[Package Manager] Unable to send message (not connected to server process).
[Package Manager] Cannot connect to Unity Package Manager local server
- Finished resetting the current domain, in  0.880 seconds
Domain Reload Profiling: 1689ms
	BeginReloadAssembly (201ms)
		DisableScriptedObjects (4ms)
		CreateAndSetChildDomain (32ms)
	RebuildCommonClasses (30ms)
	RebuildNativeTypeToScriptingClass (9ms)
	initialDomainReloadingComplete (70ms)
	LoadAllAssembliesAndSetupDomain (499ms)
		LoadAssemblies (390ms)
		AnalyzeDomain (232ms)
			TypeCache.Refresh (171ms)
				TypeCache.ScanAssembly (150ms)
			BuildScriptInfoCaches (49ms)
			ResolveRequiredComponents (10ms)
	FinalizeReload (880ms)
		SetupLoadedEditorAssemblies (0ms)
			BeforeProcessingInitializeOnLoad (119ms)
			ProcessInitializeOnLoadAttributes (440ms)
			ProcessInitializeOnLoadMethodAttributes (116ms)
		AwakeInstancesAfterBackupRestoration (6ms)
Launched and connected shader compiler UnityShaderCompiler.exe after 0.02 seconds
Refreshing native plugins compatible for Editor in 5.25 ms, found 10 plugins.
Unloading 24 Unused Serialized files (Serialized files now loaded: 0)
Unloading 7707 unused Assets / (6.4 MB). Loaded Objects now: 8549.
Memory consumption went from 186.2 MB to 179.8 MB.
Total: 11.251300 ms (FindLiveObjects: 1.247300 ms CreateObjectMapping: 0.985100 ms MarkObjects: 4.674700 ms  DeleteObjects: 4.341800 ms)

========================================================================
Received Import Request.
  Time since last request: 189159.447923 seconds.
  path: Assets/animations/妇好走路.fbx
  importAddress: Guid(8a64e1bfe093e3e4b85de89049b39e5c) Importer(2089858483,b0f066a214c2f5e87bad3c948f4d605d)
Start importing Assets/animations/妇好走路.fbx using Guid(8a64e1bfe093e3e4b85de89049b39e5c) Importer(2089858483,b0f066a214c2f5e87bad3c948f4d605d) (ScriptedImporter) -> (Import Result ID: '064e618439400017da5e8fa23e1fb7cc') in 0.0938504 seconds [static and dynamic dependencies]. Details - ImportResultOutputID=324e47896391e05114c2d18e1e053d8e DependenciesID=b2abeec21d968c7677483c63414e8c4b StaticDependenciesID=46366a0c95c38410a6ca42dcb91b704c 
Number of updated asset objects reloaded before import = 0Number of asset objects unloaded after import = 72

========================================================================
Received Import Request.
  Time since last request: 0.000020 seconds.
  path: Assets/Settings/PC_Renderer.asset
  importAddress: Guid(f288ae1f4751b564a96ac7587541f7a2) Importer(815301076,1909f56bfc062723c751e8b465ee728b)
Start importing Assets/Settings/PC_Renderer.asset using Guid(f288ae1f4751b564a96ac7587541f7a2) Importer(815301076,1909f56bfc062723c751e8b465ee728b) (PreviewImporter) -> (Import Result ID: '0c9aebf18096e9b2e4723816fcf50ca8') in 0.0150977 seconds [static and dynamic dependencies]. Details - ImportResultOutputID=c6431ea82bab0d9b310613b0d7fbdf96 DependenciesID=db417260e0da8b90fe1ea8e4e633cac2 StaticDependenciesID=7ef0a29db09580812274309ca9d126e4 
Number of updated asset objects reloaded before import = 0Number of asset objects unloaded after import = 0

========================================================================
Received Import Request.
  Time since last request: 0.000021 seconds.
  path: Assets/materials/鼎.mat
  importAddress: Guid(44394bd0e81c8e54d8e929693c48df84) Importer(2089858483,b0f066a214c2f5e87bad3c948f4d605d)
Start importing Assets/materials/鼎.mat using Guid(44394bd0e81c8e54d8e929693c48df84) Importer(2089858483,b0f066a214c2f5e87bad3c948f4d605d) (ScriptedImporter) -> (Import Result ID: 'a0596f431417a08093017b97a2fd26af') in 0.0382955 seconds [static and dynamic dependencies]. Details - ImportResultOutputID=98ca2083ba1e1da73dd342d05f5dbd25 DependenciesID=ce7404be3e33d166ab4257f4c1d33f96 StaticDependenciesID=6016d94e87fde0f2b3715a58aa756443 
Number of updated asset objects reloaded before import = 0Number of asset objects unloaded after import = 4

========================================================================
Received Import Request.
  Time since last request: 0.000043 seconds.
  path: Assets/materials/New Material 2.mat
  importAddress: Guid(608191829e6947d419bb04ea145625ba) Importer(2089858483,b0f066a214c2f5e87bad3c948f4d605d)
Start importing Assets/materials/New Material 2.mat using Guid(608191829e6947d419bb04ea145625ba) Importer(2089858483,b0f066a214c2f5e87bad3c948f4d605d) (ScriptedImporter) -> (Import Result ID: '28fefef74b360de78aaae4aaac2660d1') in 0.0038728 seconds [static and dynamic dependencies]. Details - ImportResultOutputID=244768c72aa99e94316f91ba4ff72fa5 DependenciesID=d950c5e2b85c931b33b91e88a37de8fc StaticDependenciesID=e77638dbb5436f6f8f78f321087d516b 
Number of updated asset objects reloaded before import = 0Number of asset objects unloaded after import = 1

========================================================================
Received Import Request.
  Time since last request: 0.000034 seconds.
  path: Assets/Scenes/endgallery.unity
  importAddress: Guid(ee857a8743b225d4d96372a4d3b41f15) Importer(2089858483,e11c23a36db5f54750b8cd40eac0985b)
Start importing Assets/Scenes/endgallery.unity using Guid(ee857a8743b225d4d96372a4d3b41f15) Importer(2089858483,e11c23a36db5f54750b8cd40eac0985b) (ScriptedImporter)Opening scene 'Assets/Scenes/endgallery.unity additively'
Loaded scene 'Assets/Scenes/endgallery.unity'
	Deserialize:            46.711 ms
	Integration:            79.507 ms
	Integration of assets:  1.775 ms
	Thread Wait Time:       0.005 ms
	Total Operation Time:   127.997 ms
 -> (Import Result ID: 'b467f0ec7e43aaf7400559596342f9b7') in 0.4309771 seconds [static and dynamic dependencies]. Details - ImportResultOutputID=e102f52d59c8723f7aa8fc7cf75436a6 DependenciesID=c840809255995495a486ae8ad7f0bab2 StaticDependenciesID=b62e3a8f5214694b23fe0aaf5b0344ff 
Number of updated asset objects reloaded before import = 0Number of asset objects unloaded after import = 55

========================================================================
Received Import Request.
  Time since last request: 0.000029 seconds.
  path: Assets/animations/npc下跪.controller
  importAddress: Guid(a1311e0c07d9cde4f87fa7d8cc63eb11) Importer(2089858483,b0f066a214c2f5e87bad3c948f4d605d)
Start importing Assets/animations/npc下跪.controller using Guid(a1311e0c07d9cde4f87fa7d8cc63eb11) Importer(2089858483,b0f066a214c2f5e87bad3c948f4d605d) (ScriptedImporter) -> (Import Result ID: 'bfe1e107db65d7023246e5c1b069a263') in 0.006328 seconds [static and dynamic dependencies]. Details - ImportResultOutputID=2c0d9c346ae94b69524cba8eb5c7d35e DependenciesID=042d717b450105bb330d56b6f5015328 StaticDependenciesID=fe9a1275f2921059ac6f4ad12534d094 
Number of updated asset objects reloaded before import = 0Number of asset objects unloaded after import = 7

========================================================================
Received Import Request.
  Time since last request: 0.000037 seconds.
  path: Assets/Settings/DefaultVolumeProfile.asset
  importAddress: Guid(ab09877e2e707104187f6f83e2f62510) Importer(815301076,1909f56bfc062723c751e8b465ee728b)
Start importing Assets/Settings/DefaultVolumeProfile.asset using Guid(ab09877e2e707104187f6f83e2f62510) Importer(815301076,1909f56bfc062723c751e8b465ee728b) (PreviewImporter) -> (Import Result ID: '7711d41415dc525a937f2f5c30a6bcef') in 0.0010362 seconds [static and dynamic dependencies]. Details - ImportResultOutputID=8e124825f5b2e8a59c63b9aafa24511d DependenciesID=e72de32caea83ca7c8f3efd5d55128ff StaticDependenciesID=3c9b2b0b751a38b557716cbd29d9d55f 
Number of updated asset objects reloaded before import = 0Number of asset objects unloaded after import = 0

========================================================================
Received Import Request.
  Time since last request: 0.000020 seconds.
  path: Assets/materials/New Material 6.mat
  importAddress: Guid(fa032119a23621b47b6b065699fbfadb) Importer(2089858483,b0f066a214c2f5e87bad3c948f4d605d)
Start importing Assets/materials/New Material 6.mat using Guid(fa032119a23621b47b6b065699fbfadb) Importer(2089858483,b0f066a214c2f5e87bad3c948f4d605d) (ScriptedImporter) -> (Import Result ID: 'ba666fa7726e6a815680105fc4ea616c') in 0.0046703 seconds [static and dynamic dependencies]. Details - ImportResultOutputID=2e125c34ce052fd0e2bb61a680e2889b DependenciesID=66d7cf739c3a42dffcdf13fbabf62640 StaticDependenciesID=c0802db4ca0421d22d4ac550bc5d4874 
Number of updated asset objects reloaded before import = 0Number of asset objects unloaded after import = 1

========================================================================
Received Import Request.
  Time since last request: 0.000024 seconds.
  path: Assets/audio/甲骨bgm.wav
  importAddress: Guid(33a69d6ffa203a74199565c71d530cd4) Importer(2089858483,b0f066a214c2f5e87bad3c948f4d605d)
Start importing Assets/audio/甲骨bgm.wav using Guid(33a69d6ffa203a74199565c71d530cd4) Importer(2089858483,b0f066a214c2f5e87bad3c948f4d605d) (ScriptedImporter) -> (Import Result ID: 'fe7512a9bebd80acb176f3b133358c59') in 0.0054126 seconds [static and dynamic dependencies]. Details - ImportResultOutputID=3f059f8efefebed8d520e309dcda608b DependenciesID=1a1ebffcf29b57e93cd0b22243240395 StaticDependenciesID=3b27ca0cb7d20442d3e29bf62a2ed420 
Number of updated asset objects reloaded before import = 0Number of asset objects unloaded after import = 1

========================================================================
Received Import Request.
  Time since last request: 0.000023 seconds.
  path: Assets/Scenes/WU1.unity
  importAddress: Guid(fdf9fee13f767de41b60e395a72398d4) Importer(2089858483,e11c23a36db5f54750b8cd40eac0985b)
Start importing Assets/Scenes/WU1.unity using Guid(fdf9fee13f767de41b60e395a72398d4) Importer(2089858483,e11c23a36db5f54750b8cd40eac0985b) (ScriptedImporter)Opening scene 'Assets/Scenes/WU1.unity additively'
d3d12: upload buffer was too small for the requested resource! Size: 16777216. Requested: 37332480.
Problem detected while opening the Scene file: 'Assets/Scenes/WU1.unity'.
Check the following logs for more details.
UnityEngine.Debug:ExtractStackTraceNoAlloc (byte*,int,string)
UnityEngine.StackTraceUtility:ExtractStackTrace ()
UnityEditor.SceneManagement.EditorSceneManager:OpenScene (string,UnityEditor.SceneManagement.OpenSceneMode)
UnityEditor.Search.AssetIndexer:IndexScene (string,bool)
UnityEditor.Search.AssetIndexer:IndexSceneDocument (string,bool)
UnityEditor.Search.AssetIndexer:IndexDocument (string,bool)
UnityEditor.Search.SearchIndexArtifactImporter:OnImportAsset (UnityEditor.AssetImporters.AssetImportContext)
UnityEditor.AssetImporters.ScriptedImporter:GenerateAssetData (UnityEditor.AssetImporters.AssetImportContext)

[C:\build\output\unity\unity\Runtime\PreloadManager\LoadSceneOperation.cpp line 839]

Prefab instance problem. Missing Prefab Asset: '青铜器 (Missing Prefab with guid: 5023915188fc3fd4d9294d5d4e6ce5fb)'
UnityEngine.Debug:ExtractStackTraceNoAlloc (byte*,int,string)
UnityEngine.StackTraceUtility:ExtractStackTrace ()
UnityEditor.SceneManagement.EditorSceneManager:OpenScene (string,UnityEditor.SceneManagement.OpenSceneMode)
UnityEditor.Search.AssetIndexer:IndexScene (string,bool)
UnityEditor.Search.AssetIndexer:IndexSceneDocument (string,bool)
UnityEditor.Search.AssetIndexer:IndexDocument (string,bool)
UnityEditor.Search.SearchIndexArtifactImporter:OnImportAsset (UnityEditor.AssetImporters.AssetImportContext)
UnityEditor.AssetImporters.ScriptedImporter:GenerateAssetData (UnityEditor.AssetImporters.AssetImportContext)

[C:\build\output\unity\unity\Runtime\BaseClasses\ErrorsAndWarningsCapture.cpp line 66]

Loaded scene 'Assets/Scenes/WU1.unity'
	Deserialize:            34.825 ms
	Integration:            160.332 ms
	Integration of assets:  1.163 ms
	Thread Wait Time:       0.010 ms
	Total Operation Time:   196.329 ms
 -> (Import Result ID: 'f4d6934ac2c86cf7205650f1ba6effae') in 0.9458412 seconds [static and dynamic dependencies]. Details - ImportResultOutputID=fbec0996f2790500d189942886d2f836 DependenciesID=0f9bc364b3028572a8a8c786d2a65008 StaticDependenciesID=a8cc15568cb1986ae1d114b5eb68869a 
Number of updated asset objects reloaded before import = 0Number of asset objects unloaded after import = 1520

========================================================================
Received Import Request.
  Time since last request: 0.000034 seconds.
  path: Assets/materials/Meshy_AI_Ritual_bronze_ding_0703085930_texture.mat
  importAddress: Guid(a23482e57400b3441b5fd5bed59888b1) Importer(2089858483,b0f066a214c2f5e87bad3c948f4d605d)
Start importing Assets/materials/Meshy_AI_Ritual_bronze_ding_0703085930_texture.mat using Guid(a23482e57400b3441b5fd5bed59888b1) Importer(2089858483,b0f066a214c2f5e87bad3c948f4d605d) (ScriptedImporter) -> (Import Result ID: 'ae186c76b3ea8b449298730ae3950487') in 0.0108215 seconds [static and dynamic dependencies]. Details - ImportResultOutputID=43879d53ef90b414d12838fd41418f16 DependenciesID=b21a30eced2c1d19d54b0f344bd854ec StaticDependenciesID=0386a9d420a1fdd8df7695a655d90144 
Number of updated asset objects reloaded before import = 0Number of asset objects unloaded after import = 2

========================================================================
Received Import Request.
  Time since last request: 0.000041 seconds.
  path: Assets/Settings/SampleSceneProfile.asset
  importAddress: Guid(10fc4df2da32a41aaa32d77bc913491c) Importer(815301076,1909f56bfc062723c751e8b465ee728b)
Start importing Assets/Settings/SampleSceneProfile.asset using Guid(10fc4df2da32a41aaa32d77bc913491c) Importer(815301076,1909f56bfc062723c751e8b465ee728b) (PreviewImporter) -> (Import Result ID: 'f47d0715ef79d4ccc83319353051cdce') in 0.0008981 seconds [static and dynamic dependencies]. Details - ImportResultOutputID=7b5649dedb228395fc13f2785d509642 DependenciesID=9c8de4e4a89c981455cd652ff95eae62 StaticDependenciesID=9055a2ea636e40d10f1fcb885fbe15de 
Number of updated asset objects reloaded before import = 0Number of asset objects unloaded after import = 0

========================================================================
Received Import Request.
  Time since last request: 0.000024 seconds.
  path: Assets/prefab/Right Hnad.prefab
  importAddress: Guid(8519103223281024bb4571bfb23fce3e) Importer(2089858483,e11c23a36db5f54750b8cd40eac0985b)
Start importing Assets/prefab/Right Hnad.prefab using Guid(8519103223281024bb4571bfb23fce3e) Importer(2089858483,e11c23a36db5f54750b8cd40eac0985b) (ScriptedImporter) -> (Import Result ID: '39d909c193a3b7fbed3f02ea0ae63f42') in 0.0276415 seconds [static and dynamic dependencies]. Details - ImportResultOutputID=b3e3f6590781e6d408dbad21b31bd1b5 DependenciesID=6c8852af09c8612994fdac689307b30d StaticDependenciesID=6f83457b7ff2898cf3c9de487afbdd41 
Number of updated asset objects reloaded before import = 0Number of asset objects unloaded after import = 87

========================================================================
Received Import Request.
  Time since last request: 0.000026 seconds.
  path: Assets/animations/妇好骨骼模型.fbx
  importAddress: Guid(9dbc210ae0f44374394377a8d9733d09) Importer(2089858483,b0f066a214c2f5e87bad3c948f4d605d)
Start importing Assets/animations/妇好骨骼模型.fbx using Guid(9dbc210ae0f44374394377a8d9733d09) Importer(2089858483,b0f066a214c2f5e87bad3c948f4d605d) (ScriptedImporter)MaterialLocation.External is obsolete. External Material Location is no longer supported. (Assets/animations/妇好骨骼模型.fbx)
 -> (Import Result ID: 'f804143a8b44f5678ccf4e1d8e52b5ad') in 0.0097327 seconds [static and dynamic dependencies]. Details - ImportResultOutputID=c259390b599ea4f888098f78708384bc DependenciesID=a6c75e4bda41f9d502df0013b98cf720 StaticDependenciesID=c2d48e4a9b49fef8643f672a8ba8a7ef 
Number of updated asset objects reloaded before import = 0Number of asset objects unloaded after import = 77

========================================================================
Received Import Request.
  Time since last request: 0.000019 seconds.
  path: Assets/audio/wu1对话1.wav
  importAddress: Guid(aedf2fd650967d84e993b24d4f445b57) Importer(2089858483,b0f066a214c2f5e87bad3c948f4d605d)
Start importing Assets/audio/wu1对话1.wav using Guid(aedf2fd650967d84e993b24d4f445b57) Importer(2089858483,b0f066a214c2f5e87bad3c948f4d605d) (ScriptedImporter) -> (Import Result ID: '924c6d52e6d1b36a39924e158f33de1f') in 0.0047792 seconds [static and dynamic dependencies]. Details - ImportResultOutputID=aa66895390ac49584616b986584dac86 DependenciesID=0f868ba30168754459b70a7082492bd8 StaticDependenciesID=662e8f3f2b3cff189f09d6e3978fde3a 
Number of updated asset objects reloaded before import = 0Number of asset objects unloaded after import = 1

========================================================================
Received Import Request.
  Time since last request: 0.000018 seconds.
  path: Assets/prefab/XR Origin (VR) with torch.prefab
  importAddress: Guid(315fbf7c1cd5a844aa7782e9b6a05acb) Importer(2089858483,e11c23a36db5f54750b8cd40eac0985b)
Start importing Assets/prefab/XR Origin (VR) with torch.prefab using Guid(315fbf7c1cd5a844aa7782e9b6a05acb) Importer(2089858483,e11c23a36db5f54750b8cd40eac0985b) (ScriptedImporter) -> (Import Result ID: '8690ff9dd1c5ba0188bd3c25dce3a25a') in 0.1380675 seconds [static and dynamic dependencies]. Details - ImportResultOutputID=4462d1ed1062bc13ac233689d484c870 DependenciesID=2d854baefbf2e6f0adfac019ee2017fc StaticDependenciesID=b5985dcb72f7897b2d6e81c7c3bac393 
Number of updated asset objects reloaded before import = 0Number of asset objects unloaded after import = 309

========================================================================
Received Import Request.
  Time since last request: 0.000025 seconds.
  path: Assets/materials/锈蚀金属 1.mat
  importAddress: Guid(72c8c177ac6501349aea9c29ea7698f2) Importer(2089858483,b0f066a214c2f5e87bad3c948f4d605d)
Start importing Assets/materials/锈蚀金属 1.mat using Guid(72c8c177ac6501349aea9c29ea7698f2) Importer(2089858483,b0f066a214c2f5e87bad3c948f4d605d) (ScriptedImporter) -> (Import Result ID: '6c6185424f53286696cedbda2f332bb4') in 0.0140066 seconds [static and dynamic dependencies]. Details - ImportResultOutputID=d2c1b6eba346dc7625044210825f083a DependenciesID=fccf0657860bd86ba05b7453d0179183 StaticDependenciesID=6f480a5d5d93587ee8c8fccfdde08c05 
Number of updated asset objects reloaded before import = 0Number of asset objects unloaded after import = 5

========================================================================
Received Import Request.
  Time since last request: 0.000035 seconds.
  path: Assets/Scripts/SubtitleController0.cs
  importAddress: Guid(4e9b73dc623404c4185c19c958cd9a80) Importer(2089858483,b0f066a214c2f5e87bad3c948f4d605d)
Start importing Assets/Scripts/SubtitleController0.cs using Guid(4e9b73dc623404c4185c19c958cd9a80) Importer(2089858483,b0f066a214c2f5e87bad3c948f4d605d) (ScriptedImporter) -> (Import Result ID: '25d93a0d0ae5df48209f7a8fbfb7236d') in 0.0034236 seconds [static and dynamic dependencies]. Details - ImportResultOutputID=4afccfc6b4859546a199eecabb1b6110 DependenciesID=b96538d153932c25e2366ce5198d80a1 StaticDependenciesID=13b22ca33a7ef7b9631487afbc4034fa 
Number of updated asset objects reloaded before import = 0Number of asset objects unloaded after import = 0

========================================================================
Received Import Request.
  Time since last request: 0.000020 seconds.
  path: Assets/Scenes/WU1before.unity
  importAddress: Guid(fb030ba624edbb04d8b053b9bc894980) Importer(2089858483,e11c23a36db5f54750b8cd40eac0985b)
Start importing Assets/Scenes/WU1before.unity using Guid(fb030ba624edbb04d8b053b9bc894980) Importer(2089858483,e11c23a36db5f54750b8cd40eac0985b) (ScriptedImporter)Opening scene 'Assets/Scenes/WU1before.unity additively'
Loaded scene 'Assets/Scenes/WU1before.unity'
	Deserialize:            12.595 ms
	Integration:            2.482 ms
	Integration of assets:  0.920 ms
	Thread Wait Time:       0.009 ms
	Total Operation Time:   16.007 ms
 -> (Import Result ID: '772c689733c3aa89b71db98d2bb915b0') in 0.1045677 seconds [static and dynamic dependencies]. Details - ImportResultOutputID=f8d54a346960e1a01157a0287f3e63cc DependenciesID=3b39eef338039814af45e19fb2a343a7 StaticDependenciesID=8e3c7da431ef8d85d64247e802e75e80 
Number of updated asset objects reloaded before import = 0Number of asset objects unloaded after import = 76

========================================================================
Received Import Request.
  Time since last request: 0.000031 seconds.
  path: Assets/audio/妇好12（3）.wav
  importAddress: Guid(f3fbdb66c2ceaa247a3cc1dae1a7e007) Importer(2089858483,b0f066a214c2f5e87bad3c948f4d605d)
Start importing Assets/audio/妇好12（3）.wav using Guid(f3fbdb66c2ceaa247a3cc1dae1a7e007) Importer(2089858483,b0f066a214c2f5e87bad3c948f4d605d) (ScriptedImporter) -> (Import Result ID: '7c5eb638ab399e6ae21d0c7089c8113e') in 0.0039632 seconds [static and dynamic dependencies]. Details - ImportResultOutputID=53c1abdbb6b5a1b3487524fc2dfbb462 DependenciesID=6c1479d15bbfc496af5dab319fe06577 StaticDependenciesID=814cd05e9f67facfe4f6aed651998204 
Number of updated asset objects reloaded before import = 0Number of asset objects unloaded after import = 1

========================================================================
Received Import Request.
  Time since last request: 0.000025 seconds.
  path: Assets/materials/Skybox.mat
  importAddress: Guid(ffb26f0a27bc943459d5ba34190e8e5f) Importer(2089858483,b0f066a214c2f5e87bad3c948f4d605d)
Start importing Assets/materials/Skybox.mat using Guid(ffb26f0a27bc943459d5ba34190e8e5f) Importer(2089858483,b0f066a214c2f5e87bad3c948f4d605d) (ScriptedImporter) -> (Import Result ID: 'c271100e51009cb15ab4098cafcc11d0') in 0.0058081 seconds [static and dynamic dependencies]. Details - ImportResultOutputID=e982064ee952979ac68602f593045297 DependenciesID=5b3306747661b7f9729796255f21cbaf StaticDependenciesID=3a31dff164e43cd8655760bf5e3d1c4c 
Number of updated asset objects reloaded before import = 0Number of asset objects unloaded after import = 1

========================================================================
Received Import Request.
  Time since last request: 0.000042 seconds.
  path: Assets/audio/wu1对话3.wav
  importAddress: Guid(e3f3fd7483c7f9547822b1ea0f553020) Importer(2089858483,b0f066a214c2f5e87bad3c948f4d605d)
Start importing Assets/audio/wu1对话3.wav using Guid(e3f3fd7483c7f9547822b1ea0f553020) Importer(2089858483,b0f066a214c2f5e87bad3c948f4d605d) (ScriptedImporter) -> (Import Result ID: 'e558ca0af3d5122bdf9964302335e195') in 0.0038041 seconds [static and dynamic dependencies]. Details - ImportResultOutputID=116b1a0b275ee5d10eaa2f42fbd84d6b DependenciesID=cf5c4636c5ca26c4f6579daa6f2b9cef StaticDependenciesID=1f989a8d2624d9d5096d48e699a61812 
Number of updated asset objects reloaded before import = 0Number of asset objects unloaded after import = 1

========================================================================
Received Import Request.
  Time since last request: 0.000019 seconds.
  path: Assets/animations/npc@Kneeling Down.fbx
  importAddress: Guid(994fb65aee18b8b4a9a5b45c6f085acd) Importer(2089858483,b0f066a214c2f5e87bad3c948f4d605d)
Start importing Assets/animations/npc@Kneeling Down.fbx using Guid(994fb65aee18b8b4a9a5b45c6f085acd) Importer(2089858483,b0f066a214c2f5e87bad3c948f4d605d) (ScriptedImporter) -> (Import Result ID: '63e6638a746ef51d2679c1f16ebb25f5') in 0.0085077 seconds [static and dynamic dependencies]. Details - ImportResultOutputID=0b6230f6f3b0e6c8181efeddeb8ebd43 DependenciesID=96770c1435b9e6e7d2fa7a8cc650955e StaticDependenciesID=397bf8fe7db9421a312c24204180434f 
Number of updated asset objects reloaded before import = 0Number of asset objects unloaded after import = 72

========================================================================
Received Import Request.
  Time since last request: 0.000019 seconds.
  path: Assets/materials/blackskyy.mat
  importAddress: Guid(8adf0667bb5d22241abc41577cf5df4f) Importer(2089858483,b0f066a214c2f5e87bad3c948f4d605d)
Start importing Assets/materials/blackskyy.mat using Guid(8adf0667bb5d22241abc41577cf5df4f) Importer(2089858483,b0f066a214c2f5e87bad3c948f4d605d) (ScriptedImporter) -> (Import Result ID: '720c6f5b3838dd19b7736f3289efc2b3') in 0.0033981 seconds [static and dynamic dependencies]. Details - ImportResultOutputID=76b3589e9e93c08d0de253ebce67e38d DependenciesID=2335546615cbbb9db92a7ed75fa54208 StaticDependenciesID=c6fa69b6086852ca4cfc0130bbc79ff9 
Number of updated asset objects reloaded before import = 0Number of asset objects unloaded after import = 1

========================================================================
Received Import Request.
  Time since last request: 0.000017 seconds.
  path: Assets/Settings/Mobile_RPAsset.asset
  importAddress: Guid(5e6cbd92db86f4b18aec3ed561671858) Importer(815301076,1909f56bfc062723c751e8b465ee728b)
Start importing Assets/Settings/Mobile_RPAsset.asset using Guid(5e6cbd92db86f4b18aec3ed561671858) Importer(815301076,1909f56bfc062723c751e8b465ee728b) (PreviewImporter) -> (Import Result ID: '49eecdcc74c4aab5514775b32ce5159a') in 0.0017526 seconds [static and dynamic dependencies]. Details - ImportResultOutputID=d504da95e0c9d5a239a61cc32981aa1f DependenciesID=e77255fca8eba7fe7801970ce1e27185 StaticDependenciesID=16e4dbb8c7c3a853f0b496ca17309243 
Number of updated asset objects reloaded before import = 0Number of asset objects unloaded after import = 2

========================================================================
Received Import Request.
  Time since last request: 0.000015 seconds.
  path: Assets/Resources/巫22222.fbx
  importAddress: Guid(d373075b49e13aa4fb5e14e880708f86) Importer(2089858483,b0f066a214c2f5e87bad3c948f4d605d)
Start importing Assets/Resources/巫22222.fbx using Guid(d373075b49e13aa4fb5e14e880708f86) Importer(2089858483,b0f066a214c2f5e87bad3c948f4d605d) (ScriptedImporter) -> (Import Result ID: '0b19c4db03d2aeed56fb63975e680ba1') in 2.7201986 seconds [static and dynamic dependencies]. Details - ImportResultOutputID=7c4a0d1ef9884c36ed1923cee79ad362 DependenciesID=182d79b12d1b31579d5e2257a59792ac StaticDependenciesID=ed4d31c142be2ae5d77e06a8b04fca59 
Number of updated asset objects reloaded before import = 0Number of asset objects unloaded after import = 22809

========================================================================
Received Import Request.
  Time since last request: 0.000033 seconds.
  path: Assets/materials/Mud_1.mat
  importAddress: Guid(f1b050d2681abaf43b4c187491a0fff3) Importer(2089858483,b0f066a214c2f5e87bad3c948f4d605d)
Start importing Assets/materials/Mud_1.mat using Guid(f1b050d2681abaf43b4c187491a0fff3) Importer(2089858483,b0f066a214c2f5e87bad3c948f4d605d) (ScriptedImporter) -> (Import Result ID: '4acf5cfeef6782f080e22ea337ef2cc0') in 0.0354448 seconds [static and dynamic dependencies]. Details - ImportResultOutputID=ca74a48c6074db57b1305ddca8f78b49 DependenciesID=25f054324d6527edf522a09abbd8c22c StaticDependenciesID=c2989db6101ce78a25a9450214e48b24 
Number of updated asset objects reloaded before import = 0Number of asset objects unloaded after import = 5

========================================================================
Received Import Request.
  Time since last request: 0.052364 seconds.
  path: Assets/materials/reuv/newBase2.png
  importAddress: Guid(97db2888dbe80c14693e2bf5e32bd7ff) Importer(2089858483,b0f066a214c2f5e87bad3c948f4d605d)
Start importing Assets/materials/reuv/newBase2.png using Guid(97db2888dbe80c14693e2bf5e32bd7ff) Importer(2089858483,b0f066a214c2f5e87bad3c948f4d605d) (ScriptedImporter) -> (Import Result ID: '1bfe92c40f4efbeee854176dd94fb6b5') in 0.0265053 seconds [static and dynamic dependencies]. Details - ImportResultOutputID=a03b08420b828411f8a2093ecba8c5cf DependenciesID=1e598629261d1d8a13c033c17852f449 StaticDependenciesID=1b34b5e0e4c14c9dd2b0b3dffdfde8bf 
Number of updated asset objects reloaded before import = 0Number of asset objects unloaded after import = 1

========================================================================
Received Import Request.
  Time since last request: 0.000019 seconds.
  path: Assets/TextMesh Pro/Fonts/LiberationSans.ttf
  importAddress: Guid(e3265ab4bf004d28a9537516768c1c75) Importer(2089858483,b0f066a214c2f5e87bad3c948f4d605d)
Start importing Assets/TextMesh Pro/Fonts/LiberationSans.ttf using Guid(e3265ab4bf004d28a9537516768c1c75) Importer(2089858483,b0f066a214c2f5e87bad3c948f4d605d) (ScriptedImporter) -> (Import Result ID: '7ab7dbd13318f03bb01ff007826807b6') in 0.0070588 seconds [static and dynamic dependencies]. Details - ImportResultOutputID=af2b4ffda451b6e7581aa773470e4edb DependenciesID=035077e396e9afcd1945c31a24a3728b StaticDependenciesID=8d7b10ba804405d2fb9a467f6d8c5b4f 
Number of updated asset objects reloaded before import = 0Number of asset objects unloaded after import = 3

========================================================================
Received Import Request.
  Time since last request: 0.000022 seconds.
  path: Assets/Scenes/intro/Global Volume (1) Profile.asset
  importAddress: Guid(ef378b775f4074f48a8b62b7d28feec1) Importer(2089858483,b0f066a214c2f5e87bad3c948f4d605d)
Start importing Assets/Scenes/intro/Global Volume (1) Profile.asset using Guid(ef378b775f4074f48a8b62b7d28feec1) Importer(2089858483,b0f066a214c2f5e87bad3c948f4d605d) (ScriptedImporter) -> (Import Result ID: '9dca5a040b35b8a01371c883370cd6f3') in 0.0044567 seconds [static and dynamic dependencies]. Details - ImportResultOutputID=a8795fd64815dddb24eec0ffa630c9bc DependenciesID=107457b89ccee9cda7eca5d3ad826cf8 StaticDependenciesID=d8c8515ccb922400649f019eb2456775 
Number of updated asset objects reloaded before import = 0Number of asset objects unloaded after import = 3

========================================================================
Received Import Request.
  Time since last request: 0.000019 seconds.
  path: Assets/TripoModels/ancient_statue_3d_model_2/ancient_statue_3d_model_2.fbx
  importAddress: Guid(3c4d9592a7b98f441a26c81aba67c2d0) Importer(2089858483,b0f066a214c2f5e87bad3c948f4d605d)
Start importing Assets/TripoModels/ancient_statue_3d_model_2/ancient_statue_3d_model_2.fbx using Guid(3c4d9592a7b98f441a26c81aba67c2d0) Importer(2089858483,b0f066a214c2f5e87bad3c948f4d605d) (ScriptedImporter)MaterialLocation.External is obsolete. External Material Location is no longer supported. (Assets/TripoModels/ancient_statue_3d_model_2/ancient_statue_3d_model_2.fbx)
 -> (Import Result ID: 'ce8e2c918bd2d74bc1f24dd2c760f08b') in 0.0086659 seconds [static and dynamic dependencies]. Details - ImportResultOutputID=5b9320ee08e9953d250ab1ebc4cbbedb DependenciesID=a6738ad4539fba3e2d0fb04497fecb65 StaticDependenciesID=3f3342e580817f1e22f175ce25c98acb 
Number of updated asset objects reloaded before import = 0Number of asset objects unloaded after import = 8

========================================================================
Received Import Request.
  Time since last request: 0.000025 seconds.
  path: Assets/TextMesh Pro/Shaders/TMP_SDF-Mobile Overlay.shader
  importAddress: Guid(a02a7d8c237544f1962732b55a9aebf1) Importer(2089858483,b0f066a214c2f5e87bad3c948f4d605d)
Start importing Assets/TextMesh Pro/Shaders/TMP_SDF-Mobile Overlay.shader using Guid(a02a7d8c237544f1962732b55a9aebf1) Importer(2089858483,b0f066a214c2f5e87bad3c948f4d605d) (ScriptedImporter) -> (Import Result ID: '53c59f2b22cc024f9db20775289107e0') in 0.0061228 seconds [static and dynamic dependencies]. Details - ImportResultOutputID=5412e5bbde022e4e62f11ee41aa39c13 DependenciesID=dba8babbb889a01ab1b10b9516bbd1c6 StaticDependenciesID=0cd9ea97f68392fe6cbce5de52c408ad 
Number of updated asset objects reloaded before import = 0Number of asset objects unloaded after import = 1

========================================================================
Received Import Request.
  Time since last request: 0.000034 seconds.
  path: Assets/TripoModels/ancient_goddess_statue_3d_model/ancient_goddess_statue_3d_model.fbx
  importAddress: Guid(af4314c56b5b7174f8a7046f0e3d2e62) Importer(2089858483,b0f066a214c2f5e87bad3c948f4d605d)
Start importing Assets/TripoModels/ancient_goddess_statue_3d_model/ancient_goddess_statue_3d_model.fbx using Guid(af4314c56b5b7174f8a7046f0e3d2e62) Importer(2089858483,b0f066a214c2f5e87bad3c948f4d605d) (ScriptedImporter)MaterialLocation.External is obsolete. External Material Location is no longer supported. (Assets/TripoModels/ancient_goddess_statue_3d_model/ancient_goddess_statue_3d_model.fbx)
 -> (Import Result ID: '73a2ae0f0c9955dd1dcbfc85045e0960') in 0.0127169 seconds [static and dynamic dependencies]. Details - ImportResultOutputID=f93d1aae0726e9833f55fa8dc5abf26f DependenciesID=961c3a1cea53d432b69e5f0474ae06af StaticDependenciesID=3ca57707548abdbec0dbc8368cea31b9 
Number of updated asset objects reloaded before import = 0Number of asset objects unloaded after import = 8

========================================================================
Received Import Request.
  Time since last request: 0.000022 seconds.
  path: Assets/TextMesh Pro/Shaders/TMPro_Surface.cginc
  importAddress: Guid(d930090c0cd643c7b55f19a38538c162) Importer(2089858483,b0f066a214c2f5e87bad3c948f4d605d)
Start importing Assets/TextMesh Pro/Shaders/TMPro_Surface.cginc using Guid(d930090c0cd643c7b55f19a38538c162) Importer(2089858483,b0f066a214c2f5e87bad3c948f4d605d) (ScriptedImporter) -> (Import Result ID: '414251a58930048ececd3e7a050a64a2') in 0.0038326 seconds [static and dynamic dependencies]. Details - ImportResultOutputID=5b3b25ec1e8b94160f4730e87444a493 DependenciesID=cfd80509d6ef5a874d9ac4a7e82067ba StaticDependenciesID=8fb9495c76aeb6809f5b996ebfc0882c 
Number of updated asset objects reloaded before import = 0Number of asset objects unloaded after import = 1

========================================================================
Received Import Request.
  Time since last request: 0.000016 seconds.
  path: Assets/TextMesh Pro/Resources/LineBreaking Leading Characters.txt
  importAddress: Guid(d82c1b31c7e74239bff1220585707d2b) Importer(2089858483,b0f066a214c2f5e87bad3c948f4d605d)
Start importing Assets/TextMesh Pro/Resources/LineBreaking Leading Characters.txt using Guid(d82c1b31c7e74239bff1220585707d2b) Importer(2089858483,b0f066a214c2f5e87bad3c948f4d605d) (ScriptedImporter) -> (Import Result ID: 'f60387129b1326f7bbe0ec408e75af8d') in 0.0041951 seconds [static and dynamic dependencies]. Details - ImportResultOutputID=59f427e004fd5a639684f86164ea8428 DependenciesID=b4b57beeb4264a473032fc54487d3946 StaticDependenciesID=dda605278c247b9c3f7e62e1f27042f7 
Number of updated asset objects reloaded before import = 0Number of asset objects unloaded after import = 1

========================================================================
Received Import Request.
  Time since last request: 0.000026 seconds.
  path: Assets/materials/textures/Meshy_AI_Ritual_bronze_ding_0703085930_texture_metallic.png
  importAddress: Guid(187da3e0e1168cf4989f187b64e6f5ff) Importer(2089858483,b0f066a214c2f5e87bad3c948f4d605d)
Start importing Assets/materials/textures/Meshy_AI_Ritual_bronze_ding_0703085930_texture_metallic.png using Guid(187da3e0e1168cf4989f187b64e6f5ff) Importer(2089858483,b0f066a214c2f5e87bad3c948f4d605d) (ScriptedImporter) -> (Import Result ID: '086e06ef4f0d85570caba55d6c8d643b') in 0.0113126 seconds [static and dynamic dependencies]. Details - ImportResultOutputID=f05d2f11e1ae72d8d8b9e2227b37a372 DependenciesID=bda9b333816875dc2666e20dd468b3e9 StaticDependenciesID=a44d74e4fc1b832a8a284e02219f9451 
Number of updated asset objects reloaded before import = 0Number of asset objects unloaded after import = 1

========================================================================
Received Import Request.
  Time since last request: 0.000020 seconds.
  path: Assets/Scenes/tomb1/Global Volume Profile.asset
  importAddress: Guid(06c9721c6d313894cbd79b5394a50597) Importer(2089858483,b0f066a214c2f5e87bad3c948f4d605d)
Start importing Assets/Scenes/tomb1/Global Volume Profile.asset using Guid(06c9721c6d313894cbd79b5394a50597) Importer(2089858483,b0f066a214c2f5e87bad3c948f4d605d) (ScriptedImporter) -> (Import Result ID: 'b56ae4c40e79da8891f293135673ebde') in 0.0041911 seconds [static and dynamic dependencies]. Details - ImportResultOutputID=e37539cd285b772ed05af7e2542c92d3 DependenciesID=1e164ab2122251c1a981046ebcca2ccf StaticDependenciesID=cac1ddbfe920ce530eb2bd89b7f06ba7 
Number of updated asset objects reloaded before import = 0Number of asset objects unloaded after import = 3

========================================================================
Received Import Request.
  Time since last request: 0.000023 seconds.
  path: Assets/TextMesh Pro/Shaders/TMP_SDF-URP Unlit.shadergraph
  importAddress: Guid(124c112a6e8f1a54e8b0870e881b56d8) Importer(2089858483,b0f066a214c2f5e87bad3c948f4d605d)
Start importing Assets/TextMesh Pro/Shaders/TMP_SDF-URP Unlit.shadergraph using Guid(124c112a6e8f1a54e8b0870e881b56d8) Importer(2089858483,b0f066a214c2f5e87bad3c948f4d605d) (ScriptedImporter) -> (Import Result ID: 'bb95c5097a59e7f6dc8c442afd61f7b3') in 0.0176093 seconds [static and dynamic dependencies]. Details - ImportResultOutputID=1de527b50d3dd2f295b457b3c6201af2 DependenciesID=afc5da04fdbbaec7384850431f6f9974 StaticDependenciesID=2e70c7206d9e4ef7fea767e8a8a682a4 
Number of updated asset objects reloaded before import = 0Number of asset objects unloaded after import = 4

========================================================================
Received Import Request.
  Time since last request: 0.000038 seconds.
  path: Assets/TripoModels/bodhisattva_statue_3d_model_2/bodhisattva_statue_3d_model_2.fbx
  importAddress: Guid(6945bee846bf3f84fb5f82c202d03729) Importer(2089858483,b0f066a214c2f5e87bad3c948f4d605d)
Start importing Assets/TripoModels/bodhisattva_statue_3d_model_2/bodhisattva_statue_3d_model_2.fbx using Guid(6945bee846bf3f84fb5f82c202d03729) Importer(2089858483,b0f066a214c2f5e87bad3c948f4d605d) (ScriptedImporter) -> (Import Result ID: '5fcfb16cbd7dc9cfbe549725892a83b8') in 0.0185119 seconds [static and dynamic dependencies]. Details - ImportResultOutputID=0c6b2dffe6d5b14780dfd194382aa68a DependenciesID=d168a2cc8109f5753b234c0e85113f2c StaticDependenciesID=ce5f5b11568d07d82f05f6ab51fd65b9 
Number of updated asset objects reloaded before import = 0Number of asset objects unloaded after import = 10

========================================================================
Received Import Request.
  Time since last request: 0.000020 seconds.
  path: Assets/TextMesh Pro/Shaders/TMP_SDF-HDRP UNLIT.shadergraph
  importAddress: Guid(f63d574838ccfb44f84acc05fed0af48) Importer(2089858483,b0f066a214c2f5e87bad3c948f4d605d)
Start importing Assets/TextMesh Pro/Shaders/TMP_SDF-HDRP UNLIT.shadergraph using Guid(f63d574838ccfb44f84acc05fed0af48) Importer(2089858483,b0f066a214c2f5e87bad3c948f4d605d) (ScriptedImporter) -> (Import Result ID: '8d7720962a8c3a422c53a45d669b9b34') in 0.0049148 seconds [static and dynamic dependencies]. Details - ImportResultOutputID=28c1932381974dd2d403cba2b6dd7582 DependenciesID=5d80eade8f3ba71b3349bcc94ff3941a StaticDependenciesID=76664a18f50202a4e669f6b3997590d2 
Number of updated asset objects reloaded before import = 0Number of asset objects unloaded after import = 3

========================================================================
Received Import Request.
  Time since last request: 0.000016 seconds.
  path: Assets/Scripts/Gaze/GazeDebugAction.cs
  importAddress: Guid(6c801e8445185744e8a86f89a5b1f096) Importer(2089858483,b0f066a214c2f5e87bad3c948f4d605d)
Start importing Assets/Scripts/Gaze/GazeDebugAction.cs using Guid(6c801e8445185744e8a86f89a5b1f096) Importer(2089858483,b0f066a214c2f5e87bad3c948f4d605d) (ScriptedImporter) -> (Import Result ID: '9224e23410d572845682283914359e64') in 0.0029218 seconds [static and dynamic dependencies]. Details - ImportResultOutputID=7c40ddcb01e93357cd6c700a5876efd8 DependenciesID=5f19c10e9f319eb1beb93eebf61aab38 StaticDependenciesID=8caab487bd438b1fa38b9df7273a5b1c 
Number of updated asset objects reloaded before import = 0Number of asset objects unloaded after import = 0

========================================================================
Received Import Request.
  Time since last request: 0.000032 seconds.
  path: Assets/materials/reuv/newNormal5.png
  importAddress: Guid(cafabf50077bdff4497c5cb1c2ea9a44) Importer(2089858483,b0f066a214c2f5e87bad3c948f4d605d)
Start importing Assets/materials/reuv/newNormal5.png using Guid(cafabf50077bdff4497c5cb1c2ea9a44) Importer(2089858483,b0f066a214c2f5e87bad3c948f4d605d) (ScriptedImporter) -> (Import Result ID: '54943f0562a15023b2fbf727e0203a96') in 0.0062124 seconds [static and dynamic dependencies]. Details - ImportResultOutputID=1a3ad3d4f424f590e33a1ef4a5b662f2 DependenciesID=dc6b828baf6af013c1f61f9d44612dd3 StaticDependenciesID=2b7a43e06f16c785263aa63b0f6b8862 
Number of updated asset objects reloaded before import = 0Number of asset objects unloaded after import = 1

========================================================================
Received Import Request.
  Time since last request: 0.000020 seconds.
  path: Assets/TextMesh Pro/Shaders/TMP_Sprite.shader
  importAddress: Guid(cf81c85f95fe47e1a27f6ae460cf182c) Importer(2089858483,b0f066a214c2f5e87bad3c948f4d605d)
Start importing Assets/TextMesh Pro/Shaders/TMP_Sprite.shader using Guid(cf81c85f95fe47e1a27f6ae460cf182c) Importer(2089858483,b0f066a214c2f5e87bad3c948f4d605d) (ScriptedImporter) -> (Import Result ID: 'a30b8c026c0d58ebbd1e8d99ddf14369') in 0.0032989 seconds [static and dynamic dependencies]. Details - ImportResultOutputID=a8df18770a8e8028f26766285936fb53 DependenciesID=fd25dbe7ec0306ade7312a98820a00f3 StaticDependenciesID=a81e5bd42182df2690e5bdad867634f4 
Number of updated asset objects reloaded before import = 0Number of asset objects unloaded after import = 1

========================================================================
Received Import Request.
  Time since last request: 0.000019 seconds.
  path: Assets/TripoModels/ancient_statue_3d_model_5/ancient_statue_3d_model_5.fbx
  importAddress: Guid(ff1a8a89d10efa949aadbe0398445539) Importer(2089858483,b0f066a214c2f5e87bad3c948f4d605d)
Start importing Assets/TripoModels/ancient_statue_3d_model_5/ancient_statue_3d_model_5.fbx using Guid(ff1a8a89d10efa949aadbe0398445539) Importer(2089858483,b0f066a214c2f5e87bad3c948f4d605d) (ScriptedImporter)MaterialLocation.External is obsolete. External Material Location is no longer supported. (Assets/TripoModels/ancient_statue_3d_model_5/ancient_statue_3d_model_5.fbx)
 -> (Import Result ID: '8e526052970da41ef57c26e88c8f19a9') in 0.007845 seconds [static and dynamic dependencies]. Details - ImportResultOutputID=3e917d986709df517d9bc0d5eb5feb30 DependenciesID=1f746ead27cc8e1ffdc5d9a76c2d289e StaticDependenciesID=76dde453c138283c9bc2a7e84d13e527 
Number of updated asset objects reloaded before import = 0Number of asset objects unloaded after import = 8

========================================================================
Received Import Request.
  Time since last request: 0.000025 seconds.
  path: Assets/TripoModels/bodhisattva_statue_3d_model_1/bodhisattva_statue_3d_model_1.fbx
  importAddress: Guid(05b8e38a638197c4aa1e578eb5dddf49) Importer(2089858483,b0f066a214c2f5e87bad3c948f4d605d)
Start importing Assets/TripoModels/bodhisattva_statue_3d_model_1/bodhisattva_statue_3d_model_1.fbx using Guid(05b8e38a638197c4aa1e578eb5dddf49) Importer(2089858483,b0f066a214c2f5e87bad3c948f4d605d) (ScriptedImporter) -> (Import Result ID: 'fedb363958f61112b6216baf51086daa') in 0.0138395 seconds [static and dynamic dependencies]. Details - ImportResultOutputID=a0d46d495f050fd9ddf9f4c3102da663 DependenciesID=421b4470f997d132f7da14606c8e43c5 StaticDependenciesID=730b688f55948fa6c212a35be392d2d9 
Number of updated asset objects reloaded before import = 0Number of asset objects unloaded after import = 10

========================================================================
Received Import Request.
  Time since last request: 0.000064 seconds.
  path: Assets/TextMesh Pro/Resources/TMP Settings.asset
  importAddress: Guid(3f5b5dff67a942289a9defa416b206f3) Importer(2089858483,b0f066a214c2f5e87bad3c948f4d605d)
Start importing Assets/TextMesh Pro/Resources/TMP Settings.asset using Guid(3f5b5dff67a942289a9defa416b206f3) Importer(2089858483,b0f066a214c2f5e87bad3c948f4d605d) (ScriptedImporter) -> (Import Result ID: '317d39593d5d47fd32c4fa53af124738') in 0.0128462 seconds [static and dynamic dependencies]. Details - ImportResultOutputID=1f79a84cfc920c9ef15cb044839783ed DependenciesID=916a91fe0bfe0cce19f3ffce85d0a874 StaticDependenciesID=c8804b8a5531bf9630cbb1cba09eb58a 
Number of updated asset objects reloaded before import = 0Number of asset objects unloaded after import = 12

========================================================================
Received Import Request.
  Time since last request: 0.000028 seconds.
  path: Assets/Shader Graph/Test Material/New Material.mat
  importAddress: Guid(648a6b2beb18db4449938894a6ae88c9) Importer(2089858483,b0f066a214c2f5e87bad3c948f4d605d)
Start importing Assets/Shader Graph/Test Material/New Material.mat using Guid(648a6b2beb18db4449938894a6ae88c9) Importer(2089858483,b0f066a214c2f5e87bad3c948f4d605d) (ScriptedImporter) -> (Import Result ID: '860cf2df929284c9049526058d68f6c2') in 0.0041785 seconds [static and dynamic dependencies]. Details - ImportResultOutputID=a2e61bfa6112588dce75c80c6aa4cea1 DependenciesID=b5acf5bd2ef2e7f1a1aaa81165fd20c1 StaticDependenciesID=8ad991826e3484792985f894cf5df7fc 
Number of updated asset objects reloaded before import = 0Number of asset objects unloaded after import = 1

========================================================================
Received Import Request.
  Time since last request: 0.432907 seconds.
  path: Assets/XR/Settings/OpenXR Editor Settings.asset
  importAddress: Guid(a441f774519bc8748a7903d1676a53b3) Importer(2089858483,b0f066a214c2f5e87bad3c948f4d605d)
Start importing Assets/XR/Settings/OpenXR Editor Settings.asset using Guid(a441f774519bc8748a7903d1676a53b3) Importer(2089858483,b0f066a214c2f5e87bad3c948f4d605d) (ScriptedImporter) -> (Import Result ID: '304351fc6cc0c3fe2ce87ad1123381de') in 0.0057602 seconds [static and dynamic dependencies]. Details - ImportResultOutputID=80baa5ee9a0d4c8f437a5a52fe44e915 DependenciesID=3a35d12da25585473d0e92131a2bedf0 StaticDependenciesID=f2d5838f6182999ffc2b3a44be0ed5d6 
Number of updated asset objects reloaded before import = 0Number of asset objects unloaded after import = 1

========================================================================
Received Import Request.
  Time since last request: 0.000016 seconds.
  path: Assets/TripoModels/ancient_chinese_emperor_statue_3d_model/ancient_chinese_emperor_statue_3d_model.fbm/ancient_chinese_emperor_statue_3d_model_metallic_Smoothness.png
  importAddress: Guid(1cf123df9a69e1e4cb8498a0e386ff35) Importer(2089858483,b0f066a214c2f5e87bad3c948f4d605d)
Start importing Assets/TripoModels/ancient_chinese_emperor_statue_3d_model/ancient_chinese_emperor_statue_3d_model.fbm/ancient_chinese_emperor_statue_3d_model_metallic_Smoothness.png using Guid(1cf123df9a69e1e4cb8498a0e386ff35) Importer(2089858483,b0f066a214c2f5e87bad3c948f4d605d) (ScriptedImporter) -> (Import Result ID: '0c5af54e83368bde739e969d99d26aac') in 0.0114206 seconds [static and dynamic dependencies]. Details - ImportResultOutputID=9117612b30b8ee0340eb04a9ee92a16d DependenciesID=77a90ceda83f605819b789dad078fe5e StaticDependenciesID=72f294ad0f5b685c573fc22775eee29f 
Number of updated asset objects reloaded before import = 0Number of asset objects unloaded after import = 1

========================================================================
Received Import Request.
  Time since last request: 0.000019 seconds.
  path: Assets/Ian's Fire Pack Universal/_URP Specific/Prefabs/Candle URP.prefab
  importAddress: Guid(98d51bac4f1ba403cba9d6db50bcbf72) Importer(2089858483,e11c23a36db5f54750b8cd40eac0985b)
Start importing Assets/Ian's Fire Pack Universal/_URP Specific/Prefabs/Candle URP.prefab using Guid(98d51bac4f1ba403cba9d6db50bcbf72) Importer(2089858483,e11c23a36db5f54750b8cd40eac0985b) (ScriptedImporter) -> (Import Result ID: '41ffbe4bb6133060c8a2cf2c86937ec3') in 0.0210933 seconds [static and dynamic dependencies]. Details - ImportResultOutputID=af5dc4c12a3bdf0c0e26e37103f76510 DependenciesID=73c4fd253b9d933f2d59a12eefd377fb StaticDependenciesID=58333dc602794f9734ff55bfba063f14 
Number of updated asset objects reloaded before import = 0Number of asset objects unloaded after import = 12

========================================================================
Received Import Request.
  Time since last request: 0.000023 seconds.
  path: Assets/materials/Meshy_AI_Fragmented_Cuneiform__0801054947_texture_fbx/Materials/Meshy_AI_Fragmented_Cuneiform__0801054947_texture.mat
  importAddress: Guid(b72d130ad75a55746a75d36742b793bf) Importer(2089858483,b0f066a214c2f5e87bad3c948f4d605d)
Start importing Assets/materials/Meshy_AI_Fragmented_Cuneiform__0801054947_texture_fbx/Materials/Meshy_AI_Fragmented_Cuneiform__0801054947_texture.mat using Guid(b72d130ad75a55746a75d36742b793bf) Importer(2089858483,b0f066a214c2f5e87bad3c948f4d605d) (ScriptedImporter) -> (Import Result ID: '6868c00f65a29103701f775e48913a2a') in 0.009175 seconds [static and dynamic dependencies]. Details - ImportResultOutputID=edf9cdf848f180c8a60b76b61ae4b5f4 DependenciesID=57e8efb1715e507c93b30d055a33f284 StaticDependenciesID=fbea046014b6fcbc2addc641db675459 
Number of updated asset objects reloaded before import = 0Number of asset objects unloaded after import = 3

========================================================================
Received Import Request.
  Time since last request: 0.000032 seconds.
  path: Assets/QuickOutline/Resources/Shaders/OutlineMask.shader
  importAddress: Guid(341b058cd7dee4f5cba5cc59a513619e) Importer(2089858483,b0f066a214c2f5e87bad3c948f4d605d)
Start importing Assets/QuickOutline/Resources/Shaders/OutlineMask.shader using Guid(341b058cd7dee4f5cba5cc59a513619e) Importer(2089858483,b0f066a214c2f5e87bad3c948f4d605d) (ScriptedImporter) -> (Import Result ID: 'dd3bbae26e27ea2e522bd2401a4d3a9a') in 0.0033556 seconds [static and dynamic dependencies]. Details - ImportResultOutputID=83580ab2cd2ed78e27d4c4f0b56ef48f DependenciesID=d25f0dfaca59be6a9b6889800285853e StaticDependenciesID=29161a1a2b59d9c98a031157ff4371af 
Number of updated asset objects reloaded before import = 0Number of asset objects unloaded after import = 1

========================================================================
Received Import Request.
  Time since last request: 0.000021 seconds.
  path: Assets/TripoModels/ancient_chinese_statue_3d_model_5/Materials/ancient_chinese_statue_3d_model_basecolor.mat
  importAddress: Guid(3d20cac52fc27794f996b1648b08008e) Importer(2089858483,b0f066a214c2f5e87bad3c948f4d605d)
Start importing Assets/TripoModels/ancient_chinese_statue_3d_model_5/Materials/ancient_chinese_statue_3d_model_basecolor.mat using Guid(3d20cac52fc27794f996b1648b08008e) Importer(2089858483,b0f066a214c2f5e87bad3c948f4d605d) (ScriptedImporter) -> (Import Result ID: '01cdbacd83c6c219f78bdd1ca2359015') in 0.0189158 seconds [static and dynamic dependencies]. Details - ImportResultOutputID=578e95a4ac47d12c9e04f590da2a2862 DependenciesID=75d6d0d5ddc789f140176fa897103f65 StaticDependenciesID=473864e8926ae46967d83b5c60ee6f50 
Number of updated asset objects reloaded before import = 0Number of asset objects unloaded after import = 4

========================================================================
Received Import Request.
  Time since last request: 0.000044 seconds.
  path: Assets/SunboxGames/ModularDungeonCaves/Models/MediumChamber_03.fbx
  importAddress: Guid(58b97240c8760ec4b9ae34006ff15e56) Importer(2089858483,b0f066a214c2f5e87bad3c948f4d605d)
Start importing Assets/SunboxGames/ModularDungeonCaves/Models/MediumChamber_03.fbx using Guid(58b97240c8760ec4b9ae34006ff15e56) Importer(2089858483,b0f066a214c2f5e87bad3c948f4d605d) (ScriptedImporter) -> (Import Result ID: 'b2dd3615ce7a5ec2750e97e28ffc0a4f') in 0.0107171 seconds [static and dynamic dependencies]. Details - ImportResultOutputID=5ed30abcb14ce84095dfbf8b6088c4c3 DependenciesID=c2865c4661b2fd7965316fdba4058be8 StaticDependenciesID=854a12e921f559bfc873c3679d560ea9 
Number of updated asset objects reloaded before import = 0Number of asset objects unloaded after import = 32

========================================================================
Received Import Request.
  Time since last request: 0.000023 seconds.
  path: Assets/SunboxGames/ModularDungeonCaves/Materials/CaveSkybox.mat
  importAddress: Guid(28b6915621f5489419029b209c5544f4) Importer(2089858483,b0f066a214c2f5e87bad3c948f4d605d)
Start importing Assets/SunboxGames/ModularDungeonCaves/Materials/CaveSkybox.mat using Guid(28b6915621f5489419029b209c5544f4) Importer(2089858483,b0f066a214c2f5e87bad3c948f4d605d) (ScriptedImporter) -> (Import Result ID: 'dd35a823f202cf78da6786e2ffa66cb8') in 0.0113967 seconds [static and dynamic dependencies]. Details - ImportResultOutputID=17b9491ba6a03287949f2691916bd0be DependenciesID=5b9b93525035537e9c5d5b0335f221dd StaticDependenciesID=b728e0ee04324c23cbd2f55c231c9bcd 
Number of updated asset objects reloaded before import = 0Number of asset objects unloaded after import = 2

========================================================================
Received Import Request.
  Time since last request: 0.000027 seconds.
  path: Assets/TripoModels/ancient_statue_3d_model_1/ancient_statue_3d_model_1.fbm/ancient_statue_3d_model_normal.JPEG
  importAddress: Guid(ad681dac1b22d1c4789a94dc545de936) Importer(2089858483,b0f066a214c2f5e87bad3c948f4d605d)
Start importing Assets/TripoModels/ancient_statue_3d_model_1/ancient_statue_3d_model_1.fbm/ancient_statue_3d_model_normal.JPEG using Guid(ad681dac1b22d1c4789a94dc545de936) Importer(2089858483,b0f066a214c2f5e87bad3c948f4d605d) (ScriptedImporter) -> (Import Result ID: 'df67a9e351b59120d1dbf3896d20f089') in 0.0138276 seconds [static and dynamic dependencies]. Details - ImportResultOutputID=08b247d6bfc9947eaefdd281cd0ece62 DependenciesID=5527768daa8970a097a29bdcd20181b8 StaticDependenciesID=50ebafa9ec8514d40ea50effc0517549 
Number of updated asset objects reloaded before import = 0Number of asset objects unloaded after import = 1

========================================================================
Received Import Request.
  Time since last request: 0.000021 seconds.
  path: Assets/SunboxGames/ModularDungeonCaves/Textures/drachenfels_cellar_2k.hdr
  importAddress: Guid(2c29d93232d3d84499c0a546c09e625f) Importer(2089858483,b0f066a214c2f5e87bad3c948f4d605d)
Start importing Assets/SunboxGames/ModularDungeonCaves/Textures/drachenfels_cellar_2k.hdr using Guid(2c29d93232d3d84499c0a546c09e625f) Importer(2089858483,b0f066a214c2f5e87bad3c948f4d605d) (ScriptedImporter) -> (Import Result ID: '13ca1da065914f0b768170b6dc65d65b') in 0.0126565 seconds [static and dynamic dependencies]. Details - ImportResultOutputID=ad7a7291d5040617a03e04bb7bb87205 DependenciesID=482e9544227824fd800adfd12fc9f405 StaticDependenciesID=bfcc7bf8e061d6761d3b1e75d383d8b8 
Number of updated asset objects reloaded before import = 0Number of asset objects unloaded after import = 1

========================================================================
Received Import Request.
  Time since last request: 0.000032 seconds.
  path: Assets/mesh/未烧裂甲骨/Meshy_AI_Turtle_shell_fragment_0801173027_texture_fbx/Meshy_AI_Turtle_shell_fragment_0801173027_texture_roughness.png
  importAddress: Guid(f0988de10ba2f834a96dc1a12f25149f) Importer(2089858483,b0f066a214c2f5e87bad3c948f4d605d)
Start importing Assets/mesh/未烧裂甲骨/Meshy_AI_Turtle_shell_fragment_0801173027_texture_fbx/Meshy_AI_Turtle_shell_fragment_0801173027_texture_roughness.png using Guid(f0988de10ba2f834a96dc1a12f25149f) Importer(2089858483,b0f066a214c2f5e87bad3c948f4d605d) (ScriptedImporter) -> (Import Result ID: '39c1211b8ca7ad6dd57ba8603e69661f') in 0.0082202 seconds [static and dynamic dependencies]. Details - ImportResultOutputID=b7b74c376915bd405fce43b16cc00a56 DependenciesID=f6297d052344ae520e06bda652177879 StaticDependenciesID=ba8dd5fe58f4dea717e28001f21e5ef1 
Number of updated asset objects reloaded before import = 0Number of asset objects unloaded after import = 1

========================================================================
Received Import Request.
  Time since last request: 0.000022 seconds.
  path: Assets/TripoModels/ancient_chinese_statue_3d_model/ancient_chinese_statue_3d_model.fbm/ancient_chinese_statue_3d_model_metallic_Smoothness.png
  importAddress: Guid(57997a7e5de7de74989550d02fe44bf7) Importer(2089858483,b0f066a214c2f5e87bad3c948f4d605d)
Start importing Assets/TripoModels/ancient_chinese_statue_3d_model/ancient_chinese_statue_3d_model.fbm/ancient_chinese_statue_3d_model_metallic_Smoothness.png using Guid(57997a7e5de7de74989550d02fe44bf7) Importer(2089858483,b0f066a214c2f5e87bad3c948f4d605d) (ScriptedImporter) -> (Import Result ID: '4e3f996561b85951d4ab5454744de65e') in 0.0151285 seconds [static and dynamic dependencies]. Details - ImportResultOutputID=fec8e6c5f117e236fa6323c4b86af701 DependenciesID=22469d9b228f86e816f5dd8f1f8f103f StaticDependenciesID=03ccfe02c24bca272b03cae1601d9de0 
Number of updated asset objects reloaded before import = 0Number of asset objects unloaded after import = 1

========================================================================
Received Import Request.
  Time since last request: 0.000017 seconds.
  path: Assets/materials/rock_wall_02_4k.blend/textures/rock_wall_02_rough_4k.jpg
  importAddress: Guid(b5f8febe3aadd0947afc648fe5b2e90a) Importer(2089858483,b0f066a214c2f5e87bad3c948f4d605d)
Start importing Assets/materials/rock_wall_02_4k.blend/textures/rock_wall_02_rough_4k.jpg using Guid(b5f8febe3aadd0947afc648fe5b2e90a) Importer(2089858483,b0f066a214c2f5e87bad3c948f4d605d) (ScriptedImporter) -> (Import Result ID: '59a636b8f5e5c255f9294582a143ab06') in 0.006749 seconds [static and dynamic dependencies]. Details - ImportResultOutputID=4f7ce11edcc22060c38fea5fd2915899 DependenciesID=fee1975e73e8262008f62f611f54c22f StaticDependenciesID=cbce223e778f1cc7637eb71bfb0f7411 
Number of updated asset objects reloaded before import = 0Number of asset objects unloaded after import = 1

========================================================================
Received Import Request.
  Time since last request: 0.000020 seconds.
  path: Assets/TripoModels/ancient_chinese_statue_3d_model_2/Materials/ancient_chinese_statue_3d_model_basecolor.mat
  importAddress: Guid(132d3884c6871804b89e2c4b947ab9f9) Importer(2089858483,b0f066a214c2f5e87bad3c948f4d605d)
Start importing Assets/TripoModels/ancient_chinese_statue_3d_model_2/Materials/ancient_chinese_statue_3d_model_basecolor.mat using Guid(132d3884c6871804b89e2c4b947ab9f9) Importer(2089858483,b0f066a214c2f5e87bad3c948f4d605d) (ScriptedImporter) -> (Import Result ID: 'abcaf4b1c40fb7bfe77cbef5186ac5be') in 0.0243473 seconds [static and dynamic dependencies]. Details - ImportResultOutputID=d18c1c2c4be4df5736eaae9346bec70a DependenciesID=38e05444101c66c3b023b469a6b60598 StaticDependenciesID=c2a76f6bb3efe09cafec33c40aa66064 
Number of updated asset objects reloaded before import = 0Number of asset objects unloaded after import = 4

========================================================================
Received Import Request.
  Time since last request: 0.000017 seconds.
  path: Assets/mesh/未烧裂甲骨/Meshy_AI_Turtle_shell_fragment_0801173027_texture_fbx/Meshy_AI_Turtle_shell_fragment_0801173027_texture_normal.png
  importAddress: Guid(e31362425df2dca4e985324c377f18af) Importer(2089858483,b0f066a214c2f5e87bad3c948f4d605d)
Start importing Assets/mesh/未烧裂甲骨/Meshy_AI_Turtle_shell_fragment_0801173027_texture_fbx/Meshy_AI_Turtle_shell_fragment_0801173027_texture_normal.png using Guid(e31362425df2dca4e985324c377f18af) Importer(2089858483,b0f066a214c2f5e87bad3c948f4d605d) (ScriptedImporter) -> (Import Result ID: '8054fd517af319e03416f6eab1305023') in 0.0086671 seconds [static and dynamic dependencies]. Details - ImportResultOutputID=29e6583042bc0a9cc39c0fc7bc227b40 DependenciesID=e39a8fcf8797e78477d6e539e6d9521f StaticDependenciesID=dc8340323c0ae201e58ed892776ddcfe 
Number of updated asset objects reloaded before import = 0Number of asset objects unloaded after import = 1

========================================================================
Received Import Request.
  Time since last request: 0.000023 seconds.
  path: Assets/TextMesh Pro/Resources/Fonts & Materials/LiberationSans SDF - Drop Shadow.mat
  importAddress: Guid(e73a58f6e2794ae7b1b7e50b7fb811b0) Importer(2089858483,b0f066a214c2f5e87bad3c948f4d605d)
Start importing Assets/TextMesh Pro/Resources/Fonts & Materials/LiberationSans SDF - Drop Shadow.mat using Guid(e73a58f6e2794ae7b1b7e50b7fb811b0) Importer(2089858483,b0f066a214c2f5e87bad3c948f4d605d) (ScriptedImporter) -> (Import Result ID: 'ff52f4db1f6f93453c0e1bd4f95f0b2e') in 0.0096764 seconds [static and dynamic dependencies]. Details - ImportResultOutputID=326932b7b63a793b4e762ff10c51f04d DependenciesID=a50d6a7860a8b6dbb37eef200024da51 StaticDependenciesID=88019135da2da4fcd85cec6acfa02a85 
Number of updated asset objects reloaded before import = 0Number of asset objects unloaded after import = 2

========================================================================
Received Import Request.
  Time since last request: 0.000029 seconds.
  path: Assets/TripoModels/ancient_chinese_statue_3d_model_2/ancient_chinese_statue_3d_model_2.fbm/ancient_chinese_statue_3d_model_basecolor.JPEG
  importAddress: Guid(78a6ea6c49341524d9edd41dda4c799c) Importer(2089858483,b0f066a214c2f5e87bad3c948f4d605d)
Start importing Assets/TripoModels/ancient_chinese_statue_3d_model_2/ancient_chinese_statue_3d_model_2.fbm/ancient_chinese_statue_3d_model_basecolor.JPEG using Guid(78a6ea6c49341524d9edd41dda4c799c) Importer(2089858483,b0f066a214c2f5e87bad3c948f4d605d) (ScriptedImporter) -> (Import Result ID: '652c079e2731c4ea634cf60c07a74f96') in 0.0060477 seconds [static and dynamic dependencies]. Details - ImportResultOutputID=24987929c76224608fdd00710dbe7424 DependenciesID=d33b10fcd0bd5245c742b99befcb0ad5 StaticDependenciesID=065880637cb98e54b924af9008fd8987 
Number of updated asset objects reloaded before import = 0Number of asset objects unloaded after import = 1

========================================================================
Received Import Request.
  Time since last request: 0.000023 seconds.
  path: Assets/SunboxGames/ModularDungeonCaves/Models/LogStairs_01.fbx
  importAddress: Guid(0daf149d7c854454d9b4c4ceb1728fb2) Importer(2089858483,b0f066a214c2f5e87bad3c948f4d605d)
Start importing Assets/SunboxGames/ModularDungeonCaves/Models/LogStairs_01.fbx using Guid(0daf149d7c854454d9b4c4ceb1728fb2) Importer(2089858483,b0f066a214c2f5e87bad3c948f4d605d) (ScriptedImporter) -> (Import Result ID: 'a20e575e8be8dbd19195355f17d10229') in 0.0093176 seconds [static and dynamic dependencies]. Details - ImportResultOutputID=d9a71e793a76c49af7d8b6eb44088ec4 DependenciesID=440d360817390be6e5653374c3593438 StaticDependenciesID=204aef38eafe7f67efcff43768f36840 
Number of updated asset objects reloaded before import = 0Number of asset objects unloaded after import = 34

========================================================================
Received Import Request.
  Time since last request: 0.000018 seconds.
  path: Assets/TextMesh Pro/Resources/Fonts & Materials/LiberationSans SDF.asset
  importAddress: Guid(8f586378b4e144a9851e7b34d9b748ee) Importer(2089858483,b0f066a214c2f5e87bad3c948f4d605d)
Start importing Assets/TextMesh Pro/Resources/Fonts & Materials/LiberationSans SDF.asset using Guid(8f586378b4e144a9851e7b34d9b748ee) Importer(2089858483,b0f066a214c2f5e87bad3c948f4d605d) (ScriptedImporter) -> (Import Result ID: '445c663b62e048f098231ce923774464') in 0.0231844 seconds [static and dynamic dependencies]. Details - ImportResultOutputID=bd3c57f1c65784161aeab14b303a1e2e DependenciesID=88ab90c127d66d0d7ee6c1f19c6a2fba StaticDependenciesID=f24aa01374016caa59713b859ae89089 
Number of updated asset objects reloaded before import = 0Number of asset objects unloaded after import = 8

========================================================================
Received Import Request.
  Time since last request: 0.000023 seconds.
  path: Assets/TripoModels/ancient_chinese_statue_3d_model/ancient_chinese_statue_3d_model.fbm/ancient_chinese_statue_3d_model_normal.JPEG
  importAddress: Guid(0395137415f4b654d825f051b881201f) Importer(2089858483,b0f066a214c2f5e87bad3c948f4d605d)
Start importing Assets/TripoModels/ancient_chinese_statue_3d_model/ancient_chinese_statue_3d_model.fbm/ancient_chinese_statue_3d_model_normal.JPEG using Guid(0395137415f4b654d825f051b881201f) Importer(2089858483,b0f066a214c2f5e87bad3c948f4d605d) (ScriptedImporter) -> (Import Result ID: '4e3e4c68d271e5af2716ab259ad44acf') in 0.0091705 seconds [static and dynamic dependencies]. Details - ImportResultOutputID=358b0d1f0670c8e380d00097c50ed244 DependenciesID=941bfd5becc47dec865cf1dad9b7fae3 StaticDependenciesID=e59dd760f11bce8ff5e1f5523012fae2 
Number of updated asset objects reloaded before import = 0Number of asset objects unloaded after import = 1

========================================================================
Received Import Request.
  Time since last request: 0.000022 seconds.
  path: Assets/SunboxGames/ModularDungeonCaves/Models/TestDungeonLighting.lighting
  importAddress: Guid(218410b1c8a8e3143932ae4577f8f6e4) Importer(2089858483,b0f066a214c2f5e87bad3c948f4d605d)
Start importing Assets/SunboxGames/ModularDungeonCaves/Models/TestDungeonLighting.lighting using Guid(218410b1c8a8e3143932ae4577f8f6e4) Importer(2089858483,b0f066a214c2f5e87bad3c948f4d605d) (ScriptedImporter)LightingSettings: switching bake backend from 2 to 1.
 -> (Import Result ID: '11e7a0148cff67c7e6bc5b6d05f1101d') in 0.0081583 seconds [static and dynamic dependencies]. Details - ImportResultOutputID=bf90f1f570647aa8d7db68a09c57acd4 DependenciesID=fa0319e6b331d976966f5a3f513335cc StaticDependenciesID=8319c333be8a5779b7c8b0799ed91705 
Number of updated asset objects reloaded before import = 0Number of asset objects unloaded after import = 1

========================================================================
Received Import Request.
  Time since last request: 0.000023 seconds.
  path: Assets/mesh/烧裂甲骨/Meshy_AI_Cracked_Marble_Bust_0801173147_texture_fbx/Meshy_AI_Cracked_Marble_Bust_0801173147_texture_metallic.png
  importAddress: Guid(545b4ebaf022a954586aab9bea54d7d7) Importer(2089858483,b0f066a214c2f5e87bad3c948f4d605d)
Start importing Assets/mesh/烧裂甲骨/Meshy_AI_Cracked_Marble_Bust_0801173147_texture_fbx/Meshy_AI_Cracked_Marble_Bust_0801173147_texture_metallic.png using Guid(545b4ebaf022a954586aab9bea54d7d7) Importer(2089858483,b0f066a214c2f5e87bad3c948f4d605d) (ScriptedImporter) -> (Import Result ID: 'c87c8575862912f0731fae4e02f89455') in 0.014 seconds [static and dynamic dependencies]. Details - ImportResultOutputID=bf5053c88dcad830e9e9f16de50a7cb1 DependenciesID=30e5e0804ff4837585e82930ab298eac StaticDependenciesID=97bc7114ea5695226a4e6ce34ec16602 
Number of updated asset objects reloaded before import = 0Number of asset objects unloaded after import = 1

========================================================================
Received Import Request.
  Time since last request: 0.000048 seconds.
  path: Assets/SunboxGames/ModularDungeonCaves/Models/MediumChamber_02.fbx
  importAddress: Guid(f980568462e28b243b30c9066622dfd1) Importer(2089858483,b0f066a214c2f5e87bad3c948f4d605d)
Start importing Assets/SunboxGames/ModularDungeonCaves/Models/MediumChamber_02.fbx using Guid(f980568462e28b243b30c9066622dfd1) Importer(2089858483,b0f066a214c2f5e87bad3c948f4d605d) (ScriptedImporter) -> (Import Result ID: '1db12fedaf4f92c019f71f278bfced27') in 0.0138136 seconds [static and dynamic dependencies]. Details - ImportResultOutputID=0a6f9180d3c49c33479584ba65b5af6f DependenciesID=14a2c532c8d568195cd28c48385b1eb7 StaticDependenciesID=37685e5fe662eacef647bd7ad37e8cfd 
Number of updated asset objects reloaded before import = 0Number of asset objects unloaded after import = 26

========================================================================
Received Import Request.
  Time since last request: 0.000020 seconds.
  path: Assets/materials/rusty_metal_sheet_4k/textures/rusty_metal_sheet_nor_gl_4k.exr
  importAddress: Guid(7aeece2e40ff8bf42b37aeac8d290618) Importer(2089858483,b0f066a214c2f5e87bad3c948f4d605d)
Start importing Assets/materials/rusty_metal_sheet_4k/textures/rusty_metal_sheet_nor_gl_4k.exr using Guid(7aeece2e40ff8bf42b37aeac8d290618) Importer(2089858483,b0f066a214c2f5e87bad3c948f4d605d) (ScriptedImporter) -> (Import Result ID: '9de267fa8f0319fc697b64eb06f69e46') in 0.0080918 seconds [static and dynamic dependencies]. Details - ImportResultOutputID=fe04af5531261fe953a4f9e41ae3c7d9 DependenciesID=1821a39fba53ddc91aff9b6639dc9ae7 StaticDependenciesID=0f12c00bb9d15ad129772912fbd0fb24 
Number of updated asset objects reloaded before import = 0Number of asset objects unloaded after import = 1

========================================================================
Received Import Request.
  Time since last request: 0.000036 seconds.
  path: Assets/TripoModels/ancient_chinese_emperor_statue_3d_model/ancient_chinese_emperor_statue_3d_model.fbm/ancient_chinese_emperor_statue_3d_model_basecolor.JPEG
  importAddress: Guid(ce57a860ebd08074cae8c56332871394) Importer(2089858483,b0f066a214c2f5e87bad3c948f4d605d)
Start importing Assets/TripoModels/ancient_chinese_emperor_statue_3d_model/ancient_chinese_emperor_statue_3d_model.fbm/ancient_chinese_emperor_statue_3d_model_basecolor.JPEG using Guid(ce57a860ebd08074cae8c56332871394) Importer(2089858483,b0f066a214c2f5e87bad3c948f4d605d) (ScriptedImporter) -> (Import Result ID: '66f4a6b283abd6df5336381e34fdd9c0') in 0.0070038 seconds [static and dynamic dependencies]. Details - ImportResultOutputID=b043b5e13ef69156a2b1c25fcb529b05 DependenciesID=08500bc2694642c5d95e7cceab3d226c StaticDependenciesID=2251b6e5bad467b4b30f9047e52d8e36 
Number of updated asset objects reloaded before import = 0Number of asset objects unloaded after import = 1

========================================================================
Received Import Request.
  Time since last request: 0.000016 seconds.
  path: Assets/mesh/未烧裂甲骨/Meshy_AI_Turtle_shell_fragment_0801173027_texture_fbx/New Material.mat
  importAddress: Guid(e26f3c5afed97fe47b09e1172db7615b) Importer(2089858483,b0f066a214c2f5e87bad3c948f4d605d)
Start importing Assets/mesh/未烧裂甲骨/Meshy_AI_Turtle_shell_fragment_0801173027_texture_fbx/New Material.mat using Guid(e26f3c5afed97fe47b09e1172db7615b) Importer(2089858483,b0f066a214c2f5e87bad3c948f4d605d) (ScriptedImporter) -> (Import Result ID: 'ae5c8f8be21710c28d2b387893ef9dc2') in 0.00376 seconds [static and dynamic dependencies]. Details - ImportResultOutputID=64c27616c8a7f967244f99364f79f574 DependenciesID=01b3ebc27b2ae115af3dbb9933ccc017 StaticDependenciesID=6849c1d73a4a2930a2960ba3db0f5b3a 
Number of updated asset objects reloaded before import = 0Number of asset objects unloaded after import = 1

========================================================================
Received Import Request.
  Time since last request: 0.000021 seconds.
  path: Assets/SunboxGames/ModularDungeonCaves/Materials/FluffyFern.mat
  importAddress: Guid(5f60e2b8189c28e4a894cbefd1a437bf) Importer(2089858483,b0f066a214c2f5e87bad3c948f4d605d)
Start importing Assets/SunboxGames/ModularDungeonCaves/Materials/FluffyFern.mat using Guid(5f60e2b8189c28e4a894cbefd1a437bf) Importer(2089858483,b0f066a214c2f5e87bad3c948f4d605d) (ScriptedImporter) -> (Import Result ID: '1873d84980812e38f7b294a941b3e662') in 0.0541761 seconds [static and dynamic dependencies]. Details - ImportResultOutputID=053544ec9e3184c8ed0b35ae870747e9 DependenciesID=cb79a35a26fa5ab1d195c3c077015d80 StaticDependenciesID=6936aa5e32d28ad1d60b5c4a82a7bf12 
Number of updated asset objects reloaded before import = 0Number of asset objects unloaded after import = 3

========================================================================
Received Import Request.
  Time since last request: 0.000034 seconds.
  path: Assets/TripoModels/ancient_goddess_statue_3d_model/ancient_goddess_statue_3d_model.fbm/ancient_goddess_statue_3d_model_metallic_Smoothness.png
  importAddress: Guid(9299c06ae425b7046a846a192a0839fd) Importer(2089858483,b0f066a214c2f5e87bad3c948f4d605d)
Start importing Assets/TripoModels/ancient_goddess_statue_3d_model/ancient_goddess_statue_3d_model.fbm/ancient_goddess_statue_3d_model_metallic_Smoothness.png using Guid(9299c06ae425b7046a846a192a0839fd) Importer(2089858483,b0f066a214c2f5e87bad3c948f4d605d) (ScriptedImporter) -> (Import Result ID: '32f281aa0c664014f021fea9223443b1') in 0.0076771 seconds [static and dynamic dependencies]. Details - ImportResultOutputID=87c1060c535720572dff5a071714f8c1 DependenciesID=4ab68379624082cd4acb70e3448123e2 StaticDependenciesID=1645b2bdf0ca5afb0d54524355bb29a8 
Number of updated asset objects reloaded before import = 0Number of asset objects unloaded after import = 1

========================================================================
Received Import Request.
  Time since last request: 0.000022 seconds.
  path: Assets/materials/Meshy_AI_Hand_of_the_Ancients_0731180511_texture_fbx/Materials/Meshy_AI_Hand_of_the_Ancients_0731180511_texture.mat
  importAddress: Guid(25acb7f94862b1b4580bccffeea51fa9) Importer(2089858483,b0f066a214c2f5e87bad3c948f4d605d)
Start importing Assets/materials/Meshy_AI_Hand_of_the_Ancients_0731180511_texture_fbx/Materials/Meshy_AI_Hand_of_the_Ancients_0731180511_texture.mat using Guid(25acb7f94862b1b4580bccffeea51fa9) Importer(2089858483,b0f066a214c2f5e87bad3c948f4d605d) (ScriptedImporter) -> (Import Result ID: '0e56efca3b6ce38baf08e04091a12514') in 0.0093806 seconds [static and dynamic dependencies]. Details - ImportResultOutputID=a98f3491750a05c628014be16398f615 DependenciesID=adbb361dc2a9657cbd391df8887d5bd1 StaticDependenciesID=4365bedc5e9b2148bbae1481066fd6c8 
Number of updated asset objects reloaded before import = 0Number of asset objects unloaded after import = 3

========================================================================
Received Import Request.
  Time since last request: 0.000016 seconds.
  path: Assets/TripoModels/ancient_chinese_statue_3d_model_5/ancient_chinese_statue_3d_model_5.fbm/ancient_chinese_statue_3d_model_normal.JPEG
  importAddress: Guid(6238440f0e9d89b4f947da880688a5d5) Importer(2089858483,b0f066a214c2f5e87bad3c948f4d605d)
Start importing Assets/TripoModels/ancient_chinese_statue_3d_model_5/ancient_chinese_statue_3d_model_5.fbm/ancient_chinese_statue_3d_model_normal.JPEG using Guid(6238440f0e9d89b4f947da880688a5d5) Importer(2089858483,b0f066a214c2f5e87bad3c948f4d605d) (ScriptedImporter) -> (Import Result ID: 'd53ecafd04ae26bfdfd6983762534fb8') in 0.0078457 seconds [static and dynamic dependencies]. Details - ImportResultOutputID=4a8109a10a46fb4923bdc4cf7f9f437c DependenciesID=d907e24faa324521aead90d0deea154c StaticDependenciesID=e875db2955edba89fa1dc02137077ce6 
Number of updated asset objects reloaded before import = 0Number of asset objects unloaded after import = 1

========================================================================
Received Import Request.
  Time since last request: 0.000015 seconds.
  path: Assets/TripoModels/ancient_chinese_statue_3d_model_5/ancient_chinese_statue_3d_model_5.fbm/ancient_chinese_statue_3d_model_basecolor.JPEG
  importAddress: Guid(0244b509e5e1c354fa0a4480cecf2936) Importer(2089858483,b0f066a214c2f5e87bad3c948f4d605d)
Start importing Assets/TripoModels/ancient_chinese_statue_3d_model_5/ancient_chinese_statue_3d_model_5.fbm/ancient_chinese_statue_3d_model_basecolor.JPEG using Guid(0244b509e5e1c354fa0a4480cecf2936) Importer(2089858483,b0f066a214c2f5e87bad3c948f4d605d) (ScriptedImporter) -> (Import Result ID: '293f72c779437f6343b3813d29aae172') in 0.0091458 seconds [static and dynamic dependencies]. Details - ImportResultOutputID=36a6e403d6a10736480968b930e35776 DependenciesID=c96a46e5a6f44b83f6ff82207f89f4f1 StaticDependenciesID=8462b110e47f342515399b7e2b86e9d4 
Number of updated asset objects reloaded before import = 0Number of asset objects unloaded after import = 1

========================================================================
Received Import Request.
  Time since last request: 0.000016 seconds.
  path: Assets/TripoModels/ancient_chinese_statue_3d_model/ancient_chinese_statue_3d_model.fbm/ancient_chinese_statue_3d_model_basecolor.JPEG
  importAddress: Guid(047acf64d99736742ab624d51edf082a) Importer(2089858483,b0f066a214c2f5e87bad3c948f4d605d)
Start importing Assets/TripoModels/ancient_chinese_statue_3d_model/ancient_chinese_statue_3d_model.fbm/ancient_chinese_statue_3d_model_basecolor.JPEG using Guid(047acf64d99736742ab624d51edf082a) Importer(2089858483,b0f066a214c2f5e87bad3c948f4d605d) (ScriptedImporter) -> (Import Result ID: '7b56d3e03f9aea56bb8597d3ad0b6153') in 0.006792 seconds [static and dynamic dependencies]. Details - ImportResultOutputID=89169563e775131d2baffba892135541 DependenciesID=e34fb57de1984db0ef5eb1910a6aa8ca StaticDependenciesID=58de015130418a6e6ddaef41877b25b3 
Number of updated asset objects reloaded before import = 0Number of asset objects unloaded after import = 1

========================================================================
Received Import Request.
  Time since last request: 0.000021 seconds.
  path: Assets/TextMesh Pro/Resources/Style Sheets/Default Style Sheet.asset
  importAddress: Guid(f952c082cb03451daed3ee968ac6c63e) Importer(2089858483,b0f066a214c2f5e87bad3c948f4d605d)
Start importing Assets/TextMesh Pro/Resources/Style Sheets/Default Style Sheet.asset using Guid(f952c082cb03451daed3ee968ac6c63e) Importer(2089858483,b0f066a214c2f5e87bad3c948f4d605d) (ScriptedImporter) -> (Import Result ID: '78e0965abfe86f2f6d8bddbda22f27e3') in 0.0071191 seconds [static and dynamic dependencies]. Details - ImportResultOutputID=0da12db1717fa0684aa4a4551902c833 DependenciesID=2a8afb44705b2ff8c592a6c6dc8a6a19 StaticDependenciesID=3bd7c12e974ced77cd719696148b87d2 
Number of updated asset objects reloaded before import = 0Number of asset objects unloaded after import = 1

========================================================================
Received Import Request.
  Time since last request: 0.000023 seconds.
  path: Assets/BefourStudios/AsianDynastyEnvironment/Art/Textures/T_TreeBranch2_BaseColor.png
  importAddress: Guid(abc00000000005619208042355978841) Importer(2089858483,b0f066a214c2f5e87bad3c948f4d605d)
Start importing Assets/BefourStudios/AsianDynastyEnvironment/Art/Textures/T_TreeBranch2_BaseColor.png using Guid(abc00000000005619208042355978841) Importer(2089858483,b0f066a214c2f5e87bad3c948f4d605d) (ScriptedImporter) -> (Import Result ID: '6df5cb036f8f97d0ea6c5f77ca663c06') in 0.030749 seconds [static and dynamic dependencies]. Details - ImportResultOutputID=8c034ac81087e6fcbe45082559d1957e DependenciesID=05ce1e7f5fd07208037302b20afd7a7c StaticDependenciesID=3b854f025d507d15e8fe2947661ca576 
Number of updated asset objects reloaded before import = 0Number of asset objects unloaded after import = 1

========================================================================
Received Import Request.
  Time since last request: 0.000026 seconds.
  path: Assets/audio 1/tomb/Character/1/独白6（2）.wav
  importAddress: Guid(80869cd7f5d1ee5439dd188e2f1a46eb) Importer(2089858483,b0f066a214c2f5e87bad3c948f4d605d)
Start importing Assets/audio 1/tomb/Character/1/独白6（2）.wav using Guid(80869cd7f5d1ee5439dd188e2f1a46eb) Importer(2089858483,b0f066a214c2f5e87bad3c948f4d605d) (ScriptedImporter) -> (Import Result ID: 'c470a0d74a57a8944718d4532644def6') in 0.0058247 seconds [static and dynamic dependencies]. Details - ImportResultOutputID=b5a5ecd3f3edd07beb148430063aea88 DependenciesID=3b41c615effe8ac373f863aa9052c78a StaticDependenciesID=90d24e47bad52f7e1c6e41465d3c5df4 
Number of updated asset objects reloaded before import = 0Number of asset objects unloaded after import = 1

========================================================================
Received Import Request.
  Time since last request: 0.000029 seconds.
  path: Assets/TripoModels/stone_fire_pit_3d_model/Materials/stone_fire_pit_3d_model_basecolor 1.mat
  importAddress: Guid(70b08e86c89bd934789ff92aedaf0b7c) Importer(2089858483,b0f066a214c2f5e87bad3c948f4d605d)
Start importing Assets/TripoModels/stone_fire_pit_3d_model/Materials/stone_fire_pit_3d_model_basecolor 1.mat using Guid(70b08e86c89bd934789ff92aedaf0b7c) Importer(2089858483,b0f066a214c2f5e87bad3c948f4d605d) (ScriptedImporter) -> (Import Result ID: 'bcf8648b8d1b6c40de956e4415b33b39') in 0.0208213 seconds [static and dynamic dependencies]. Details - ImportResultOutputID=c3422445d2d99f51e8d2790ad6f1b703 DependenciesID=e2d16c1a0d3593c7c528267f22a678cc StaticDependenciesID=6ab1b07b58c295f412802c18cad3f573 
Number of updated asset objects reloaded before import = 0Number of asset objects unloaded after import = 9

========================================================================
Received Import Request.
  Time since last request: 0.000026 seconds.
  path: Assets/TripoModels/ornate_crown_statue_3d_model/Materials/ornate_crown_statue_3d_model_basecolor.mat
  importAddress: Guid(b20f49f184358a5458cf2ea04b80013c) Importer(2089858483,b0f066a214c2f5e87bad3c948f4d605d)
Start importing Assets/TripoModels/ornate_crown_statue_3d_model/Materials/ornate_crown_statue_3d_model_basecolor.mat using Guid(b20f49f184358a5458cf2ea04b80013c) Importer(2089858483,b0f066a214c2f5e87bad3c948f4d605d) (ScriptedImporter) -> (Import Result ID: '7cc7f131f417db6ef80fc1ca28077c74') in 0.0558382 seconds [static and dynamic dependencies]. Details - ImportResultOutputID=de402bcee76ab0d81fd8c5a185d04ef6 DependenciesID=898095a1e90456ed51b1ce81d3625cde StaticDependenciesID=584d96802646f53a28b08d61236f6a1e 
Number of updated asset objects reloaded before import = 0Number of asset objects unloaded after import = 4

========================================================================
Received Import Request.
  Time since last request: 0.000085 seconds.
  path: Assets/TripoModels/stone_king_statue_3d_model/stone_king_statue_3d_model.fbm/stone_king_statue_3d_model_normal.JPEG
  importAddress: Guid(9b251b306a0786047b9ce69b9205c12e) Importer(2089858483,b0f066a214c2f5e87bad3c948f4d605d)
Start importing Assets/TripoModels/stone_king_statue_3d_model/stone_king_statue_3d_model.fbm/stone_king_statue_3d_model_normal.JPEG using Guid(9b251b306a0786047b9ce69b9205c12e) Importer(2089858483,b0f066a214c2f5e87bad3c948f4d605d) (ScriptedImporter) -> (Import Result ID: 'b5343af38b6de42efe41732d2572280e') in 0.0405013 seconds [static and dynamic dependencies]. Details - ImportResultOutputID=b40300155d00d930b78f79adb885a68d DependenciesID=8e44511efe4058ef65d4d3ade3c9d635 StaticDependenciesID=2dee891a4226635f5de8fb0882000298 
Number of updated asset objects reloaded before import = 0Number of asset objects unloaded after import = 1

========================================================================
Received Import Request.
  Time since last request: 0.000034 seconds.
  path: Assets/SunboxGames/ModularDungeonCaves/Prefabs/Ferns/FlufflyFern_02.prefab
  importAddress: Guid(f13600c8fee12034c8c8b484c6ec368a) Importer(2089858483,e11c23a36db5f54750b8cd40eac0985b)
Start importing Assets/SunboxGames/ModularDungeonCaves/Prefabs/Ferns/FlufflyFern_02.prefab using Guid(f13600c8fee12034c8c8b484c6ec368a) Importer(2089858483,e11c23a36db5f54750b8cd40eac0985b) (ScriptedImporter) -> (Import Result ID: 'b07f7d740b69c86a6d923ffc80c010f0') in 0.0099124 seconds [static and dynamic dependencies]. Details - ImportResultOutputID=54fe7b69ebe0e13c75f8475015e9889d DependenciesID=6e810c89eaf13688fa93663f15cea642 StaticDependenciesID=e6967498da57afc7abd1acfd3553e71e 
Number of updated asset objects reloaded before import = 0Number of asset objects unloaded after import = 8

========================================================================
Received Import Request.
  Time since last request: 0.000035 seconds.
  path: Assets/SunboxGames/ModularDungeonCaves/Prefabs/ModularPieces/MediumPlug_02.prefab
  importAddress: Guid(9af39de62d292ff418821c92ef2e8678) Importer(2089858483,e11c23a36db5f54750b8cd40eac0985b)
Start importing Assets/SunboxGames/ModularDungeonCaves/Prefabs/ModularPieces/MediumPlug_02.prefab using Guid(9af39de62d292ff418821c92ef2e8678) Importer(2089858483,e11c23a36db5f54750b8cd40eac0985b) (ScriptedImporter) -> (Import Result ID: '3a6bd86632812dcb6596e29e9e32154c') in 0.0268495 seconds [static and dynamic dependencies]. Details - ImportResultOutputID=763e11158f89b6b138343a26da0af160 DependenciesID=69d09a55c4ec74a03444ee9e370bd01b StaticDependenciesID=f0aadee8c34821cde74ffe0a27b0eae5 
Number of updated asset objects reloaded before import = 0Number of asset objects unloaded after import = 15

========================================================================
Received Import Request.
  Time since last request: 0.000034 seconds.
  path: Assets/BefourStudios/AsianDynastyEnvironment/Art/Meshes/SM_Bazaar_Props11.fbx
  importAddress: Guid(abc00000000003148339630928815110) Importer(2089858483,b0f066a214c2f5e87bad3c948f4d605d)
Start importing Assets/BefourStudios/AsianDynastyEnvironment/Art/Meshes/SM_Bazaar_Props11.fbx using Guid(abc00000000003148339630928815110) Importer(2089858483,b0f066a214c2f5e87bad3c948f4d605d) (ScriptedImporter)MaterialLocation.External is obsolete. External Material Location is no longer supported. (Assets/BefourStudios/AsianDynastyEnvironment/Art/Meshes/SM_Bazaar_Props11.fbx)
 -> (Import Result ID: '91b9a77bc3226ac2e0d0cb45ae2d1f91') in 0.0171488 seconds [static and dynamic dependencies]. Details - ImportResultOutputID=785b164f9363ee239d45baee40951df7 DependenciesID=79905e734fb66f61a698db8158cfa4de StaticDependenciesID=30ee415d01549de89e97b39c33cd66c2 
Number of updated asset objects reloaded before import = 0Number of asset objects unloaded after import = 42

========================================================================
Received Import Request.
  Time since last request: 0.000037 seconds.
  path: Assets/SunboxGames/ModularDungeonCaves/Prefabs/Mushrooms/Mushroom02_Brown.prefab
  importAddress: Guid(0b441a1394ba7bc449bc7f45850b4384) Importer(2089858483,e11c23a36db5f54750b8cd40eac0985b)
Start importing Assets/SunboxGames/ModularDungeonCaves/Prefabs/Mushrooms/Mushroom02_Brown.prefab using Guid(0b441a1394ba7bc449bc7f45850b4384) Importer(2089858483,e11c23a36db5f54750b8cd40eac0985b) (ScriptedImporter) -> (Import Result ID: '9c8c469cd2a93e696ea476ac3bfee81e') in 0.0103243 seconds [static and dynamic dependencies]. Details - ImportResultOutputID=2403ad238ebec575e77ea119ab156fbf DependenciesID=60347c8ddac9d114e5f4c20ded2bb535 StaticDependenciesID=4603c82d397943184d895e30ee85ce8f 
Number of updated asset objects reloaded before import = 0Number of asset objects unloaded after import = 8

========================================================================
Received Import Request.
  Time since last request: 0.000045 seconds.
  path: Assets/TripoModels/xiugai1/stone_fire_pit_3d_model/stone_fire_pit_3d_model.fbx
  importAddress: Guid(1dc341c1aa04d464a9e568b99372cd38) Importer(2089858483,b0f066a214c2f5e87bad3c948f4d605d)
Start importing Assets/TripoModels/xiugai1/stone_fire_pit_3d_model/stone_fire_pit_3d_model.fbx using Guid(1dc341c1aa04d464a9e568b99372cd38) Importer(2089858483,b0f066a214c2f5e87bad3c948f4d605d) (ScriptedImporter)MaterialLocation.External is obsolete. External Material Location is no longer supported. (Assets/TripoModels/xiugai1/stone_fire_pit_3d_model/stone_fire_pit_3d_model.fbx)
 -> (Import Result ID: '9e0a0490c79934a70c4eb056651c60e6') in 0.0209877 seconds [static and dynamic dependencies]. Details - ImportResultOutputID=16014abfa331b0db751a4b05a4500cd5 DependenciesID=962cf5e2930a5a95e5dbbe08159513e3 StaticDependenciesID=8903fce2747cf6c1fb4c155ec7f73e3d 
Number of updated asset objects reloaded before import = 0Number of asset objects unloaded after import = 9

========================================================================
Received Import Request.
  Time since last request: 0.000030 seconds.
  path: Assets/TripoModels/stone_sculpture_prop_3d_model/stone_sculpture_prop_3d_model.fbm/stone_sculpture_prop_3d_model_normal.JPEG
  importAddress: Guid(f26cedd5d40746346b9e0fab04d59da3) Importer(2089858483,b0f066a214c2f5e87bad3c948f4d605d)
Start importing Assets/TripoModels/stone_sculpture_prop_3d_model/stone_sculpture_prop_3d_model.fbm/stone_sculpture_prop_3d_model_normal.JPEG using Guid(f26cedd5d40746346b9e0fab04d59da3) Importer(2089858483,b0f066a214c2f5e87bad3c948f4d605d) (ScriptedImporter) -> (Import Result ID: '0f059f38b545a4bd99bc28dc245fd82a') in 0.0158039 seconds [static and dynamic dependencies]. Details - ImportResultOutputID=23d0c60f25c432018bc077a62b4c4a5b DependenciesID=5fdca7c1a4b4c1ce1f0fe9427e1839d8 StaticDependenciesID=6fcaf3023a5d9d03c4e1d52ca095cc37 
Number of updated asset objects reloaded before import = 0Number of asset objects unloaded after import = 1

========================================================================
Received Import Request.
  Time since last request: 0.000026 seconds.
  path: Assets/BefourStudios/AsianDynastyEnvironment/Art/Textures/T_BazaarProps_ORM.png
  importAddress: Guid(abc00000000007483550847921340516) Importer(2089858483,b0f066a214c2f5e87bad3c948f4d605d)
Start importing Assets/BefourStudios/AsianDynastyEnvironment/Art/Textures/T_BazaarProps_ORM.png using Guid(abc00000000007483550847921340516) Importer(2089858483,b0f066a214c2f5e87bad3c948f4d605d) (ScriptedImporter) -> (Import Result ID: 'ab1513c2b952da4f14d8616ea3e1728e') in 0.0165856 seconds [static and dynamic dependencies]. Details - ImportResultOutputID=6be2dfd82dfd83c6727f24feb742f0d3 DependenciesID=811b49ca5e51558690f4dc00f9da638c StaticDependenciesID=8f09a080a2060e3c690999ca514bf486 
Number of updated asset objects reloaded before import = 0Number of asset objects unloaded after import = 1

========================================================================
Received Import Request.
  Time since last request: 0.000051 seconds.
  path: Assets/TripoModels/ornate_crown_statue_3d_model/ornate_crown_statue_3d_model.fbm/ornate_crown_statue_3d_model_basecolor.JPEG
  importAddress: Guid(18d04140e7bb1a7419c88c7c6e622f2e) Importer(2089858483,b0f066a214c2f5e87bad3c948f4d605d)
Start importing Assets/TripoModels/ornate_crown_statue_3d_model/ornate_crown_statue_3d_model.fbm/ornate_crown_statue_3d_model_basecolor.JPEG using Guid(18d04140e7bb1a7419c88c7c6e622f2e) Importer(2089858483,b0f066a214c2f5e87bad3c948f4d605d) (ScriptedImporter) -> (Import Result ID: '8bd783ab56deaeea47f95792772536d9') in 0.0127767 seconds [static and dynamic dependencies]. Details - ImportResultOutputID=907ff23c2e8185e5ff746adb7e9a4bc0 DependenciesID=70584faca32a72ea58e988b89fd926c2 StaticDependenciesID=c54c8af881737e4bd891b69bb067687f 
Number of updated asset objects reloaded before import = 0Number of asset objects unloaded after import = 1

========================================================================
Received Import Request.
  Time since last request: 0.000057 seconds.
  path: Assets/SunboxGames/ModularDungeonCaves/Materials/CavePieces/DripStone_01.mat
  importAddress: Guid(28bdf7641a6e0004d8046a85d50e2126) Importer(2089858483,b0f066a214c2f5e87bad3c948f4d605d)
Start importing Assets/SunboxGames/ModularDungeonCaves/Materials/CavePieces/DripStone_01.mat using Guid(28bdf7641a6e0004d8046a85d50e2126) Importer(2089858483,b0f066a214c2f5e87bad3c948f4d605d) (ScriptedImporter) -> (Import Result ID: '85f757afdbe33607eab78c480d3a8e9e') in 0.0479408 seconds [static and dynamic dependencies]. Details - ImportResultOutputID=78f5d31f2ac298fd3cc63ab5d1739fbb DependenciesID=b21c05aedaf44233479639434b106d6a StaticDependenciesID=bc8a18a651ec852f1e1f98c09371b24c 
Number of updated asset objects reloaded before import = 0Number of asset objects unloaded after import = 8

========================================================================
Received Import Request.
  Time since last request: 0.000032 seconds.
  path: Assets/SunboxGames/ModularDungeonCaves/Prefabs/Rocks/Dripstone_04.prefab
  importAddress: Guid(a7c5bfdb4537ec948822531e02bea24f) Importer(2089858483,e11c23a36db5f54750b8cd40eac0985b)
Start importing Assets/SunboxGames/ModularDungeonCaves/Prefabs/Rocks/Dripstone_04.prefab using Guid(a7c5bfdb4537ec948822531e02bea24f) Importer(2089858483,e11c23a36db5f54750b8cd40eac0985b) (ScriptedImporter) -> (Import Result ID: '8501ef71f138669eda97bb39f20045fc') in 0.0136936 seconds [static and dynamic dependencies]. Details - ImportResultOutputID=c73990cfcfbbdc8ea63ac9372de0d7c3 DependenciesID=e5c66358e8ee208e94871400dc8cae3b StaticDependenciesID=713bbbfdcf65eb893eb424173e97cd2a 
Number of updated asset objects reloaded before import = 0Number of asset objects unloaded after import = 11

========================================================================
Received Import Request.
  Time since last request: 0.000027 seconds.
  path: Assets/SunboxGames/ModularDungeonCaves/Prefabs/Particles/CandleFlame.prefab
  importAddress: Guid(a103c9494d2eaf3449e72cfae9d733c5) Importer(2089858483,e11c23a36db5f54750b8cd40eac0985b)
Start importing Assets/SunboxGames/ModularDungeonCaves/Prefabs/Particles/CandleFlame.prefab using Guid(a103c9494d2eaf3449e72cfae9d733c5) Importer(2089858483,e11c23a36db5f54750b8cd40eac0985b) (ScriptedImporter) -> (Import Result ID: 'd6c303b4c58a31269f8590c2a8ff4a74') in 0.0245301 seconds [static and dynamic dependencies]. Details - ImportResultOutputID=9906de61cabdfb1c2085874cfbce283d DependenciesID=791f37d4f62450dcd6eb2a120ddf22f2 StaticDependenciesID=e946155b91d9642b04f730d10c496df2 
Number of updated asset objects reloaded before import = 0Number of asset objects unloaded after import = 6

========================================================================
Received Import Request.
  Time since last request: 0.000029 seconds.
  path: Assets/BefourStudios/AsianDynastyEnvironment/Art/Textures/T_BazaarProps_Normal.png
  importAddress: Guid(abc00000000000005937315632056205) Importer(2089858483,b0f066a214c2f5e87bad3c948f4d605d)
Start importing Assets/BefourStudios/AsianDynastyEnvironment/Art/Textures/T_BazaarProps_Normal.png using Guid(abc00000000000005937315632056205) Importer(2089858483,b0f066a214c2f5e87bad3c948f4d605d) (ScriptedImporter) -> (Import Result ID: '352e3fd0af5edcabbea2d2686591e344') in 0.0262178 seconds [static and dynamic dependencies]. Details - ImportResultOutputID=e08fa52dc2ce78affe143da0b0392e82 DependenciesID=afc35a3b6fe29328f843848727e7521a StaticDependenciesID=753b3b378a6cebb932490828742565a0 
Number of updated asset objects reloaded before import = 0Number of asset objects unloaded after import = 1

========================================================================
Received Import Request.
  Time since last request: 0.000047 seconds.
  path: Assets/SunboxGames/ModularDungeonCaves/Prefabs/Vines/Vine_01.prefab
  importAddress: Guid(ccfa6224f822ced4a892ac4cd559fe43) Importer(2089858483,e11c23a36db5f54750b8cd40eac0985b)
Start importing Assets/SunboxGames/ModularDungeonCaves/Prefabs/Vines/Vine_01.prefab using Guid(ccfa6224f822ced4a892ac4cd559fe43) Importer(2089858483,e11c23a36db5f54750b8cd40eac0985b) (ScriptedImporter) -> (Import Result ID: '96716550b36b403aa841a89622eab0fa') in 0.0103462 seconds [static and dynamic dependencies]. Details - ImportResultOutputID=183b4a0eacaa9731a1762709688437ac DependenciesID=23fe17d03bc5fc4a951b403ab6bf2dd3 StaticDependenciesID=94ea2168d342dbfb9f531b330c9ba920 
Number of updated asset objects reloaded before import = 0Number of asset objects unloaded after import = 9

========================================================================
Received Import Request.
  Time since last request: 0.000023 seconds.
  path: Assets/TripoModels/chinese_scholar_statue_3d_model/chinese_scholar_statue_3d_model.fbm/chinese_scholar_statue_3d_model_normal.JPEG
  importAddress: Guid(f2fdcc504d7866c4aa50838dd7b952cf) Importer(2089858483,b0f066a214c2f5e87bad3c948f4d605d)
Start importing Assets/TripoModels/chinese_scholar_statue_3d_model/chinese_scholar_statue_3d_model.fbm/chinese_scholar_statue_3d_model_normal.JPEG using Guid(f2fdcc504d7866c4aa50838dd7b952cf) Importer(2089858483,b0f066a214c2f5e87bad3c948f4d605d) (ScriptedImporter) -> (Import Result ID: '72f754689b69603a30e21a19f1291bf1') in 0.0143582 seconds [static and dynamic dependencies]. Details - ImportResultOutputID=982e432716d73d5aa99b6fdf3c78a122 DependenciesID=aef9755dd731f8056c93ffb43afe5151 StaticDependenciesID=bfb18b1e79a2dac4c90716fd11154ebe 
Number of updated asset objects reloaded before import = 0Number of asset objects unloaded after import = 1

========================================================================
Received Import Request.
  Time since last request: 0.000038 seconds.
  path: Assets/XR/Animated Hands/Models/r_hand_skeletal_lowres.fbx
  importAddress: Guid(d0c255d07fd68f14b94e55d388e7e6bb) Importer(2089858483,b0f066a214c2f5e87bad3c948f4d605d)
Start importing Assets/XR/Animated Hands/Models/r_hand_skeletal_lowres.fbx using Guid(d0c255d07fd68f14b94e55d388e7e6bb) Importer(2089858483,b0f066a214c2f5e87bad3c948f4d605d) (ScriptedImporter) -> (Import Result ID: '62bd91444485f49eb6ec53c47e57a7a4') in 0.0114135 seconds [static and dynamic dependencies]. Details - ImportResultOutputID=b670df6685bc97df6f09b3558ac49cef DependenciesID=05fd7620849e56e78ec7d1a452f6aa5d StaticDependenciesID=e78951778fbc5c3cc4fcbaa5b66ab890 
Number of updated asset objects reloaded before import = 0Number of asset objects unloaded after import = 63

========================================================================
Received Import Request.
  Time since last request: 0.000025 seconds.
  path: Assets/TripoModels/stone_fire_pit_3d_model/stone_fire_pit_3d_model.fbm/stone_fire_pit_3d_model_metallic_Smoothness.png
  importAddress: Guid(474c7a721600b1d4d98d5458a04dbb82) Importer(2089858483,b0f066a214c2f5e87bad3c948f4d605d)
Start importing Assets/TripoModels/stone_fire_pit_3d_model/stone_fire_pit_3d_model.fbm/stone_fire_pit_3d_model_metallic_Smoothness.png using Guid(474c7a721600b1d4d98d5458a04dbb82) Importer(2089858483,b0f066a214c2f5e87bad3c948f4d605d) (ScriptedImporter) -> (Import Result ID: '9f662a66c4a328e17033eea3d1d20e27') in 0.0100115 seconds [static and dynamic dependencies]. Details - ImportResultOutputID=f87500097f1b7b2302a0da299ecd1b6a DependenciesID=a058a60b76f33e9e2d822c1923c473b0 StaticDependenciesID=898519cdef4c55b1c5fff8945dbf309a 
Number of updated asset objects reloaded before import = 0Number of asset objects unloaded after import = 1

========================================================================
Received Import Request.
  Time since last request: 0.000031 seconds.
  path: Assets/TripoModels/ancient_statue_3d_model_4/ancient_statue_3d_model_4.fbm/ancient_statue_3d_model_metallic_Smoothness.png
  importAddress: Guid(052b32deb92dbf04ea0841c30623d6e0) Importer(2089858483,b0f066a214c2f5e87bad3c948f4d605d)
Start importing Assets/TripoModels/ancient_statue_3d_model_4/ancient_statue_3d_model_4.fbm/ancient_statue_3d_model_metallic_Smoothness.png using Guid(052b32deb92dbf04ea0841c30623d6e0) Importer(2089858483,b0f066a214c2f5e87bad3c948f4d605d) (ScriptedImporter) -> (Import Result ID: '738a3e343d1a768e9123f04933287fd4') in 0.0127517 seconds [static and dynamic dependencies]. Details - ImportResultOutputID=0fec8455ad9e49e1a8fb0d9b5364b58e DependenciesID=cddf540218fa67d7e959605c3cc27b61 StaticDependenciesID=42f8c0ac353e6102863dc1c079f3945e 
Number of updated asset objects reloaded before import = 0Number of asset objects unloaded after import = 1

========================================================================
Received Import Request.
  Time since last request: 0.000050 seconds.
  path: Assets/TripoModels/xiugai1/shengxiang1/bodhisattva_statue_3d_model.fbx
  importAddress: Guid(2e40d1b8c3a38f7479c563a04f922672) Importer(2089858483,b0f066a214c2f5e87bad3c948f4d605d)
Start importing Assets/TripoModels/xiugai1/shengxiang1/bodhisattva_statue_3d_model.fbx using Guid(2e40d1b8c3a38f7479c563a04f922672) Importer(2089858483,b0f066a214c2f5e87bad3c948f4d605d) (ScriptedImporter)MaterialLocation.External is obsolete. External Material Location is no longer supported. (Assets/TripoModels/xiugai1/shengxiang1/bodhisattva_statue_3d_model.fbx)
 -> (Import Result ID: '9cbbf7565f37206047af4993487043d8') in 0.0142639 seconds [static and dynamic dependencies]. Details - ImportResultOutputID=050fc772d79d65fb4742f77e02aaa52d DependenciesID=c3272c91d3aac05cf4560aaba421afca StaticDependenciesID=2e1a0383721f997440e1812343bb0db4 
Number of updated asset objects reloaded before import = 0Number of asset objects unloaded after import = 9

========================================================================
Received Import Request.
  Time since last request: 0.000027 seconds.
  path: Assets/BefourStudios/AsianDynastyEnvironment/Art/Textures/T_TreeBranch_Normal.png
  importAddress: Guid(abc00000000008830019286032916214) Importer(2089858483,b0f066a214c2f5e87bad3c948f4d605d)
Start importing Assets/BefourStudios/AsianDynastyEnvironment/Art/Textures/T_TreeBranch_Normal.png using Guid(abc00000000008830019286032916214) Importer(2089858483,b0f066a214c2f5e87bad3c948f4d605d) (ScriptedImporter) -> (Import Result ID: '19ac2fd962b6c7c0ac00c325e300c7c1') in 0.0215365 seconds [static and dynamic dependencies]. Details - ImportResultOutputID=9118aabbc93754556295975cde0e92f6 DependenciesID=fd14f9ce841dead84088067eccd4cef1 StaticDependenciesID=e61ea60ed6f286409f1cb4b424c50449 
Number of updated asset objects reloaded before import = 0Number of asset objects unloaded after import = 1

========================================================================
Received Import Request.
  Time since last request: 0.000021 seconds.
  path: Assets/TripoModels/ancient_statue_3d_model_5/ancient_statue_3d_model_5.fbm/ancient_statue_3d_model_metallic_Smoothness.png
  importAddress: Guid(db3354d8429ce27439f7b7bfb2146244) Importer(2089858483,b0f066a214c2f5e87bad3c948f4d605d)
Start importing Assets/TripoModels/ancient_statue_3d_model_5/ancient_statue_3d_model_5.fbm/ancient_statue_3d_model_metallic_Smoothness.png using Guid(db3354d8429ce27439f7b7bfb2146244) Importer(2089858483,b0f066a214c2f5e87bad3c948f4d605d) (ScriptedImporter) -> (Import Result ID: '29c6f4444c731e95a6fe4bd427de8aac') in 0.012806 seconds [static and dynamic dependencies]. Details - ImportResultOutputID=eeabdbefcfb7e6c572861bdb3acb6243 DependenciesID=34abaf979f34d8e3acef5c66164ec355 StaticDependenciesID=5899a4c6041a768d539877e7e1f68af1 
Number of updated asset objects reloaded before import = 0Number of asset objects unloaded after import = 1

========================================================================
Received Import Request.
  Time since last request: 0.000027 seconds.
  path: Assets/XR/Animated Hands/Animations/Left Hand Animator.controller
  importAddress: Guid(4b5efa0c69d901449a38989140500c0d) Importer(2089858483,b0f066a214c2f5e87bad3c948f4d605d)
Start importing Assets/XR/Animated Hands/Animations/Left Hand Animator.controller using Guid(4b5efa0c69d901449a38989140500c0d) Importer(2089858483,b0f066a214c2f5e87bad3c948f4d605d) (ScriptedImporter) -> (Import Result ID: 'd555daf699b66a1f7a708d0867a61223') in 0.0052499 seconds [static and dynamic dependencies]. Details - ImportResultOutputID=ce9cd62cdb2a0ede3bbde37ae611080a DependenciesID=ce24329ab194439036576952df2ec1c7 StaticDependenciesID=710c94efb9bea0d7c9e0f42db3903d0f 
Number of updated asset objects reloaded before import = 0Number of asset objects unloaded after import = 7

========================================================================
Received Import Request.
  Time since last request: 0.000032 seconds.
  path: Assets/SunboxGames/ModularDungeonCaves/Prefabs/Mushrooms/Mushroom01_Brown.prefab
  importAddress: Guid(f16c0e159c1f67c4a8797f0070cdf26b) Importer(2089858483,e11c23a36db5f54750b8cd40eac0985b)
Start importing Assets/SunboxGames/ModularDungeonCaves/Prefabs/Mushrooms/Mushroom01_Brown.prefab using Guid(f16c0e159c1f67c4a8797f0070cdf26b) Importer(2089858483,e11c23a36db5f54750b8cd40eac0985b) (ScriptedImporter) -> (Import Result ID: '3c400475de6aaf9b471b4f93e0f34516') in 0.008202 seconds [static and dynamic dependencies]. Details - ImportResultOutputID=132dbd3f4c8cb988a52021b0cdc81eeb DependenciesID=1c8831c5c917c996626209f919ba81f6 StaticDependenciesID=74b0ae7d7f9c4cf71da156278dbf1a54 
Number of updated asset objects reloaded before import = 0Number of asset objects unloaded after import = 8

========================================================================
Received Import Request.
  Time since last request: 0.000039 seconds.
  path: Assets/SunboxGames/ModularDungeonCaves/Prefabs/Various/ClayPot02.prefab
  importAddress: Guid(6b1cc2ed421cfa545afcb2e6442e131e) Importer(2089858483,e11c23a36db5f54750b8cd40eac0985b)
Start importing Assets/SunboxGames/ModularDungeonCaves/Prefabs/Various/ClayPot02.prefab using Guid(6b1cc2ed421cfa545afcb2e6442e131e) Importer(2089858483,e11c23a36db5f54750b8cd40eac0985b) (ScriptedImporter) -> (Import Result ID: '8912056f184c23db82d487d0ecd6e75a') in 0.0117038 seconds [static and dynamic dependencies]. Details - ImportResultOutputID=3ffca47cd9b8934e28c966c3255c5426 DependenciesID=c917700dfbe2d1f1609848c17644219c StaticDependenciesID=789ec394680132c1b6cda02ead6c67f9 
Number of updated asset objects reloaded before import = 0Number of asset objects unloaded after import = 10

========================================================================
Received Import Request.
  Time since last request: 0.000020 seconds.
  path: Assets/SunboxGames/ModularDungeonCaves/Textures/DungeonProps02/DungeonProps02_MetallicSmoothness.png
  importAddress: Guid(56d814d8cb7afa747b449382ca030974) Importer(2089858483,b0f066a214c2f5e87bad3c948f4d605d)
Start importing Assets/SunboxGames/ModularDungeonCaves/Textures/DungeonProps02/DungeonProps02_MetallicSmoothness.png using Guid(56d814d8cb7afa747b449382ca030974) Importer(2089858483,b0f066a214c2f5e87bad3c948f4d605d) (ScriptedImporter) -> (Import Result ID: 'f1dd5886c3310c03ec8b85b5e89f37ee') in 0.0297851 seconds [static and dynamic dependencies]. Details - ImportResultOutputID=3158936f192be1f920ef7bc1e71b6ae1 DependenciesID=6b593532271c83f5c8295ce1fa4a7beb StaticDependenciesID=f1d88fc609b902dd682a2241f806d5ec 
Number of updated asset objects reloaded before import = 0Number of asset objects unloaded after import = 1

========================================================================
Received Import Request.
  Time since last request: 0.000030 seconds.
  path: Assets/SunboxGames/ModularDungeonCaves/Textures/Mushrooms/Mushrooms_Height.png
  importAddress: Guid(3038005fe75efe14287647f67bb5acdb) Importer(2089858483,b0f066a214c2f5e87bad3c948f4d605d)
Start importing Assets/SunboxGames/ModularDungeonCaves/Textures/Mushrooms/Mushrooms_Height.png using Guid(3038005fe75efe14287647f67bb5acdb) Importer(2089858483,b0f066a214c2f5e87bad3c948f4d605d) (ScriptedImporter) -> (Import Result ID: 'c5cfa8dad80e9001ee79eff18cc18d30') in 0.013302 seconds [static and dynamic dependencies]. Details - ImportResultOutputID=d1897bbc885a5d6dd2001d884c7a00d2 DependenciesID=06cc9d43ff51cd21a23b3447fdad42e5 StaticDependenciesID=733ee20f99763bfef01877d9e74c860c 
Number of updated asset objects reloaded before import = 0Number of asset objects unloaded after import = 1

========================================================================
Received Import Request.
  Time since last request: 0.000024 seconds.
  path: Assets/SunboxGames/ModularDungeonCaves/Textures/DungeonProps01/DungeonProps01_AO.png
  importAddress: Guid(77b648bc5563f6a4abc44a160256df3c) Importer(2089858483,b0f066a214c2f5e87bad3c948f4d605d)
Start importing Assets/SunboxGames/ModularDungeonCaves/Textures/DungeonProps01/DungeonProps01_AO.png using Guid(77b648bc5563f6a4abc44a160256df3c) Importer(2089858483,b0f066a214c2f5e87bad3c948f4d605d) (ScriptedImporter) -> (Import Result ID: '537b3dfb9a8d6fb3fce65547e1781b00') in 0.0234717 seconds [static and dynamic dependencies]. Details - ImportResultOutputID=f391308e0a0fcc7f528b166dc692cd52 DependenciesID=770a7336c826dfd76778ce69f1d049ae StaticDependenciesID=3dca449a9a3e0be9e5dd94fb7b0b99a1 
Number of updated asset objects reloaded before import = 0Number of asset objects unloaded after import = 1

========================================================================
Received Import Request.
  Time since last request: 0.000027 seconds.
  path: Assets/SunboxGames/ModularDungeonCaves/Textures/CaveStone_01/Stones_01_Paint_CaveStone_01_Normal.png
  importAddress: Guid(3281b7a8bf6e8dd4cab763a92a574d4e) Importer(2089858483,b0f066a214c2f5e87bad3c948f4d605d)
Start importing Assets/SunboxGames/ModularDungeonCaves/Textures/CaveStone_01/Stones_01_Paint_CaveStone_01_Normal.png using Guid(3281b7a8bf6e8dd4cab763a92a574d4e) Importer(2089858483,b0f066a214c2f5e87bad3c948f4d605d) (ScriptedImporter) -> (Import Result ID: 'e498488f10502ad130486cd1716ef726') in 0.0251733 seconds [static and dynamic dependencies]. Details - ImportResultOutputID=4579d7cb8cb0a9e9db82560d4fc06e22 DependenciesID=054e588d6ff0693e497faefd3618d76b StaticDependenciesID=b307eabb68597f4d6f9361ab9789f90e 
Number of updated asset objects reloaded before import = 0Number of asset objects unloaded after import = 1

========================================================================
Received Import Request.
  Time since last request: 0.000042 seconds.
  path: Assets/SunboxGames/ModularDungeonCaves/Textures/CavePlatforms_01/CavePlatforms_01_Paint_CavePlatforms_01_AlbedoTransparency.png
  importAddress: Guid(f2bab3839a066154d846f43161c66624) Importer(2089858483,b0f066a214c2f5e87bad3c948f4d605d)
Start importing Assets/SunboxGames/ModularDungeonCaves/Textures/CavePlatforms_01/CavePlatforms_01_Paint_CavePlatforms_01_AlbedoTransparency.png using Guid(f2bab3839a066154d846f43161c66624) Importer(2089858483,b0f066a214c2f5e87bad3c948f4d605d) (ScriptedImporter) -> (Import Result ID: '164d3d3b669357e95c9088558e725f92') in 0.0133099 seconds [static and dynamic dependencies]. Details - ImportResultOutputID=f9eb569fc1a6f0df6831a3aaf2ff5f29 DependenciesID=da84bb5c26878d092d2603a685bf0231 StaticDependenciesID=bc8d3f539a744d7d824a2fd1081508f6 
Number of updated asset objects reloaded before import = 0Number of asset objects unloaded after import = 1

========================================================================
Received Import Request.
  Time since last request: 0.000027 seconds.
  path: Assets/Ian's Fire Pack Universal/_URP Specific/Materials/Particles/TorchFlameURP.mat
  importAddress: Guid(1b9aa30bbb4604f079e8effaa4f0c742) Importer(2089858483,b0f066a214c2f5e87bad3c948f4d605d)
Start importing Assets/Ian's Fire Pack Universal/_URP Specific/Materials/Particles/TorchFlameURP.mat using Guid(1b9aa30bbb4604f079e8effaa4f0c742) Importer(2089858483,b0f066a214c2f5e87bad3c948f4d605d) (ScriptedImporter) -> (Import Result ID: '6dd1cac5bfd0ffa1cd0f229c0c8fc08c') in 0.0103495 seconds [static and dynamic dependencies]. Details - ImportResultOutputID=b869bd4a1e4384715e39ec7ab8d866aa DependenciesID=3de77d29ccf11b0b2303469247dd8a4e StaticDependenciesID=9145f73626f2d06950d8a54f07c9bf51 
Number of updated asset objects reloaded before import = 0Number of asset objects unloaded after import = 3

========================================================================
Received Import Request.
  Time since last request: 0.000026 seconds.
  path: Assets/SunboxGames/ModularDungeonCaves/Prefabs/Mushrooms/Mushroom05_Brown.prefab
  importAddress: Guid(7f134f6592fded447aaebb35f30926f1) Importer(2089858483,e11c23a36db5f54750b8cd40eac0985b)
Start importing Assets/SunboxGames/ModularDungeonCaves/Prefabs/Mushrooms/Mushroom05_Brown.prefab using Guid(7f134f6592fded447aaebb35f30926f1) Importer(2089858483,e11c23a36db5f54750b8cd40eac0985b) (ScriptedImporter) -> (Import Result ID: '65fc0b4207a90c252cc1852de3752654') in 0.006624 seconds [static and dynamic dependencies]. Details - ImportResultOutputID=14b080ae39295bcef5fb62f9d9989c58 DependenciesID=6bf06361470c1a3533528f53327cd82a StaticDependenciesID=217ba3e4178b392ddddd511349e2ff60 
Number of updated asset objects reloaded before import = 0Number of asset objects unloaded after import = 8

========================================================================
Received Import Request.
  Time since last request: 0.000023 seconds.
  path: Assets/SunboxGames/ModularDungeonCaves/Textures/TestFloors/rocks_ground_01_diff_4k.png
  importAddress: Guid(980721b706c761a43b5fe8f08f672142) Importer(2089858483,b0f066a214c2f5e87bad3c948f4d605d)
Start importing Assets/SunboxGames/ModularDungeonCaves/Textures/TestFloors/rocks_ground_01_diff_4k.png using Guid(980721b706c761a43b5fe8f08f672142) Importer(2089858483,b0f066a214c2f5e87bad3c948f4d605d) (ScriptedImporter) -> (Import Result ID: '7b8b250371ea9c12acc5b68a2ece7b92') in 0.0088718 seconds [static and dynamic dependencies]. Details - ImportResultOutputID=2ddbcee2110feea12e72503d9c0bd2da DependenciesID=56a800bd6997ef25d2182452c6f13f3d StaticDependenciesID=fa6c4efee638542be4d2fe7cec290e26 
Number of updated asset objects reloaded before import = 0Number of asset objects unloaded after import = 1

========================================================================
Received Import Request.
  Time since last request: 0.000026 seconds.
  path: Assets/SunboxGames/ModularDungeonCaves/Prefabs/ModularPieces/MediumChamber_03.prefab
  importAddress: Guid(b6e6002f5f549634286c2018a03d96f9) Importer(2089858483,e11c23a36db5f54750b8cd40eac0985b)
Start importing Assets/SunboxGames/ModularDungeonCaves/Prefabs/ModularPieces/MediumChamber_03.prefab using Guid(b6e6002f5f549634286c2018a03d96f9) Importer(2089858483,e11c23a36db5f54750b8cd40eac0985b) (ScriptedImporter) -> (Import Result ID: 'e6ebebb9a5834042c01a5086b302cf96') in 0.020278 seconds [static and dynamic dependencies]. Details - ImportResultOutputID=d1a090bf3412b2af57ce3f6828a68226 DependenciesID=d4fe46d55d8a4752f9269f2cd5bc4ff6 StaticDependenciesID=3ef72aee34b09fce7e45ebc8cbc91613 
Number of updated asset objects reloaded before import = 0Number of asset objects unloaded after import = 29

========================================================================
Received Import Request.
  Time since last request: 0.000038 seconds.
  path: Assets/SunboxGames/ModularDungeonCaves/Scenes/CaveDemoScene02/ReflectionProbe-9.exr
  importAddress: Guid(2f809591d7ab6bb44b7891cd4f4d9722) Importer(2089858483,b0f066a214c2f5e87bad3c948f4d605d)
Start importing Assets/SunboxGames/ModularDungeonCaves/Scenes/CaveDemoScene02/ReflectionProbe-9.exr using Guid(2f809591d7ab6bb44b7891cd4f4d9722) Importer(2089858483,b0f066a214c2f5e87bad3c948f4d605d) (ScriptedImporter) -> (Import Result ID: 'ca89485638966e4f635c6858a055aba9') in 0.0076812 seconds [static and dynamic dependencies]. Details - ImportResultOutputID=e740b20f26fe0303156c5407d5aad4cb DependenciesID=05552f3da1d40d327975bdb75223b3b9 StaticDependenciesID=44cc8881290cf60f16a25b70f379657e 
Number of updated asset objects reloaded before import = 0Number of asset objects unloaded after import = 1

========================================================================
Received Import Request.
  Time since last request: 0.000024 seconds.
  path: Assets/SunboxGames/ModularDungeonCaves/Textures/MediumChamber_01/MediumChamber_01_Paint_MediumChamber_01_AlbedoTransparency.png
  importAddress: Guid(affe1f076765eef4486d71ae33ba6d95) Importer(2089858483,b0f066a214c2f5e87bad3c948f4d605d)
Start importing Assets/SunboxGames/ModularDungeonCaves/Textures/MediumChamber_01/MediumChamber_01_Paint_MediumChamber_01_AlbedoTransparency.png using Guid(affe1f076765eef4486d71ae33ba6d95) Importer(2089858483,b0f066a214c2f5e87bad3c948f4d605d) (ScriptedImporter) -> (Import Result ID: '6ce9f5b59a18c587c8eae6941400ebfc') in 0.0141713 seconds [static and dynamic dependencies]. Details - ImportResultOutputID=a68c577701d261dd9158eaa5aed08f26 DependenciesID=3659b0d7972c74310f14282316428366 StaticDependenciesID=5a4567f3484289e62a19c2c4615ccc7a 
Number of updated asset objects reloaded before import = 0Number of asset objects unloaded after import = 1

========================================================================
Received Import Request.
  Time since last request: 0.000023 seconds.
  path: Assets/SunboxGames/ModularDungeonCaves/Textures/Cobweb_01/Cobweb_Diff.png
  importAddress: Guid(f5362b725f459484a8d0e0349f3073fa) Importer(2089858483,b0f066a214c2f5e87bad3c948f4d605d)
Start importing Assets/SunboxGames/ModularDungeonCaves/Textures/Cobweb_01/Cobweb_Diff.png using Guid(f5362b725f459484a8d0e0349f3073fa) Importer(2089858483,b0f066a214c2f5e87bad3c948f4d605d) (ScriptedImporter) -> (Import Result ID: '77b202e1f6c1723c84416ad79840e061') in 0.0225987 seconds [static and dynamic dependencies]. Details - ImportResultOutputID=842e008b3ef13cacec2d1bdbca202b63 DependenciesID=da14c519953038b5015ead0cc50e36d1 StaticDependenciesID=d7b482eb52fc33273bdadf5e8158af68 
Number of updated asset objects reloaded before import = 0Number of asset objects unloaded after import = 1

========================================================================
Received Import Request.
  Time since last request: 0.000022 seconds.
  path: Assets/SunboxGames/ModularDungeonCaves/Scenes/CaveDemoScene02/ReflectionProbe-6.exr
  importAddress: Guid(eb8ed399c1f15734fb867f8251046b23) Importer(2089858483,b0f066a214c2f5e87bad3c948f4d605d)
Start importing Assets/SunboxGames/ModularDungeonCaves/Scenes/CaveDemoScene02/ReflectionProbe-6.exr using Guid(eb8ed399c1f15734fb867f8251046b23) Importer(2089858483,b0f066a214c2f5e87bad3c948f4d605d) (ScriptedImporter) -> (Import Result ID: 'f477922e5999d4c54ad53a13da9ec278') in 0.0138914 seconds [static and dynamic dependencies]. Details - ImportResultOutputID=f41c988d4dd5b0870c6e299ebaffc00e DependenciesID=5c2b56e1444cc8b12a150e0ba00fe27e StaticDependenciesID=9d600588ac89ebbb9ce068ad63fae014 
Number of updated asset objects reloaded before import = 0Number of asset objects unloaded after import = 1

========================================================================
Received Import Request.
  Time since last request: 0.000028 seconds.
  path: Assets/SunboxGames/ModularDungeonCaves/Textures/DripStone_01/Stones_01_Paint_DripStone_01_SpecularSmoothness.png
  importAddress: Guid(59b7595e4132c824e92efe90d4fdf1ff) Importer(2089858483,b0f066a214c2f5e87bad3c948f4d605d)
Start importing Assets/SunboxGames/ModularDungeonCaves/Textures/DripStone_01/Stones_01_Paint_DripStone_01_SpecularSmoothness.png using Guid(59b7595e4132c824e92efe90d4fdf1ff) Importer(2089858483,b0f066a214c2f5e87bad3c948f4d605d) (ScriptedImporter) -> (Import Result ID: '9a19aeac08cd2fd980f2de8509720bfd') in 0.0292033 seconds [static and dynamic dependencies]. Details - ImportResultOutputID=d09cf693906e490fd7ae1c6ac45f3a02 DependenciesID=e85c168712dbce012d5e3e8acf0464ae StaticDependenciesID=a08941e8c74ed985a4c7099dd02a63d9 
Number of updated asset objects reloaded before import = 0Number of asset objects unloaded after import = 1

========================================================================
Received Import Request.
  Time since last request: 0.000033 seconds.
  path: Assets/SunboxGames/ModularDungeonCaves/Prefabs/Various/Crate02.prefab
  importAddress: Guid(bce45e09d20f98549924eac634c36451) Importer(2089858483,e11c23a36db5f54750b8cd40eac0985b)
Start importing Assets/SunboxGames/ModularDungeonCaves/Prefabs/Various/Crate02.prefab using Guid(bce45e09d20f98549924eac634c36451) Importer(2089858483,e11c23a36db5f54750b8cd40eac0985b) (ScriptedImporter) -> (Import Result ID: 'b755f4b2c6ceddfdc4eb782fed2502e9') in 0.0096293 seconds [static and dynamic dependencies]. Details - ImportResultOutputID=e1d47bf566150411d3b15e3f3dffb6c5 DependenciesID=051ea051c4bd690e1656662dcc7b7e27 StaticDependenciesID=c573f4e4c453a89ce7410c1a555e3118 
Number of updated asset objects reloaded before import = 0Number of asset objects unloaded after import = 10

========================================================================
Received Import Request.
  Time since last request: 0.000023 seconds.
  path: Assets/SunboxGames/ModularDungeonCaves/Textures/MediumChamber_03/MediumChamber_03_Paint_MediumChamber_03_SpecularSmoothness.png
  importAddress: Guid(e2ac78c6d7fe9364b9332be6fce20233) Importer(2089858483,b0f066a214c2f5e87bad3c948f4d605d)
Start importing Assets/SunboxGames/ModularDungeonCaves/Textures/MediumChamber_03/MediumChamber_03_Paint_MediumChamber_03_SpecularSmoothness.png using Guid(e2ac78c6d7fe9364b9332be6fce20233) Importer(2089858483,b0f066a214c2f5e87bad3c948f4d605d) (ScriptedImporter) -> (Import Result ID: '22c6799122b1c0ae26e528aed1350698') in 0.0327718 seconds [static and dynamic dependencies]. Details - ImportResultOutputID=d5cb7d46467e13ee9107460722cab14d DependenciesID=07d70d7eb6fdaa843b893a231ce33f02 StaticDependenciesID=c3f43fae94c5fe263ada9a0201fa74a3 
Number of updated asset objects reloaded before import = 0Number of asset objects unloaded after import = 1

========================================================================
Received Import Request.
  Time since last request: 0.000024 seconds.
  path: Assets/fog/Demo Assets/INab Studio/Scripts/Highlighters/FloatingObject.cs
  importAddress: Guid(853b5bbbb4a669445bf3ad34ab46319a) Importer(2089858483,b0f066a214c2f5e87bad3c948f4d605d)
Start importing Assets/fog/Demo Assets/INab Studio/Scripts/Highlighters/FloatingObject.cs using Guid(853b5bbbb4a669445bf3ad34ab46319a) Importer(2089858483,b0f066a214c2f5e87bad3c948f4d605d) (ScriptedImporter) -> (Import Result ID: 'fd618c2c1d0c8979ed1a7fbf911074b6') in 0.0035733 seconds [static and dynamic dependencies]. Details - ImportResultOutputID=e28a60a749fd30ec30d0cb3a1db966fe DependenciesID=0e0bb68dda31d4df79c33adaa774f09d StaticDependenciesID=a129f1131c1108fb275a668c7ffbb2ff 
Number of updated asset objects reloaded before import = 0Number of asset objects unloaded after import = 0

========================================================================
Received Import Request.
  Time since last request: 0.000019 seconds.
  path: Assets/TripoModels/xiugai1/shengxiang2/bodhisattva_statue_3d_model_1.fbm/tripo_node_85e98b58-1122-4bd7-acc0-d884a520bde1_Normal_Bake.jpg
  importAddress: Guid(2d5f99561bd5a5d40b58fc50f42a03b6) Importer(2089858483,b0f066a214c2f5e87bad3c948f4d605d)
Start importing Assets/TripoModels/xiugai1/shengxiang2/bodhisattva_statue_3d_model_1.fbm/tripo_node_85e98b58-1122-4bd7-acc0-d884a520bde1_Normal_Bake.jpg using Guid(2d5f99561bd5a5d40b58fc50f42a03b6) Importer(2089858483,b0f066a214c2f5e87bad3c948f4d605d) (ScriptedImporter) -> (Import Result ID: '056ac8c959378db5ca83054c05e5246a') in 0.0092592 seconds [static and dynamic dependencies]. Details - ImportResultOutputID=c292459b136ae6e56ecc509570112c9a DependenciesID=57f804ea6a15d1a6bbe4bc2cb112c2da StaticDependenciesID=ee7d328f8157abcfa9c593761184886d 
Number of updated asset objects reloaded before import = 0Number of asset objects unloaded after import = 1

========================================================================
Received Import Request.
  Time since last request: 0.000024 seconds.
  path: Assets/fog/Demo Assets/INab Studio/Scripts/Highlighters/TestSceneManager.cs
  importAddress: Guid(9f8f5864b1fe3a945864e1bef3f537ef) Importer(2089858483,b0f066a214c2f5e87bad3c948f4d605d)
Start importing Assets/fog/Demo Assets/INab Studio/Scripts/Highlighters/TestSceneManager.cs using Guid(9f8f5864b1fe3a945864e1bef3f537ef) Importer(2089858483,b0f066a214c2f5e87bad3c948f4d605d) (ScriptedImporter) -> (Import Result ID: 'b647230c17a04482ea46c28e3c116fce') in 0.0044949 seconds [static and dynamic dependencies]. Details - ImportResultOutputID=c62e02acf44c7e75d6dfd3fb19ebd8da DependenciesID=a2871a2662680c809413ff5a0d3e8445 StaticDependenciesID=ecb177a921835ff5b1780d1c52716d05 
Number of updated asset objects reloaded before import = 0Number of asset objects unloaded after import = 0

========================================================================
Received Import Request.
  Time since last request: 0.000036 seconds.
  path: Assets/TripoModels/xiugai1/stone_fire_pit_3d_model/stone_fire_pit_3d_model.fbm/stone_fire_pit_3d_model_metallic.JPEG
  importAddress: Guid(5f51b07ad58c3da479a3ad346fdf5a88) Importer(2089858483,b0f066a214c2f5e87bad3c948f4d605d)
Start importing Assets/TripoModels/xiugai1/stone_fire_pit_3d_model/stone_fire_pit_3d_model.fbm/stone_fire_pit_3d_model_metallic.JPEG using Guid(5f51b07ad58c3da479a3ad346fdf5a88) Importer(2089858483,b0f066a214c2f5e87bad3c948f4d605d) (ScriptedImporter) -> (Import Result ID: 'e40bbea3aa377eacdb36cdfae26ac944') in 0.0099512 seconds [static and dynamic dependencies]. Details - ImportResultOutputID=a5d5db2c18419fe5b3579c42c0713b44 DependenciesID=6229a3d945395bb43456ae3098f3484e StaticDependenciesID=08af9f77d9552890dedcb1d74a29309f 
Number of updated asset objects reloaded before import = 0Number of asset objects unloaded after import = 1

========================================================================
Received Import Request.
  Time since last request: 0.000030 seconds.
  path: Assets/TripoModels/xiugai1/shengxiang1/bodhisattva_statue_3d_model.fbm/bodhisattva_statue_3d_model_metallic_Smoothness.png
  importAddress: Guid(a11b8ba118355b4428d432f6904b7abc) Importer(2089858483,b0f066a214c2f5e87bad3c948f4d605d)
Start importing Assets/TripoModels/xiugai1/shengxiang1/bodhisattva_statue_3d_model.fbm/bodhisattva_statue_3d_model_metallic_Smoothness.png using Guid(a11b8ba118355b4428d432f6904b7abc) Importer(2089858483,b0f066a214c2f5e87bad3c948f4d605d) (ScriptedImporter) -> (Import Result ID: 'cc0f13c475803632bc2b508b5d7c4e97') in 0.0131052 seconds [static and dynamic dependencies]. Details - ImportResultOutputID=164677abf95614fa7bb6f3af2ce65d42 DependenciesID=d5b30174ae5222c23c3829ac3035f3ae StaticDependenciesID=cd1e8d71d9172f02647feba68c64d613 
Number of updated asset objects reloaded before import = 0Number of asset objects unloaded after import = 1

========================================================================
Received Import Request.
  Time since last request: 0.000022 seconds.
  path: Assets/TripoModels/xiugai1/shengxiang6/stone_sculpture_prop_3d_model.fbm/stone_sculpture_prop_3d_model_roughness.JPEG
  importAddress: Guid(b4f0f00234c294240abe1565796355e9) Importer(2089858483,b0f066a214c2f5e87bad3c948f4d605d)
Start importing Assets/TripoModels/xiugai1/shengxiang6/stone_sculpture_prop_3d_model.fbm/stone_sculpture_prop_3d_model_roughness.JPEG using Guid(b4f0f00234c294240abe1565796355e9) Importer(2089858483,b0f066a214c2f5e87bad3c948f4d605d) (ScriptedImporter) -> (Import Result ID: '8f4c01f36649a0b2076daefe1a6962bd') in 0.0115118 seconds [static and dynamic dependencies]. Details - ImportResultOutputID=790d9389d735532cbbb8dae59dc5cf84 DependenciesID=1f81e67c630eef0cd9dfc23b55956762 StaticDependenciesID=fed8cfdc7fc5e19e01d00799afbb8f4b 
Number of updated asset objects reloaded before import = 0Number of asset objects unloaded after import = 1

========================================================================
Received Import Request.
  Time since last request: 0.000019 seconds.
  path: Assets/BefourStudios/AsianDynastyEnvironment/Art/Meshes/Materials/MI_TreeBillboard.mat
  importAddress: Guid(530ab128c260bc44f8a0432a9d60d63e) Importer(2089858483,b0f066a214c2f5e87bad3c948f4d605d)
Start importing Assets/BefourStudios/AsianDynastyEnvironment/Art/Meshes/Materials/MI_TreeBillboard.mat using Guid(530ab128c260bc44f8a0432a9d60d63e) Importer(2089858483,b0f066a214c2f5e87bad3c948f4d605d) (ScriptedImporter) -> (Import Result ID: 'c79ae1124bc745b122222556e75d6a22') in 0.0107649 seconds [static and dynamic dependencies]. Details - ImportResultOutputID=0b5b378509d057357499c97bc30d5d63 DependenciesID=015a21fa0da08f99158d31d522f21d24 StaticDependenciesID=e512fd66363c15fdb29a8970627d9d30 
Number of updated asset objects reloaded before import = 0Number of asset objects unloaded after import = 1

========================================================================
Received Import Request.
  Time since last request: 0.000024 seconds.
  path: Assets/BefourStudios/AsianDynastyEnvironment/Art/Meshes/Materials/MI_TreeBranch2.mat
  importAddress: Guid(37efe7fa32731b1418cd7d94745848e3) Importer(2089858483,b0f066a214c2f5e87bad3c948f4d605d)
Start importing Assets/BefourStudios/AsianDynastyEnvironment/Art/Meshes/Materials/MI_TreeBranch2.mat using Guid(37efe7fa32731b1418cd7d94745848e3) Importer(2089858483,b0f066a214c2f5e87bad3c948f4d605d) (ScriptedImporter) -> (Import Result ID: 'a8233dcd8a0a795f34cd6dbb762144f2') in 0.0052805 seconds [static and dynamic dependencies]. Details - ImportResultOutputID=e5f7db9f9320ebacbffa06f4c85b6f63 DependenciesID=59f2a95dd3a87d5fa8d4109599150b07 StaticDependenciesID=3e37b00ed027cab6e3c459070dc85c3f 
Number of updated asset objects reloaded before import = 0Number of asset objects unloaded after import = 1

========================================================================
Received Import Request.
  Time since last request: 0.000037 seconds.
  path: Assets/SunboxGames/ModularDungeonCaves/Textures/TestFloors/rocks_ground_01_nor_4k.png
  importAddress: Guid(09e6e8d011e87864e86bad494e9c718f) Importer(2089858483,b0f066a214c2f5e87bad3c948f4d605d)
Start importing Assets/SunboxGames/ModularDungeonCaves/Textures/TestFloors/rocks_ground_01_nor_4k.png using Guid(09e6e8d011e87864e86bad494e9c718f) Importer(2089858483,b0f066a214c2f5e87bad3c948f4d605d) (ScriptedImporter) -> (Import Result ID: 'd75a787e60ba85403e051ffc84cb961f') in 0.011817 seconds [static and dynamic dependencies]. Details - ImportResultOutputID=f18ee3db9684fd9fbe35edeb29d579af DependenciesID=877449ce7c652fa24557e1223def3a9b StaticDependenciesID=167e04e683cfba304d571e407da8a207 
Number of updated asset objects reloaded before import = 0Number of asset objects unloaded after import = 1

========================================================================
Received Import Request.
  Time since last request: 0.000023 seconds.
  path: Assets/SunboxGames/ModularDungeonCaves/Textures/DungeonProps01/DungeonProps01_Normal.png
  importAddress: Guid(d3a27ace3f9638b45bfa0f7f97583f6f) Importer(2089858483,b0f066a214c2f5e87bad3c948f4d605d)
Start importing Assets/SunboxGames/ModularDungeonCaves/Textures/DungeonProps01/DungeonProps01_Normal.png using Guid(d3a27ace3f9638b45bfa0f7f97583f6f) Importer(2089858483,b0f066a214c2f5e87bad3c948f4d605d) (ScriptedImporter) -> (Import Result ID: 'f106e186fb85edf9240e402049202395') in 0.026949 seconds [static and dynamic dependencies]. Details - ImportResultOutputID=970b28540dce669067537c952748b846 DependenciesID=6cf7744023b307cb934a7c0f4817357b StaticDependenciesID=42ca5b48023c764680884341d7026b35 
Number of updated asset objects reloaded before import = 0Number of asset objects unloaded after import = 1

========================================================================
Received Import Request.
  Time since last request: 0.000025 seconds.
  path: Assets/SunboxGames/ModularDungeonCaves/Textures/MediumChamber_01/MediumChamber_01_Paint_MediumChamber_01_Normal.png
  importAddress: Guid(71ce8c67fb78d284c9961210251f815c) Importer(2089858483,b0f066a214c2f5e87bad3c948f4d605d)
Start importing Assets/SunboxGames/ModularDungeonCaves/Textures/MediumChamber_01/MediumChamber_01_Paint_MediumChamber_01_Normal.png using Guid(71ce8c67fb78d284c9961210251f815c) Importer(2089858483,b0f066a214c2f5e87bad3c948f4d605d) (ScriptedImporter) -> (Import Result ID: '392ca34ba78cae7e6159f35d29d5861c') in 0.0273742 seconds [static and dynamic dependencies]. Details - ImportResultOutputID=f48420ed7f4c62e8215a16b7095c3bae DependenciesID=4f0a5c1e3ae06de5a52622777c42b5ed StaticDependenciesID=06fc9b2dc87e3ca328e6b7d52eaf4a43 
Number of updated asset objects reloaded before import = 0Number of asset objects unloaded after import = 1

========================================================================
Received Import Request.
  Time since last request: 0.000025 seconds.
  path: Assets/SunboxGames/ModularDungeonCaves/Prefabs/ModularPieces/MediumPlug_01.prefab
  importAddress: Guid(31078bcb9e897cc4883418a9ce5ce5a7) Importer(2089858483,e11c23a36db5f54750b8cd40eac0985b)
Start importing Assets/SunboxGames/ModularDungeonCaves/Prefabs/ModularPieces/MediumPlug_01.prefab using Guid(31078bcb9e897cc4883418a9ce5ce5a7) Importer(2089858483,e11c23a36db5f54750b8cd40eac0985b) (ScriptedImporter) -> (Import Result ID: 'bf9271c2a3cd32e0d925a67f3ca6cff8') in 0.0172411 seconds [static and dynamic dependencies]. Details - ImportResultOutputID=424930f05cf8fe6786ceac65a8aba364 DependenciesID=70341f05f181bfebc1d7a3ecebb468df StaticDependenciesID=fb76b732a91c1e7d15fc4b9a339a2a75 
Number of updated asset objects reloaded before import = 0Number of asset objects unloaded after import = 15

========================================================================
Received Import Request.
  Time since last request: 0.000023 seconds.
  path: Assets/SunboxGames/ModularDungeonCaves/Prefabs/Various/Chest01.prefab
  importAddress: Guid(503cd3fc06a67624f87e34bd456d8136) Importer(2089858483,e11c23a36db5f54750b8cd40eac0985b)
Start importing Assets/SunboxGames/ModularDungeonCaves/Prefabs/Various/Chest01.prefab using Guid(503cd3fc06a67624f87e34bd456d8136) Importer(2089858483,e11c23a36db5f54750b8cd40eac0985b) (ScriptedImporter) -> (Import Result ID: '04e73bc6e364f940878e3b519a4c8d5a') in 0.0189858 seconds [static and dynamic dependencies]. Details - ImportResultOutputID=9fd9b3688f418fd3e155bf38e3d5fb92 DependenciesID=511408e2e662700324a8e943f568ca25 StaticDependenciesID=6f481758b0e4b2288c4975c6272a40de 
Number of updated asset objects reloaded before import = 0Number of asset objects unloaded after import = 22

========================================================================
Received Import Request.
  Time since last request: 0.000034 seconds.
  path: Assets/TripoModels/xiugai1/shengxiang4/pregnant_goddess_statue_3d_model.fbm/pregnant_goddess_statue_3d_model_metallic_Smoothness.png
  importAddress: Guid(6d50b571136449b448bee8717c13115d) Importer(2089858483,b0f066a214c2f5e87bad3c948f4d605d)
Start importing Assets/TripoModels/xiugai1/shengxiang4/pregnant_goddess_statue_3d_model.fbm/pregnant_goddess_statue_3d_model_metallic_Smoothness.png using Guid(6d50b571136449b448bee8717c13115d) Importer(2089858483,b0f066a214c2f5e87bad3c948f4d605d) (ScriptedImporter) -> (Import Result ID: 'd57d2e27bd179db896d0c4d7dff522f7') in 0.0121752 seconds [static and dynamic dependencies]. Details - ImportResultOutputID=e71f413f5dcadaac9c14c0dd90a16e13 DependenciesID=c8929a65e4c3a53720aff5bffb42d160 StaticDependenciesID=b99f1f85da016d751be50aeb3514fe6c 
Number of updated asset objects reloaded before import = 0Number of asset objects unloaded after import = 1

========================================================================
Received Import Request.
  Time since last request: 0.000023 seconds.
  path: Assets/HIVEMIND/CaveOfHiddenTomb/HDRP (Default)/Art/AllTextures1K/T_MI_FireWood_ORM.png
  importAddress: Guid(abc00000000014439835425349279458) Importer(2089858483,b0f066a214c2f5e87bad3c948f4d605d)
Start importing Assets/HIVEMIND/CaveOfHiddenTomb/HDRP (Default)/Art/AllTextures1K/T_MI_FireWood_ORM.png using Guid(abc00000000014439835425349279458) Importer(2089858483,b0f066a214c2f5e87bad3c948f4d605d) (ScriptedImporter) -> (Import Result ID: '91e2096bfcf80780fa1762150cd1904b') in 0.0137808 seconds [static and dynamic dependencies]. Details - ImportResultOutputID=cf3cd173c1c53f82fea06b81ad371826 DependenciesID=fb5124512dd79c7d84414f38a54e9404 StaticDependenciesID=9440a7d439b10abd9b2cb360a80eb3ad 
Number of updated asset objects reloaded before import = 0Number of asset objects unloaded after import = 1

========================================================================
Received Import Request.
  Time since last request: 0.000065 seconds.
  path: Assets/HIVEMIND/CaveOfHiddenTomb/HDRP (Default)/Art/AllTextures1K/T_MineWall_BC.png
  importAddress: Guid(abc00000000015816640026248782505) Importer(2089858483,b0f066a214c2f5e87bad3c948f4d605d)
Start importing Assets/HIVEMIND/CaveOfHiddenTomb/HDRP (Default)/Art/AllTextures1K/T_MineWall_BC.png using Guid(abc00000000015816640026248782505) Importer(2089858483,b0f066a214c2f5e87bad3c948f4d605d) (ScriptedImporter) -> (Import Result ID: '9bbd8830f32e6c24cd2e2263caffea37') in 0.0347888 seconds [static and dynamic dependencies]. Details - ImportResultOutputID=71a0dfb6d0c0b0ed56e90ad56151b58e DependenciesID=74c5d99fd575ba4c662209a050d35da4 StaticDependenciesID=f5a90ba5e1dfa91ca4f3bab3dd5530a7 
Number of updated asset objects reloaded before import = 0Number of asset objects unloaded after import = 1

========================================================================
Received Import Request.
  Time since last request: 0.000024 seconds.
  path: Assets/fog/Post Processing Assets/Better Fog/Core/Scripts/BetterFogUtility.cs
  importAddress: Guid(2d0cd1791be252c4a8464510e25121d4) Importer(2089858483,b0f066a214c2f5e87bad3c948f4d605d)
Start importing Assets/fog/Post Processing Assets/Better Fog/Core/Scripts/BetterFogUtility.cs using Guid(2d0cd1791be252c4a8464510e25121d4) Importer(2089858483,b0f066a214c2f5e87bad3c948f4d605d) (ScriptedImporter) -> (Import Result ID: 'b9845614ccec54a1eb9d9398eca6c3cf') in 0.0035272 seconds [static and dynamic dependencies]. Details - ImportResultOutputID=e334a522e1d8e6ceb6c5441694cf29d7 DependenciesID=514dabf41fe656648028d60073acc03e StaticDependenciesID=f839cc4333518ab93ddc7ef5380e0c56 
Number of updated asset objects reloaded before import = 0Number of asset objects unloaded after import = 0

========================================================================
Received Import Request.
  Time since last request: 0.000026 seconds.
  path: Assets/HIVEMIND/CaveOfHiddenTomb/HDRP (Default)/Art/AllTextures1K/T_MineWall_AORD.png
  importAddress: Guid(abc00000000007168642340913984348) Importer(2089858483,b0f066a214c2f5e87bad3c948f4d605d)
Start importing Assets/HIVEMIND/CaveOfHiddenTomb/HDRP (Default)/Art/AllTextures1K/T_MineWall_AORD.png using Guid(abc00000000007168642340913984348) Importer(2089858483,b0f066a214c2f5e87bad3c948f4d605d) (ScriptedImporter) -> (Import Result ID: '2e8224c362ecf5ed8a3ee185d720a4e2') in 0.0081908 seconds [static and dynamic dependencies]. Details - ImportResultOutputID=3f723014b5b3f85a83671a3bef7b1c61 DependenciesID=ff51676d0158e9b02102ba7f9f60a7e3 StaticDependenciesID=5578405dba30b6e6ee2f5d549fc6140d 
Number of updated asset objects reloaded before import = 0Number of asset objects unloaded after import = 1

========================================================================
Received Import Request.
  Time since last request: 0.000040 seconds.
  path: Assets/HIVEMIND/CaveOfHiddenTomb/HDRP (Default)/Art/AllTextures1K/T_Boulder_N02.png
  importAddress: Guid(abc00000000000490403177081319858) Importer(2089858483,b0f066a214c2f5e87bad3c948f4d605d)
Start importing Assets/HIVEMIND/CaveOfHiddenTomb/HDRP (Default)/Art/AllTextures1K/T_Boulder_N02.png using Guid(abc00000000000490403177081319858) Importer(2089858483,b0f066a214c2f5e87bad3c948f4d605d) (ScriptedImporter) -> (Import Result ID: '81a5570112f4160a6e5fd1dcca7e5670') in 0.0100161 seconds [static and dynamic dependencies]. Details - ImportResultOutputID=26be22367ff5188343d744dcd8421ad9 DependenciesID=84457a26de86a001bd6883cc22ea9ac2 StaticDependenciesID=3fbf1072eb7d3a0e20e8ffd03bb0ddfc 
Number of updated asset objects reloaded before import = 0Number of asset objects unloaded after import = 1

========================================================================
Received Import Request.
  Time since last request: 0.000022 seconds.
  path: Assets/HIVEMIND/CaveOfHiddenTomb/HDRP (Default)/Art/AllTextures1K/T_MI_Boulder_D_N.png
  importAddress: Guid(abc00000000009227503680402942368) Importer(2089858483,b0f066a214c2f5e87bad3c948f4d605d)
Start importing Assets/HIVEMIND/CaveOfHiddenTomb/HDRP (Default)/Art/AllTextures1K/T_MI_Boulder_D_N.png using Guid(abc00000000009227503680402942368) Importer(2089858483,b0f066a214c2f5e87bad3c948f4d605d) (ScriptedImporter) -> (Import Result ID: '86cfee267996ea8ff2ac4940bb8b97c8') in 0.0092154 seconds [static and dynamic dependencies]. Details - ImportResultOutputID=3a9517140237d8aa2b2d3d312f10a3e3 DependenciesID=5c3daf1b4387d3718050328a83211fe0 StaticDependenciesID=b80b9ceb0437d60be517cfdbcb627e4e 
Number of updated asset objects reloaded before import = 0Number of asset objects unloaded after import = 1

========================================================================
Received Import Request.
  Time since last request: 0.000022 seconds.
  path: Assets/HIVEMIND/CaveOfHiddenTomb/HDRP (Default)/Art/AllTextures1K/T_EuropeanBeech_Bark_01_A.png
  importAddress: Guid(abc00000000012293578066672194862) Importer(2089858483,b0f066a214c2f5e87bad3c948f4d605d)
Start importing Assets/HIVEMIND/CaveOfHiddenTomb/HDRP (Default)/Art/AllTextures1K/T_EuropeanBeech_Bark_01_A.png using Guid(abc00000000012293578066672194862) Importer(2089858483,b0f066a214c2f5e87bad3c948f4d605d) (ScriptedImporter) -> (Import Result ID: 'd0267f9d01eb527797d03033433de62c') in 0.0087544 seconds [static and dynamic dependencies]. Details - ImportResultOutputID=282fbbca0e0be4816fbb2996a576d17e DependenciesID=e61819755cd43d1809cacdd984e14bd5 StaticDependenciesID=f0e8bf9def6a6844b4f4418e733ee244 
Number of updated asset objects reloaded before import = 0Number of asset objects unloaded after import = 1

========================================================================
Received Import Request.
  Time since last request: 0.000019 seconds.
  path: Assets/fog/Post Processing Assets/Better Fog/Core/Scripts/BetterFogRenderers.cs
  importAddress: Guid(b19ecde445a88b646b6d2f75496475bc) Importer(2089858483,b0f066a214c2f5e87bad3c948f4d605d)
Start importing Assets/fog/Post Processing Assets/Better Fog/Core/Scripts/BetterFogRenderers.cs using Guid(b19ecde445a88b646b6d2f75496475bc) Importer(2089858483,b0f066a214c2f5e87bad3c948f4d605d) (ScriptedImporter) -> (Import Result ID: 'f1b5428ad54564da95b1a4edbd1a9b4e') in 0.0035737 seconds [static and dynamic dependencies]. Details - ImportResultOutputID=80fe50e88ae52e324dedf942e591682f DependenciesID=97e480086bf67cc5921f79964c83da69 StaticDependenciesID=257097899ea96d09002158a59629bce2 
Number of updated asset objects reloaded before import = 0Number of asset objects unloaded after import = 0

========================================================================
Received Import Request.
  Time since last request: 0.000026 seconds.
  path: Assets/HIVEMIND/CaveOfHiddenTomb/HDRP (Default)/Art/AllTextures1K/T_boulder_c_N.PNG
  importAddress: Guid(f72930dc2b66cfc44a3b54f5acdee064) Importer(2089858483,b0f066a214c2f5e87bad3c948f4d605d)
Start importing Assets/HIVEMIND/CaveOfHiddenTomb/HDRP (Default)/Art/AllTextures1K/T_boulder_c_N.PNG using Guid(f72930dc2b66cfc44a3b54f5acdee064) Importer(2089858483,b0f066a214c2f5e87bad3c948f4d605d) (ScriptedImporter) -> (Import Result ID: '72809e41f06eea9ac052d53db39bd341') in 0.0108526 seconds [static and dynamic dependencies]. Details - ImportResultOutputID=0bf9ed9f4de9215e8825ea6e1dd1d1f1 DependenciesID=66dd90fe266b279e52713b95108e22f5 StaticDependenciesID=104ddfd91f7fc11939cdee8c6d36900e 
Number of updated asset objects reloaded before import = 0Number of asset objects unloaded after import = 1

========================================================================
Received Import Request.
  Time since last request: 0.000043 seconds.
  path: Assets/HIVEMIND/CaveOfHiddenTomb/HDRP (Default)/Art/AllTextures1K/T_EuropeanBeech_Detail_01_A.png
  importAddress: Guid(abc00000000017943498755019787419) Importer(2089858483,b0f066a214c2f5e87bad3c948f4d605d)
Start importing Assets/HIVEMIND/CaveOfHiddenTomb/HDRP (Default)/Art/AllTextures1K/T_EuropeanBeech_Detail_01_A.png using Guid(abc00000000017943498755019787419) Importer(2089858483,b0f066a214c2f5e87bad3c948f4d605d) (ScriptedImporter) -> (Import Result ID: '5f26206a8bc1ddf316eb08bf806f813c') in 0.0099064 seconds [static and dynamic dependencies]. Details - ImportResultOutputID=95453fe119f8dbc89ce6926fb48d0ade DependenciesID=3e1e568138e5d9c198560f75f9ec90cc StaticDependenciesID=11465129ddb95d00187776e6044be402 
Number of updated asset objects reloaded before import = 0Number of asset objects unloaded after import = 1

========================================================================
Received Import Request.
  Time since last request: 0.000022 seconds.
  path: Assets/fog/Demo Assets/Unity Companion License/Particle Pack/Prefabs/WildFire.prefab
  importAddress: Guid(f293a2dcc753a4a489fefe7f8f312d69) Importer(2089858483,e11c23a36db5f54750b8cd40eac0985b)
Start importing Assets/fog/Demo Assets/Unity Companion License/Particle Pack/Prefabs/WildFire.prefab using Guid(f293a2dcc753a4a489fefe7f8f312d69) Importer(2089858483,e11c23a36db5f54750b8cd40eac0985b) (ScriptedImporter) -> (Import Result ID: 'bced78e16764bd5bb6c46432dd1aa243') in 0.0374267 seconds [static and dynamic dependencies]. Details - ImportResultOutputID=7841bf94dd6261651c21cbb50785c9a4 DependenciesID=f9c687729c97320114963ad064a7f51c StaticDependenciesID=36bfad8a0a310822fec73948e491398d 
Number of updated asset objects reloaded before import = 0Number of asset objects unloaded after import = 10

========================================================================
Received Import Request.
  Time since last request: 0.000025 seconds.
  path: Assets/HIVEMIND/CaveOfHiddenTomb/HDRP (Default)/Art/AllTextures1K/T_MI_Firepit_B_BC.png
  importAddress: Guid(abc00000000007974769586833348353) Importer(2089858483,b0f066a214c2f5e87bad3c948f4d605d)
Start importing Assets/HIVEMIND/CaveOfHiddenTomb/HDRP (Default)/Art/AllTextures1K/T_MI_Firepit_B_BC.png using Guid(abc00000000007974769586833348353) Importer(2089858483,b0f066a214c2f5e87bad3c948f4d605d) (ScriptedImporter) -> (Import Result ID: '2eb456944d3a2500457bbe380da9d2a9') in 0.0087641 seconds [static and dynamic dependencies]. Details - ImportResultOutputID=6c0385069f05c842fc8f1a6d4da26224 DependenciesID=7b4949392e1d8978ef4c0cba0a6a3608 StaticDependenciesID=cf58b30fc8eefc7e39c6496c5fdc6f81 
Number of updated asset objects reloaded before import = 0Number of asset objects unloaded after import = 1

========================================================================
Received Import Request.
  Time since last request: 0.000018 seconds.
  path: Assets/SunboxGames/ModularDungeonCaves/Scenes/CaveDemoScene02/ReflectionProbe-2.exr
  importAddress: Guid(d01e756aa8e8f924cbc402046522abb0) Importer(2089858483,b0f066a214c2f5e87bad3c948f4d605d)
Start importing Assets/SunboxGames/ModularDungeonCaves/Scenes/CaveDemoScene02/ReflectionProbe-2.exr using Guid(d01e756aa8e8f924cbc402046522abb0) Importer(2089858483,b0f066a214c2f5e87bad3c948f4d605d) (ScriptedImporter) -> (Import Result ID: '27df35704e6fbb9303b4483459600445') in 0.0082511 seconds [static and dynamic dependencies]. Details - ImportResultOutputID=3b1d9fb8ef57cd4b59a3895ca9e82e9a DependenciesID=5a4469b7968e809fb57de73b152bd1fc StaticDependenciesID=616014bcd184cb6edd647a63f4c970b1 
Number of updated asset objects reloaded before import = 0Number of asset objects unloaded after import = 1

========================================================================
Received Import Request.
  Time since last request: 0.000027 seconds.
  path: Assets/SunboxGames/ModularDungeonCaves/Prefabs/Mushrooms/Mushroom06_Brown.prefab
  importAddress: Guid(7df1eb152324a644c9859fb2614ccee7) Importer(2089858483,e11c23a36db5f54750b8cd40eac0985b)
Start importing Assets/SunboxGames/ModularDungeonCaves/Prefabs/Mushrooms/Mushroom06_Brown.prefab using Guid(7df1eb152324a644c9859fb2614ccee7) Importer(2089858483,e11c23a36db5f54750b8cd40eac0985b) (ScriptedImporter) -> (Import Result ID: 'a76c0d10f27e18b5980cb8e2edfb704c') in 0.0066816 seconds [static and dynamic dependencies]. Details - ImportResultOutputID=980b7acdf9520cb7642cfdae95f71a2b DependenciesID=aed0968c910c1d18909376304a3a2b25 StaticDependenciesID=ca0182b4794c9acd244cb37752573d38 
Number of updated asset objects reloaded before import = 0Number of asset objects unloaded after import = 8

========================================================================
Received Import Request.
  Time since last request: 0.000043 seconds.
  path: Assets/HIVEMIND/CaveOfHiddenTomb/HDRP (Default)/Art/AllTextures1K/T_MI_Stalacite_BC02.png
  importAddress: Guid(abc00000000011299168593971723992) Importer(2089858483,b0f066a214c2f5e87bad3c948f4d605d)
Start importing Assets/HIVEMIND/CaveOfHiddenTomb/HDRP (Default)/Art/AllTextures1K/T_MI_Stalacite_BC02.png using Guid(abc00000000011299168593971723992) Importer(2089858483,b0f066a214c2f5e87bad3c948f4d605d) (ScriptedImporter) -> (Import Result ID: 'bc881e9af51304a100abdae3e45e2ffd') in 0.0086593 seconds [static and dynamic dependencies]. Details - ImportResultOutputID=3ad6203867d4d2e8f26fdf8ba178e582 DependenciesID=419873c1aa8fd781241b7d349f549252 StaticDependenciesID=658041860a436a05e6ce9a540851fb70 
Number of updated asset objects reloaded before import = 0Number of asset objects unloaded after import = 1

========================================================================
Received Import Request.
  Time since last request: 0.000024 seconds.
  path: Assets/HIVEMIND/CaveOfHiddenTomb/HDRP (Default)/Art/AllTextures1K/T_MI_Pillar_D_ORD.png
  importAddress: Guid(abc00000000009585577537151365695) Importer(2089858483,b0f066a214c2f5e87bad3c948f4d605d)
Start importing Assets/HIVEMIND/CaveOfHiddenTomb/HDRP (Default)/Art/AllTextures1K/T_MI_Pillar_D_ORD.png using Guid(abc00000000009585577537151365695) Importer(2089858483,b0f066a214c2f5e87bad3c948f4d605d) (ScriptedImporter) -> (Import Result ID: 'a8e82be4dc0d15fd4fe422d2c095ecc8') in 0.0139589 seconds [static and dynamic dependencies]. Details - ImportResultOutputID=5fa6c0ba35f6dc167a76be45a72b8023 DependenciesID=61a090ce6f85f7691e903f6f24d1d77f StaticDependenciesID=c8a7d7c1463c3cfbd1d71e3dd8e17c65 
Number of updated asset objects reloaded before import = 0Number of asset objects unloaded after import = 1

========================================================================
Received Import Request.
  Time since last request: 0.000031 seconds.
  path: Assets/HIVEMIND/CaveOfHiddenTomb/HDRP (Default)/Art/AllTextures1K/T_MI_Sculpt_BC.png
  importAddress: Guid(abc00000000014028250211229346265) Importer(2089858483,b0f066a214c2f5e87bad3c948f4d605d)
Start importing Assets/HIVEMIND/CaveOfHiddenTomb/HDRP (Default)/Art/AllTextures1K/T_MI_Sculpt_BC.png using Guid(abc00000000014028250211229346265) Importer(2089858483,b0f066a214c2f5e87bad3c948f4d605d) (ScriptedImporter) -> (Import Result ID: 'bbadf5131191c3084d1e13db55665aa2') in 0.0096398 seconds [static and dynamic dependencies]. Details - ImportResultOutputID=4449003ae2a3571a7ce45707b967ebb0 DependenciesID=6aa47843e7165132b98080d3fa36ede9 StaticDependenciesID=2c530187d783b12eb1ed8556ed27e7f6 
Number of updated asset objects reloaded before import = 0Number of asset objects unloaded after import = 1

========================================================================
Received Import Request.
  Time since last request: 0.000018 seconds.
  path: Assets/HIVEMIND/CaveOfHiddenTomb/HDRP (Default)/Art/AllTextures1K/T_NoiseMask_RGB.png
  importAddress: Guid(abc00000000006333444808994489234) Importer(2089858483,b0f066a214c2f5e87bad3c948f4d605d)
Start importing Assets/HIVEMIND/CaveOfHiddenTomb/HDRP (Default)/Art/AllTextures1K/T_NoiseMask_RGB.png using Guid(abc00000000006333444808994489234) Importer(2089858483,b0f066a214c2f5e87bad3c948f4d605d) (ScriptedImporter) -> (Import Result ID: '2fa4782891164b4ac92ae18ebd998c0d') in 0.0093392 seconds [static and dynamic dependencies]. Details - ImportResultOutputID=391f74d2f07b4d26c2e9b863f9e117a2 DependenciesID=c5fa1c82acc6b35cc8236b3d066b1739 StaticDependenciesID=044f980b5585b6aa0985f843864d0a0b 
Number of updated asset objects reloaded before import = 0Number of asset objects unloaded after import = 1

========================================================================
Received Import Request.
  Time since last request: 0.000024 seconds.
  path: Assets/HIVEMIND/CaveOfHiddenTomb/HDRP (Default)/Art/AllTextures1K/T_MI_Rock_ORD.png
  importAddress: Guid(abc00000000009639044232960860977) Importer(2089858483,b0f066a214c2f5e87bad3c948f4d605d)
Start importing Assets/HIVEMIND/CaveOfHiddenTomb/HDRP (Default)/Art/AllTextures1K/T_MI_Rock_ORD.png using Guid(abc00000000009639044232960860977) Importer(2089858483,b0f066a214c2f5e87bad3c948f4d605d) (ScriptedImporter) -> (Import Result ID: '8e9efb257f0bb49ccb796c30dffa83da') in 0.0129559 seconds [static and dynamic dependencies]. Details - ImportResultOutputID=c82717a6b8b6214f3d4618f78add8d17 DependenciesID=d6d81261a950f161514ff91d7168d214 StaticDependenciesID=226a1bd7121e39484e526fa20b165e4d 
Number of updated asset objects reloaded before import = 0Number of asset objects unloaded after import = 1

========================================================================
Received Import Request.
  Time since last request: 0.000033 seconds.
  path: Assets/HIVEMIND/CaveOfHiddenTomb/HDRP (Default)/Art/AllTextures1K/T_MI_Stone_A_BC.png
  importAddress: Guid(abc00000000002550019530193093193) Importer(2089858483,b0f066a214c2f5e87bad3c948f4d605d)
Start importing Assets/HIVEMIND/CaveOfHiddenTomb/HDRP (Default)/Art/AllTextures1K/T_MI_Stone_A_BC.png using Guid(abc00000000002550019530193093193) Importer(2089858483,b0f066a214c2f5e87bad3c948f4d605d) (ScriptedImporter) -> (Import Result ID: 'cd8216e3aef3a60c1303d2abee64b5cf') in 0.0093991 seconds [static and dynamic dependencies]. Details - ImportResultOutputID=dc45fe8a6bde0a537d4a979727a701df DependenciesID=b1e2b4fd4ae712362db7a6983d4f227e StaticDependenciesID=3d19bc7f9081990475990fb8d2ed4d27 
Number of updated asset objects reloaded before import = 0Number of asset objects unloaded after import = 1

========================================================================
Received Import Request.
  Time since last request: 0.000025 seconds.
  path: Assets/HIVEMIND/CaveOfHiddenTomb/HDRP (Default)/Art/AllTextures1K/T_MI_Stone_D_N.png
  importAddress: Guid(abc00000000010446647293766136848) Importer(2089858483,b0f066a214c2f5e87bad3c948f4d605d)
Start importing Assets/HIVEMIND/CaveOfHiddenTomb/HDRP (Default)/Art/AllTextures1K/T_MI_Stone_D_N.png using Guid(abc00000000010446647293766136848) Importer(2089858483,b0f066a214c2f5e87bad3c948f4d605d) (ScriptedImporter) -> (Import Result ID: '200aafafd7424eca7dc0f6d5018cbcb1') in 0.0090241 seconds [static and dynamic dependencies]. Details - ImportResultOutputID=09b109c4f1aaa7b1dc36c7d99bc40df9 DependenciesID=75f0b5486c34716a618d4268158c5bec StaticDependenciesID=bf048a4b80562d0a1f740cc028cdc424 
Number of updated asset objects reloaded before import = 0Number of asset objects unloaded after import = 1

========================================================================
Received Import Request.
  Time since last request: 0.000031 seconds.
  path: Assets/HIVEMIND/CaveOfHiddenTomb/HDRP (Default)/Art/AllTextures1K/T_MI_Pillar_Mural_BC.png
  importAddress: Guid(abc00000000010384102189182524916) Importer(2089858483,b0f066a214c2f5e87bad3c948f4d605d)
Start importing Assets/HIVEMIND/CaveOfHiddenTomb/HDRP (Default)/Art/AllTextures1K/T_MI_Pillar_Mural_BC.png using Guid(abc00000000010384102189182524916) Importer(2089858483,b0f066a214c2f5e87bad3c948f4d605d) (ScriptedImporter) -> (Import Result ID: '799d01f86da0ccb5ed1467e000f177c9') in 0.0135401 seconds [static and dynamic dependencies]. Details - ImportResultOutputID=753f5a3c77746d0ce28adb8d87fc07da DependenciesID=b535ad644c0ea6dd668fcad57f46173e StaticDependenciesID=e8f498e1361bdd2e72dde2416e9163c6 
Number of updated asset objects reloaded before import = 0Number of asset objects unloaded after import = 1

========================================================================
Received Import Request.
  Time since last request: 0.000023 seconds.
  path: Assets/HIVEMIND/CaveOfHiddenTomb/HDRP (Default)/Art/AllTextures1K/T_MI_Stalacite_ORD05.png
  importAddress: Guid(abc00000000013937530606579753723) Importer(2089858483,b0f066a214c2f5e87bad3c948f4d605d)
Start importing Assets/HIVEMIND/CaveOfHiddenTomb/HDRP (Default)/Art/AllTextures1K/T_MI_Stalacite_ORD05.png using Guid(abc00000000013937530606579753723) Importer(2089858483,b0f066a214c2f5e87bad3c948f4d605d) (ScriptedImporter) -> (Import Result ID: '4b1adb619b2e42b0f8b72c0832029067') in 0.0117765 seconds [static and dynamic dependencies]. Details - ImportResultOutputID=822d02c11655842e8f37fff7d27da3a9 DependenciesID=3ecacabae5de13ccd9ee8eb7dfd12720 StaticDependenciesID=d79ed02ec45caa3e80ce18ddd54b323e 
Number of updated asset objects reloaded before import = 0Number of asset objects unloaded after import = 1

========================================================================
Received Import Request.
  Time since last request: 0.000027 seconds.
  path: Assets/HIVEMIND/CaveOfHiddenTomb/HDRP (Default)/Art/AllTextures1K/T_MI_Sculpt_B_N.png
  importAddress: Guid(abc00000000006565930075230876266) Importer(2089858483,b0f066a214c2f5e87bad3c948f4d605d)
Start importing Assets/HIVEMIND/CaveOfHiddenTomb/HDRP (Default)/Art/AllTextures1K/T_MI_Sculpt_B_N.png using Guid(abc00000000006565930075230876266) Importer(2089858483,b0f066a214c2f5e87bad3c948f4d605d) (ScriptedImporter) -> (Import Result ID: '7d218c911c25f2e1fc9f9b81d1a64033') in 0.0090538 seconds [static and dynamic dependencies]. Details - ImportResultOutputID=119e6d1987d2cbc44ccdb2c24a7d5c31 DependenciesID=35a2e76955fb9543c4f2b2f8c9854508 StaticDependenciesID=b9359617ec8c5116afd6d520a1157f90 
Number of updated asset objects reloaded before import = 0Number of asset objects unloaded after import = 1

========================================================================
Received Import Request.
  Time since last request: 0.000034 seconds.
  path: Assets/HIVEMIND/CaveOfHiddenTomb/HDRP (Default)/Art/AllTextures1K/T_MI_Stone_D_ORM.png
  importAddress: Guid(abc00000000014801958426368496462) Importer(2089858483,b0f066a214c2f5e87bad3c948f4d605d)
Start importing Assets/HIVEMIND/CaveOfHiddenTomb/HDRP (Default)/Art/AllTextures1K/T_MI_Stone_D_ORM.png using Guid(abc00000000014801958426368496462) Importer(2089858483,b0f066a214c2f5e87bad3c948f4d605d) (ScriptedImporter) -> (Import Result ID: 'e789c8063702297fff6b11fe1a05c59c') in 0.0115219 seconds [static and dynamic dependencies]. Details - ImportResultOutputID=8a7694659e548acdee027cf53ec27392 DependenciesID=8fcf2c4bbc404ba292f4f9997345a644 StaticDependenciesID=58f15f624984ab9381e3325a2d1ca57b 
Number of updated asset objects reloaded before import = 0Number of asset objects unloaded after import = 1

========================================================================
Received Import Request.
  Time since last request: 0.000054 seconds.
  path: Assets/HIVEMIND/CaveOfHiddenTomb/HDRP (Default)/Art/AllTextures1K/T_EagleFern_01_M.png
  importAddress: Guid(abc00000000000226597141155799037) Importer(2089858483,b0f066a214c2f5e87bad3c948f4d605d)
Start importing Assets/HIVEMIND/CaveOfHiddenTomb/HDRP (Default)/Art/AllTextures1K/T_EagleFern_01_M.png using Guid(abc00000000000226597141155799037) Importer(2089858483,b0f066a214c2f5e87bad3c948f4d605d) (ScriptedImporter) -> (Import Result ID: 'aa13a3817362f5b065df951a1c5eff52') in 0.0130671 seconds [static and dynamic dependencies]. Details - ImportResultOutputID=a8e9ae85ca8e2afb62da7638e720e8b5 DependenciesID=caeb7e5bfd04133e3c6991816fa6d572 StaticDependenciesID=d84ce299c60502fc680838b551ec73c0 
Number of updated asset objects reloaded before import = 0Number of asset objects unloaded after import = 1

========================================================================
Received Import Request.
  Time since last request: 0.000021 seconds.
  path: Assets/SunboxGames/ModularDungeonCaves/Prefabs/Various/Barrel01.prefab
  importAddress: Guid(84429a021ebe0b646829394536853609) Importer(2089858483,e11c23a36db5f54750b8cd40eac0985b)
Start importing Assets/SunboxGames/ModularDungeonCaves/Prefabs/Various/Barrel01.prefab using Guid(84429a021ebe0b646829394536853609) Importer(2089858483,e11c23a36db5f54750b8cd40eac0985b) (ScriptedImporter) -> (Import Result ID: 'b837e2283a924457bb9aa902c76db1e4') in 0.0115233 seconds [static and dynamic dependencies]. Details - ImportResultOutputID=8fa8395b372a3a0e58a539dea2495187 DependenciesID=898951529ea5ec6b23336ea61f27e8ae StaticDependenciesID=f9dd94ab9a4417a12444d3f6e53cb0bf 
Number of updated asset objects reloaded before import = 0Number of asset objects unloaded after import = 17

========================================================================
Received Import Request.
  Time since last request: 0.000019 seconds.
  path: Assets/HIVEMIND/CaveOfHiddenTomb/HDRP (Default)/Art/AllTextures1K/T_MI_Stalacite_N.png
  importAddress: Guid(abc00000000008483786056138156474) Importer(2089858483,b0f066a214c2f5e87bad3c948f4d605d)
Start importing Assets/HIVEMIND/CaveOfHiddenTomb/HDRP (Default)/Art/AllTextures1K/T_MI_Stalacite_N.png using Guid(abc00000000008483786056138156474) Importer(2089858483,b0f066a214c2f5e87bad3c948f4d605d) (ScriptedImporter) -> (Import Result ID: 'c4bc7b74a3af2ea41bd8bf9aa4f3da19') in 0.0100242 seconds [static and dynamic dependencies]. Details - ImportResultOutputID=d71dfd04b65e0db8e352e0e603fc210b DependenciesID=b8b9fab793658470d81ae7b08d4edb61 StaticDependenciesID=ecddf8430b23a1fbafb702ebba8af891 
Number of updated asset objects reloaded before import = 0Number of asset objects unloaded after import = 1

========================================================================
Received Import Request.
  Time since last request: 0.000023 seconds.
  path: Assets/HIVEMIND/CaveOfHiddenTomb/HDRP (Default)/Art/AllTextures1K/T_stonepattern_f_edge_ORD.PNG
  importAddress: Guid(6e0eba750d3538649b072f6e8d99ba7e) Importer(2089858483,b0f066a214c2f5e87bad3c948f4d605d)
Start importing Assets/HIVEMIND/CaveOfHiddenTomb/HDRP (Default)/Art/AllTextures1K/T_stonepattern_f_edge_ORD.PNG using Guid(6e0eba750d3538649b072f6e8d99ba7e) Importer(2089858483,b0f066a214c2f5e87bad3c948f4d605d) (ScriptedImporter) -> (Import Result ID: '0692db17b0602042fabb1e5177084a1d') in 0.0087286 seconds [static and dynamic dependencies]. Details - ImportResultOutputID=b85f62daf7c6a15b06bacb74afde9894 DependenciesID=52a3a8500367dc091626332b5b3dec0f StaticDependenciesID=d7863ad2a136a2838759747d53591ffc 
Number of updated asset objects reloaded before import = 0Number of asset objects unloaded after import = 1

========================================================================
Received Import Request.
  Time since last request: 0.000037 seconds.
  path: Assets/HIVEMIND/CaveOfHiddenTomb/HDRP (Default)/Art/AllTextures1K/T_Smoke.png
  importAddress: Guid(43ee1dcc1b10be74989a73179c48be92) Importer(2089858483,b0f066a214c2f5e87bad3c948f4d605d)
Start importing Assets/HIVEMIND/CaveOfHiddenTomb/HDRP (Default)/Art/AllTextures1K/T_Smoke.png using Guid(43ee1dcc1b10be74989a73179c48be92) Importer(2089858483,b0f066a214c2f5e87bad3c948f4d605d) (ScriptedImporter) -> (Import Result ID: 'da9db9452d73bafec13c3a4c58130672') in 0.0098352 seconds [static and dynamic dependencies]. Details - ImportResultOutputID=6b9fa96953bbf225842682b8b854a45a DependenciesID=f7e35b461a07426b8fead955f37a7634 StaticDependenciesID=477191287913136c972729957c17828e 
Number of updated asset objects reloaded before import = 0Number of asset objects unloaded after import = 1

========================================================================
Received Import Request.
  Time since last request: 0.000022 seconds.
  path: Assets/HIVEMIND/CaveOfHiddenTomb/HDRP (Default)/Art/AllTextures1K/T_Rock_ORD.png
  importAddress: Guid(abc00000000006884938447447779908) Importer(2089858483,b0f066a214c2f5e87bad3c948f4d605d)
Start importing Assets/HIVEMIND/CaveOfHiddenTomb/HDRP (Default)/Art/AllTextures1K/T_Rock_ORD.png using Guid(abc00000000006884938447447779908) Importer(2089858483,b0f066a214c2f5e87bad3c948f4d605d) (ScriptedImporter) -> (Import Result ID: '59c2845178fc08280c4eb75027b359aa') in 0.0129713 seconds [static and dynamic dependencies]. Details - ImportResultOutputID=1537191bc1f194435ddcb47f9b59e930 DependenciesID=6abbe37d0b3e40339d9cbd577d298001 StaticDependenciesID=6fad0b963f54916e3e9b3780497f42eb 
Number of updated asset objects reloaded before import = 0Number of asset objects unloaded after import = 1

========================================================================
Received Import Request.
  Time since last request: 0.000020 seconds.
  path: Assets/HIVEMIND/CaveOfHiddenTomb/HDRP (Default)/Art/AllTextures1K/T_StonePlate_Normal04.png
  importAddress: Guid(abc00000000009790514027346572343) Importer(2089858483,b0f066a214c2f5e87bad3c948f4d605d)
Start importing Assets/HIVEMIND/CaveOfHiddenTomb/HDRP (Default)/Art/AllTextures1K/T_StonePlate_Normal04.png using Guid(abc00000000009790514027346572343) Importer(2089858483,b0f066a214c2f5e87bad3c948f4d605d) (ScriptedImporter) -> (Import Result ID: '7139515450c424a9f6d42b7e376b2a9c') in 0.0094063 seconds [static and dynamic dependencies]. Details - ImportResultOutputID=f005a148058b5eeeb025310b86210ba6 DependenciesID=9e7267925956f8acadeae09884bcbf61 StaticDependenciesID=ebfe865bd9310a3195f240127d67ad31 
Number of updated asset objects reloaded before import = 0Number of asset objects unloaded after import = 1

========================================================================
Received Import Request.
  Time since last request: 0.000028 seconds.
  path: Assets/HIVEMIND/CaveOfHiddenTomb/HDRP (Default)/Art/AllTextures1K/T_RockWall_N04.png
  importAddress: Guid(abc00000000005983588358578684704) Importer(2089858483,b0f066a214c2f5e87bad3c948f4d605d)
Start importing Assets/HIVEMIND/CaveOfHiddenTomb/HDRP (Default)/Art/AllTextures1K/T_RockWall_N04.png using Guid(abc00000000005983588358578684704) Importer(2089858483,b0f066a214c2f5e87bad3c948f4d605d) (ScriptedImporter) -> (Import Result ID: 'ecb3aaf80dd58ebf7f56f80c4f1a8507') in 0.011275 seconds [static and dynamic dependencies]. Details - ImportResultOutputID=f7e52c6aa3887b5715575b5541aaaf62 DependenciesID=1a9d7929724d1aa4f05c497dcf5e7a0a StaticDependenciesID=c472bc2d7df60117358bb1c290311975 
Number of updated asset objects reloaded before import = 0Number of asset objects unloaded after import = 1

========================================================================
Received Import Request.
  Time since last request: 0.000021 seconds.
  path: Assets/HIVEMIND/CaveOfHiddenTomb/HDRP (Default)/Art/AllTextures1K/T_Vinewood_BC.png
  importAddress: Guid(abc00000000016669791216962035902) Importer(2089858483,b0f066a214c2f5e87bad3c948f4d605d)
Start importing Assets/HIVEMIND/CaveOfHiddenTomb/HDRP (Default)/Art/AllTextures1K/T_Vinewood_BC.png using Guid(abc00000000016669791216962035902) Importer(2089858483,b0f066a214c2f5e87bad3c948f4d605d) (ScriptedImporter) -> (Import Result ID: 'b896d6c02ea34d376e4ade7154223ec9') in 0.0124671 seconds [static and dynamic dependencies]. Details - ImportResultOutputID=f82f372e76dfa471d73f7165bfeef9b9 DependenciesID=58fb4350254369e9f5f96365d27b4a30 StaticDependenciesID=00e16f30cd713f4d612fafdccd97eb69 
Number of updated asset objects reloaded before import = 0Number of asset objects unloaded after import = 1

========================================================================
Received Import Request.
  Time since last request: 0.000038 seconds.
  path: Assets/HIVEMIND/CaveOfHiddenTomb/HDRP (Default)/Art/AllTextures1K/T_Rock_BC05.png
  importAddress: Guid(abc00000000004564024651658947256) Importer(2089858483,b0f066a214c2f5e87bad3c948f4d605d)
Start importing Assets/HIVEMIND/CaveOfHiddenTomb/HDRP (Default)/Art/AllTextures1K/T_Rock_BC05.png using Guid(abc00000000004564024651658947256) Importer(2089858483,b0f066a214c2f5e87bad3c948f4d605d) (ScriptedImporter) -> (Import Result ID: '48281b8571ed323f6e5f43fc9d7fcfd8') in 0.0123613 seconds [static and dynamic dependencies]. Details - ImportResultOutputID=a664e3631203f10c69c41a15389817ed DependenciesID=6f275abeda2334b40bc07219efab647a StaticDependenciesID=d58f7277b520e103c5ed958f7eb30e7f 
Number of updated asset objects reloaded before import = 0Number of asset objects unloaded after import = 1

========================================================================
Received Import Request.
  Time since last request: 0.000022 seconds.
  path: Assets/HIVEMIND/CaveOfHiddenTomb/HDRP (Default)/Art/AllTextures1K/T_Rock_BC03.png
  importAddress: Guid(abc00000000011699286697111218930) Importer(2089858483,b0f066a214c2f5e87bad3c948f4d605d)
Start importing Assets/HIVEMIND/CaveOfHiddenTomb/HDRP (Default)/Art/AllTextures1K/T_Rock_BC03.png using Guid(abc00000000011699286697111218930) Importer(2089858483,b0f066a214c2f5e87bad3c948f4d605d) (ScriptedImporter) -> (Import Result ID: 'c30c520affad8e0dd6b6bba68c87e9bc') in 0.0081968 seconds [static and dynamic dependencies]. Details - ImportResultOutputID=27090a02f17be5b268e162a54d17589f DependenciesID=8a7fec30174e1d5c463476814d6619eb StaticDependenciesID=9340aff4358be7cef15e29809f7a58bb 
Number of updated asset objects reloaded before import = 0Number of asset objects unloaded after import = 1

========================================================================
Received Import Request.
  Time since last request: 0.000020 seconds.
  path: Assets/HIVEMIND/CaveOfHiddenTomb/HDRP (Default)/Art/AllTextures1K/T_Temple_Floor_N.png
  importAddress: Guid(22935a62d97dfd749925c17c59489fb5) Importer(2089858483,b0f066a214c2f5e87bad3c948f4d605d)
Start importing Assets/HIVEMIND/CaveOfHiddenTomb/HDRP (Default)/Art/AllTextures1K/T_Temple_Floor_N.png using Guid(22935a62d97dfd749925c17c59489fb5) Importer(2089858483,b0f066a214c2f5e87bad3c948f4d605d) (ScriptedImporter) -> (Import Result ID: '12def9b825b4d131b06c552c025f1aa9') in 0.0086549 seconds [static and dynamic dependencies]. Details - ImportResultOutputID=f5f9e6fd7cff03274ce21b3b013b2f5b DependenciesID=c897967a548997cf771c98934cc8f6f1 StaticDependenciesID=c3da6154f6ba1104affbf7e4fb267f7b 
Number of updated asset objects reloaded before import = 0Number of asset objects unloaded after import = 1

========================================================================
Received Import Request.
  Time since last request: 0.000022 seconds.
  path: Assets/HIVEMIND/CaveOfHiddenTomb/HDRP (Default)/Art/AllTextures1K/T_StonePlate_Albedo04.png
  importAddress: Guid(abc00000000013336156309022130305) Importer(2089858483,b0f066a214c2f5e87bad3c948f4d605d)
Start importing Assets/HIVEMIND/CaveOfHiddenTomb/HDRP (Default)/Art/AllTextures1K/T_StonePlate_Albedo04.png using Guid(abc00000000013336156309022130305) Importer(2089858483,b0f066a214c2f5e87bad3c948f4d605d) (ScriptedImporter) -> (Import Result ID: '7c6dbc513f85083288ea8084758be0da') in 0.0098711 seconds [static and dynamic dependencies]. Details - ImportResultOutputID=e55c6932add2399b0ce23f0026fe0044 DependenciesID=899db2f41f528649be20b51390c93d4a StaticDependenciesID=1dfb57039e48724b9da0e8d7e45e2803 
Number of updated asset objects reloaded before import = 0Number of asset objects unloaded after import = 1

========================================================================
Received Import Request.
  Time since last request: 0.000023 seconds.
  path: Assets/HIVEMIND/CaveOfHiddenTomb/HDRP (Default)/Art/AllTextures1K/T_Rock_BC04.png
  importAddress: Guid(abc00000000006173182895596851247) Importer(2089858483,b0f066a214c2f5e87bad3c948f4d605d)
Start importing Assets/HIVEMIND/CaveOfHiddenTomb/HDRP (Default)/Art/AllTextures1K/T_Rock_BC04.png using Guid(abc00000000006173182895596851247) Importer(2089858483,b0f066a214c2f5e87bad3c948f4d605d) (ScriptedImporter) -> (Import Result ID: 'e6abbcd5e119aa160271aafada7586f6') in 0.0094136 seconds [static and dynamic dependencies]. Details - ImportResultOutputID=439e1f102275af7a4ae5d84270487a17 DependenciesID=0ccf7c96aaa0747e48e2e43479e318ba StaticDependenciesID=b2c1dc6e5ae2bce263e4aa6da465da91 
Number of updated asset objects reloaded before import = 0Number of asset objects unloaded after import = 1

========================================================================
Received Import Request.
  Time since last request: 0.000040 seconds.
  path: Assets/HIVEMIND/CaveOfHiddenTomb/HDRP (Default)/Art/AllTextures1K/T_Rock_ORD06.png
  importAddress: Guid(abc00000000008389581568907452235) Importer(2089858483,b0f066a214c2f5e87bad3c948f4d605d)
Start importing Assets/HIVEMIND/CaveOfHiddenTomb/HDRP (Default)/Art/AllTextures1K/T_Rock_ORD06.png using Guid(abc00000000008389581568907452235) Importer(2089858483,b0f066a214c2f5e87bad3c948f4d605d) (ScriptedImporter) -> (Import Result ID: 'd8dd400374eaf86e9c4a483fa2d3a450') in 0.0126026 seconds [static and dynamic dependencies]. Details - ImportResultOutputID=ec4d9d6bdeaf5c753df1f7b5e0784778 DependenciesID=8faf6a1cef8760d5d6713cc0e612e952 StaticDependenciesID=1ce27cd005ceb77b4261cb1eaa425b0f 
Number of updated asset objects reloaded before import = 0Number of asset objects unloaded after import = 1

========================================================================
Received Import Request.
  Time since last request: 0.000017 seconds.
  path: Assets/HIVEMIND/CaveOfHiddenTomb/HDRP (Default)/Art/Prefabs/SM_EuropeanBeech_S_02.prefab
  importAddress: Guid(abc00000000011739432424855428366) Importer(2089858483,e11c23a36db5f54750b8cd40eac0985b)
Start importing Assets/HIVEMIND/CaveOfHiddenTomb/HDRP (Default)/Art/Prefabs/SM_EuropeanBeech_S_02.prefab using Guid(abc00000000011739432424855428366) Importer(2089858483,e11c23a36db5f54750b8cd40eac0985b) (ScriptedImporter) -> (Import Result ID: 'ed5b1addfef73cf006087aa78eadbb97') in 0.0227397 seconds [static and dynamic dependencies]. Details - ImportResultOutputID=10c407c815ac9d90ea861f450237fc80 DependenciesID=6b2dac4148e9e946b72303021c1e210a StaticDependenciesID=0befc73854eb37717ddf2308d08e0045 
Number of updated asset objects reloaded before import = 0Number of asset objects unloaded after import = 33

========================================================================
Received Import Request.
  Time since last request: 0.000018 seconds.
  path: Assets/HIVEMIND/CaveOfHiddenTomb/HDRP (Default)/Art/Prefabs/SM_Ground_B_2.prefab
  importAddress: Guid(abc00000000016198649341005960792) Importer(2089858483,e11c23a36db5f54750b8cd40eac0985b)
Start importing Assets/HIVEMIND/CaveOfHiddenTomb/HDRP (Default)/Art/Prefabs/SM_Ground_B_2.prefab using Guid(abc00000000016198649341005960792) Importer(2089858483,e11c23a36db5f54750b8cd40eac0985b) (ScriptedImporter) -> (Import Result ID: '0a44256f1f8f6089111ed91e6a81e889') in 0.0264156 seconds [static and dynamic dependencies]. Details - ImportResultOutputID=60c7c6b06976dc7c290face54bbd00f1 DependenciesID=734a317889fc00894856fcf4cfdc2343 StaticDependenciesID=beabebb41780a389379fb525a25f256d 
Number of updated asset objects reloaded before import = 0Number of asset objects unloaded after import = 33

========================================================================
Received Import Request.
  Time since last request: 0.000030 seconds.
  path: Assets/HIVEMIND/CaveOfHiddenTomb/HDRP (Default)/Art/Prefabs/SM_Ivy_Wall_D.prefab
  importAddress: Guid(abc00000000015314708729596623745) Importer(2089858483,e11c23a36db5f54750b8cd40eac0985b)
Start importing Assets/HIVEMIND/CaveOfHiddenTomb/HDRP (Default)/Art/Prefabs/SM_Ivy_Wall_D.prefab using Guid(abc00000000015314708729596623745) Importer(2089858483,e11c23a36db5f54750b8cd40eac0985b) (ScriptedImporter) -> (Import Result ID: '11a08f2722ebd04dab0d35fb32ee43e3') in 0.025863 seconds [static and dynamic dependencies]. Details - ImportResultOutputID=2d2ea53c664126f5c6ba96a82392649b DependenciesID=29ec16d6e2a34f1bae2dfae5841f6a3c StaticDependenciesID=13f1e76a6241fe9690de95d1b6ab41af 
Number of updated asset objects reloaded before import = 0Number of asset objects unloaded after import = 32

========================================================================
Received Import Request.
  Time since last request: 0.000015 seconds.
  path: Assets/HIVEMIND/CaveOfHiddenTomb/HDRP (Default)/Art/Prefabs/SM_Ground_B_1.prefab
  importAddress: Guid(abc00000000004302113354826268515) Importer(2089858483,e11c23a36db5f54750b8cd40eac0985b)
Start importing Assets/HIVEMIND/CaveOfHiddenTomb/HDRP (Default)/Art/Prefabs/SM_Ground_B_1.prefab using Guid(abc00000000004302113354826268515) Importer(2089858483,e11c23a36db5f54750b8cd40eac0985b) (ScriptedImporter) -> (Import Result ID: '528d6cc8ee7466ef1b0b381b3a6f0bb0') in 0.0221274 seconds [static and dynamic dependencies]. Details - ImportResultOutputID=e8768248ca5b9668c6ad3df1d501e296 DependenciesID=48356f1ea26cc337a29e92383eae8b82 StaticDependenciesID=3b238fa38f264a531891baf33a63f3f6 
Number of updated asset objects reloaded before import = 0Number of asset objects unloaded after import = 33

========================================================================
Received Import Request.
  Time since last request: 0.000027 seconds.
  path: Assets/HIVEMIND/CaveOfHiddenTomb/HDRP (Default)/Art/Prefabs/SM_EagleFern_S_02.prefab
  importAddress: Guid(abc00000000009116345104430325707) Importer(2089858483,e11c23a36db5f54750b8cd40eac0985b)
Start importing Assets/HIVEMIND/CaveOfHiddenTomb/HDRP (Default)/Art/Prefabs/SM_EagleFern_S_02.prefab using Guid(abc00000000009116345104430325707) Importer(2089858483,e11c23a36db5f54750b8cd40eac0985b) (ScriptedImporter) -> (Import Result ID: '1bb5e1737b5df59dd35eda7489e3195a') in 0.0201612 seconds [static and dynamic dependencies]. Details - ImportResultOutputID=de18b95d4ec5b92d96909e65cce54169 DependenciesID=0eec6eece2dda34439fa0d4daf95da97 StaticDependenciesID=fbf08c547e6cafaae3f187d0bf6d5173 
Number of updated asset objects reloaded before import = 0Number of asset objects unloaded after import = 32

========================================================================
Received Import Request.
  Time since last request: 0.000021 seconds.
  path: Assets/HIVEMIND/CaveOfHiddenTomb/HDRP (Default)/Art/Prefabs/SM_EuropeanBeech_XS_01.prefab
  importAddress: Guid(abc00000000002064489860195034057) Importer(2089858483,e11c23a36db5f54750b8cd40eac0985b)
Start importing Assets/HIVEMIND/CaveOfHiddenTomb/HDRP (Default)/Art/Prefabs/SM_EuropeanBeech_XS_01.prefab using Guid(abc00000000002064489860195034057) Importer(2089858483,e11c23a36db5f54750b8cd40eac0985b) (ScriptedImporter) -> (Import Result ID: '7ba6a54a3638ebb9795d18df0884c28c') in 0.0240811 seconds [static and dynamic dependencies]. Details - ImportResultOutputID=f08e5089b57ce100535ce5b5da174b72 DependenciesID=2d2fe6203581fca330e9ca94bd858897 StaticDependenciesID=254f189b9212123b90b063c9d0bf7e7c 
Number of updated asset objects reloaded before import = 0Number of asset objects unloaded after import = 33

========================================================================
Received Import Request.
  Time since last request: 0.000019 seconds.
  path: Assets/HIVEMIND/CaveOfHiddenTomb/HDRP (Default)/Art/Prefabs/SM_Ivy_Wall_B.prefab
  importAddress: Guid(abc00000000003810556701554217151) Importer(2089858483,e11c23a36db5f54750b8cd40eac0985b)
Start importing Assets/HIVEMIND/CaveOfHiddenTomb/HDRP (Default)/Art/Prefabs/SM_Ivy_Wall_B.prefab using Guid(abc00000000003810556701554217151) Importer(2089858483,e11c23a36db5f54750b8cd40eac0985b) (ScriptedImporter) -> (Import Result ID: 'd55c6880b801e4e5558c6f1648267ea2') in 0.0279207 seconds [static and dynamic dependencies]. Details - ImportResultOutputID=9a939e56c5aeca459d2c568772ed5fea DependenciesID=9f4dd2713eb8e937d10df72cb7bebcb1 StaticDependenciesID=604fd003f6137ff139bca3dd7f06f2ea 
Number of updated asset objects reloaded before import = 0Number of asset objects unloaded after import = 32

========================================================================
Received Import Request.
  Time since last request: 0.000023 seconds.
  path: Assets/HIVEMIND/CaveOfHiddenTomb/HDRP (Default)/Art/Prefabs/SM_Ground_B_4.prefab
  importAddress: Guid(abc00000000005484994792939664646) Importer(2089858483,e11c23a36db5f54750b8cd40eac0985b)
Start importing Assets/HIVEMIND/CaveOfHiddenTomb/HDRP (Default)/Art/Prefabs/SM_Ground_B_4.prefab using Guid(abc00000000005484994792939664646) Importer(2089858483,e11c23a36db5f54750b8cd40eac0985b) (ScriptedImporter) -> (Import Result ID: 'ee2ae537e372938d831391b7a8f200d5') in 0.0207178 seconds [static and dynamic dependencies]. Details - ImportResultOutputID=0a57e8eb78e4f1473e53fd40344463de DependenciesID=04efab07aca46a43d9daa40614c39659 StaticDependenciesID=bf203e8ee2e38f9c1f1fb7a1d4b16cd8 
Number of updated asset objects reloaded before import = 0Number of asset objects unloaded after import = 33

========================================================================
Received Import Request.
  Time since last request: 0.000029 seconds.
  path: Assets/HIVEMIND/CaveOfHiddenTomb/HDRP (Default)/Art/Prefabs/SM_EagleFern_S_04.prefab
  importAddress: Guid(abc00000000003164213241217702037) Importer(2089858483,e11c23a36db5f54750b8cd40eac0985b)
Start importing Assets/HIVEMIND/CaveOfHiddenTomb/HDRP (Default)/Art/Prefabs/SM_EagleFern_S_04.prefab using Guid(abc00000000003164213241217702037) Importer(2089858483,e11c23a36db5f54750b8cd40eac0985b) (ScriptedImporter) -> (Import Result ID: 'dcef62b24ee29218cb93b07b6169b394') in 0.0204438 seconds [static and dynamic dependencies]. Details - ImportResultOutputID=b0a07f2e34972f29180b300f62527a2d DependenciesID=1a29def5fa8d8538cbc7ff8b96e90fb3 StaticDependenciesID=eede6a58aaebb01720e9fa6d8bcb027b 
Number of updated asset objects reloaded before import = 0Number of asset objects unloaded after import = 32

========================================================================
Received Import Request.
  Time since last request: 0.000037 seconds.
  path: Assets/HIVEMIND/CaveOfHiddenTomb/HDRP (Default)/Art/AllTextures1K/T_RockWall_N03.png
  importAddress: Guid(abc00000000015784776905321330615) Importer(2089858483,b0f066a214c2f5e87bad3c948f4d605d)
Start importing Assets/HIVEMIND/CaveOfHiddenTomb/HDRP (Default)/Art/AllTextures1K/T_RockWall_N03.png using Guid(abc00000000015784776905321330615) Importer(2089858483,b0f066a214c2f5e87bad3c948f4d605d) (ScriptedImporter) -> (Import Result ID: '3075923f642da6401f5620af89956887') in 0.0094253 seconds [static and dynamic dependencies]. Details - ImportResultOutputID=6a1595df83528e11d87d7f6efa9b9a47 DependenciesID=54f4d69923f66211065358009e441a11 StaticDependenciesID=871688d372db10142d92dbe4de2d118d 
Number of updated asset objects reloaded before import = 0Number of asset objects unloaded after import = 1

========================================================================
Received Import Request.
  Time since last request: 0.000017 seconds.
  path: Assets/HIVEMIND/CaveOfHiddenTomb/HDRP (Default)/Art/Prefabs/SM_StonePattern_A.prefab
  importAddress: Guid(abc00000000018136966501971557078) Importer(2089858483,e11c23a36db5f54750b8cd40eac0985b)
Start importing Assets/HIVEMIND/CaveOfHiddenTomb/HDRP (Default)/Art/Prefabs/SM_StonePattern_A.prefab using Guid(abc00000000018136966501971557078) Importer(2089858483,e11c23a36db5f54750b8cd40eac0985b) (ScriptedImporter) -> (Import Result ID: 'c06f60e4c81fa4719f1ad4ccbb65c67e') in 0.0317442 seconds [static and dynamic dependencies]. Details - ImportResultOutputID=f4c66f76ac029e5428b7d399206352a2 DependenciesID=8dee9b3725bdfd987a9257cc26ca7bff StaticDependenciesID=83c09b9e29932b46955bd0b365ccff9b 
Number of updated asset objects reloaded before import = 0Number of asset objects unloaded after import = 33

========================================================================
Received Import Request.
  Time since last request: 0.000022 seconds.
  path: Assets/HIVEMIND/CaveOfHiddenTomb/HDRP (Default)/Art/Prefabs/SM_Vine_Long.prefab
  importAddress: Guid(abc00000000016739180046719785502) Importer(2089858483,e11c23a36db5f54750b8cd40eac0985b)
Start importing Assets/HIVEMIND/CaveOfHiddenTomb/HDRP (Default)/Art/Prefabs/SM_Vine_Long.prefab using Guid(abc00000000016739180046719785502) Importer(2089858483,e11c23a36db5f54750b8cd40eac0985b) (ScriptedImporter) -> (Import Result ID: '96eb80cf21eac4bf79052beee1913b8c') in 0.0247532 seconds [static and dynamic dependencies]. Details - ImportResultOutputID=562c23d39ba1d102169973d0c31532f1 DependenciesID=33dd969deaa88255d662c498db2297a3 StaticDependenciesID=f366390ed6c193ace570352c216f5c71 
Number of updated asset objects reloaded before import = 0Number of asset objects unloaded after import = 34

========================================================================
Received Import Request.
  Time since last request: 0.000022 seconds.
  path: Assets/HIVEMIND/CaveOfHiddenTomb/HDRP (Default)/Art/Prefabs/SM_Vine_F.prefab
  importAddress: Guid(abc00000000007575383183622210866) Importer(2089858483,e11c23a36db5f54750b8cd40eac0985b)
Start importing Assets/HIVEMIND/CaveOfHiddenTomb/HDRP (Default)/Art/Prefabs/SM_Vine_F.prefab using Guid(abc00000000007575383183622210866) Importer(2089858483,e11c23a36db5f54750b8cd40eac0985b) (ScriptedImporter) -> (Import Result ID: '50520ba086445fc4ba646185eb986efb') in 0.0232968 seconds [static and dynamic dependencies]. Details - ImportResultOutputID=f747339636fc0dd4a408e5aad23e7732 DependenciesID=9a3d0744eecf65d4312c58b84bbbeb2e StaticDependenciesID=c548ba368c21e0ef1e00f9396ae4f2db 
Number of updated asset objects reloaded before import = 0Number of asset objects unloaded after import = 34

========================================================================
Received Import Request.
  Time since last request: 0.000029 seconds.
  path: Assets/HIVEMIND/CaveOfHiddenTomb/HDRP (Default)/Art/Prefabs/SM_StonePatter_Outer.prefab
  importAddress: Guid(abc00000000012074005779335031260) Importer(2089858483,e11c23a36db5f54750b8cd40eac0985b)
Start importing Assets/HIVEMIND/CaveOfHiddenTomb/HDRP (Default)/Art/Prefabs/SM_StonePatter_Outer.prefab using Guid(abc00000000012074005779335031260) Importer(2089858483,e11c23a36db5f54750b8cd40eac0985b) (ScriptedImporter) -> (Import Result ID: '9a67d6d47bd0fa8b4890d7cc1d867e67') in 0.0263856 seconds [static and dynamic dependencies]. Details - ImportResultOutputID=d06b10ffad5cefa726c4f22acf266c21 DependenciesID=c6bae169135b5bc68549ee70e372ad93 StaticDependenciesID=78935001c8768fb9e6f43c65f024a2c3 
Number of updated asset objects reloaded before import = 0Number of asset objects unloaded after import = 33

========================================================================
Received Import Request.
  Time since last request: 0.000033 seconds.
  path: Assets/HIVEMIND/CaveOfHiddenTomb/HDRP (Default)/Art/ShaderGraphs/S_BasicTextured.shadergraph
  importAddress: Guid(7c9848fc5d451a348a3fd69faf13c16c) Importer(2089858483,b0f066a214c2f5e87bad3c948f4d605d)
Start importing Assets/HIVEMIND/CaveOfHiddenTomb/HDRP (Default)/Art/ShaderGraphs/S_BasicTextured.shadergraph using Guid(7c9848fc5d451a348a3fd69faf13c16c) Importer(2089858483,b0f066a214c2f5e87bad3c948f4d605d) (ScriptedImporter) -> (Import Result ID: '930c6746df4d81b525748d1f7396e6df') in 0.0168896 seconds [static and dynamic dependencies]. Details - ImportResultOutputID=c6e0609238f5a0706ed2a20777e926ab DependenciesID=1cff9c99ecb05ae8bcfef7c56d143a90 StaticDependenciesID=18aced4231084a83b6de2c152e49ccbb 
Number of updated asset objects reloaded before import = 0Number of asset objects unloaded after import = 10

========================================================================
Received Import Request.
  Time since last request: 0.000025 seconds.
  path: Assets/HIVEMIND/CaveOfHiddenTomb/HDRP (Default)/Art/Prefabs/SM_Water_02.prefab
  importAddress: Guid(abc00000000012983052241087814100) Importer(2089858483,e11c23a36db5f54750b8cd40eac0985b)
Start importing Assets/HIVEMIND/CaveOfHiddenTomb/HDRP (Default)/Art/Prefabs/SM_Water_02.prefab using Guid(abc00000000012983052241087814100) Importer(2089858483,e11c23a36db5f54750b8cd40eac0985b) (ScriptedImporter) -> (Import Result ID: 'f24d7dc2fc57f4815bcecb45874117a9') in 0.009329 seconds [static and dynamic dependencies]. Details - ImportResultOutputID=5fbd171194a047a10a24356199c9d49c DependenciesID=b519c5c0cbae37c735ba8f51adfa8a00 StaticDependenciesID=5df286479a31ee15208b619be2d742e1 
Number of updated asset objects reloaded before import = 0Number of asset objects unloaded after import = 11

========================================================================
Received Import Request.
  Time since last request: 0.000045 seconds.
  path: Assets/HIVEMIND/CaveOfHiddenTomb/HDRP (Default)/Art/Prefabs/SM_Stone_A.prefab
  importAddress: Guid(abc00000000009162203632334429924) Importer(2089858483,e11c23a36db5f54750b8cd40eac0985b)
Start importing Assets/HIVEMIND/CaveOfHiddenTomb/HDRP (Default)/Art/Prefabs/SM_Stone_A.prefab using Guid(abc00000000009162203632334429924) Importer(2089858483,e11c23a36db5f54750b8cd40eac0985b) (ScriptedImporter) -> (Import Result ID: 'c407fff3f711365f37360ba48e864fe5') in 0.0209252 seconds [static and dynamic dependencies]. Details - ImportResultOutputID=3084cc9c4d975b07828b76daf453aa0b DependenciesID=64d1b5b84813a3fdeddf899cafe47364 StaticDependenciesID=4a0746347f767a34e410e728074ea777 
Number of updated asset objects reloaded before import = 0Number of asset objects unloaded after import = 33

========================================================================
Received Import Request.
  Time since last request: 0.000027 seconds.
  path: Assets/HIVEMIND/CaveOfHiddenTomb/HDRP (Default)/Art/Prefabs/SM_StonePlate_G.prefab
  importAddress: Guid(abc00000000017360646270673300166) Importer(2089858483,e11c23a36db5f54750b8cd40eac0985b)
Start importing Assets/HIVEMIND/CaveOfHiddenTomb/HDRP (Default)/Art/Prefabs/SM_StonePlate_G.prefab using Guid(abc00000000017360646270673300166) Importer(2089858483,e11c23a36db5f54750b8cd40eac0985b) (ScriptedImporter) -> (Import Result ID: 'fe5e63ef5e7758a2f8074d35c0a7b5ab') in 0.0223991 seconds [static and dynamic dependencies]. Details - ImportResultOutputID=ba45455e08e8d697e3434a3d03d67ec9 DependenciesID=27f6b458029d623f20ac3530e3004118 StaticDependenciesID=1f88e39a562ac6133fa11cff8a3eaf48 
Number of updated asset objects reloaded before import = 0Number of asset objects unloaded after import = 35

========================================================================
Received Import Request.
  Time since last request: 0.000031 seconds.
  path: Assets/Samples/XR Interaction Toolkit/3.2.1/Starter Assets/Materials/UI-NoZTest.mat
  importAddress: Guid(6f3d696f7c3365846b6dc2402afb3d3e) Importer(2089858483,b0f066a214c2f5e87bad3c948f4d605d)
Start importing Assets/Samples/XR Interaction Toolkit/3.2.1/Starter Assets/Materials/UI-NoZTest.mat using Guid(6f3d696f7c3365846b6dc2402afb3d3e) Importer(2089858483,b0f066a214c2f5e87bad3c948f4d605d) (ScriptedImporter) -> (Import Result ID: '80e285f0921dfb88dd474f5d9d4c299a') in 0.0129415 seconds [static and dynamic dependencies]. Details - ImportResultOutputID=1ef37c4038baf360fb27c0e66e3e60bb DependenciesID=cc6c20f8d35525ed83aef2073dd085ee StaticDependenciesID=a1f2bc9ec38c1d7cf691932702877ead 
Number of updated asset objects reloaded before import = 0Number of asset objects unloaded after import = 1

========================================================================
Received Import Request.
  Time since last request: 0.000043 seconds.
  path: Assets/Samples/XR Interaction Toolkit/3.2.1/Starter Assets/Models/BlinkVisual.fbx
  importAddress: Guid(27b7629e54b332449bfa3a4065ffe17a) Importer(2089858483,b0f066a214c2f5e87bad3c948f4d605d)
Start importing Assets/Samples/XR Interaction Toolkit/3.2.1/Starter Assets/Models/BlinkVisual.fbx using Guid(27b7629e54b332449bfa3a4065ffe17a) Importer(2089858483,b0f066a214c2f5e87bad3c948f4d605d) (ScriptedImporter) -> (Import Result ID: '3fd417e8af3f93a350a1c326f4fd2189') in 0.0103171 seconds [static and dynamic dependencies]. Details - ImportResultOutputID=4d86861d5750db640788be2452669e35 DependenciesID=c3e444a19adb792d723d957a0db11826 StaticDependenciesID=9fc7f6d71864ed528f6c2c11d5d29037 
Number of updated asset objects reloaded before import = 0Number of asset objects unloaded after import = 8

========================================================================
Received Import Request.
  Time since last request: 0.000022 seconds.
  path: Assets/materials/TextureHaven/wood_4k/wood_4k_textures/plywood/plywood_nor_4k.png
  importAddress: Guid(3ebcf2da2302cbd4a9acce2f65a5ad26) Importer(2089858483,b0f066a214c2f5e87bad3c948f4d605d)
Start importing Assets/materials/TextureHaven/wood_4k/wood_4k_textures/plywood/plywood_nor_4k.png using Guid(3ebcf2da2302cbd4a9acce2f65a5ad26) Importer(2089858483,b0f066a214c2f5e87bad3c948f4d605d) (ScriptedImporter) -> (Import Result ID: 'ce4aa8ce60481742ecf2147c9b2a49a8') in 0.0137569 seconds [static and dynamic dependencies]. Details - ImportResultOutputID=81b614156d2dfe613966e3a47ae1cae7 DependenciesID=8c40655725043c8a5b71e4f70eca864f StaticDependenciesID=457d7ef35b769529cbea37145cce30f8 
Number of updated asset objects reloaded before import = 0Number of asset objects unloaded after import = 1

========================================================================
Received Import Request.
  Time since last request: 0.000024 seconds.
  path: Assets/materials/TextureHaven/wood_4k/wood_4k_textures/brown_planks_04/brown_planks_04_nor_4k.png
  importAddress: Guid(fb2ee85ef64178e4e8e1c6d1cb8f8bee) Importer(2089858483,b0f066a214c2f5e87bad3c948f4d605d)
Start importing Assets/materials/TextureHaven/wood_4k/wood_4k_textures/brown_planks_04/brown_planks_04_nor_4k.png using Guid(fb2ee85ef64178e4e8e1c6d1cb8f8bee) Importer(2089858483,b0f066a214c2f5e87bad3c948f4d605d) (ScriptedImporter) -> (Import Result ID: '0b4420bc7347496e7724726b968de083') in 0.0118572 seconds [static and dynamic dependencies]. Details - ImportResultOutputID=50ff95a9eeb365c6688532b884a134e7 DependenciesID=cd3038caf10218e45c3d4c52ca6baeb8 StaticDependenciesID=ad800876a92207e5af29c25386093a2c 
Number of updated asset objects reloaded before import = 0Number of asset objects unloaded after import = 1

========================================================================
Received Import Request.
  Time since last request: 0.000025 seconds.
  path: Assets/Samples/XR Interaction Toolkit/3.2.1/Starter Assets/Materials/Interactable.mat
  importAddress: Guid(76618f7490c40334fa7b685859587d2e) Importer(2089858483,b0f066a214c2f5e87bad3c948f4d605d)
Start importing Assets/Samples/XR Interaction Toolkit/3.2.1/Starter Assets/Materials/Interactable.mat using Guid(76618f7490c40334fa7b685859587d2e) Importer(2089858483,b0f066a214c2f5e87bad3c948f4d605d) (ScriptedImporter) -> (Import Result ID: '58701509b4f6cbe621c1c193ea1627f0') in 0.2011112 seconds [static and dynamic dependencies]. Details - ImportResultOutputID=5b6a34f431d0208894ab9940b59583aa DependenciesID=82b717903a9d7cdee1186f9209ed6fb8 StaticDependenciesID=1ae3237b8ee4cb52f4b39d446db22adf 
Number of updated asset objects reloaded before import = 0Number of asset objects unloaded after import = 8

========================================================================
Received Import Request.
  Time since last request: 0.000026 seconds.
  path: Assets/HIVEMIND/CaveOfHiddenTomb/HDRP (Default)/Scenes/LV_CaveofHiddenTomb/LightingData.asset
  importAddress: Guid(be63e1b0a91b5254886e33b39981def1) Importer(2089858483,b0f066a214c2f5e87bad3c948f4d605d)
Start importing Assets/HIVEMIND/CaveOfHiddenTomb/HDRP (Default)/Scenes/LV_CaveofHiddenTomb/LightingData.asset using Guid(be63e1b0a91b5254886e33b39981def1) Importer(2089858483,b0f066a214c2f5e87bad3c948f4d605d) (ScriptedImporter)Lighting data asset ‘LightingData’ is incompatible with the current Unity version because the scene it was baked for was not serialized. Please use Generate Lighting to rebuild the lighting data, or assign the target scene to the Lighting Data Asset in the inspector.
UnityEngine.Debug:ExtractStackTraceNoAlloc (byte*,int,string)
UnityEngine.StackTraceUtility:ExtractStackTrace ()
UnityEditor.AssetDatabase:LoadMainAssetAtPath (string)
UnityEditor.Search.AssetIndexer:IndexProperties (int&,string&,bool&)
UnityEditor.Search.AssetIndexer:IndexDocument (string,bool)
UnityEditor.Search.SearchIndexArtifactImporter:OnImportAsset (UnityEditor.AssetImporters.AssetImportContext)
UnityEditor.AssetImporters.ScriptedImporter:GenerateAssetData (UnityEditor.AssetImporters.AssetImportContext)

[C:\build\output\unity\unity\Editor\Src\GI\Enlighten\LightingDataAsset.cpp line 479]

 -> (Import Result ID: '75502e75db60c45086b5374678d74490') in 0.0080326 seconds [static and dynamic dependencies]. Details - ImportResultOutputID=dd27f7e42eb504057cbc107f138555c0 DependenciesID=709aeefa03032c496b4f22e70e738af0 StaticDependenciesID=e32ee6129aa75b480d1d7c187a5dc502 
Number of updated asset objects reloaded before import = 0Number of asset objects unloaded after import = 1

========================================================================
Received Import Request.
  Time since last request: 0.000036 seconds.
  path: Assets/Samples/XR Interaction Toolkit/3.2.1/Starter Assets/Shaders/UI-NoZTest.shader
  importAddress: Guid(a661e7516de55c047905f40ca76fe701) Importer(2089858483,b0f066a214c2f5e87bad3c948f4d605d)
Start importing Assets/Samples/XR Interaction Toolkit/3.2.1/Starter Assets/Shaders/UI-NoZTest.shader using Guid(a661e7516de55c047905f40ca76fe701) Importer(2089858483,b0f066a214c2f5e87bad3c948f4d605d) (ScriptedImporter) -> (Import Result ID: 'adacf316a8ae9339a02542519bfbe6cf') in 0.0056407 seconds [static and dynamic dependencies]. Details - ImportResultOutputID=c39d9179323179b8bb19e5993f59d14a DependenciesID=558c0d4d332ee1833233bcb746133fc0 StaticDependenciesID=4ef6ba3a8d36cc4666016f7f513ef75e 
Number of updated asset objects reloaded before import = 0Number of asset objects unloaded after import = 1

========================================================================
Received Import Request.
  Time since last request: 0.000022 seconds.
  path: Assets/HIVEMIND/CaveOfHiddenTomb/HDRP (Default)/Art/Assets/Ground/M_Ground_WA_002.mat
  importAddress: Guid(abc00000000016736858518575024475) Importer(2089858483,b0f066a214c2f5e87bad3c948f4d605d)
Start importing Assets/HIVEMIND/CaveOfHiddenTomb/HDRP (Default)/Art/Assets/Ground/M_Ground_WA_002.mat using Guid(abc00000000016736858518575024475) Importer(2089858483,b0f066a214c2f5e87bad3c948f4d605d) (ScriptedImporter) -> (Import Result ID: 'ed5f15f88d459fa18a0a6449ebe0a55a') in 0.0149074 seconds [static and dynamic dependencies]. Details - ImportResultOutputID=42007dc7f4a0690f854785363b5d647a DependenciesID=ab7dc1c65967f44b6b478344551224a1 StaticDependenciesID=936cf2dbaf889aac5acc16154a5dc6cc 
Number of updated asset objects reloaded before import = 0Number of asset objects unloaded after import = 12

========================================================================
Received Import Request.
  Time since last request: 0.000029 seconds.
  path: Assets/Samples/XR Interaction Toolkit/3.2.1/Starter Assets/Scripts/ToggleColorToggler.cs
  importAddress: Guid(cb280e627cedda749b93045b8dd8d327) Importer(2089858483,b0f066a214c2f5e87bad3c948f4d605d)
Start importing Assets/Samples/XR Interaction Toolkit/3.2.1/Starter Assets/Scripts/ToggleColorToggler.cs using Guid(cb280e627cedda749b93045b8dd8d327) Importer(2089858483,b0f066a214c2f5e87bad3c948f4d605d) (ScriptedImporter) -> (Import Result ID: 'dd0c345099ce3c5e8bc07ae6d6b84289') in 0.0036349 seconds [static and dynamic dependencies]. Details - ImportResultOutputID=031f5db5cd4e744723b7fef0039ea895 DependenciesID=1ddfcaff769c2eea884d3da697f4555f StaticDependenciesID=e11337909835e03af36a2a62585c43c4 
Number of updated asset objects reloaded before import = 0Number of asset objects unloaded after import = 0

========================================================================
Received Import Request.
  Time since last request: 0.000024 seconds.
  path: Assets/Samples/XR Interaction Toolkit/3.2.1/Starter Assets/TunnelingVignette/TunnelingVignette.mat
  importAddress: Guid(0a35b7e20f75a8540a2c14b9555078cb) Importer(2089858483,b0f066a214c2f5e87bad3c948f4d605d)
Start importing Assets/Samples/XR Interaction Toolkit/3.2.1/Starter Assets/TunnelingVignette/TunnelingVignette.mat using Guid(0a35b7e20f75a8540a2c14b9555078cb) Importer(2089858483,b0f066a214c2f5e87bad3c948f4d605d) (ScriptedImporter) -> (Import Result ID: '9f6b3f93b4532aaf4e14de088c413d62') in 0.0042749 seconds [static and dynamic dependencies]. Details - ImportResultOutputID=124a9debdd6cacc3eca2d6fa2e4b2e3e DependenciesID=40c12602253cc24d56244a225716590e StaticDependenciesID=4029382ded7be06281666c2406a42c2a 
Number of updated asset objects reloaded before import = 0Number of asset objects unloaded after import = 1

========================================================================
Received Import Request.
  Time since last request: 0.000028 seconds.
  path: Assets/SunboxGames/ModularDungeonCaves/Textures/DungeonProps04/GlassMetal/DungeonProps04_Glass_AlbedoTransparency.png
  importAddress: Guid(1eaa39f311f218d439999ec75ad657b0) Importer(2089858483,b0f066a214c2f5e87bad3c948f4d605d)
Start importing Assets/SunboxGames/ModularDungeonCaves/Textures/DungeonProps04/GlassMetal/DungeonProps04_Glass_AlbedoTransparency.png using Guid(1eaa39f311f218d439999ec75ad657b0) Importer(2089858483,b0f066a214c2f5e87bad3c948f4d605d) (ScriptedImporter) -> (Import Result ID: 'a43255d757df854055773617c21c0338') in 0.0330644 seconds [static and dynamic dependencies]. Details - ImportResultOutputID=cc3d49d1fdf8789bf6f84acdaf5fdcfe DependenciesID=2923abe061564080c813e81947e145e4 StaticDependenciesID=1ba5fb55c895c3d98c8c0b673c14fe4b 
Number of updated asset objects reloaded before import = 0Number of asset objects unloaded after import = 1

========================================================================
Received Import Request.
  Time since last request: 0.000038 seconds.
  path: Assets/HIVEMIND/CaveOfHiddenTomb/HDRP (Default)/Art/Assets/Ground/M_Ground_WA.mat
  importAddress: Guid(abc00000000017462546014860301068) Importer(2089858483,b0f066a214c2f5e87bad3c948f4d605d)
Start importing Assets/HIVEMIND/CaveOfHiddenTomb/HDRP (Default)/Art/Assets/Ground/M_Ground_WA.mat using Guid(abc00000000017462546014860301068) Importer(2089858483,b0f066a214c2f5e87bad3c948f4d605d) (ScriptedImporter) -> (Import Result ID: 'd1635a0006a1912ffc68dc9bb219bf2f') in 0.0149419 seconds [static and dynamic dependencies]. Details - ImportResultOutputID=d8ad6791895d0ae3ce72e81e9aa2b8f6 DependenciesID=d761f61b8a4c795340cd081b2ac509eb StaticDependenciesID=b3d71bd02509b229578c52a02305e407 
Number of updated asset objects reloaded before import = 0Number of asset objects unloaded after import = 12

========================================================================
Received Import Request.
  Time since last request: 0.000028 seconds.
  path: Assets/fog/Post Processing Assets/Better Fog/Core/GradientCreator/Runtime/GradientTexture.cs
  importAddress: Guid(e8ef7d5181eac5241bc82c05b74d5719) Importer(2089858483,b0f066a214c2f5e87bad3c948f4d605d)
Start importing Assets/fog/Post Processing Assets/Better Fog/Core/GradientCreator/Runtime/GradientTexture.cs using Guid(e8ef7d5181eac5241bc82c05b74d5719) Importer(2089858483,b0f066a214c2f5e87bad3c948f4d605d) (ScriptedImporter) -> (Import Result ID: '761e12f5f47210b5ff45529790505ec9') in 0.0032622 seconds [static and dynamic dependencies]. Details - ImportResultOutputID=d33871d33d49d9aa0be902ffdc7514d6 DependenciesID=b77d5d7f62a24a6d0ad07641c96b835c StaticDependenciesID=072809545e139a7f9c155c62e08c5d88 
Number of updated asset objects reloaded before import = 0Number of asset objects unloaded after import = 0

========================================================================
Received Import Request.
  Time since last request: 0.000024 seconds.
  path: Assets/Samples/XR Interaction Toolkit/3.2.1/Starter Assets/Scripts/DestroySelf.cs
  importAddress: Guid(717c12e2a4cfe764ab2580b1135e10fd) Importer(2089858483,b0f066a214c2f5e87bad3c948f4d605d)
Start importing Assets/Samples/XR Interaction Toolkit/3.2.1/Starter Assets/Scripts/DestroySelf.cs using Guid(717c12e2a4cfe764ab2580b1135e10fd) Importer(2089858483,b0f066a214c2f5e87bad3c948f4d605d) (ScriptedImporter) -> (Import Result ID: 'f88dced18a047a156c60eac6160f5bff') in 0.0041778 seconds [static and dynamic dependencies]. Details - ImportResultOutputID=02616b49cc674b16f6ac05d205661767 DependenciesID=677e8b3fd714fbaa8ea4abd91e7afb9a StaticDependenciesID=4ce7cd5120fc3f464a50b89768d92c24 
Number of updated asset objects reloaded before import = 0Number of asset objects unloaded after import = 0

========================================================================
Received Import Request.
  Time since last request: 0.000025 seconds.
  path: Assets/HIVEMIND/CaveOfHiddenTomb/HDRP (Default)/Art/Assets/Ground/M_Ground_WA_Mud.mat
  importAddress: Guid(abc00000000004448149054209652523) Importer(2089858483,b0f066a214c2f5e87bad3c948f4d605d)
Start importing Assets/HIVEMIND/CaveOfHiddenTomb/HDRP (Default)/Art/Assets/Ground/M_Ground_WA_Mud.mat using Guid(abc00000000004448149054209652523) Importer(2089858483,b0f066a214c2f5e87bad3c948f4d605d) (ScriptedImporter) -> (Import Result ID: 'c6a04cbce1f046de65f6268416929474') in 0.0151207 seconds [static and dynamic dependencies]. Details - ImportResultOutputID=7eb80ede4cd295c2a6fde6af4487821e DependenciesID=218e4ca9cdf29dcfedafed85a4c350e1 StaticDependenciesID=8d040579fecd1db823f79c344dd3c326 
Number of updated asset objects reloaded before import = 0Number of asset objects unloaded after import = 11

========================================================================
Received Import Request.
  Time since last request: 0.000028 seconds.
  path: Assets/HIVEMIND/CaveOfHiddenTomb/HDRP (Default)/Art/Assets/Vines/M_Vine_Leaf.mat
  importAddress: Guid(abc00000000005111128131820438594) Importer(2089858483,b0f066a214c2f5e87bad3c948f4d605d)
Start importing Assets/HIVEMIND/CaveOfHiddenTomb/HDRP (Default)/Art/Assets/Vines/M_Vine_Leaf.mat using Guid(abc00000000005111128131820438594) Importer(2089858483,b0f066a214c2f5e87bad3c948f4d605d) (ScriptedImporter) -> (Import Result ID: 'ce3dd0cc705c41341ac73e0e58a5538e') in 0.012866 seconds [static and dynamic dependencies]. Details - ImportResultOutputID=348b8b3f00f826cb272ddecc502d9fa9 DependenciesID=f9c36385e13ec95338b895d4581814c8 StaticDependenciesID=c1ebdd962bd96b50f6e9ffcc1935eccb 
Number of updated asset objects reloaded before import = 0Number of asset objects unloaded after import = 9

========================================================================
Received Import Request.
  Time since last request: 0.000043 seconds.
  path: Assets/HIVEMIND/CaveOfHiddenTomb/HDRP (Default)/Art/Assets/Ground/M_Ground_WA_TempleFloor.mat
  importAddress: Guid(abc00000000003054819290441883028) Importer(2089858483,b0f066a214c2f5e87bad3c948f4d605d)
Start importing Assets/HIVEMIND/CaveOfHiddenTomb/HDRP (Default)/Art/Assets/Ground/M_Ground_WA_TempleFloor.mat using Guid(abc00000000003054819290441883028) Importer(2089858483,b0f066a214c2f5e87bad3c948f4d605d) (ScriptedImporter) -> (Import Result ID: 'a39bdab3a3fde07ba53eab0251d6260d') in 0.0184646 seconds [static and dynamic dependencies]. Details - ImportResultOutputID=4e2b4d64d795c21fc0f4cb2984288acb DependenciesID=edbaaf622fb89e95468ec54032a3fbee StaticDependenciesID=e3f5362cf731201e0cd7ed8496ab5815 
Number of updated asset objects reloaded before import = 0Number of asset objects unloaded after import = 12

========================================================================
Received Import Request.
  Time since last request: 0.000022 seconds.
  path: Assets/HIVEMIND/CaveOfHiddenTomb/HDRP (Default)/Art/Assets/Vines/SM_Vine_F.fbx
  importAddress: Guid(abc00000000001200021861398317803) Importer(2089858483,b0f066a214c2f5e87bad3c948f4d605d)
Start importing Assets/HIVEMIND/CaveOfHiddenTomb/HDRP (Default)/Art/Assets/Vines/SM_Vine_F.fbx using Guid(abc00000000001200021861398317803) Importer(2089858483,b0f066a214c2f5e87bad3c948f4d605d) (ScriptedImporter)MaterialLocation.External is obsolete. External Material Location is no longer supported. (Assets/HIVEMIND/CaveOfHiddenTomb/HDRP (Default)/Art/Assets/Vines/SM_Vine_F.fbx)
 -> (Import Result ID: 'f0e631eaa649b430d999d36b621db443') in 0.01524 seconds [static and dynamic dependencies]. Details - ImportResultOutputID=4c18edb435117f18e3d8565585c285f1 DependenciesID=c8f4b2c6a9a8da1c48ac64cd19cec3d2 StaticDependenciesID=5a1e2829e9b213a39d33b08026dbba24 
Number of updated asset objects reloaded before import = 0Number of asset objects unloaded after import = 37

========================================================================
Received Import Request.
  Time since last request: 0.000023 seconds.
  path: Assets/Samples/XR Interaction Toolkit/3.2.1/Starter Assets/DemoSceneAssets/AffordanceThemes/InteractionColor.asset
  importAddress: Guid(3ec238cb3e80e274c844d7b56f585392) Importer(2089858483,b0f066a214c2f5e87bad3c948f4d605d)
Start importing Assets/Samples/XR Interaction Toolkit/3.2.1/Starter Assets/DemoSceneAssets/AffordanceThemes/InteractionColor.asset using Guid(3ec238cb3e80e274c844d7b56f585392) Importer(2089858483,b0f066a214c2f5e87bad3c948f4d605d) (ScriptedImporter) -> (Import Result ID: '7f43f90456c275b6fb2a45ce7949f61c') in 0.0079741 seconds [static and dynamic dependencies]. Details - ImportResultOutputID=ddfbba42200e3b7d193878fb4e0def9b DependenciesID=37a3cfb80c3cad9a20d55859e5acbfe6 StaticDependenciesID=026457b4b07b5cd438099acbc4b57fde 
Number of updated asset objects reloaded before import = 0Number of asset objects unloaded after import = 1

========================================================================
Received Import Request.
  Time since last request: 0.000021 seconds.
  path: Assets/HIVEMIND/CaveOfHiddenTomb/HDRP (Default)/Art/Assets/Vines/SM_Vine_E.fbx
  importAddress: Guid(abc00000000007098122226974451966) Importer(2089858483,b0f066a214c2f5e87bad3c948f4d605d)
Start importing Assets/HIVEMIND/CaveOfHiddenTomb/HDRP (Default)/Art/Assets/Vines/SM_Vine_E.fbx using Guid(abc00000000007098122226974451966) Importer(2089858483,b0f066a214c2f5e87bad3c948f4d605d) (ScriptedImporter)MaterialLocation.External is obsolete. External Material Location is no longer supported. (Assets/HIVEMIND/CaveOfHiddenTomb/HDRP (Default)/Art/Assets/Vines/SM_Vine_E.fbx)
 -> (Import Result ID: 'aeb5cc3a01624bcba3eea6170f2d1577') in 0.0174565 seconds [static and dynamic dependencies]. Details - ImportResultOutputID=be4ef90f8e6541199a8399b09901caf7 DependenciesID=c6bf7c8f22ebbed0860bee9dd2f605c9 StaticDependenciesID=86142169db15eaaaee7a9a12ffc118e0 
Number of updated asset objects reloaded before import = 0Number of asset objects unloaded after import = 37

========================================================================
Received Import Request.
  Time since last request: 0.000025 seconds.
  path: Assets/Samples/XR Interaction Toolkit/3.2.1/Starter Assets/Scripts/XRPokeFollowAffordance.cs
  importAddress: Guid(07b3638c2f5db5b479ff24c2859713d4) Importer(2089858483,b0f066a214c2f5e87bad3c948f4d605d)
Start importing Assets/Samples/XR Interaction Toolkit/3.2.1/Starter Assets/Scripts/XRPokeFollowAffordance.cs using Guid(07b3638c2f5db5b479ff24c2859713d4) Importer(2089858483,b0f066a214c2f5e87bad3c948f4d605d) (ScriptedImporter) -> (Import Result ID: '7b89c612d961a3f90db15c9f50018f04') in 0.004543 seconds [static and dynamic dependencies]. Details - ImportResultOutputID=b7c9998ec557c53620daf5e37c076031 DependenciesID=b0f5fecbe5585cde7fade6256e23cad7 StaticDependenciesID=c1a5d1a73731a6af53b04a9b7c9b2154 
Number of updated asset objects reloaded before import = 0Number of asset objects unloaded after import = 0

========================================================================
Received Import Request.
  Time since last request: 0.000031 seconds.
  path: Assets/HIVEMIND/CaveOfHiddenTomb/HDRP (Default)/Art/Assets/Vines/SM_Vine_Arch_Long.fbx
  importAddress: Guid(abc00000000015243779825736371290) Importer(2089858483,b0f066a214c2f5e87bad3c948f4d605d)
Start importing Assets/HIVEMIND/CaveOfHiddenTomb/HDRP (Default)/Art/Assets/Vines/SM_Vine_Arch_Long.fbx using Guid(abc00000000015243779825736371290) Importer(2089858483,b0f066a214c2f5e87bad3c948f4d605d) (ScriptedImporter)MaterialLocation.External is obsolete. External Material Location is no longer supported. (Assets/HIVEMIND/CaveOfHiddenTomb/HDRP (Default)/Art/Assets/Vines/SM_Vine_Arch_Long.fbx)
 -> (Import Result ID: '0bfb1f22077ee04f62bfefc21e0ec31f') in 0.0199817 seconds [static and dynamic dependencies]. Details - ImportResultOutputID=8b925bbdf9bc2e331316bea6c4d59ff7 DependenciesID=b535fe10c7d7cdb377ecc3fa9f5f1f05 StaticDependenciesID=e6ac9ad390408bf24d15fff2d3128eda 
Number of updated asset objects reloaded before import = 0Number of asset objects unloaded after import = 42

========================================================================
Received Import Request.
  Time since last request: 0.000027 seconds.
  path: Assets/HIVEMIND/CaveOfHiddenTomb/HDRP (Default)/Art/Assets/Ground/M_Ground_WA_003.mat
  importAddress: Guid(abc00000000012619207571913192188) Importer(2089858483,b0f066a214c2f5e87bad3c948f4d605d)
Start importing Assets/HIVEMIND/CaveOfHiddenTomb/HDRP (Default)/Art/Assets/Ground/M_Ground_WA_003.mat using Guid(abc00000000012619207571913192188) Importer(2089858483,b0f066a214c2f5e87bad3c948f4d605d) (ScriptedImporter) -> (Import Result ID: '09595bd3f43e751a78001114f8d89776') in 0.0166101 seconds [static and dynamic dependencies]. Details - ImportResultOutputID=6afbf64371f5c0976c7ffba9f67bf51d DependenciesID=efc900e6998e2a2d3313fa7acb108a8f StaticDependenciesID=cdf011c1e61b5de0c0562f9a967b5da4 
Number of updated asset objects reloaded before import = 0Number of asset objects unloaded after import = 12

========================================================================
Received Import Request.
  Time since last request: 0.000031 seconds.
  path: Assets/Samples/XR Interaction Toolkit/3.2.1/Starter Assets/DemoSceneAssets/Models/Primitive_Torus_Cut.fbx
  importAddress: Guid(46c1c422ff6897f49a404b012dc924d3) Importer(2089858483,b0f066a214c2f5e87bad3c948f4d605d)
Start importing Assets/Samples/XR Interaction Toolkit/3.2.1/Starter Assets/DemoSceneAssets/Models/Primitive_Torus_Cut.fbx using Guid(46c1c422ff6897f49a404b012dc924d3) Importer(2089858483,b0f066a214c2f5e87bad3c948f4d605d) (ScriptedImporter) -> (Import Result ID: '5218cc1c66726713b714801f5c023d3a') in 0.0124442 seconds [static and dynamic dependencies]. Details - ImportResultOutputID=46fad93014081f066cdc863e64952744 DependenciesID=94fb6d3a52922eaa51f604e38d0ffe14 StaticDependenciesID=a226f2fbe8c517bdea1a968eb76ccd48 
Number of updated asset objects reloaded before import = 0Number of asset objects unloaded after import = 9

========================================================================
Received Import Request.
  Time since last request: 0.000021 seconds.
  path: Assets/Samples/XR Interaction Toolkit/3.2.1/Starter Assets/DemoSceneAssets/Prefabs/Gaze Interactables.prefab
  importAddress: Guid(e05cd47ab8981f64badd3bfe29af8f4e) Importer(2089858483,e11c23a36db5f54750b8cd40eac0985b)
Start importing Assets/Samples/XR Interaction Toolkit/3.2.1/Starter Assets/DemoSceneAssets/Prefabs/Gaze Interactables.prefab using Guid(e05cd47ab8981f64badd3bfe29af8f4e) Importer(2089858483,e11c23a36db5f54750b8cd40eac0985b) (ScriptedImporter) -> (Import Result ID: '4da84e3da5b399c3119a5b41e694d41a') in 0.0451543 seconds [static and dynamic dependencies]. Details - ImportResultOutputID=b0377bed65d9ba703def82345e2f74bc DependenciesID=a2e390e74a27a5bde18e38a88256ddad StaticDependenciesID=be39425be5fd0ee00f4d7985d1b37ec3 
Number of updated asset objects reloaded before import = 0Number of asset objects unloaded after import = 44

========================================================================
Received Import Request.
  Time since last request: 0.000038 seconds.
  path: Assets/Samples/XR Interaction Toolkit/3.2.1/Starter Assets/DemoSceneAssets/Settings/GazeTeleportAnchorFilter.asset
  importAddress: Guid(14af1242b4be8e2458dd5bee35c06ae5) Importer(2089858483,b0f066a214c2f5e87bad3c948f4d605d)
Start importing Assets/Samples/XR Interaction Toolkit/3.2.1/Starter Assets/DemoSceneAssets/Settings/GazeTeleportAnchorFilter.asset using Guid(14af1242b4be8e2458dd5bee35c06ae5) Importer(2089858483,b0f066a214c2f5e87bad3c948f4d605d) (ScriptedImporter) -> (Import Result ID: '3f83fe64b478481c309cb556d0eb7844') in 0.004664 seconds [static and dynamic dependencies]. Details - ImportResultOutputID=e5c20965c2b4ccf0e4db12f72c3611ae DependenciesID=dddf6a907a91f4f00dcbe15c91c652c0 StaticDependenciesID=7bac7328188006d60a7eaeab9d7276bb 
Number of updated asset objects reloaded before import = 0Number of asset objects unloaded after import = 1

========================================================================
Received Import Request.
  Time since last request: 0.000042 seconds.
  path: Assets/Samples/XR Interaction Toolkit/3.2.1/Starter Assets/Prefabs/Interactors/Direct Interactor.prefab
  importAddress: Guid(2fd3e07afe5b461490fb8e314976b1b0) Importer(2089858483,e11c23a36db5f54750b8cd40eac0985b)
Start importing Assets/Samples/XR Interaction Toolkit/3.2.1/Starter Assets/Prefabs/Interactors/Direct Interactor.prefab using Guid(2fd3e07afe5b461490fb8e314976b1b0) Importer(2089858483,e11c23a36db5f54750b8cd40eac0985b) (ScriptedImporter) -> (Import Result ID: '58dafce3d3c193eca3c7a84bfae4c2de') in 0.0276233 seconds [static and dynamic dependencies]. Details - ImportResultOutputID=41ba92726a14ff46724aa4f56c9ff215 DependenciesID=951af2cec09999f2c84ca998c9b95897 StaticDependenciesID=2f9a2d45ef5e8bea685a45a3cf9a754d 
Number of updated asset objects reloaded before import = 0Number of asset objects unloaded after import = 8

========================================================================
Received Import Request.
  Time since last request: 0.000023 seconds.
  path: Assets/Samples/XR Interaction Toolkit/3.2.1/Starter Assets/Prefabs/Interactors/Gaze Interactor.prefab
  importAddress: Guid(b84cd05e1160fe34cab2585022c8cd99) Importer(2089858483,e11c23a36db5f54750b8cd40eac0985b)
Start importing Assets/Samples/XR Interaction Toolkit/3.2.1/Starter Assets/Prefabs/Interactors/Gaze Interactor.prefab using Guid(b84cd05e1160fe34cab2585022c8cd99) Importer(2089858483,e11c23a36db5f54750b8cd40eac0985b) (ScriptedImporter) -> (Import Result ID: 'af2d60d01411b4f2b7961f4da7623a0c') in 0.0616644 seconds [static and dynamic dependencies]. Details - ImportResultOutputID=c5d117b2da74397317c8c42b81cfb33d DependenciesID=d933a1e08b9a5d128c79e970f6e3ec80 StaticDependenciesID=cd6e9d9dbfc04b4b9381a758cd61064a 
Number of updated asset objects reloaded before import = 0Number of asset objects unloaded after import = 12

========================================================================
Received Import Request.
  Time since last request: 0.000025 seconds.
  path: Assets/Samples/XR Interaction Toolkit/3.2.1/Starter Assets/DemoSceneAssets/Prefabs/UI Sample.prefab
  importAddress: Guid(fd28f23af44f73f4a95e33435872ad15) Importer(2089858483,e11c23a36db5f54750b8cd40eac0985b)
Start importing Assets/Samples/XR Interaction Toolkit/3.2.1/Starter Assets/DemoSceneAssets/Prefabs/UI Sample.prefab using Guid(fd28f23af44f73f4a95e33435872ad15) Importer(2089858483,e11c23a36db5f54750b8cd40eac0985b) (ScriptedImporter) -> (Import Result ID: '8bcd1df2ee7d8d92f2d98e6afd9f9e4b') in 0.2467199 seconds [static and dynamic dependencies]. Details - ImportResultOutputID=c3e40ff611d57cf24706ac05154f856d DependenciesID=2bf21aac6627ba42d456422c4185145e StaticDependenciesID=ad3d55a20faf719f61d9a5af57764023 
Number of updated asset objects reloaded before import = 0Number of asset objects unloaded after import = 771

========================================================================
Received Import Request.
  Time since last request: 0.000036 seconds.
  path: Assets/HIVEMIND/CaveOfHiddenTomb/HDRP (Default)/Art/Assets/Pillar/B/M_Pillar_B_Mural_Simple.mat
  importAddress: Guid(abc00000000010472373195867067400) Importer(2089858483,b0f066a214c2f5e87bad3c948f4d605d)
Start importing Assets/HIVEMIND/CaveOfHiddenTomb/HDRP (Default)/Art/Assets/Pillar/B/M_Pillar_B_Mural_Simple.mat using Guid(abc00000000010472373195867067400) Importer(2089858483,b0f066a214c2f5e87bad3c948f4d605d) (ScriptedImporter) -> (Import Result ID: 'e8b5c707c52d37baa137dcc390a4a757') in 0.0207933 seconds [static and dynamic dependencies]. Details - ImportResultOutputID=639d0cb9488b43fc458447495be9e2f3 DependenciesID=d4417d7da4d329e431b4f397ecd69e33 StaticDependenciesID=4fab5384215ed46d65c7ab8bfdc56554 
Number of updated asset objects reloaded before import = 0Number of asset objects unloaded after import = 11

========================================================================
Received Import Request.
  Time since last request: 0.000041 seconds.
  path: Assets/HIVEMIND/CaveOfHiddenTomb/HDRP (Default)/Art/Assets/FirePit/FirePit_B/M_AztecTrim_003.mat
  importAddress: Guid(abc00000000010119779070553456186) Importer(2089858483,b0f066a214c2f5e87bad3c948f4d605d)
Start importing Assets/HIVEMIND/CaveOfHiddenTomb/HDRP (Default)/Art/Assets/FirePit/FirePit_B/M_AztecTrim_003.mat using Guid(abc00000000010119779070553456186) Importer(2089858483,b0f066a214c2f5e87bad3c948f4d605d) (ScriptedImporter) -> (Import Result ID: '7ee9428842f130b86826ec03dff99dd4') in 0.0212999 seconds [static and dynamic dependencies]. Details - ImportResultOutputID=3ab0d131fa04caa9a69166ef5b885db3 DependenciesID=82498683211a776a079cd941b70f7106 StaticDependenciesID=4e15bea6137b4953327d5d4e4340c7d8 
Number of updated asset objects reloaded before import = 0Number of asset objects unloaded after import = 11

========================================================================
Received Import Request.
  Time since last request: 0.000026 seconds.
  path: Assets/HIVEMIND/CaveOfHiddenTomb/HDRP (Default)/Art/Assets/Ground/Materials/MI_Ground_WA_TempleFloor.mat
  importAddress: Guid(021637ce41a4e944396b71333e9b2e06) Importer(2089858483,b0f066a214c2f5e87bad3c948f4d605d)
Start importing Assets/HIVEMIND/CaveOfHiddenTomb/HDRP (Default)/Art/Assets/Ground/Materials/MI_Ground_WA_TempleFloor.mat using Guid(021637ce41a4e944396b71333e9b2e06) Importer(2089858483,b0f066a214c2f5e87bad3c948f4d605d) (ScriptedImporter) -> (Import Result ID: '1a95fd075f68c1cb9354c2c1bccd742f') in 0.0053881 seconds [static and dynamic dependencies]. Details - ImportResultOutputID=5b8035e72b40be0e276f789c81d4885b DependenciesID=6115ff6ba6b7bcd47af79aa84156842b StaticDependenciesID=a795ddfec9eaefd2ae2fcef2800f7990 
Number of updated asset objects reloaded before import = 0Number of asset objects unloaded after import = 1

========================================================================
Received Import Request.
  Time since last request: 0.000021 seconds.
  path: Assets/HIVEMIND/CaveOfHiddenTomb/HDRP (Default)/Art/Assets/Boulder/B/M_Boulder_B.mat
  importAddress: Guid(abc00000000010131324657715961162) Importer(2089858483,b0f066a214c2f5e87bad3c948f4d605d)
Start importing Assets/HIVEMIND/CaveOfHiddenTomb/HDRP (Default)/Art/Assets/Boulder/B/M_Boulder_B.mat using Guid(abc00000000010131324657715961162) Importer(2089858483,b0f066a214c2f5e87bad3c948f4d605d) (ScriptedImporter) -> (Import Result ID: 'f176277f8bb1091353c861809bf5510a') in 0.0192465 seconds [static and dynamic dependencies]. Details - ImportResultOutputID=5df54b5ff64461e70360266a12d5e6ef DependenciesID=242c9da2771a23bd74e7557c39a53263 StaticDependenciesID=f4d4366e172fcd065dffcfb24d4e0ef1 
Number of updated asset objects reloaded before import = 0Number of asset objects unloaded after import = 11

========================================================================
Received Import Request.
  Time since last request: 0.000028 seconds.
  path: Assets/Samples/XR Interaction Toolkit/3.2.1/Starter Assets/DemoSceneAssets/Prefabs/Interactables Sample.prefab
  importAddress: Guid(6821e1b7f44d8c44b8a2ba02f37309d5) Importer(2089858483,e11c23a36db5f54750b8cd40eac0985b)
Start importing Assets/Samples/XR Interaction Toolkit/3.2.1/Starter Assets/DemoSceneAssets/Prefabs/Interactables Sample.prefab using Guid(6821e1b7f44d8c44b8a2ba02f37309d5) Importer(2089858483,e11c23a36db5f54750b8cd40eac0985b) (ScriptedImporter) -> (Import Result ID: 'c28ac55790e23a052f39de2b3e08557c') in 0.0802167 seconds [static and dynamic dependencies]. Details - ImportResultOutputID=62e35d7c2d4f1d2b673a1de07c348863 DependenciesID=6333a5b3d7b154b39c56138e67ee2865 StaticDependenciesID=321f762443fe0abe3dd1c0deba77560b 
Number of updated asset objects reloaded before import = 0Number of asset objects unloaded after import = 144

========================================================================
Received Import Request.
  Time since last request: 0.000025 seconds.
  path: Assets/HIVEMIND/CaveOfHiddenTomb/HDRP (Default)/Art/Assets/RockWall/E/SM_RockWall_E.fbx
  importAddress: Guid(abc00000000001118359829065814557) Importer(2089858483,b0f066a214c2f5e87bad3c948f4d605d)
Start importing Assets/HIVEMIND/CaveOfHiddenTomb/HDRP (Default)/Art/Assets/RockWall/E/SM_RockWall_E.fbx using Guid(abc00000000001118359829065814557) Importer(2089858483,b0f066a214c2f5e87bad3c948f4d605d) (ScriptedImporter)MaterialLocation.External is obsolete. External Material Location is no longer supported. (Assets/HIVEMIND/CaveOfHiddenTomb/HDRP (Default)/Art/Assets/RockWall/E/SM_RockWall_E.fbx)
 -> (Import Result ID: '55455cea8d07a58ffa76a40c1d453a86') in 0.0150972 seconds [static and dynamic dependencies]. Details - ImportResultOutputID=8424bfd01e4588436ea7144501e589c7 DependenciesID=595be8678af7f0d4d072a8f03aa3b7bd StaticDependenciesID=03415d9bb3893dd1cfad7ccba3fcd854 
Number of updated asset objects reloaded before import = 0Number of asset objects unloaded after import = 37

========================================================================
Received Import Request.
  Time since last request: 0.000037 seconds.
  path: Assets/HIVEMIND/CaveOfHiddenTomb/HDRP (Default)/Art/Assets/Pillar/B/M_Pillar_Trim_Simple.mat
  importAddress: Guid(abc00000000016449681701085399751) Importer(2089858483,b0f066a214c2f5e87bad3c948f4d605d)
Start importing Assets/HIVEMIND/CaveOfHiddenTomb/HDRP (Default)/Art/Assets/Pillar/B/M_Pillar_Trim_Simple.mat using Guid(abc00000000016449681701085399751) Importer(2089858483,b0f066a214c2f5e87bad3c948f4d605d) (ScriptedImporter) -> (Import Result ID: '05f81b17700668f9994b6e56c47a77dc') in 0.0191408 seconds [static and dynamic dependencies]. Details - ImportResultOutputID=5074cb3f8c6fed37d645ec9ff01e8b48 DependenciesID=1d22891a14d02ed5d5c50991e3b87669 StaticDependenciesID=856a402c52172e6421c5966f835e99de 
Number of updated asset objects reloaded before import = 0Number of asset objects unloaded after import = 11

========================================================================
Received Import Request.
  Time since last request: 0.000029 seconds.
  path: Assets/HIVEMIND/CaveOfHiddenTomb/HDRP (Default)/Art/Assets/RockWall/D/M_RockWall_D_Simple.mat
  importAddress: Guid(abc00000000010663966366088157623) Importer(2089858483,b0f066a214c2f5e87bad3c948f4d605d)
Start importing Assets/HIVEMIND/CaveOfHiddenTomb/HDRP (Default)/Art/Assets/RockWall/D/M_RockWall_D_Simple.mat using Guid(abc00000000010663966366088157623) Importer(2089858483,b0f066a214c2f5e87bad3c948f4d605d) (ScriptedImporter) -> (Import Result ID: 'd5765355896befde94bc60e407191d4f') in 0.016673 seconds [static and dynamic dependencies]. Details - ImportResultOutputID=7bbc013148e3f6af8ee5174e4e7d8257 DependenciesID=21a9f1057f2fa36ca13b9fb80952648c StaticDependenciesID=9863ef0102de543644ccfa99dd8c1607 
Number of updated asset objects reloaded before import = 0Number of asset objects unloaded after import = 11

========================================================================
Received Import Request.
  Time since last request: 0.000027 seconds.
  path: Assets/HIVEMIND/CaveOfHiddenTomb/HDRP (Default)/Art/Assets/Rock/G/M_Rock_G.mat
  importAddress: Guid(abc00000000014079125400541969793) Importer(2089858483,b0f066a214c2f5e87bad3c948f4d605d)
Start importing Assets/HIVEMIND/CaveOfHiddenTomb/HDRP (Default)/Art/Assets/Rock/G/M_Rock_G.mat using Guid(abc00000000014079125400541969793) Importer(2089858483,b0f066a214c2f5e87bad3c948f4d605d) (ScriptedImporter) -> (Import Result ID: '77ff20aab96eacdbabdf2187d58c9b9f') in 0.0177564 seconds [static and dynamic dependencies]. Details - ImportResultOutputID=315b3b0e1997c333b03505426594653d DependenciesID=ca703c5899e304abf5e5cec22b63ff67 StaticDependenciesID=8f31dd35d4b1945acb047ebbd0a1ac6d 
Number of updated asset objects reloaded before import = 0Number of asset objects unloaded after import = 11

========================================================================
Received Import Request.
  Time since last request: 0.000032 seconds.
  path: Assets/HIVEMIND/CaveOfHiddenTomb/HDRP (Default)/Art/Assets/Rock/F/SM_Rock_F.fbx
  importAddress: Guid(abc00000000015290404763020837933) Importer(2089858483,b0f066a214c2f5e87bad3c948f4d605d)
Start importing Assets/HIVEMIND/CaveOfHiddenTomb/HDRP (Default)/Art/Assets/Rock/F/SM_Rock_F.fbx using Guid(abc00000000015290404763020837933) Importer(2089858483,b0f066a214c2f5e87bad3c948f4d605d) (ScriptedImporter)MaterialLocation.External is obsolete. External Material Location is no longer supported. (Assets/HIVEMIND/CaveOfHiddenTomb/HDRP (Default)/Art/Assets/Rock/F/SM_Rock_F.fbx)
 -> (Import Result ID: '9df7a5e2759caafea4d6d83e1a99030d') in 0.0127936 seconds [static and dynamic dependencies]. Details - ImportResultOutputID=3afb28f8164ff61dc7ace36fc4d133d5 DependenciesID=70824e6f9fc0301679ff00774e76b749 StaticDependenciesID=f33a0f1df2bdb57056bf738165457171 
Number of updated asset objects reloaded before import = 0Number of asset objects unloaded after import = 32

========================================================================
Received Import Request.
  Time since last request: 0.000023 seconds.
  path: Assets/HIVEMIND/CaveOfHiddenTomb/HDRP (Default)/Art/Assets/Rock/A/SM_Rock_A.fbx
  importAddress: Guid(abc00000000000690070618943580829) Importer(2089858483,b0f066a214c2f5e87bad3c948f4d605d)
Start importing Assets/HIVEMIND/CaveOfHiddenTomb/HDRP (Default)/Art/Assets/Rock/A/SM_Rock_A.fbx using Guid(abc00000000000690070618943580829) Importer(2089858483,b0f066a214c2f5e87bad3c948f4d605d) (ScriptedImporter)MaterialLocation.External is obsolete. External Material Location is no longer supported. (Assets/HIVEMIND/CaveOfHiddenTomb/HDRP (Default)/Art/Assets/Rock/A/SM_Rock_A.fbx)
 -> (Import Result ID: '827c2b800ef0a2b418b8f907010ac47e') in 0.0145165 seconds [static and dynamic dependencies]. Details - ImportResultOutputID=310a94cce71fed8575b919b2351e2b0e DependenciesID=fef59ac3220d54677ba6ed648f288190 StaticDependenciesID=111af10f48d2b3f0ba3b84551e4a0b32 
Number of updated asset objects reloaded before import = 0Number of asset objects unloaded after import = 32

========================================================================
Received Import Request.
  Time since last request: 0.000036 seconds.
  path: Assets/HIVEMIND/CaveOfHiddenTomb/HDRP (Default)/Art/Assets/Rock/C/SM_Rock_C.fbx
  importAddress: Guid(abc00000000008954115825773829429) Importer(2089858483,b0f066a214c2f5e87bad3c948f4d605d)
Start importing Assets/HIVEMIND/CaveOfHiddenTomb/HDRP (Default)/Art/Assets/Rock/C/SM_Rock_C.fbx using Guid(abc00000000008954115825773829429) Importer(2089858483,b0f066a214c2f5e87bad3c948f4d605d) (ScriptedImporter)MaterialLocation.External is obsolete. External Material Location is no longer supported. (Assets/HIVEMIND/CaveOfHiddenTomb/HDRP (Default)/Art/Assets/Rock/C/SM_Rock_C.fbx)
 -> (Import Result ID: '40bc2488a86ae79133eb6a39b320d646') in 0.0174314 seconds [static and dynamic dependencies]. Details - ImportResultOutputID=3aee859f40e6c965215efe3c72ebba45 DependenciesID=a6b2ef4e5aaaaf37d74e3c0173dbd222 StaticDependenciesID=828e68bb2f3c972c85b2f777c0d859fe 
Number of updated asset objects reloaded before import = 0Number of asset objects unloaded after import = 32

========================================================================
Received Import Request.
  Time since last request: 0.000019 seconds.
  path: Assets/HIVEMIND/CaveOfHiddenTomb/HDRP (Default)/Art/Prefabs/SM_RockWall_D.prefab
  importAddress: Guid(abc00000000016943320568587847083) Importer(2089858483,e11c23a36db5f54750b8cd40eac0985b)
Start importing Assets/HIVEMIND/CaveOfHiddenTomb/HDRP (Default)/Art/Prefabs/SM_RockWall_D.prefab using Guid(abc00000000016943320568587847083) Importer(2089858483,e11c23a36db5f54750b8cd40eac0985b) (ScriptedImporter) -> (Import Result ID: 'f899a0be4b1391d705023e93cff6f349') in 0.0239564 seconds [static and dynamic dependencies]. Details - ImportResultOutputID=04a1671e3f02dd6c6b16e9ae97c700b3 DependenciesID=f341967b100c68e1f17e2b5cdb2b7281 StaticDependenciesID=a93cc8165a77d35ccbae62a02fbf5b8b 
Number of updated asset objects reloaded before import = 0Number of asset objects unloaded after import = 33

========================================================================
Received Import Request.
  Time since last request: 0.000023 seconds.
  path: Assets/HIVEMIND/CaveOfHiddenTomb/HDRP (Default)/Art/Assets/Stone/A/M_Stone_A.mat
  importAddress: Guid(abc00000000006152376275498213374) Importer(2089858483,b0f066a214c2f5e87bad3c948f4d605d)
Start importing Assets/HIVEMIND/CaveOfHiddenTomb/HDRP (Default)/Art/Assets/Stone/A/M_Stone_A.mat using Guid(abc00000000006152376275498213374) Importer(2089858483,b0f066a214c2f5e87bad3c948f4d605d) (ScriptedImporter) -> (Import Result ID: 'd544900a956f1167b14686ed3c00dc0f') in 0.0183932 seconds [static and dynamic dependencies]. Details - ImportResultOutputID=29d3e523a5b5dd8d8f0ef042f03a9ee3 DependenciesID=041fae286ea440ffb07ce8d7f34232c3 StaticDependenciesID=99f8376f268c137b2bfe0bccb114e731 
Number of updated asset objects reloaded before import = 0Number of asset objects unloaded after import = 11

========================================================================
Received Import Request.
  Time since last request: 0.000028 seconds.
  path: Assets/HIVEMIND/CaveOfHiddenTomb/HDRP (Default)/Art/Assets/StonePlate/B/M_StonePlate_B.mat
  importAddress: Guid(abc00000000005687845284299635266) Importer(2089858483,b0f066a214c2f5e87bad3c948f4d605d)
Start importing Assets/HIVEMIND/CaveOfHiddenTomb/HDRP (Default)/Art/Assets/StonePlate/B/M_StonePlate_B.mat using Guid(abc00000000005687845284299635266) Importer(2089858483,b0f066a214c2f5e87bad3c948f4d605d) (ScriptedImporter) -> (Import Result ID: 'f57565e853d407d39475440ced3df38c') in 0.016808 seconds [static and dynamic dependencies]. Details - ImportResultOutputID=5d929ff7c45f342434c5d4b784cb47d9 DependenciesID=a11dedc45f883b10ff2d9c8a74343595 StaticDependenciesID=88a3160544984912782cd46a02d60c18 
Number of updated asset objects reloaded before import = 0Number of asset objects unloaded after import = 11

========================================================================
Received Import Request.
  Time since last request: 0.000029 seconds.
  path: Assets/HIVEMIND/CaveOfHiddenTomb/HDRP (Default)/Art/Assets/StonePlate/H/M_StonePlate_H.mat
  importAddress: Guid(abc00000000002074848892282273274) Importer(2089858483,b0f066a214c2f5e87bad3c948f4d605d)
Start importing Assets/HIVEMIND/CaveOfHiddenTomb/HDRP (Default)/Art/Assets/StonePlate/H/M_StonePlate_H.mat using Guid(abc00000000002074848892282273274) Importer(2089858483,b0f066a214c2f5e87bad3c948f4d605d) (ScriptedImporter) -> (Import Result ID: '7b548f1b90478a95ba2b62b585825a77') in 0.0163205 seconds [static and dynamic dependencies]. Details - ImportResultOutputID=e4f5866612e7d1034bb6a07f6ace79ed DependenciesID=7f67b5fd34b103992db8dcc3f7034fc8 StaticDependenciesID=d18dddf93f615bbb69435ad28d1d87b0 
Number of updated asset objects reloaded before import = 0Number of asset objects unloaded after import = 11

========================================================================
Received Import Request.
  Time since last request: 0.000039 seconds.
  path: Assets/HIVEMIND/CaveOfHiddenTomb/HDRP (Default)/Art/Assets/StonePattern/TempleStoneGround/M_StonePattern_F_Simple.mat
  importAddress: Guid(df7bf19d22f212347a093e7c7b5acfd2) Importer(2089858483,b0f066a214c2f5e87bad3c948f4d605d)
Start importing Assets/HIVEMIND/CaveOfHiddenTomb/HDRP (Default)/Art/Assets/StonePattern/TempleStoneGround/M_StonePattern_F_Simple.mat using Guid(df7bf19d22f212347a093e7c7b5acfd2) Importer(2089858483,b0f066a214c2f5e87bad3c948f4d605d) (ScriptedImporter) -> (Import Result ID: '74cc61410a94ce89bc48d8922b7d82ef') in 0.01425 seconds [static and dynamic dependencies]. Details - ImportResultOutputID=bfdb3db03b38ff5c8a758bec083d23ee DependenciesID=6d09fcdf7974706571aa7fa899b1557a StaticDependenciesID=8ba2fa4cd6da488745f0d0c4b566a8cd 
Number of updated asset objects reloaded before import = 0Number of asset objects unloaded after import = 11

========================================================================
Received Import Request.
  Time since last request: 0.000027 seconds.
  path: Assets/HIVEMIND/CaveOfHiddenTomb/HDRP (Default)/Art/Assets/StonePattern/G/SM_StonePattern_G.fbx
  importAddress: Guid(abc00000000000212559290010529977) Importer(2089858483,b0f066a214c2f5e87bad3c948f4d605d)
Start importing Assets/HIVEMIND/CaveOfHiddenTomb/HDRP (Default)/Art/Assets/StonePattern/G/SM_StonePattern_G.fbx using Guid(abc00000000000212559290010529977) Importer(2089858483,b0f066a214c2f5e87bad3c948f4d605d) (ScriptedImporter)MaterialLocation.External is obsolete. External Material Location is no longer supported. (Assets/HIVEMIND/CaveOfHiddenTomb/HDRP (Default)/Art/Assets/StonePattern/G/SM_StonePattern_G.fbx)
 -> (Import Result ID: '010b232099c09f8a04616f9998f3ebd6') in 0.0143391 seconds [static and dynamic dependencies]. Details - ImportResultOutputID=a6c8b8e27e1a3630f18ddcf5f0210225 DependenciesID=2effb7cf03416e5f5b9e0f1dc866e0ac StaticDependenciesID=f154ec42be23ebfec28d46d3eeb3a037 
Number of updated asset objects reloaded before import = 0Number of asset objects unloaded after import = 39

========================================================================
Received Import Request.
  Time since last request: 0.000021 seconds.
  path: Assets/HIVEMIND/CaveOfHiddenTomb/HDRP (Default)/Art/Assets/StonePattern/StonePattern/SM_StonePatter_Outer.fbx
  importAddress: Guid(abc00000000011438242244591081389) Importer(2089858483,b0f066a214c2f5e87bad3c948f4d605d)
Start importing Assets/HIVEMIND/CaveOfHiddenTomb/HDRP (Default)/Art/Assets/StonePattern/StonePattern/SM_StonePatter_Outer.fbx using Guid(abc00000000011438242244591081389) Importer(2089858483,b0f066a214c2f5e87bad3c948f4d605d) (ScriptedImporter)MaterialLocation.External is obsolete. External Material Location is no longer supported. (Assets/HIVEMIND/CaveOfHiddenTomb/HDRP (Default)/Art/Assets/StonePattern/StonePattern/SM_StonePatter_Outer.fbx)
 -> (Import Result ID: '008c35abfa9ef28a0ad5470248465014') in 0.0151216 seconds [static and dynamic dependencies]. Details - ImportResultOutputID=8b9ac208431f30a863fe3f4306e4cc86 DependenciesID=3460a011bd99ecdda90beb7dec3b45bd StaticDependenciesID=7c37b2e8205e04aa12b05f63a562cace 
Number of updated asset objects reloaded before import = 0Number of asset objects unloaded after import = 37

========================================================================
Received Import Request.
  Time since last request: 0.000027 seconds.
  path: Assets/HIVEMIND/CaveOfHiddenTomb/HDRP (Default)/Art/Assets/StonePattern/TempleStoneGround/SM_StonePattern_F.fbx
  importAddress: Guid(abc00000000013469348577612311898) Importer(2089858483,b0f066a214c2f5e87bad3c948f4d605d)
Start importing Assets/HIVEMIND/CaveOfHiddenTomb/HDRP (Default)/Art/Assets/StonePattern/TempleStoneGround/SM_StonePattern_F.fbx using Guid(abc00000000013469348577612311898) Importer(2089858483,b0f066a214c2f5e87bad3c948f4d605d) (ScriptedImporter)MaterialLocation.External is obsolete. External Material Location is no longer supported. (Assets/HIVEMIND/CaveOfHiddenTomb/HDRP (Default)/Art/Assets/StonePattern/TempleStoneGround/SM_StonePattern_F.fbx)
 -> (Import Result ID: '0b4e3032bc6386d409af21450673a04f') in 0.0222613 seconds [static and dynamic dependencies]. Details - ImportResultOutputID=b72187513cd9eebc48892c9e28f7e489 DependenciesID=dde56850fcfe4c7589b8961ef855ffee StaticDependenciesID=6c85d396aa82a16d7e25437c399ea355 
Number of updated asset objects reloaded before import = 0Number of asset objects unloaded after import = 39

========================================================================
Received Import Request.
  Time since last request: 0.000027 seconds.
  path: Assets/HIVEMIND/CaveOfHiddenTomb/HDRP (Default)/Art/Assets/Stone/A/SM_Stone_A.fbx
  importAddress: Guid(abc00000000004836987231447829055) Importer(2089858483,b0f066a214c2f5e87bad3c948f4d605d)
Start importing Assets/HIVEMIND/CaveOfHiddenTomb/HDRP (Default)/Art/Assets/Stone/A/SM_Stone_A.fbx using Guid(abc00000000004836987231447829055) Importer(2089858483,b0f066a214c2f5e87bad3c948f4d605d) (ScriptedImporter)MaterialLocation.External is obsolete. External Material Location is no longer supported. (Assets/HIVEMIND/CaveOfHiddenTomb/HDRP (Default)/Art/Assets/Stone/A/SM_Stone_A.fbx)
 -> (Import Result ID: 'b561fc2a91727c98cd53bb39ce75527e') in 0.0208023 seconds [static and dynamic dependencies]. Details - ImportResultOutputID=8ba9fe7737caa3dd58a7e50eb17b1403 DependenciesID=2c4672e1c78e39e7c59dc561ca75f7c3 StaticDependenciesID=0341d567afee69c490e71bdfd6bac6af 
Number of updated asset objects reloaded before import = 0Number of asset objects unloaded after import = 37

========================================================================
Received Import Request.
  Time since last request: 0.000041 seconds.
  path: Assets/Samples/XR Interaction Toolkit/3.2.1/Starter Assets/DemoSceneAssets/Prefabs/Teleport/Teleport Anchor.prefab
  importAddress: Guid(fad94b617f0540568dbf4c9c4011248c) Importer(2089858483,e11c23a36db5f54750b8cd40eac0985b)
Start importing Assets/Samples/XR Interaction Toolkit/3.2.1/Starter Assets/DemoSceneAssets/Prefabs/Teleport/Teleport Anchor.prefab using Guid(fad94b617f0540568dbf4c9c4011248c) Importer(2089858483,e11c23a36db5f54750b8cd40eac0985b) (ScriptedImporter) -> (Import Result ID: 'c629babcfedcb276333cd9fbe40bf013') in 0.0268788 seconds [static and dynamic dependencies]. Details - ImportResultOutputID=5080752a47d925586d092dc8f4e4214c DependenciesID=0783a457e78d788ab5197537aab8c333 StaticDependenciesID=d503dbd2e4afe37cde1b23861d27464a 
Number of updated asset objects reloaded before import = 0Number of asset objects unloaded after import = 14

========================================================================
Received Import Request.
  Time since last request: 0.000026 seconds.
  path: Assets/Samples/XR Interaction Toolkit/3.2.1/Starter Assets/DemoSceneAssets/Prefabs/Climb/Single Floor Ladder.prefab
  importAddress: Guid(1f62bdd0e59688d4bb754afe89fa2f5a) Importer(2089858483,e11c23a36db5f54750b8cd40eac0985b)
Start importing Assets/Samples/XR Interaction Toolkit/3.2.1/Starter Assets/DemoSceneAssets/Prefabs/Climb/Single Floor Ladder.prefab using Guid(1f62bdd0e59688d4bb754afe89fa2f5a) Importer(2089858483,e11c23a36db5f54750b8cd40eac0985b) (ScriptedImporter) -> (Import Result ID: '1ffe379b3969732be92966ed4ec36b21') in 0.1408584 seconds [static and dynamic dependencies]. Details - ImportResultOutputID=51535c462cfee0068dfc4b0458068128 DependenciesID=4428dc15fdbecf02481de06eaf4b5f7e StaticDependenciesID=a4156d12a28bbf8ea2eca5e4685fd2c7 
Number of updated asset objects reloaded before import = 0Number of asset objects unloaded after import = 350

========================================================================
Received Import Request.
  Time since last request: 0.000027 seconds.
  path: Assets/HIVEMIND/CaveOfHiddenTomb/HDRP (Default)/Art/Assets/AztecMuralWall/AztecMural/Materials/MI_Wall_Aztec.mat
  importAddress: Guid(510cef64c86bd84439c37bcb0f672ce6) Importer(2089858483,b0f066a214c2f5e87bad3c948f4d605d)
Start importing Assets/HIVEMIND/CaveOfHiddenTomb/HDRP (Default)/Art/Assets/AztecMuralWall/AztecMural/Materials/MI_Wall_Aztec.mat using Guid(510cef64c86bd84439c37bcb0f672ce6) Importer(2089858483,b0f066a214c2f5e87bad3c948f4d605d) (ScriptedImporter) -> (Import Result ID: '12902e61be99eb98f4636aaabb44b95d') in 0.0054208 seconds [static and dynamic dependencies]. Details - ImportResultOutputID=cb3b6e29676bde1349a7a8923153f987 DependenciesID=9a534c110f785bd06fee26f30e39b9b4 StaticDependenciesID=12a192597c06336b057abb5a94a159a6 
Number of updated asset objects reloaded before import = 0Number of asset objects unloaded after import = 1

========================================================================
Received Import Request.
  Time since last request: 0.000038 seconds.
  path: Assets/Samples/XR Interaction Toolkit/3.2.1/Starter Assets/DemoSceneAssets/Prefabs/Climb/Climb Sample.prefab
  importAddress: Guid(2ea572d587ee60f44bd5baa3bc2d6503) Importer(2089858483,e11c23a36db5f54750b8cd40eac0985b)
Start importing Assets/Samples/XR Interaction Toolkit/3.2.1/Starter Assets/DemoSceneAssets/Prefabs/Climb/Climb Sample.prefab using Guid(2ea572d587ee60f44bd5baa3bc2d6503) Importer(2089858483,e11c23a36db5f54750b8cd40eac0985b) (ScriptedImporter) -> (Import Result ID: '93e7ee150847ce9406e51ee48e3e991b') in 0.50476 seconds [static and dynamic dependencies]. Details - ImportResultOutputID=15beee37af4d179a3f846638c433dfde DependenciesID=86b7559a93daa5afb11b7606d4604a72 StaticDependenciesID=7c9c2c776c305a77795448ad7214df22 
Number of updated asset objects reloaded before import = 0Number of asset objects unloaded after import = 1737

========================================================================
Received Import Request.
  Time since last request: 0.000037 seconds.
  path: Assets/HIVEMIND/CaveOfHiddenTomb/HDRP (Default)/Art/Assets/FirePit/FireWood/Materials/No Name.mat
  importAddress: Guid(222bf78e558abe246a513bd8c1e429d3) Importer(2089858483,b0f066a214c2f5e87bad3c948f4d605d)
Start importing Assets/HIVEMIND/CaveOfHiddenTomb/HDRP (Default)/Art/Assets/FirePit/FireWood/Materials/No Name.mat using Guid(222bf78e558abe246a513bd8c1e429d3) Importer(2089858483,b0f066a214c2f5e87bad3c948f4d605d) (ScriptedImporter) -> (Import Result ID: '518d09adfbafe1d1b84ca28f23a0f3e2') in 0.0072202 seconds [static and dynamic dependencies]. Details - ImportResultOutputID=90f1fc8b519696b3d2247025b48fe8b7 DependenciesID=98f51dd14e2d2488595d2038461b25c5 StaticDependenciesID=4bab9e359e9fb75806e1b0e9afdd14d8 
Number of updated asset objects reloaded before import = 0Number of asset objects unloaded after import = 1

========================================================================
Received Import Request.
  Time since last request: 0.000041 seconds.
  path: Assets/HIVEMIND/CaveOfHiddenTomb/HDRP (Default)/Art/Assets/RockWall/E/Materials/No Name.mat
  importAddress: Guid(b651bb772c2e27b4eb5f17ce18426e56) Importer(2089858483,b0f066a214c2f5e87bad3c948f4d605d)
Start importing Assets/HIVEMIND/CaveOfHiddenTomb/HDRP (Default)/Art/Assets/RockWall/E/Materials/No Name.mat using Guid(b651bb772c2e27b4eb5f17ce18426e56) Importer(2089858483,b0f066a214c2f5e87bad3c948f4d605d) (ScriptedImporter) -> (Import Result ID: '56e83d0bad42594075d566baa809fd76') in 0.0048555 seconds [static and dynamic dependencies]. Details - ImportResultOutputID=e53ca86a7f7830f24d1d591321004296 DependenciesID=f309eba25afc6f79bb04b49705e320d4 StaticDependenciesID=cce0d471d728e9da70ae31977cb3b531 
Number of updated asset objects reloaded before import = 0Number of asset objects unloaded after import = 1

========================================================================
Received Import Request.
  Time since last request: 0.000030 seconds.
  path: Assets/HIVEMIND/CaveOfHiddenTomb/HDRP (Default)/Art/Assets/stalactite/A/Materials/MI_Stalacite_A.mat
  importAddress: Guid(b1c4d69e6eb63b544b5d3c7e66568033) Importer(2089858483,b0f066a214c2f5e87bad3c948f4d605d)
Start importing Assets/HIVEMIND/CaveOfHiddenTomb/HDRP (Default)/Art/Assets/stalactite/A/Materials/MI_Stalacite_A.mat using Guid(b1c4d69e6eb63b544b5d3c7e66568033) Importer(2089858483,b0f066a214c2f5e87bad3c948f4d605d) (ScriptedImporter) -> (Import Result ID: 'a2b15e94ad0d3a1dd27f4f71351b729e') in 0.0068066 seconds [static and dynamic dependencies]. Details - ImportResultOutputID=154981678060d8a6be01a8913bc0e49c DependenciesID=86c6cf72b51a23d201670022e0d769f3 StaticDependenciesID=8cddd9fbcb518c45320c375ff835e45b 
Number of updated asset objects reloaded before import = 0Number of asset objects unloaded after import = 1

========================================================================
Received Import Request.
  Time since last request: 0.000023 seconds.
  path: Assets/HIVEMIND/CaveOfHiddenTomb/HDRP (Default)/Art/Assets/RockWall/A/Materials/No Name.mat
  importAddress: Guid(dae8773ce542deb41a3075a1081ebc15) Importer(2089858483,b0f066a214c2f5e87bad3c948f4d605d)
Start importing Assets/HIVEMIND/CaveOfHiddenTomb/HDRP (Default)/Art/Assets/RockWall/A/Materials/No Name.mat using Guid(dae8773ce542deb41a3075a1081ebc15) Importer(2089858483,b0f066a214c2f5e87bad3c948f4d605d) (ScriptedImporter) -> (Import Result ID: '3bda2a7ceeb526cf4d4cbc76ac76af69') in 0.0072486 seconds [static and dynamic dependencies]. Details - ImportResultOutputID=3f7b8189f937a96b915b99d191cf6327 DependenciesID=7506b9daca50331f7fe1d2068d991a46 StaticDependenciesID=4fbfefda7eb3c6753daf0f876998664c 
Number of updated asset objects reloaded before import = 0Number of asset objects unloaded after import = 1

========================================================================
Received Import Request.
  Time since last request: 0.000025 seconds.
  path: Assets/HIVEMIND/CaveOfHiddenTomb/HDRP (Default)/Art/Assets/Sculpt/A/Materials/MI_Sculpt_A.mat
  importAddress: Guid(8220264a93c72c5458cfab1198d79451) Importer(2089858483,b0f066a214c2f5e87bad3c948f4d605d)
Start importing Assets/HIVEMIND/CaveOfHiddenTomb/HDRP (Default)/Art/Assets/Sculpt/A/Materials/MI_Sculpt_A.mat using Guid(8220264a93c72c5458cfab1198d79451) Importer(2089858483,b0f066a214c2f5e87bad3c948f4d605d) (ScriptedImporter) -> (Import Result ID: '8ecd2cb6d3ba111fcbd6042ea22275ca') in 0.0077976 seconds [static and dynamic dependencies]. Details - ImportResultOutputID=0479d78c40630260df4dabdb9a99dd35 DependenciesID=0b4f7b09637501157ab4509c3ee90466 StaticDependenciesID=192bd7d864923f23355facb79dadb5c2 
Number of updated asset objects reloaded before import = 0Number of asset objects unloaded after import = 1

========================================================================
Received Import Request.
  Time since last request: 0.000027 seconds.
  path: Assets/Samples/XR Interaction Toolkit/3.2.1/Starter Assets/DemoSceneAssets/Prefabs/Climb/ClimbTeleportReticle.prefab
  importAddress: Guid(6eb816e9b7ce30f4cadff3d4ad7ad10c) Importer(2089858483,e11c23a36db5f54750b8cd40eac0985b)
Start importing Assets/Samples/XR Interaction Toolkit/3.2.1/Starter Assets/DemoSceneAssets/Prefabs/Climb/ClimbTeleportReticle.prefab using Guid(6eb816e9b7ce30f4cadff3d4ad7ad10c) Importer(2089858483,e11c23a36db5f54750b8cd40eac0985b) (ScriptedImporter) -> (Import Result ID: '33731aa0798d195284cb246da2f6e05c') in 0.02263 seconds [static and dynamic dependencies]. Details - ImportResultOutputID=c804b6de839523de006187848de5ac22 DependenciesID=f759fcee5213479873593fa9bb15c11a StaticDependenciesID=49ec6ae35a68e0daa863fb8f31e4867a 
Number of updated asset objects reloaded before import = 0Number of asset objects unloaded after import = 40

========================================================================
Received Import Request.
  Time since last request: 0.000038 seconds.
  path: Assets/Samples/XR Interaction Toolkit/3.2.1/Starter Assets/DemoSceneAssets/Prefabs/Interactables/Confetti.prefab
  importAddress: Guid(7942e6544a2b2ae48bcf988d9aed838d) Importer(2089858483,e11c23a36db5f54750b8cd40eac0985b)
Start importing Assets/Samples/XR Interaction Toolkit/3.2.1/Starter Assets/DemoSceneAssets/Prefabs/Interactables/Confetti.prefab using Guid(7942e6544a2b2ae48bcf988d9aed838d) Importer(2089858483,e11c23a36db5f54750b8cd40eac0985b) (ScriptedImporter) -> (Import Result ID: '2fc96b39fbd0f854ef8bb4c0cee23729') in 0.0244643 seconds [static and dynamic dependencies]. Details - ImportResultOutputID=0b575baf544758495fb789731e3f9022 DependenciesID=c38ed81e957b93ab49d392bfa9f3cbf8 StaticDependenciesID=9b26a322f0ac4f68142da65944b1bc49 
Number of updated asset objects reloaded before import = 0Number of asset objects unloaded after import = 6

========================================================================
Received Import Request.
  Time since last request: 0.000023 seconds.
  path: Assets/HIVEMIND/CaveOfHiddenTomb/HDRP (Default)/Art/Assets/RockWall/B/Materials/MI_RockWall_B_Simple.mat
  importAddress: Guid(5807b3c5994e572489bdbb613c0a7dd9) Importer(2089858483,b0f066a214c2f5e87bad3c948f4d605d)
Start importing Assets/HIVEMIND/CaveOfHiddenTomb/HDRP (Default)/Art/Assets/RockWall/B/Materials/MI_RockWall_B_Simple.mat using Guid(5807b3c5994e572489bdbb613c0a7dd9) Importer(2089858483,b0f066a214c2f5e87bad3c948f4d605d) (ScriptedImporter) -> (Import Result ID: '5504fc248accfff27bb58583570f9c27') in 0.0066719 seconds [static and dynamic dependencies]. Details - ImportResultOutputID=313a8c45150467fea29d5002af2f269f DependenciesID=44f03fb96fce3f8e5291fe00bb99c07d StaticDependenciesID=c89a5fdcc32192f8493b4d141d09f187 
Number of updated asset objects reloaded before import = 0Number of asset objects unloaded after import = 1

========================================================================
Received Import Request.
  Time since last request: 0.000039 seconds.
  path: Assets/HIVEMIND/CaveOfHiddenTomb/HDRP (Default)/Art/Assets/Stone/D/Materials/No Name.mat
  importAddress: Guid(20c2e3d9d99990542bb081676241e9e6) Importer(2089858483,b0f066a214c2f5e87bad3c948f4d605d)
Start importing Assets/HIVEMIND/CaveOfHiddenTomb/HDRP (Default)/Art/Assets/Stone/D/Materials/No Name.mat using Guid(20c2e3d9d99990542bb081676241e9e6) Importer(2089858483,b0f066a214c2f5e87bad3c948f4d605d) (ScriptedImporter) -> (Import Result ID: 'ca8907e6df5e76402a9f7b65b23d3eb0') in 0.0085446 seconds [static and dynamic dependencies]. Details - ImportResultOutputID=0617c04da310ebbae52d158e09655d41 DependenciesID=ce487f4ebc0a1f01ff55de19af6fbcb6 StaticDependenciesID=fea5f2cc84cb9ba285088c6b23994847 
Number of updated asset objects reloaded before import = 0Number of asset objects unloaded after import = 1

========================================================================
Received Import Request.
  Time since last request: 0.000028 seconds.
  path: Assets/HIVEMIND/CaveOfHiddenTomb/HDRP (Default)/Art/Assets/Scanned_Foliage/Foliage/EagleFern/Meshes/SM_EagleFern_S_04.fbx
  importAddress: Guid(abc00000000007921539485415014742) Importer(2089858483,b0f066a214c2f5e87bad3c948f4d605d)
Start importing Assets/HIVEMIND/CaveOfHiddenTomb/HDRP (Default)/Art/Assets/Scanned_Foliage/Foliage/EagleFern/Meshes/SM_EagleFern_S_04.fbx using Guid(abc00000000007921539485415014742) Importer(2089858483,b0f066a214c2f5e87bad3c948f4d605d) (ScriptedImporter)MaterialLocation.External is obsolete. External Material Location is no longer supported. (Assets/HIVEMIND/CaveOfHiddenTomb/HDRP (Default)/Art/Assets/Scanned_Foliage/Foliage/EagleFern/Meshes/SM_EagleFern_S_04.fbx)
 -> (Import Result ID: 'c3535a7496e9a04f3791ffb3a3a47bff') in 0.0167292 seconds [static and dynamic dependencies]. Details - ImportResultOutputID=cb17d66ab85abd5d32edef6aac89dba2 DependenciesID=7d32aaacca14e2a45a0a50c3af946ce8 StaticDependenciesID=bf4eaaf227969db52cbc8d0e896c0679 
Number of updated asset objects reloaded before import = 0Number of asset objects unloaded after import = 32

========================================================================
Received Import Request.
  Time since last request: 0.000036 seconds.
  path: Assets/HIVEMIND/CaveOfHiddenTomb/HDRP (Default)/Art/Assets/StonePattern/G/Materials/No Name.mat
  importAddress: Guid(8937b3d9061b3b34d9af3798b66466d0) Importer(2089858483,b0f066a214c2f5e87bad3c948f4d605d)
Start importing Assets/HIVEMIND/CaveOfHiddenTomb/HDRP (Default)/Art/Assets/StonePattern/G/Materials/No Name.mat using Guid(8937b3d9061b3b34d9af3798b66466d0) Importer(2089858483,b0f066a214c2f5e87bad3c948f4d605d) (ScriptedImporter) -> (Import Result ID: '1e5ba1168a4f37f74b63f074906564b2') in 0.0058631 seconds [static and dynamic dependencies]. Details - ImportResultOutputID=6a678e301335a7623b7bc45c69a97e41 DependenciesID=5020da3b8c3384b0687f6190012e54c7 StaticDependenciesID=d673a768d00a0665ac8c863148a40dd0 
Number of updated asset objects reloaded before import = 0Number of asset objects unloaded after import = 1

========================================================================
Received Import Request.
  Time since last request: 0.000022 seconds.
  path: Assets/HIVEMIND/CaveOfHiddenTomb/HDRP (Default)/Art/Assets/Scanned_Foliage/Foliage/EagleFern/Materials/M_EagleFern_Atlas_01.mat
  importAddress: Guid(abc00000000013202983937002439216) Importer(2089858483,b0f066a214c2f5e87bad3c948f4d605d)
Start importing Assets/HIVEMIND/CaveOfHiddenTomb/HDRP (Default)/Art/Assets/Scanned_Foliage/Foliage/EagleFern/Materials/M_EagleFern_Atlas_01.mat using Guid(abc00000000013202983937002439216) Importer(2089858483,b0f066a214c2f5e87bad3c948f4d605d) (ScriptedImporter) -> (Import Result ID: '0ee79f08023571bbaf01750a2cf3f531') in 0.0150315 seconds [static and dynamic dependencies]. Details - ImportResultOutputID=52531e169db594a7e4b9b40602970773 DependenciesID=e5ae9c900a78d6082288420e9a92148b StaticDependenciesID=0abcea5ac946563a8e8ad4eee0645378 
Number of updated asset objects reloaded before import = 0Number of asset objects unloaded after import = 9

========================================================================
Received Import Request.
  Time since last request: 0.000028 seconds.
  path: Assets/HIVEMIND/CaveOfHiddenTomb/HDRP (Default)/Art/Assets/StonePattern/TempleStoneGround/Materials/MI_StonePattern_F_simple.mat
  importAddress: Guid(3c0cef68406d6cd4b9761ef0cbc54c25) Importer(2089858483,b0f066a214c2f5e87bad3c948f4d605d)
Start importing Assets/HIVEMIND/CaveOfHiddenTomb/HDRP (Default)/Art/Assets/StonePattern/TempleStoneGround/Materials/MI_StonePattern_F_simple.mat using Guid(3c0cef68406d6cd4b9761ef0cbc54c25) Importer(2089858483,b0f066a214c2f5e87bad3c948f4d605d) (ScriptedImporter) -> (Import Result ID: '0e6c598e6046b8ab2048eb798fd1918f') in 0.0110441 seconds [static and dynamic dependencies]. Details - ImportResultOutputID=9025ec5c4f7f65ffcd902b3a6191c377 DependenciesID=5100e0b3efaf6056596f39b4780de8da StaticDependenciesID=0e4ad42ac483a0a350de5014d2c78079 
Number of updated asset objects reloaded before import = 0Number of asset objects unloaded after import = 1

========================================================================
Received Import Request.
  Time since last request: 0.000026 seconds.
  path: Assets/HIVEMIND/CaveOfHiddenTomb/HDRP (Default)/Art/Assets/StonePattern/StonePattern/Materials/MI_StonePattern_simple.mat
  importAddress: Guid(b72a6b9f7ab731e43908d638815198a2) Importer(2089858483,b0f066a214c2f5e87bad3c948f4d605d)
Start importing Assets/HIVEMIND/CaveOfHiddenTomb/HDRP (Default)/Art/Assets/StonePattern/StonePattern/Materials/MI_StonePattern_simple.mat using Guid(b72a6b9f7ab731e43908d638815198a2) Importer(2089858483,b0f066a214c2f5e87bad3c948f4d605d) (ScriptedImporter) -> (Import Result ID: '4e06e9663319204f997177bcfca35956') in 0.0059203 seconds [static and dynamic dependencies]. Details - ImportResultOutputID=54484aaacb42e91d3dd90b1ad61cee16 DependenciesID=a1bd5342be4ac78588da3f17aca90e55 StaticDependenciesID=8b04de8c447e2f2b89628dcd60277398 
Number of updated asset objects reloaded before import = 0Number of asset objects unloaded after import = 1

========================================================================
Received Import Request.
  Time since last request: 0.000041 seconds.
  path: Assets/HIVEMIND/CaveOfHiddenTomb/HDRP (Default)/Art/Assets/stalactite/F/Materials/MI_Stalacite_F.mat
  importAddress: Guid(2143eda0c9f7d92428313de02b965c30) Importer(2089858483,b0f066a214c2f5e87bad3c948f4d605d)
Start importing Assets/HIVEMIND/CaveOfHiddenTomb/HDRP (Default)/Art/Assets/stalactite/F/Materials/MI_Stalacite_F.mat using Guid(2143eda0c9f7d92428313de02b965c30) Importer(2089858483,b0f066a214c2f5e87bad3c948f4d605d) (ScriptedImporter) -> (Import Result ID: '85a4db2667b1b6caed6c62a64a1e89b3') in 0.0056633 seconds [static and dynamic dependencies]. Details - ImportResultOutputID=c0c7ac8283d2054b55c71abdf2b82b72 DependenciesID=650595d88cf0572a864118929ce997cc StaticDependenciesID=54e9585da61c6996776a2773b4cce213 
Number of updated asset objects reloaded before import = 0Number of asset objects unloaded after import = 1

========================================================================
Received Import Request.
  Time since last request: 0.000027 seconds.
  path: Assets/HIVEMIND/CaveOfHiddenTomb/HDRP (Default)/Art/Assets/Scanned_Foliage/Foliage/Ivy/Meshes/Materials/No Name.mat
  importAddress: Guid(31465a7a97b0d8a42a546c573faceb76) Importer(2089858483,b0f066a214c2f5e87bad3c948f4d605d)
Start importing Assets/HIVEMIND/CaveOfHiddenTomb/HDRP (Default)/Art/Assets/Scanned_Foliage/Foliage/Ivy/Meshes/Materials/No Name.mat using Guid(31465a7a97b0d8a42a546c573faceb76) Importer(2089858483,b0f066a214c2f5e87bad3c948f4d605d) (ScriptedImporter) -> (Import Result ID: 'ea1cc6cd1cf2ce230ef25289b3b8e28b') in 0.0075604 seconds [static and dynamic dependencies]. Details - ImportResultOutputID=5c5697d86c1262687fd7c8a690cfe3ef DependenciesID=5adf8e3be61262a638ac3435d0aaf7d8 StaticDependenciesID=d8960008184c7b4373e4a32b3a8ae4a0 
Number of updated asset objects reloaded before import = 0Number of asset objects unloaded after import = 1

========================================================================
Received Import Request.
  Time since last request: 0.000023 seconds.
  path: Assets/HIVEMIND/CaveOfHiddenTomb/HDRP (Default)/Art/Assets/Scanned_Foliage/Foliage/EuropeanBeech/Meshes/SM_EuropeanBeech_S_01.fbx
  importAddress: Guid(abc00000000009759247195530729125) Importer(2089858483,b0f066a214c2f5e87bad3c948f4d605d)
Start importing Assets/HIVEMIND/CaveOfHiddenTomb/HDRP (Default)/Art/Assets/Scanned_Foliage/Foliage/EuropeanBeech/Meshes/SM_EuropeanBeech_S_01.fbx using Guid(abc00000000009759247195530729125) Importer(2089858483,b0f066a214c2f5e87bad3c948f4d605d) (ScriptedImporter)MaterialLocation.External is obsolete. External Material Location is no longer supported. (Assets/HIVEMIND/CaveOfHiddenTomb/HDRP (Default)/Art/Assets/Scanned_Foliage/Foliage/EuropeanBeech/Meshes/SM_EuropeanBeech_S_01.fbx)
 -> (Import Result ID: '8683f0a42607829916d87e06c4d45fbf') in 0.0214877 seconds [static and dynamic dependencies]. Details - ImportResultOutputID=a15b0fdd38c4291328ef37aca900e666 DependenciesID=ba647100015a6377d92b729c88616759 StaticDependenciesID=fc166a0444aad35cccd73e8adf991261 
Number of updated asset objects reloaded before import = 0Number of asset objects unloaded after import = 32

========================================================================
Received Import Request.
  Time since last request: 0.000025 seconds.
  path: Assets/HIVEMIND/CaveOfHiddenTomb/HDRP (Default)/Art/Assets/Scanned_Foliage/Foliage/EuropeanBeech/Materials/M_EuropeanBeech_Bark_NW_01.mat
  importAddress: Guid(abc00000000001481491248601317361) Importer(2089858483,b0f066a214c2f5e87bad3c948f4d605d)
Start importing Assets/HIVEMIND/CaveOfHiddenTomb/HDRP (Default)/Art/Assets/Scanned_Foliage/Foliage/EuropeanBeech/Materials/M_EuropeanBeech_Bark_NW_01.mat using Guid(abc00000000001481491248601317361) Importer(2089858483,b0f066a214c2f5e87bad3c948f4d605d) (ScriptedImporter) -> (Import Result ID: 'acb130249894a21effaa0ee290a80b82') in 0.0131431 seconds [static and dynamic dependencies]. Details - ImportResultOutputID=6a9ad32797b33c2d54ecb7b2de387393 DependenciesID=519d47c885f75611c71377e2359273ba StaticDependenciesID=7f45271aa5061725c9d8ebb4d0e789cb 
Number of updated asset objects reloaded before import = 0Number of asset objects unloaded after import = 9

========================================================================
Received Import Request.
  Time since last request: 0.000042 seconds.
  path: Assets/HIVEMIND/CaveOfHiddenTomb/HDRP (Default)/Art/Assets/Scanned_Foliage/Foliage/EuropeanBeech/Meshes/SM_EuropeanBeech_Log_01.fbx
  importAddress: Guid(abc00000000001373527991131255092) Importer(2089858483,b0f066a214c2f5e87bad3c948f4d605d)
Start importing Assets/HIVEMIND/CaveOfHiddenTomb/HDRP (Default)/Art/Assets/Scanned_Foliage/Foliage/EuropeanBeech/Meshes/SM_EuropeanBeech_Log_01.fbx using Guid(abc00000000001373527991131255092) Importer(2089858483,b0f066a214c2f5e87bad3c948f4d605d) (ScriptedImporter)MaterialLocation.External is obsolete. External Material Location is no longer supported. (Assets/HIVEMIND/CaveOfHiddenTomb/HDRP (Default)/Art/Assets/Scanned_Foliage/Foliage/EuropeanBeech/Meshes/SM_EuropeanBeech_Log_01.fbx)
 -> (Import Result ID: 'adf4abdde365e93268b14afe053f7014') in 0.0178487 seconds [static and dynamic dependencies]. Details - ImportResultOutputID=a90ae4472c057be2df3f23974e811368 DependenciesID=08d915172dc4d763dfff8c50206039ac StaticDependenciesID=10b90f1d467e88e4f88dde8bbb74c1cd 
Number of updated asset objects reloaded before import = 0Number of asset objects unloaded after import = 34

========================================================================
Received Import Request.
  Time since last request: 0.000026 seconds.
  path: Assets/HIVEMIND/CaveOfHiddenTomb/HDRP (Default)/Art/Assets/Scanned_Foliage/Foliage/EuropeanBeech/Meshes/SM_EuropeanBeech_L_02.fbx
  importAddress: Guid(abc00000000000424760652055931471) Importer(2089858483,b0f066a214c2f5e87bad3c948f4d605d)
Start importing Assets/HIVEMIND/CaveOfHiddenTomb/HDRP (Default)/Art/Assets/Scanned_Foliage/Foliage/EuropeanBeech/Meshes/SM_EuropeanBeech_L_02.fbx using Guid(abc00000000000424760652055931471) Importer(2089858483,b0f066a214c2f5e87bad3c948f4d605d) (ScriptedImporter)MaterialLocation.External is obsolete. External Material Location is no longer supported. (Assets/HIVEMIND/CaveOfHiddenTomb/HDRP (Default)/Art/Assets/Scanned_Foliage/Foliage/EuropeanBeech/Meshes/SM_EuropeanBeech_L_02.fbx)
 -> (Import Result ID: '0ee8297b161ba2ab04db6e50ae10be6d') in 0.0240553 seconds [static and dynamic dependencies]. Details - ImportResultOutputID=bbbf36d1ed358a91a808cf554491a2f8 DependenciesID=e6b967dca48630c9386ad435b31e9df4 StaticDependenciesID=82b34d6228d82d84acaa11b26ca858ce 
Number of updated asset objects reloaded before import = 0Number of asset objects unloaded after import = 34

========================================================================
Received Import Request.
  Time since last request: 0.000026 seconds.
  path: Assets/Samples/XR Interaction Toolkit/3.2.1/Starter Assets/DemoSceneAssets/Prefabs/UI/Scroll UI Sample.prefab
  importAddress: Guid(0cbc0856f0fb8d84a81be5dea463c369) Importer(2089858483,e11c23a36db5f54750b8cd40eac0985b)
Start importing Assets/Samples/XR Interaction Toolkit/3.2.1/Starter Assets/DemoSceneAssets/Prefabs/UI/Scroll UI Sample.prefab using Guid(0cbc0856f0fb8d84a81be5dea463c369) Importer(2089858483,e11c23a36db5f54750b8cd40eac0985b) (ScriptedImporter) -> (Import Result ID: 'f96588b5b02abc81a7b2bfdd74767a5c') in 0.0495792 seconds [static and dynamic dependencies]. Details - ImportResultOutputID=a55d274d339bd7d54b9151d125871702 DependenciesID=49786138223b40ad1556d0d1802795e5 StaticDependenciesID=0f2ac076372b7076010806c3eb03ce6d 
Number of updated asset objects reloaded before import = 0Number of asset objects unloaded after import = 72

========================================================================
Received Import Request.
  Time since last request: 0.000027 seconds.
  path: Assets/HIVEMIND/CaveOfHiddenTomb/HDRP (Default)/Art/Prefabs/SM_StonePlate_H.prefab
  importAddress: Guid(abc00000000015994446993723110233) Importer(2089858483,e11c23a36db5f54750b8cd40eac0985b)
Start importing Assets/HIVEMIND/CaveOfHiddenTomb/HDRP (Default)/Art/Prefabs/SM_StonePlate_H.prefab using Guid(abc00000000015994446993723110233) Importer(2089858483,e11c23a36db5f54750b8cd40eac0985b) (ScriptedImporter) -> (Import Result ID: '70b999945804e664b7777a57f44d08b0') in 0.0243713 seconds [static and dynamic dependencies]. Details - ImportResultOutputID=ce9a8e86ff011e129f147885fcea4294 DependenciesID=2daae0a325686a0a1e115ea7cd6b487b StaticDependenciesID=2797d5336af64502bf8cace216e923a1 
Number of updated asset objects reloaded before import = 0Number of asset objects unloaded after import = 35

========================================================================
Received Import Request.
  Time since last request: 0.000042 seconds.
  path: Assets/Samples/XR Interaction Toolkit/3.2.1/Starter Assets/DemoSceneAssets/Prefabs/InteractionAffordance.prefab
  importAddress: Guid(eb9104ef66b7305468adb3697fdeed5e) Importer(2089858483,e11c23a36db5f54750b8cd40eac0985b)
Start importing Assets/Samples/XR Interaction Toolkit/3.2.1/Starter Assets/DemoSceneAssets/Prefabs/InteractionAffordance.prefab using Guid(eb9104ef66b7305468adb3697fdeed5e) Importer(2089858483,e11c23a36db5f54750b8cd40eac0985b) (ScriptedImporter) -> (Import Result ID: 'a80f3b5c71f4ea06b8adfa314aa90378') in 0.0134324 seconds [static and dynamic dependencies]. Details - ImportResultOutputID=2ade108b664748da16ed66da1cf13874 DependenciesID=5dc953fecbc6a48312cec22ebf6d5c8a StaticDependenciesID=cb4d6bbd7da1d9c4f34d084643f0940c 
Number of updated asset objects reloaded before import = 0Number of asset objects unloaded after import = 10

========================================================================
Received Import Request.
  Time since last request: 0.000029 seconds.
  path: Assets/HIVEMIND/CaveOfHiddenTomb/HDRP (Default)/Art/Assets/stalactite/B/Materials/MI_Stalacite_B.mat
  importAddress: Guid(b134340040183e043b522ec5debfaad9) Importer(2089858483,b0f066a214c2f5e87bad3c948f4d605d)
Start importing Assets/HIVEMIND/CaveOfHiddenTomb/HDRP (Default)/Art/Assets/stalactite/B/Materials/MI_Stalacite_B.mat using Guid(b134340040183e043b522ec5debfaad9) Importer(2089858483,b0f066a214c2f5e87bad3c948f4d605d) (ScriptedImporter) -> (Import Result ID: 'f2b9f29bf01953d28f1f9486a30836d0') in 0.00542 seconds [static and dynamic dependencies]. Details - ImportResultOutputID=1ab3ec30f72e6705955ae9ee986b0004 DependenciesID=cebe96dec6e410bc974106da001dcb09 StaticDependenciesID=8ba2aa9f28d15658442df53e282dbcbf 
Number of updated asset objects reloaded before import = 0Number of asset objects unloaded after import = 1

========================================================================
Received Import Request.
  Time since last request: 0.000097 seconds.
  path: Assets/Samples/XR Interaction Toolkit/3.2.1/Starter Assets/DemoSceneAssets/Sprites/Forward.png
  importAddress: Guid(f8ecc54972abacc46a93f671b0602139) Importer(2089858483,b0f066a214c2f5e87bad3c948f4d605d)
Start importing Assets/Samples/XR Interaction Toolkit/3.2.1/Starter Assets/DemoSceneAssets/Sprites/Forward.png using Guid(f8ecc54972abacc46a93f671b0602139) Importer(2089858483,b0f066a214c2f5e87bad3c948f4d605d) (ScriptedImporter) -> (Import Result ID: '0074dc3ff301f0418249fba4989ee3f9') in 0.0133924 seconds [static and dynamic dependencies]. Details - ImportResultOutputID=c017d5a3860e65476199616646ebf110 DependenciesID=fef415eb535fcd0a112d10d73f5462e4 StaticDependenciesID=6db3585fb80a3aebe23c62f053280d68 
Number of updated asset objects reloaded before import = 0Number of asset objects unloaded after import = 3

========================================================================
Received Import Request.
  Time since last request: 0.000028 seconds.
  path: Assets/HIVEMIND/CaveOfHiddenTomb/HDRP (Default)/Art/AllTextures1K/T_Soil_BC.png
  importAddress: Guid(abc00000000006838845880355280485) Importer(2089858483,b0f066a214c2f5e87bad3c948f4d605d)
Start importing Assets/HIVEMIND/CaveOfHiddenTomb/HDRP (Default)/Art/AllTextures1K/T_Soil_BC.png using Guid(abc00000000006838845880355280485) Importer(2089858483,b0f066a214c2f5e87bad3c948f4d605d) (ScriptedImporter) -> (Import Result ID: '89d3ed053f799109583e994c6e4bf281') in 0.0111857 seconds [static and dynamic dependencies]. Details - ImportResultOutputID=f774ae234429c7f3efad20d916d493ef DependenciesID=271904b85104c6f9edfe640101458537 StaticDependenciesID=7faa5e0865ffc1227e400e1e679bb9e5 
Number of updated asset objects reloaded before import = 0Number of asset objects unloaded after import = 1

========================================================================
Received Import Request.
  Time since last request: 0.000025 seconds.
  path: Assets/TripoModels/xiugai1/shengxiang6/stone_sculpture_prop_3d_model.fbm/tripo_node_64ffce4b-7571-4fa5-9f2b-64291fb80b3a_Normal_Bake.jpg
  importAddress: Guid(6b24077346b189840a9b53bea32da551) Importer(2089858483,b0f066a214c2f5e87bad3c948f4d605d)
Start importing Assets/TripoModels/xiugai1/shengxiang6/stone_sculpture_prop_3d_model.fbm/tripo_node_64ffce4b-7571-4fa5-9f2b-64291fb80b3a_Normal_Bake.jpg using Guid(6b24077346b189840a9b53bea32da551) Importer(2089858483,b0f066a214c2f5e87bad3c948f4d605d) (ScriptedImporter) -> (Import Result ID: '3c5cdb322974f01266d96d3e86a91d9b') in 0.0154612 seconds [static and dynamic dependencies]. Details - ImportResultOutputID=b608fc9da2ccd02f9480febbd96f9e73 DependenciesID=f41fc7ee47c879cf73de1f77c5a41e78 StaticDependenciesID=911f26bea7e391c82e3763af4a2dbb5a 
Number of updated asset objects reloaded before import = 0Number of asset objects unloaded after import = 1

========================================================================
Received Import Request.
  Time since last request: 0.000045 seconds.
  path: Assets/HIVEMIND/CaveOfHiddenTomb/HDRP (Default)/Art/AllTextures1K/T_RockWall_BC04.png
  importAddress: Guid(abc00000000010689141205144646831) Importer(2089858483,b0f066a214c2f5e87bad3c948f4d605d)
Start importing Assets/HIVEMIND/CaveOfHiddenTomb/HDRP (Default)/Art/AllTextures1K/T_RockWall_BC04.png using Guid(abc00000000010689141205144646831) Importer(2089858483,b0f066a214c2f5e87bad3c948f4d605d) (ScriptedImporter) -> (Import Result ID: '3909a53ef6298a587fc528870d80db11') in 0.0153403 seconds [static and dynamic dependencies]. Details - ImportResultOutputID=b221e06cc3acd57e99b7f2a3de17f788 DependenciesID=93dd83d56e462ca9ee810279e8eafb1b StaticDependenciesID=b46da57f403fb2c5b6fb9c1fa9dcad61 
Number of updated asset objects reloaded before import = 0Number of asset objects unloaded after import = 1

========================================================================
Received Import Request.
  Time since last request: 0.000030 seconds.
  path: Assets/XR/Animated Hands/Animations/Right Hand Animator.controller
  importAddress: Guid(3338dde1ae80a3b43826deca5c238356) Importer(2089858483,b0f066a214c2f5e87bad3c948f4d605d)
Start importing Assets/XR/Animated Hands/Animations/Right Hand Animator.controller using Guid(3338dde1ae80a3b43826deca5c238356) Importer(2089858483,b0f066a214c2f5e87bad3c948f4d605d) (ScriptedImporter) -> (Import Result ID: '36590718e8a73a8424fe652ebaf2f226') in 0.0087056 seconds [static and dynamic dependencies]. Details - ImportResultOutputID=ace4904d3c25eae34f943fc900a2e5f8 DependenciesID=7382aa4019bddd36716de8a194d59382 StaticDependenciesID=7e9b79aa0b893af4108250e20fc41250 
Number of updated asset objects reloaded before import = 0Number of asset objects unloaded after import = 7

========================================================================
Received Import Request.
  Time since last request: 0.000027 seconds.
  path: Assets/HIVEMIND/CaveOfHiddenTomb/HDRP (Default)/Art/AllTextures1K/T_MI_Pillar_C_BC.png
  importAddress: Guid(abc00000000000382319579569572045) Importer(2089858483,b0f066a214c2f5e87bad3c948f4d605d)
Start importing Assets/HIVEMIND/CaveOfHiddenTomb/HDRP (Default)/Art/AllTextures1K/T_MI_Pillar_C_BC.png using Guid(abc00000000000382319579569572045) Importer(2089858483,b0f066a214c2f5e87bad3c948f4d605d) (ScriptedImporter) -> (Import Result ID: 'eb189971a76ae9e6fe489961cd7648ba') in 0.0161477 seconds [static and dynamic dependencies]. Details - ImportResultOutputID=a8209a9007608906a1fab6e2d1eea632 DependenciesID=14165279baacb856e9c1c299ddb4225e StaticDependenciesID=4819dc90efde4a95ac5c1005c009dcd8 
Number of updated asset objects reloaded before import = 0Number of asset objects unloaded after import = 1

========================================================================
Received Import Request.
  Time since last request: 0.000025 seconds.
  path: Assets/HIVEMIND/CaveOfHiddenTomb/HDRP (Default)/Art/AllTextures1K/T_MI_StonePattern_ORD02.png
  importAddress: Guid(abc00000000013849339848800884891) Importer(2089858483,b0f066a214c2f5e87bad3c948f4d605d)
Start importing Assets/HIVEMIND/CaveOfHiddenTomb/HDRP (Default)/Art/AllTextures1K/T_MI_StonePattern_ORD02.png using Guid(abc00000000013849339848800884891) Importer(2089858483,b0f066a214c2f5e87bad3c948f4d605d) (ScriptedImporter) -> (Import Result ID: '6f9587ab5de60b13afa8f678e14a6b26') in 0.0153787 seconds [static and dynamic dependencies]. Details - ImportResultOutputID=674639d05a28fc3568c73fbc6f2764a7 DependenciesID=a0d0b2f7437b9d6a153b86280144e98e StaticDependenciesID=d81135789dce57b4760397c43d0ee56d 
Number of updated asset objects reloaded before import = 0Number of asset objects unloaded after import = 1

========================================================================
Received Import Request.
  Time since last request: 0.000044 seconds.
  path: Assets/TripoModels/ancient_statue_3d_model_5/ancient_statue_3d_model_5.fbm/ancient_statue_3d_model_normal.JPEG
  importAddress: Guid(aacac1d0224751d4697be7a914b8e15a) Importer(2089858483,b0f066a214c2f5e87bad3c948f4d605d)
Start importing Assets/TripoModels/ancient_statue_3d_model_5/ancient_statue_3d_model_5.fbm/ancient_statue_3d_model_normal.JPEG using Guid(aacac1d0224751d4697be7a914b8e15a) Importer(2089858483,b0f066a214c2f5e87bad3c948f4d605d) (ScriptedImporter) -> (Import Result ID: '5dd9939d65677f4edc5cf49646c0bc49') in 0.0207587 seconds [static and dynamic dependencies]. Details - ImportResultOutputID=db54efe8ea008344ca95dd525ce7d7cb DependenciesID=aa1166571f1c9f01547f0090324e8653 StaticDependenciesID=973b5becbca9a634798a8db2a535f225 
Number of updated asset objects reloaded before import = 0Number of asset objects unloaded after import = 1

========================================================================
Received Import Request.
  Time since last request: 0.000027 seconds.
  path: Assets/SunboxGames/ModularDungeonCaves/Prefabs/Various/Lantern01.prefab
  importAddress: Guid(e6fea3b4c7f603f41a7ee447f1b07315) Importer(2089858483,e11c23a36db5f54750b8cd40eac0985b)
Start importing Assets/SunboxGames/ModularDungeonCaves/Prefabs/Various/Lantern01.prefab using Guid(e6fea3b4c7f603f41a7ee447f1b07315) Importer(2089858483,e11c23a36db5f54750b8cd40eac0985b) (ScriptedImporter) -> (Import Result ID: '4ca0881dcfe48dd8fdf07138483a9ddf') in 0.0477807 seconds [static and dynamic dependencies]. Details - ImportResultOutputID=ceb82d5429cc3b6ea630c3d4b8a95bc1 DependenciesID=0a0ea51121696083fe910bed0027d674 StaticDependenciesID=8a5d314f2fdf9e600b865a62b98d97db 
Number of updated asset objects reloaded before import = 0Number of asset objects unloaded after import = 51

========================================================================
Received Import Request.
  Time since last request: 0.000028 seconds.
  path: Assets/SunboxGames/ModularDungeonCaves/Prefabs/ModularPieces/SmallPlug_03.prefab
  importAddress: Guid(4159fe05afbd36a4fa45137190e4b374) Importer(2089858483,e11c23a36db5f54750b8cd40eac0985b)
Start importing Assets/SunboxGames/ModularDungeonCaves/Prefabs/ModularPieces/SmallPlug_03.prefab using Guid(4159fe05afbd36a4fa45137190e4b374) Importer(2089858483,e11c23a36db5f54750b8cd40eac0985b) (ScriptedImporter) -> (Import Result ID: '34f04ce43256bad3992b966b6da46024') in 0.0139441 seconds [static and dynamic dependencies]. Details - ImportResultOutputID=3bf766fb8eb565b383868697c7f9d7db DependenciesID=54fcdb33c1937d4c8c003d215109cee2 StaticDependenciesID=a355d8f82d01beae120068ebd747feda 
Number of updated asset objects reloaded before import = 0Number of asset objects unloaded after import = 15

========================================================================
Received Import Request.
  Time since last request: 0.000028 seconds.
  path: Assets/HIVEMIND/CaveOfHiddenTomb/HDRP (Default)/Art/AllTextures1K/T_StonePlate_Albedo.png
  importAddress: Guid(abc00000000005266645508424448838) Importer(2089858483,b0f066a214c2f5e87bad3c948f4d605d)
Start importing Assets/HIVEMIND/CaveOfHiddenTomb/HDRP (Default)/Art/AllTextures1K/T_StonePlate_Albedo.png using Guid(abc00000000005266645508424448838) Importer(2089858483,b0f066a214c2f5e87bad3c948f4d605d) (ScriptedImporter) -> (Import Result ID: '0f98c6dbd08f8accc78f2217c912103a') in 0.0082273 seconds [static and dynamic dependencies]. Details - ImportResultOutputID=8e74b106d339d7251f0bc13be2129b0b DependenciesID=79e6adbd9e7ee403bea2c86e8b4366cf StaticDependenciesID=bd9f13498a3749282cb4703983f5027b 
Number of updated asset objects reloaded before import = 0Number of asset objects unloaded after import = 1

========================================================================
Received Import Request.
  Time since last request: 0.000043 seconds.
  path: Assets/fog/Demo Assets/Unity Companion License/Particle Pack/Materials/Embers.mat
  importAddress: Guid(776677ab3818fb249adaca05f4e04545) Importer(2089858483,b0f066a214c2f5e87bad3c948f4d605d)
Start importing Assets/fog/Demo Assets/Unity Companion License/Particle Pack/Materials/Embers.mat using Guid(776677ab3818fb249adaca05f4e04545) Importer(2089858483,b0f066a214c2f5e87bad3c948f4d605d) (ScriptedImporter) -> (Import Result ID: '1ac539a872852668bc5dd89e869d8003') in 0.2212979 seconds [static and dynamic dependencies]. Details - ImportResultOutputID=a01cca2ba4d451065c9513ede9b3453c DependenciesID=65dd0672ff1851c3997bccc518c6e962 StaticDependenciesID=21d1e0d862dffa7e944bd57df209c562 
Number of updated asset objects reloaded before import = 0Number of asset objects unloaded after import = 8

========================================================================
Received Import Request.
  Time since last request: 0.000022 seconds.
  path: Assets/HIVEMIND/CaveOfHiddenTomb/HDRP (Default)/Art/Prefabs/SM_Ground_B.prefab
  importAddress: Guid(abc00000000012373722089889265507) Importer(2089858483,e11c23a36db5f54750b8cd40eac0985b)
Start importing Assets/HIVEMIND/CaveOfHiddenTomb/HDRP (Default)/Art/Prefabs/SM_Ground_B.prefab using Guid(abc00000000012373722089889265507) Importer(2089858483,e11c23a36db5f54750b8cd40eac0985b) (ScriptedImporter) -> (Import Result ID: 'f8a7aa054340159f2c67a1eed12bfbe0') in 0.0313884 seconds [static and dynamic dependencies]. Details - ImportResultOutputID=cd2974d7a439215fb5696ec78e4ce392 DependenciesID=4fd70c1e971f70a10136c64d9207282a StaticDependenciesID=b3f573a5adcd64e29b0c3b2d4c2635cd 
Number of updated asset objects reloaded before import = 0Number of asset objects unloaded after import = 33

========================================================================
Received Import Request.
  Time since last request: 0.000043 seconds.
  path: Assets/HIVEMIND/CaveOfHiddenTomb/HDRP (Default)/Art/Prefabs/SM_EuropeanBeech_S_01.prefab
  importAddress: Guid(abc00000000002995431709613086229) Importer(2089858483,e11c23a36db5f54750b8cd40eac0985b)
Start importing Assets/HIVEMIND/CaveOfHiddenTomb/HDRP (Default)/Art/Prefabs/SM_EuropeanBeech_S_01.prefab using Guid(abc00000000002995431709613086229) Importer(2089858483,e11c23a36db5f54750b8cd40eac0985b) (ScriptedImporter) -> (Import Result ID: 'df08dc920e0c871ffb29c79d1fb9151b') in 0.0244569 seconds [static and dynamic dependencies]. Details - ImportResultOutputID=01ece11d7795240857c7a9385d793964 DependenciesID=5c9ec89a0254523f0f2bd28ea3f0448d StaticDependenciesID=bc0a74e07bf3f58cabd0050605656ef9 
Number of updated asset objects reloaded before import = 0Number of asset objects unloaded after import = 33

========================================================================
Received Import Request.
  Time since last request: 0.000019 seconds.
  path: Assets/SunboxGames/ModularDungeonCaves/Prefabs/Mushrooms/Mushroom03_Brown.prefab
  importAddress: Guid(cf4659025cc94f140b23aee091aff2fd) Importer(2089858483,e11c23a36db5f54750b8cd40eac0985b)
Start importing Assets/SunboxGames/ModularDungeonCaves/Prefabs/Mushrooms/Mushroom03_Brown.prefab using Guid(cf4659025cc94f140b23aee091aff2fd) Importer(2089858483,e11c23a36db5f54750b8cd40eac0985b) (ScriptedImporter) -> (Import Result ID: '6122c3a255f3cdc9d7ec659f8f7dc67b') in 0.0100038 seconds [static and dynamic dependencies]. Details - ImportResultOutputID=899cdf6b49405ef8d17c6b42b5aab813 DependenciesID=1ad221b2bd7cdf8a632b79359c923f75 StaticDependenciesID=d102f9d70e71202136ab065762b3bf89 
Number of updated asset objects reloaded before import = 0Number of asset objects unloaded after import = 8

========================================================================
Received Import Request.
  Time since last request: 0.000023 seconds.
  path: Assets/TripoModels/xiugai1/shengxiang5/stone_goddess_statue_3d_model.fbm/tripo_model_metallic_Smoothness.png
  importAddress: Guid(8cbbcd22e559eb3428b06b36e24a2c80) Importer(2089858483,b0f066a214c2f5e87bad3c948f4d605d)
Start importing Assets/TripoModels/xiugai1/shengxiang5/stone_goddess_statue_3d_model.fbm/tripo_model_metallic_Smoothness.png using Guid(8cbbcd22e559eb3428b06b36e24a2c80) Importer(2089858483,b0f066a214c2f5e87bad3c948f4d605d) (ScriptedImporter) -> (Import Result ID: 'f40b6728a2413c796fef6003c718053d') in 0.0113455 seconds [static and dynamic dependencies]. Details - ImportResultOutputID=d043ac92ecddddab8c9379d846245ba3 DependenciesID=97bf011cd0fda3f4f15af20d339c16ee StaticDependenciesID=5bb70ee13c43e134e8eb78caf796dde3 
Number of updated asset objects reloaded before import = 0Number of asset objects unloaded after import = 1

Editor requested this worker to shutdown with reason: Scaling down because of idle timeout
AssetImportWorker is now disconnected from the server
Process exiting
Exiting without the bug reporter. Application will terminate with return code 0