[Licensing::Module] Trying to connect to existing licensing client channel...
Built from '6000.4/staging' branch; Version is '6000.4.6f1 (0b051c2e5d54) revision 722204'; Using compiler version '194234433'; Build Type 'Release'
[Licensing::IpcConnector] Successfully connected to: "LicenseClient-15490" at "2026-08-02T21:54:29.108954Z"
OS: 'Windows 11  (10.0.26200) CoreCountrySpecific' Language: 'zh' Physical Memory: 32212 MB
BatchMode: 1, IsHumanControllingUs: 0, StartBugReporterOnCrash: 0, Is64bit: 1
System  architecture: x64
Process architecture: x64
Date: 2026-08-02T21:54:29Z

COMMAND LINE ARGUMENTS:
D:\unity\Editor\Unity.exe
-adb2
-batchMode
-noUpm
-name
AssetImportWorker5
-projectPath
D:/Yin
-logFile
Logs/AssetImportWorker5.log
-srvPort
2613
-licensingIpc
LicenseClient-15490
-force-d3d12
-job-worker-count
11
-background-job-worker-count
8
-gc-helper-count
1
-name
AssetImport
Successfully changed project path to: D:/Yin
D:/Yin
[UnityMemory] Configuration Parameters - Can be set up in boot.config
    "memorysetup-temp-allocator-size-gi-baking-worker=262144"
    "memorysetup-temp-allocator-size-gi-baking-worker=262144"
    "memorysetup-temp-allocator-size-gi-baking-worker=262144"
    "memorysetup-temp-allocator-size-gi-baking-worker=262144"
    "memorysetup-temp-allocator-size-gi-baking-worker=262144"
    "memorysetup-temp-allocator-size-nav-mesh-worker=65536"
    "memorysetup-temp-allocator-size-audio-worker=65536"
    "memorysetup-temp-allocator-size-cloud-worker=32768"
    "memorysetup-temp-allocator-size-gfx=262144"
    "memorysetup-temp-allocator-size-preload-manager=33554432"
    "memorysetup-temp-allocator-size-job-worker=262144"
    "memorysetup-temp-allocator-size-background-worker=32768"
    "memorysetup-allocator-temp-initial-block-size-main=262144"
    "memorysetup-allocator-temp-initial-block-size-worker=262144"
    "memorysetup-bucket-allocator-granularity=16"
    "memorysetup-bucket-allocator-bucket-count=8"
    "memorysetup-bucket-allocator-block-size=33554432"
    "memorysetup-bucket-allocator-block-count=8"
    "memorysetup-main-allocator-block-size=16777216"
    "memorysetup-thread-allocator-block-size=16777216"
    "memorysetup-gfx-main-allocator-block-size=16777216"
    "memorysetup-gfx-thread-allocator-block-size=16777216"
    "memorysetup-cache-allocator-block-size=4194304"
    "memorysetup-typetree-allocator-block-size=2097152"
    "memorysetup-profiler-bucket-allocator-granularity=16"
    "memorysetup-profiler-bucket-allocator-bucket-count=8"
    "memorysetup-profiler-bucket-allocator-block-size=33554432"
    "memorysetup-profiler-bucket-allocator-block-count=8"
    "memorysetup-profiler-allocator-block-size=16777216"
    "memorysetup-profiler-editor-allocator-block-size=1048576"
    "memorysetup-temp-allocator-size-main=16777216"
    "memorysetup-job-temp-allocator-block-size=2097152"
    "memorysetup-job-temp-allocator-block-size-background=1048576"
    "memorysetup-job-temp-allocator-reduction-small-platforms=262144"
Player connection [20000]  Target information:

Player connection [20000]  * "[IP] 192.168.1.112 [Port] 0 [Flags] 2 [Guid] 1840108386 [EditorId] 1840108386 [Version] 1048832 [Id] WindowsEditor(7,9daY) [Debug] 1 [PackageName] WindowsEditor [ProjectName] Editor" 

Player connection [20000] Host joined multi-casting on [225.0.0.222:54997]...
Player connection [20000] Host joined alternative multi-casting on [225.0.0.222:34997]...
JobSystem: Creating JobQueue using job-worker-count value 11
Input System module state changed to: Initialized.
[Physics::Module] Initialized fallback backend.
[Physics::Module] Id: 0xdecafbad
Library Redirect Path: Library/
[Physics::Module] Selected backend.
[Physics::Module] Name: PhysX
[Physics::Module] Id: 0xf2b8ea05
[Physics::Module] SDK Version: 4.1.2
[Physics::Module] Integration Version: 1.0.0
[Physics::Module] Threading Mode: Multi-Threaded
Refreshing native plugins compatible for Editor in 24.64 ms, found 10 plugins.
Initialize engine version: 6000.4.6f1 (0b051c2e5d54)
[Subsystems] Discovering subsystems at path D:/unity/Editor/Data/Resources/UnitySubsystems
[Subsystems] Discovering subsystems at path D:/Yin/Assets
Forcing GfxDevice: Direct3D 12
GfxDevice: creating device client; kGfxThreadingModeNonThreaded
d3d12: failed to query info queue interface (0x80004002).
Direct3D:
    Version:         Direct3D 12 [level 12.2]
    Renderer:        NVIDIA GeForce RTX 5070 Laptop GPU (ID=0x2d58)
    Vendor:          NVIDIA
    VRAM:            7891 MB
    App VRAM Budget: 7123 MB
    Driver:          32.0.15.9608
Initialize mono
Mono path[0] = 'D:/unity/Editor/Data/Managed'
Mono path[1] = 'D:/unity/Editor/Data/MonoBleedingEdge/lib/mono/unityjit-win32'
Mono config path = 'D:/unity/Editor/Data/MonoBleedingEdge/etc'
Using monoOptions --debugger-agent=transport=dt_socket,embedding=1,server=y,suspend=n,address=127.0.0.1:56624
CodeReloadManager initialized
Begin MonoManager ReloadAssembly
Registering precompiled unity dll's ...
Register platform support module: D:/unity/Editor/Data/PlaybackEngines/WindowsStandaloneSupport/UnityEditor.WindowsStandalone.Extensions.dll
Registered in 0.001358 seconds.
[Licensing::Client] Error: HandshakeResponse reported an error:
	ResponseCode: 505
	ResponseStatus: Unsupported protocol version '1.18.1'.
[Licensing::Module] Error: Failed to handshake to channel: "LicenseClient-15490"
[Licensing::IpcConnector] LicenseClient-15490 channel disconnected successfully.
[Licensing::IpcConnector] Successfully connected to: "LicenseClient-15490-6000.4.6" at "2026-08-02T21:54:31.0608344Z"
[Licensing::Client] Code 10 while verifying Licensing Client signature (process Id: 36380, path: "D:/unity/Editor/Data/Resources/Licensing/Client/Unity.Licensing.Client.exe")
[Licensing::Module] LicensingClient has failed validation; ignoring
[Licensing::Client] Handshaking with LicensingClient:
  Version:                 1.18.1+9fbee8e
  Session Id:              538d52aade62485881ddbe00e2ddb1d8
  Correlation Id:          8f132c48ba833a145d04de9bbedf03ed
  External correlation Id: 2279038806549051138
  Machine Id:              DJWBFtPZt+einrVuex0hynKXsRc=
[Licensing::Module] Successfully connected to LicensingClient on channel: "LicenseClient-15490-6000.4.6" (connect: 0.00s, validation: 0.00s, handshake: 0.01s)
[Licensing::IpcConnector] Successfully connected to: "LicenseClient-15490-6000.4.6-notifications" at "2026-08-02T21:54:31.0712606Z"
[Licensing::Module] Licensing Background thread has ended after 1.96s
Native extension for WindowsStandalone target not found
Package Manager log level set to [2]
[Package Manager] Failed to launch server process. Reason: Unity was launched with the -noUpm command-line argument
[Package Manager] Unable to send message (not connected to server process).
[Package Manager] Cannot connect to Unity Package Manager local server
ScheduleIndexationOnStartup MainProcess:False IndexOnStartup:True
Mono: successfully reloaded assembly
- Finished resetting the current domain, in  0.350 seconds
Domain Reload Profiling: 807ms
	BeginReloadAssembly (156ms)
	RebuildCommonClasses (30ms)
	RebuildNativeTypeToScriptingClass (12ms)
	initialDomainReloadingComplete (58ms)
	LoadAllAssembliesAndSetupDomain (199ms)
		LoadAssemblies (155ms)
		AnalyzeDomain (190ms)
			TypeCache.Refresh (189ms)
				TypeCache.ScanAssembly (174ms)
	FinalizeReload (351ms)
		SetupLoadedEditorAssemblies (0ms)
			InitializePlatformSupportModulesInManaged (42ms)
			BeforeProcessingInitializeOnLoad (72ms)
			ProcessInitializeOnLoadAttributes (93ms)
			ProcessInitializeOnLoadMethodAttributes (72ms)
========================================================================
Worker process is ready to serve import requests
Import Worker Mode flag is 0x00
Begin MonoManager ReloadAssembly
[Licensing::Client] Successfully resolved entitlement details
[Licensing::Module] License group:
  Id: 5773964460127-UnityPersXXXX
  Product: Unity Personal
  Type: Assigned
  Expiration: Unlimited
Assembly Assembly-CSharp-Editor-firstpass.dll at Library/ScriptAssemblies/Assembly-CSharp-Editor-firstpass.dll not valid. Loading of assembly skipped.
Assembly Assembly-CSharp-firstpass.dll at Library/ScriptAssemblies/Assembly-CSharp-firstpass.dll not valid. Loading of assembly skipped.
Assembly DocCodeExamples.dll at Library/ScriptAssemblies/DocCodeExamples.dll not valid. Loading of assembly skipped.
Assembly TestNewCustomAssembly.dll at Library/ScriptAssemblies/TestNewCustomAssembly.dll not valid. Loading of assembly skipped.
Assembly Unity.Collections.BurstCompatibilityGen.dll at Library/ScriptAssemblies/Unity.Collections.BurstCompatibilityGen.dll not valid. Loading of assembly skipped.
Assembly Unity.Collections.DocCodeSamples.dll at Library/ScriptAssemblies/Unity.Collections.DocCodeSamples.dll not valid. Loading of assembly skipped.
Assembly Unity.Collections.PerformanceTests.dll at Library/ScriptAssemblies/Unity.Collections.PerformanceTests.dll not valid. Loading of assembly skipped.
Assembly Unity.Collections.Tests.dll at Library/ScriptAssemblies/Unity.Collections.Tests.dll not valid. Loading of assembly skipped.
Assembly Unity.Collections.Tests.Playmode.dll at Library/ScriptAssemblies/Unity.Collections.Tests.Playmode.dll not valid. Loading of assembly skipped.
Assembly Unity.InputSystem.IntegrationTests.dll at Library/ScriptAssemblies/Unity.InputSystem.IntegrationTests.dll not valid. Loading of assembly skipped.
Assembly Unity.Mathematics.Tests.dll at Library/ScriptAssemblies/Unity.Mathematics.Tests.dll not valid. Loading of assembly skipped.
Assembly Unity.Multiplayer.Center.Editor.Tests.dll at Library/ScriptAssemblies/Unity.Multiplayer.Center.Editor.Tests.dll not valid. Loading of assembly skipped.
Assembly Unity.Multiplayer.Center.Tests.dll at Library/ScriptAssemblies/Unity.Multiplayer.Center.Tests.dll not valid. Loading of assembly skipped.
Assembly Unity.Nuget.Mono-Cecil.dll at Library/ScriptAssemblies/Unity.Nuget.Mono-Cecil.dll not valid. Loading of assembly skipped.
Assembly Unity.PathTracing.Editor.Tests.dll at Library/ScriptAssemblies/Unity.PathTracing.Editor.Tests.dll not valid. Loading of assembly skipped.
Assembly Unity.PathTracing.Runtime.Tests.dll at Library/ScriptAssemblies/Unity.PathTracing.Runtime.Tests.dll not valid. Loading of assembly skipped.
Assembly Unity.RenderPipelines.Core.Editor.Tests.dll at Library/ScriptAssemblies/Unity.RenderPipelines.Core.Editor.Tests.dll not valid. Loading of assembly skipped.
Assembly Unity.RenderPipelines.Core.Runtime.Tests.dll at Library/ScriptAssemblies/Unity.RenderPipelines.Core.Runtime.Tests.dll not valid. Loading of assembly skipped.
Assembly Unity.RenderPipelines.Universal.Config.Editor.Tests.dll at Library/ScriptAssemblies/Unity.RenderPipelines.Universal.Config.Editor.Tests.dll not valid. Loading of assembly skipped.
Assembly Unity.RenderPipelines.Universal.Editor.Tests.dll at Library/ScriptAssemblies/Unity.RenderPipelines.Universal.Editor.Tests.dll not valid. Loading of assembly skipped.
Assembly Unity.RenderPipelines.Universal.Runtime.Tests.dll at Library/ScriptAssemblies/Unity.RenderPipelines.Universal.Runtime.Tests.dll not valid. Loading of assembly skipped.
Assembly Unity.Searcher.EditorTests.dll at Library/ScriptAssemblies/Unity.Searcher.EditorTests.dll not valid. Loading of assembly skipped.
Assembly Unity.ShaderGraph.Editor.Tests.dll at Library/ScriptAssemblies/Unity.ShaderGraph.Editor.Tests.dll not valid. Loading of assembly skipped.
Assembly Unity.TextMeshPro.Editor.Tests.dll at Library/ScriptAssemblies/Unity.TextMeshPro.Editor.Tests.dll not valid. Loading of assembly skipped.
Assembly Unity.TextMeshPro.Tests.dll at Library/ScriptAssemblies/Unity.TextMeshPro.Tests.dll not valid. Loading of assembly skipped.
Assembly Unity.UnifiedRayTracing.Editor.Tests.dll at Library/ScriptAssemblies/Unity.UnifiedRayTracing.Editor.Tests.dll not valid. Loading of assembly skipped.
Assembly Unity.XR.CoreUtils.CodeSamples.Tests.dll at Library/ScriptAssemblies/Unity.XR.CoreUtils.CodeSamples.Tests.dll not valid. Loading of assembly skipped.
Assembly Unity.XR.CoreUtils.Editor.Tests.dll at Library/ScriptAssemblies/Unity.XR.CoreUtils.Editor.Tests.dll not valid. Loading of assembly skipped.
Assembly Unity.XR.CoreUtils.Tests.dll at Library/ScriptAssemblies/Unity.XR.CoreUtils.Tests.dll not valid. Loading of assembly skipped.
Assembly Unity.XR.Interaction.Toolkit.Editor.Tests.dll at Library/ScriptAssemblies/Unity.XR.Interaction.Toolkit.Editor.Tests.dll not valid. Loading of assembly skipped.
Assembly Unity.XR.Interaction.Toolkit.Tests.dll at Library/ScriptAssemblies/Unity.XR.Interaction.Toolkit.Tests.dll not valid. Loading of assembly skipped.
Assembly Unity.XR.Management.EditorTests.dll at Library/ScriptAssemblies/Unity.XR.Management.EditorTests.dll not valid. Loading of assembly skipped.
Assembly Unity.XR.Management.TestPackage.dll at Library/ScriptAssemblies/Unity.XR.Management.TestPackage.dll not valid. Loading of assembly skipped.
Assembly Unity.XR.Management.TestPackage.Editor.dll at Library/ScriptAssemblies/Unity.XR.Management.TestPackage.Editor.dll not valid. Loading of assembly skipped.
Assembly Unity.XR.Management.Tests.dll at Library/ScriptAssemblies/Unity.XR.Management.Tests.dll not valid. Loading of assembly skipped.
Assembly Unity.XR.Management.Tests.Standalone.dll at Library/ScriptAssemblies/Unity.XR.Management.Tests.Standalone.dll not valid. Loading of assembly skipped.
Assembly Unity.XR.OpenXR.Editor.Tests.dll at Library/ScriptAssemblies/Unity.XR.OpenXR.Editor.Tests.dll not valid. Loading of assembly skipped.
Assembly Unity.XR.OpenXR.Tests.dll at Library/ScriptAssemblies/Unity.XR.OpenXR.Tests.dll not valid. Loading of assembly skipped.
Assembly Unity.XR.OpenXR.Ubuntu.Tests.dll at Library/ScriptAssemblies/Unity.XR.OpenXR.Ubuntu.Tests.dll not valid. Loading of assembly skipped.
Assembly Unity.XR.TestSupport.dll at Library/ScriptAssemblies/Unity.XR.TestSupport.dll not valid. Loading of assembly skipped.
Assembly UnityEditor.UI.Common.Tests.dll at Library/ScriptAssemblies/UnityEditor.UI.Common.Tests.dll not valid. Loading of assembly skipped.
Assembly UnityEditor.UI.EditorTests.dll at Library/ScriptAssemblies/UnityEditor.UI.EditorTests.dll not valid. Loading of assembly skipped.
Assembly UnityEditor.XR.LegacyInputHelpers.Tests.dll at Library/ScriptAssemblies/UnityEditor.XR.LegacyInputHelpers.Tests.dll not valid. Loading of assembly skipped.
Assembly UnityEngine.SpatialTracking.Tests.dll at Library/ScriptAssemblies/UnityEngine.SpatialTracking.Tests.dll not valid. Loading of assembly skipped.
Assembly UnityEngine.UI.Tests.dll at Library/ScriptAssemblies/UnityEngine.UI.Tests.dll not valid. Loading of assembly skipped.
Assembly UnityEngine.XR.OpenXR.CodeSamples.Editor.Tests.dll at Library/ScriptAssemblies/UnityEngine.XR.OpenXR.CodeSamples.Editor.Tests.dll not valid. Loading of assembly skipped.
Refreshing native plugins compatible for Editor in 7.30 ms, found 10 plugins.
Native extension for WindowsStandalone target not found
[Package Manager] Failed to launch server process. Reason: Unity was launched with the -noUpm command-line argument
[Package Manager] Unable to send message (not connected to server process).
[Package Manager] Cannot connect to Unity Package Manager local server
Refreshing native plugins compatible for Editor in 5.53 ms, found 10 plugins.
[Package Manager] Failed to launch server process. Reason: Unity was launched with the -noUpm command-line argument
[Package Manager] Unable to send message (not connected to server process).
[Package Manager] Cannot connect to Unity Package Manager local server
ScheduleIndexationOnStartup MainProcess:False IndexOnStartup:True
Mono: successfully reloaded assembly
[Package Manager] Failed to launch server process. Reason: Unity was launched with the -noUpm command-line argument
[Package Manager] Unable to send message (not connected to server process).
[Package Manager] Cannot connect to Unity Package Manager local server
[Package Manager] Failed to launch server process. Reason: Unity was launched with the -noUpm command-line argument
[Package Manager] Unable to send message (not connected to server process).
[Package Manager] Cannot connect to Unity Package Manager local server
- Finished resetting the current domain, in  0.943 seconds
Domain Reload Profiling: 1783ms
	BeginReloadAssembly (188ms)
		DisableScriptedObjects (4ms)
		CreateAndSetChildDomain (34ms)
	RebuildCommonClasses (38ms)
	RebuildNativeTypeToScriptingClass (12ms)
	initialDomainReloadingComplete (76ms)
	LoadAllAssembliesAndSetupDomain (525ms)
		LoadAssemblies (375ms)
		AnalyzeDomain (257ms)
			TypeCache.Refresh (184ms)
				TypeCache.ScanAssembly (164ms)
			BuildScriptInfoCaches (55ms)
			ResolveRequiredComponents (15ms)
	FinalizeReload (944ms)
		SetupLoadedEditorAssemblies (0ms)
			BeforeProcessingInitializeOnLoad (130ms)
			ProcessInitializeOnLoadAttributes (459ms)
			ProcessInitializeOnLoadMethodAttributes (118ms)
		AwakeInstancesAfterBackupRestoration (6ms)
Launched and connected shader compiler UnityShaderCompiler.exe after 0.01 seconds
Refreshing native plugins compatible for Editor in 6.77 ms, found 10 plugins.
Unloading 24 Unused Serialized files (Serialized files now loaded: 0)
Unloading 7687 unused Assets / (6.9 MB). Loaded Objects now: 8527.
Memory consumption went from 180.5 MB to 173.7 MB.
Total: 10.864000 ms (FindLiveObjects: 0.973000 ms CreateObjectMapping: 0.945700 ms MarkObjects: 5.256100 ms  DeleteObjects: 3.685400 ms)

========================================================================
Received Import Request.
  Time since last request: 27421.988635 seconds.
  path: Assets/materials/New Material 2.mat
  importAddress: Guid(608191829e6947d419bb04ea145625ba) Importer(2089858483,b0f066a214c2f5e87bad3c948f4d605d)
Start importing Assets/materials/New Material 2.mat using Guid(608191829e6947d419bb04ea145625ba) Importer(2089858483,b0f066a214c2f5e87bad3c948f4d605d) (ScriptedImporter) -> (Import Result ID: '1f8b6b5b4bf9395bca34a4ebe622ad4a') in 0.0789695 seconds [static and dynamic dependencies]. Details - ImportResultOutputID=2013831614c856e10ee5a70fb1562401 DependenciesID=378acefa79f96b67eb05313e6ddde8ba StaticDependenciesID=1d6fc05f913ad3b5d871f9a6d7a86623 
Number of updated asset objects reloaded before import = 0Number of asset objects unloaded after import = 1

========================================================================
Received Import Request.
  Time since last request: 0.000026 seconds.
  path: Assets/Textures/dead_tree_trunk_diff_4k.jpg
  importAddress: Guid(5f05695475d77f2498c05839d7000acc) Importer(2089858483,b0f066a214c2f5e87bad3c948f4d605d)
Start importing Assets/Textures/dead_tree_trunk_diff_4k.jpg using Guid(5f05695475d77f2498c05839d7000acc) Importer(2089858483,b0f066a214c2f5e87bad3c948f4d605d) (ScriptedImporter) -> (Import Result ID: 'e3146dfc5696104277c5d4df614750c7') in 0.0377394 seconds [static and dynamic dependencies]. Details - ImportResultOutputID=2fd56361d4b10731b884d181e3b33cc0 DependenciesID=6f56ce9cec4d28808625aa4254fc2999 StaticDependenciesID=32bdd70ef2a5c980646a883998a268ac 
Number of updated asset objects reloaded before import = 0Number of asset objects unloaded after import = 1

========================================================================
Received Import Request.
  Time since last request: 0.000018 seconds.
  path: Assets/animation/5_/Neutral Idle.fbx
  importAddress: Guid(00c1e95d6154aae429c19a57f3316b11) Importer(2089858483,b0f066a214c2f5e87bad3c948f4d605d)
Start importing Assets/animation/5_/Neutral Idle.fbx using Guid(00c1e95d6154aae429c19a57f3316b11) Importer(2089858483,b0f066a214c2f5e87bad3c948f4d605d) (ScriptedImporter) -> (Import Result ID: '124dc37e30f95d70ea75482b009ac7f5') in 0.0509735 seconds [static and dynamic dependencies]. Details - ImportResultOutputID=52147493a377d1033f5e0c0cb8d3c044 DependenciesID=3ea9164968f2f50dcfc341fc9d26675c StaticDependenciesID=9a89b3de5eae0c758c357d7ba5333acc 
Number of updated asset objects reloaded before import = 0Number of asset objects unloaded after import = 168

========================================================================
Received Import Request.
  Time since last request: 0.000021 seconds.
  path: Assets/Scripts/FireCrackTrigger.cs
  importAddress: Guid(400d06a5975d32a4b8870f1dffd8de24) Importer(2089858483,b0f066a214c2f5e87bad3c948f4d605d)
Start importing Assets/Scripts/FireCrackTrigger.cs using Guid(400d06a5975d32a4b8870f1dffd8de24) Importer(2089858483,b0f066a214c2f5e87bad3c948f4d605d) (ScriptedImporter) -> (Import Result ID: 'c612ebb00041e169610ca13c89fe4bd8') in 0.003712 seconds [static and dynamic dependencies]. Details - ImportResultOutputID=f9b1a0aed92f6f2a221edb29d66602f5 DependenciesID=24fdc23ccf2b8028f37ee884cfd8248f StaticDependenciesID=39a7c42285738d23c3bdcb0269cee5c9 
Number of updated asset objects reloaded before import = 0Number of asset objects unloaded after import = 0

========================================================================
Received Import Request.
  Time since last request: 0.000036 seconds.
  path: Assets/Script/TimelineSceneLoader.cs
  importAddress: Guid(b362b5a50a7c2914bb3b7b913f6cb1cf) Importer(2089858483,b0f066a214c2f5e87bad3c948f4d605d)
Start importing Assets/Script/TimelineSceneLoader.cs using Guid(b362b5a50a7c2914bb3b7b913f6cb1cf) Importer(2089858483,b0f066a214c2f5e87bad3c948f4d605d) (ScriptedImporter) -> (Import Result ID: '63f3a43a17969799998eb40f346bee51') in 0.002982 seconds [static and dynamic dependencies]. Details - ImportResultOutputID=c6a842fbaecf504859da1f6f362f3e91 DependenciesID=35b7ed829f11aa727acff53bd1522137 StaticDependenciesID=95b6c4978de1709f405d64d34b267466 
Number of updated asset objects reloaded before import = 0Number of asset objects unloaded after import = 0

========================================================================
Received Import Request.
  Time since last request: 0.000024 seconds.
  path: Assets/animation/5_/idle.controller
  importAddress: Guid(3b00af09f8c51ed44bf06c89c7bf25ca) Importer(2089858483,b0f066a214c2f5e87bad3c948f4d605d)
Start importing Assets/animation/5_/idle.controller using Guid(3b00af09f8c51ed44bf06c89c7bf25ca) Importer(2089858483,b0f066a214c2f5e87bad3c948f4d605d) (ScriptedImporter) -> (Import Result ID: '429afd3ea33647b603d3909297e53578') in 0.0065748 seconds [static and dynamic dependencies]. Details - ImportResultOutputID=e13d19a1f6d386bd1643be306f2f258c DependenciesID=4ef6a5ebdb96f0c771624a0029745d4d StaticDependenciesID=7c56030c66d1aa70fef0a3a1eb9de4a2 
Number of updated asset objects reloaded before import = 0Number of asset objects unloaded after import = 4

========================================================================
Received Import Request.
  Time since last request: 0.000022 seconds.
  path: Assets/Settings/SampleSceneProfile.asset
  importAddress: Guid(10fc4df2da32a41aaa32d77bc913491c) Importer(2089858483,b0f066a214c2f5e87bad3c948f4d605d)
Start importing Assets/Settings/SampleSceneProfile.asset using Guid(10fc4df2da32a41aaa32d77bc913491c) Importer(2089858483,b0f066a214c2f5e87bad3c948f4d605d) (ScriptedImporter) -> (Import Result ID: 'c0b1c5cd6704fc12db87a7c14ddc2139') in 0.0059447 seconds [static and dynamic dependencies]. Details - ImportResultOutputID=2143165dfde0c1a1dd1962cb11569cf1 DependenciesID=0e70338bbed36b9ded0ba16b5015ea39 StaticDependenciesID=86e3ab624df47bc93621d2a05b042c79 
Number of updated asset objects reloaded before import = 0Number of asset objects unloaded after import = 1

========================================================================
Received Import Request.
  Time since last request: 0.000018 seconds.
  path: Assets/sky.mat
  importAddress: Guid(05ebc012ea2481748b94645d11da76f2) Importer(2089858483,b0f066a214c2f5e87bad3c948f4d605d)
Start importing Assets/sky.mat using Guid(05ebc012ea2481748b94645d11da76f2) Importer(2089858483,b0f066a214c2f5e87bad3c948f4d605d) (ScriptedImporter) -> (Import Result ID: '0258b07e116a56232464c80cee2e0312') in 0.005119 seconds [static and dynamic dependencies]. Details - ImportResultOutputID=a01fdcf3bc40f49a588b2807ba083a08 DependenciesID=60b5422ed43f603a1428c05b58de28a4 StaticDependenciesID=deba9a645ac66e76c60b29daafb288dc 
Number of updated asset objects reloaded before import = 0Number of asset objects unloaded after import = 1

========================================================================
Received Import Request.
  Time since last request: 0.000018 seconds.
  path: Assets/materials/铜钺.mat
  importAddress: Guid(d31bbc71179707b458db510d6c707480) Importer(2089858483,b0f066a214c2f5e87bad3c948f4d605d)
Start importing Assets/materials/铜钺.mat using Guid(d31bbc71179707b458db510d6c707480) Importer(2089858483,b0f066a214c2f5e87bad3c948f4d605d) (ScriptedImporter) -> (Import Result ID: 'c4d2b1c4fd42da1dbd666099516b5127') in 0.0056104 seconds [static and dynamic dependencies]. Details - ImportResultOutputID=4b735ef5c8194fab912d522567014b49 DependenciesID=450eff67ee4a28942de3985962c3b6b7 StaticDependenciesID=1807c5afdc62688170927721adef74c1 
Number of updated asset objects reloaded before import = 0Number of asset objects unloaded after import = 1

========================================================================
Received Import Request.
  Time since last request: 0.000017 seconds.
  path: Assets/materials/maocao.mat
  importAddress: Guid(4e548d3675b25694cbada4d110e3fd93) Importer(2089858483,b0f066a214c2f5e87bad3c948f4d605d)
Start importing Assets/materials/maocao.mat using Guid(4e548d3675b25694cbada4d110e3fd93) Importer(2089858483,b0f066a214c2f5e87bad3c948f4d605d) (ScriptedImporter) -> (Import Result ID: '7ec4995e47c05dcd9c2c7dc23e49e7af') in 0.004142 seconds [static and dynamic dependencies]. Details - ImportResultOutputID=e997a6335ed7602daf9f7f53b309adb5 DependenciesID=294c612c6f349c49163f21000b3908b8 StaticDependenciesID=c4fd76982c530cc858654c8610807904 
Number of updated asset objects reloaded before import = 0Number of asset objects unloaded after import = 1

========================================================================
Received Import Request.
  Time since last request: 0.000019 seconds.
  path: Assets/PL_CaveofHiddenTombSettings.lighting
  importAddress: Guid(fbfa9dd1b1c2dc74990eb6be8fc310c8) Importer(2089858483,b0f066a214c2f5e87bad3c948f4d605d)
Start importing Assets/PL_CaveofHiddenTombSettings.lighting using Guid(fbfa9dd1b1c2dc74990eb6be8fc310c8) Importer(2089858483,b0f066a214c2f5e87bad3c948f4d605d) (ScriptedImporter)LightingSettings: switching bake backend from 2 to 1.
 -> (Import Result ID: '611d393ecf9854aab51b714f52ee476d') in 0.0090949 seconds [static and dynamic dependencies]. Details - ImportResultOutputID=bbf31a93d04e9e814eb14387da545fad DependenciesID=dd0508ab3b3e4a20bceab5b0776b6e0b StaticDependenciesID=814543090aad581e219338cc60b7d171 
Number of updated asset objects reloaded before import = 0Number of asset objects unloaded after import = 1

========================================================================
Received Import Request.
  Time since last request: 0.000037 seconds.
  path: Assets/audio 1/character_voicec/w3.wav
  importAddress: Guid(f2fa023f33b107b448bb215244351dee) Importer(2089858483,b0f066a214c2f5e87bad3c948f4d605d)
Start importing Assets/audio 1/character_voicec/w3.wav using Guid(f2fa023f33b107b448bb215244351dee) Importer(2089858483,b0f066a214c2f5e87bad3c948f4d605d) (ScriptedImporter) -> (Import Result ID: 'f51cd281db72d67f21dd7787633f287f') in 0.0070961 seconds [static and dynamic dependencies]. Details - ImportResultOutputID=f10d2f2a92518dd9e3b44c56d9f2d13e DependenciesID=f6814cb8c610482ddc1cb58f46037add StaticDependenciesID=67487da48459dc8f7e6ef6119ab39f7f 
Number of updated asset objects reloaded before import = 0Number of asset objects unloaded after import = 1

========================================================================
Received Import Request.
  Time since last request: 0.000019 seconds.
  path: Assets/Resources/玄鸟火盆.fbx
  importAddress: Guid(acd15c0be49238a4a99a9b311c65aa27) Importer(2089858483,b0f066a214c2f5e87bad3c948f4d605d)
Start importing Assets/Resources/玄鸟火盆.fbx using Guid(acd15c0be49238a4a99a9b311c65aa27) Importer(2089858483,b0f066a214c2f5e87bad3c948f4d605d) (ScriptedImporter) -> (Import Result ID: 'fc49bd1c5a7a5f46070fbfff6b2b3d13') in 0.0328382 seconds [static and dynamic dependencies]. Details - ImportResultOutputID=7100a21f4a6f36004c88f4a0d4f8d72d DependenciesID=eda28bbd044944a220cb3154c29e6882 StaticDependenciesID=f3c87e3bdedf71535580cc1b538f0bd0 
Number of updated asset objects reloaded before import = 0Number of asset objects unloaded after import = 8

========================================================================
Received Import Request.
  Time since last request: 0.000018 seconds.
  path: Assets/audio 1/space_sound/手挖沙子.wav
  importAddress: Guid(c90fafe8ca5708f4fbc918281a611416) Importer(2089858483,b0f066a214c2f5e87bad3c948f4d605d)
Start importing Assets/audio 1/space_sound/手挖沙子.wav using Guid(c90fafe8ca5708f4fbc918281a611416) Importer(2089858483,b0f066a214c2f5e87bad3c948f4d605d) (ScriptedImporter) -> (Import Result ID: 'ce42d36e8446c70c9f3eb38c81db2486') in 0.0041299 seconds [static and dynamic dependencies]. Details - ImportResultOutputID=b093b2381b03c0420f640b14deceb7bb DependenciesID=95f1bd99a211006bdf8e686723533f9e StaticDependenciesID=b584cb86accaadee5bf21df9cc220434 
Number of updated asset objects reloaded before import = 0Number of asset objects unloaded after import = 1

========================================================================
Received Import Request.
  Time since last request: 0.000020 seconds.
  path: Assets/audio 1/tomb/2第二章bgm.wav
  importAddress: Guid(4e3356ed1f6c7134196ab172d3e73b0c) Importer(2089858483,b0f066a214c2f5e87bad3c948f4d605d)
Start importing Assets/audio 1/tomb/2第二章bgm.wav using Guid(4e3356ed1f6c7134196ab172d3e73b0c) Importer(2089858483,b0f066a214c2f5e87bad3c948f4d605d) (ScriptedImporter) -> (Import Result ID: '947a6a44d1fa8c1972476551deba6c3c') in 0.0041443 seconds [static and dynamic dependencies]. Details - ImportResultOutputID=7cc52b2c7964bbeddaa5b9d9344bf5c9 DependenciesID=255bc64ef2befc918bc66a79bd27c6f4 StaticDependenciesID=c6620d0b6cb0daabb3d4d643fa24e0be 
Number of updated asset objects reloaded before import = 0Number of asset objects unloaded after import = 1

========================================================================
Received Import Request.
  Time since last request: 0.000020 seconds.
  path: Assets/audio 1/space_sound/挖土.wav
  importAddress: Guid(0698b5d8199b7094cbface800473f79a) Importer(2089858483,b0f066a214c2f5e87bad3c948f4d605d)
Start importing Assets/audio 1/space_sound/挖土.wav using Guid(0698b5d8199b7094cbface800473f79a) Importer(2089858483,b0f066a214c2f5e87bad3c948f4d605d) (ScriptedImporter) -> (Import Result ID: 'afae7eba22cec9c41b238f326ea4405c') in 0.0039173 seconds [static and dynamic dependencies]. Details - ImportResultOutputID=d2a1f31618ad7a5b951ef9ac23b8e0c3 DependenciesID=b97fa0fba3edd53bcb9e4cc2d8873f9b StaticDependenciesID=f62759a781259ca8293986cbc423f081 
Number of updated asset objects reloaded before import = 0Number of asset objects unloaded after import = 1

========================================================================
Received Import Request.
  Time since last request: 0.000030 seconds.
  path: Assets/Ian's Fire Pack Universal/Scripts/TileAnimation.cs
  importAddress: Guid(648143e2c7db84ef192fcfa75816ec6c) Importer(2089858483,b0f066a214c2f5e87bad3c948f4d605d)
Start importing Assets/Ian's Fire Pack Universal/Scripts/TileAnimation.cs using Guid(648143e2c7db84ef192fcfa75816ec6c) Importer(2089858483,b0f066a214c2f5e87bad3c948f4d605d) (ScriptedImporter) -> (Import Result ID: '58664a9a6f9735fa7672d66182fff4f4') in 0.0038553 seconds [static and dynamic dependencies]. Details - ImportResultOutputID=3b8062c95d7784bfafff4e499c2ad052 DependenciesID=6e9e33ea1cb56f01bc5adb5ae65f87a9 StaticDependenciesID=28d4b8cd2539b64de4a902970fa55fb8 
Number of updated asset objects reloaded before import = 0Number of asset objects unloaded after import = 0

========================================================================
Received Import Request.
  Time since last request: 0.000034 seconds.
  path: Assets/audio 1/space_sound/风声乌鸦声 氛围感强但有车声.mp3
  importAddress: Guid(c143927117f0e864aabde1cac18cdb8a) Importer(2089858483,b0f066a214c2f5e87bad3c948f4d605d)
Start importing Assets/audio 1/space_sound/风声乌鸦声 氛围感强但有车声.mp3 using Guid(c143927117f0e864aabde1cac18cdb8a) Importer(2089858483,b0f066a214c2f5e87bad3c948f4d605d) (ScriptedImporter) -> (Import Result ID: '2f10c0f19e0d8132c65684654e1e5d6b') in 0.0036414 seconds [static and dynamic dependencies]. Details - ImportResultOutputID=1033bddf5ee9e98e3462c0f21eeaa89f DependenciesID=38628590b997a46204011b5b96b854b9 StaticDependenciesID=b792c3d6e25a0305430662c258388982 
Number of updated asset objects reloaded before import = 0Number of asset objects unloaded after import = 1

========================================================================
Received Import Request.
  Time since last request: 0.000017 seconds.
  path: Assets/audio 1/space_sound/狗叫.wav
  importAddress: Guid(c30fb76f735ecad409c418a20b579db3) Importer(2089858483,b0f066a214c2f5e87bad3c948f4d605d)
Start importing Assets/audio 1/space_sound/狗叫.wav using Guid(c30fb76f735ecad409c418a20b579db3) Importer(2089858483,b0f066a214c2f5e87bad3c948f4d605d) (ScriptedImporter) -> (Import Result ID: 'cde9f3fea939b011b888f3f54920ce0a') in 0.0041928 seconds [static and dynamic dependencies]. Details - ImportResultOutputID=d5a8a40c1b3d60da0876b9b87ef11492 DependenciesID=4345984e0ed72c9068e34565df976fbc StaticDependenciesID=23e854f8afaa307451446b80da1769b4 
Number of updated asset objects reloaded before import = 0Number of asset objects unloaded after import = 1

========================================================================
Received Import Request.
  Time since last request: 0.000017 seconds.
  path: Assets/audio 1/tomb/8刷子声 长.wav
  importAddress: Guid(1a087318f008a8641bb6ccec9e87bfa8) Importer(2089858483,b0f066a214c2f5e87bad3c948f4d605d)
Start importing Assets/audio 1/tomb/8刷子声 长.wav using Guid(1a087318f008a8641bb6ccec9e87bfa8) Importer(2089858483,b0f066a214c2f5e87bad3c948f4d605d) (ScriptedImporter) -> (Import Result ID: 'd498af71467ef4008febf30e6b30a363') in 0.0040766 seconds [static and dynamic dependencies]. Details - ImportResultOutputID=c45063ce82927ab104c2863d60111edd DependenciesID=bee8bac602af252afb59764982844e4e StaticDependenciesID=6716bb98a3e0876f95394895e01447fb 
Number of updated asset objects reloaded before import = 0Number of asset objects unloaded after import = 1

========================================================================
Received Import Request.
  Time since last request: 0.000016 seconds.
  path: Assets/audio 1/space_sound/The Jade Silence.mp3
  importAddress: Guid(2f240db0eeb723b49aaacfa1add2f966) Importer(2089858483,b0f066a214c2f5e87bad3c948f4d605d)
Start importing Assets/audio 1/space_sound/The Jade Silence.mp3 using Guid(2f240db0eeb723b49aaacfa1add2f966) Importer(2089858483,b0f066a214c2f5e87bad3c948f4d605d) (ScriptedImporter) -> (Import Result ID: '860310c648ba22389cb9f91b60a6d260') in 0.0044286 seconds [static and dynamic dependencies]. Details - ImportResultOutputID=218e3b78d4df2d47696c94d35d4979a7 DependenciesID=d8fbfc7b3f817f226ad72ee9d8384a5e StaticDependenciesID=1c8021ac97dd2a1d2b25115c17bbb7fe 
Number of updated asset objects reloaded before import = 0Number of asset objects unloaded after import = 1

========================================================================
Received Import Request.
  Time since last request: 0.000017 seconds.
  path: Assets/Textures/Mat3d66_15132010_13_22806.jpg
  importAddress: Guid(0ff1120a6a4a72344ac8456f5367c630) Importer(2089858483,b0f066a214c2f5e87bad3c948f4d605d)
Start importing Assets/Textures/Mat3d66_15132010_13_22806.jpg using Guid(0ff1120a6a4a72344ac8456f5367c630) Importer(2089858483,b0f066a214c2f5e87bad3c948f4d605d) (ScriptedImporter) -> (Import Result ID: '2501441abdc2f38853d68185401579b3') in 0.0069987 seconds [static and dynamic dependencies]. Details - ImportResultOutputID=618cfcb39e50b2496e4b8f3fd6f345bf DependenciesID=d986728cab67757f873473798bdf15b0 StaticDependenciesID=ab4ef2d7efafd171a600105155a9b9c2 
Number of updated asset objects reloaded before import = 0Number of asset objects unloaded after import = 1

========================================================================
Received Import Request.
  Time since last request: 0.000019 seconds.
  path: Assets/Readme.asset
  importAddress: Guid(8105016687592461f977c054a80ce2f2) Importer(2089858483,b0f066a214c2f5e87bad3c948f4d605d)
Start importing Assets/Readme.asset using Guid(8105016687592461f977c054a80ce2f2) Importer(2089858483,b0f066a214c2f5e87bad3c948f4d605d) (ScriptedImporter) -> (Import Result ID: 'c24f617c3b454dc8a294ead36b739289') in 0.0140367 seconds [static and dynamic dependencies]. Details - ImportResultOutputID=9349808bbf3fff589cd8fc3711b7d329 DependenciesID=0334e152013890af7e25953b309a1b16 StaticDependenciesID=aea6e1cd556bfcdd983c43da83a41dd0 
Number of updated asset objects reloaded before import = 0Number of asset objects unloaded after import = 2

========================================================================
Received Import Request.
  Time since last request: 0.000028 seconds.
  path: Assets/audio 1/shenmiao/The Jade Silence.mp3
  importAddress: Guid(bb716578d20eae14a8873ef03518b174) Importer(2089858483,b0f066a214c2f5e87bad3c948f4d605d)
Start importing Assets/audio 1/shenmiao/The Jade Silence.mp3 using Guid(bb716578d20eae14a8873ef03518b174) Importer(2089858483,b0f066a214c2f5e87bad3c948f4d605d) (ScriptedImporter) -> (Import Result ID: '9c1c170a2a5ea3abccaf3a38c872c98c') in 0.0055034 seconds [static and dynamic dependencies]. Details - ImportResultOutputID=6d10eba6fd06c38d36666fc4316d95d6 DependenciesID=ebb632538e4624da184531e5345f2467 StaticDependenciesID=9d345c0346a3caa858ce285d63c6e972 
Number of updated asset objects reloaded before import = 0Number of asset objects unloaded after import = 1

========================================================================
Received Import Request.
  Time since last request: 0.000032 seconds.
  path: Assets/Textures/Mat3d66_15132010_11_43945.jpg
  importAddress: Guid(607db9a0789c42a458da9007d1515a9a) Importer(2089858483,b0f066a214c2f5e87bad3c948f4d605d)
Start importing Assets/Textures/Mat3d66_15132010_11_43945.jpg using Guid(607db9a0789c42a458da9007d1515a9a) Importer(2089858483,b0f066a214c2f5e87bad3c948f4d605d) (ScriptedImporter) -> (Import Result ID: '725b9ebb95ab3677c6d126ba20a204b7') in 0.0081257 seconds [static and dynamic dependencies]. Details - ImportResultOutputID=db52da2f1a944c76f31343799000935a DependenciesID=42e3d1b6fef2cf24e480a5ea8ef42fd2 StaticDependenciesID=1a286c44fdb3491afc1dacc854bdfbcf 
Number of updated asset objects reloaded before import = 0Number of asset objects unloaded after import = 1

========================================================================
Received Import Request.
  Time since last request: 0.000018 seconds.
  path: Assets/audio 1/shenmiao/独白14(2).wav
  importAddress: Guid(66460982aa3d8a64cb80798a9f6eb423) Importer(2089858483,b0f066a214c2f5e87bad3c948f4d605d)
Start importing Assets/audio 1/shenmiao/独白14(2).wav using Guid(66460982aa3d8a64cb80798a9f6eb423) Importer(2089858483,b0f066a214c2f5e87bad3c948f4d605d) (ScriptedImporter) -> (Import Result ID: '07d27e4e08e2056701f1311247c4c610') in 0.0034217 seconds [static and dynamic dependencies]. Details - ImportResultOutputID=f3c82096e87eeda0a48647018b8f9d2c DependenciesID=a12e8360cfaea340a568ba6c5c0997aa StaticDependenciesID=fbc83d995f6068ae55d691bd5625de9e 
Number of updated asset objects reloaded before import = 0Number of asset objects unloaded after import = 1

========================================================================
Received Import Request.
  Time since last request: 0.000019 seconds.
  path: Assets/prefab/XR Origin (VR).prefab
  importAddress: Guid(bcabf8a6dcd275f4b904532d4db90114) Importer(2089858483,e11c23a36db5f54750b8cd40eac0985b)
Start importing Assets/prefab/XR Origin (VR).prefab using Guid(bcabf8a6dcd275f4b904532d4db90114) Importer(2089858483,e11c23a36db5f54750b8cd40eac0985b) (ScriptedImporter) -> (Import Result ID: 'c64fd312937b675ac6764276e98e90ea') in 0.2334281 seconds [static and dynamic dependencies]. Details - ImportResultOutputID=c72d601bfd903a571831d9ee736571b1 DependenciesID=8c0ebb038cbbaa5a9e257c5665054121 StaticDependenciesID=3c98b30f69b7b8fbeb0427c9a4e01614 
Number of updated asset objects reloaded before import = 0Number of asset objects unloaded after import = 182

========================================================================
Received Import Request.
  Time since last request: 0.000028 seconds.
  path: Assets/timeline/SceneSequence_Timeline.playable
  importAddress: Guid(375c4634b680f1f4ca0b5ab4bdd1adb0) Importer(2089858483,b0f066a214c2f5e87bad3c948f4d605d)
Start importing Assets/timeline/SceneSequence_Timeline.playable using Guid(375c4634b680f1f4ca0b5ab4bdd1adb0) Importer(2089858483,b0f066a214c2f5e87bad3c948f4d605d) (ScriptedImporter) -> (Import Result ID: '12303d8c5aecd25b026f60e1acbce9f5') in 0.0265716 seconds [static and dynamic dependencies]. Details - ImportResultOutputID=9bd7779cb758d01ad9a310be619266e1 DependenciesID=8125dccb44cacce83bd85fd41b4ea834 StaticDependenciesID=e4e6acac41e51f75b7acc368ca505f64 
Number of updated asset objects reloaded before import = 0Number of asset objects unloaded after import = 90

========================================================================
Received Import Request.
  Time since last request: 0.000037 seconds.
  path: Assets/Resources/布条.fbx
  importAddress: Guid(09c8deba2e975c14691d1e54acb9bb30) Importer(2089858483,b0f066a214c2f5e87bad3c948f4d605d)
Start importing Assets/Resources/布条.fbx using Guid(09c8deba2e975c14691d1e54acb9bb30) Importer(2089858483,b0f066a214c2f5e87bad3c948f4d605d) (ScriptedImporter) -> (Import Result ID: 'c6f46ad03fa37915c6afa888b997e925') in 0.0245298 seconds [static and dynamic dependencies]. Details - ImportResultOutputID=8befb36fc421801fb11e5ee32545c967 DependenciesID=d0e4cf3951ce5e5cb700d3cf6807d74e StaticDependenciesID=d0da03ec155c2f605f63408e8d85d979 
Number of updated asset objects reloaded before import = 0Number of asset objects unloaded after import = 45

========================================================================
Received Import Request.
  Time since last request: 0.000024 seconds.
  path: Assets/_Recovery/0.unity
  importAddress: Guid(7eb6b1772d260104297a29b1a75f4d9e) Importer(2089858483,e11c23a36db5f54750b8cd40eac0985b)
Start importing Assets/_Recovery/0.unity using Guid(7eb6b1772d260104297a29b1a75f4d9e) Importer(2089858483,e11c23a36db5f54750b8cd40eac0985b) (ScriptedImporter)Opening scene 'Assets/_Recovery/0.unity additively'
Loaded scene 'Assets/_Recovery/0.unity'
	Deserialize:            26.702 ms
	Integration:            75.232 ms
	Integration of assets:  1.353 ms
	Thread Wait Time:       0.006 ms
	Total Operation Time:   103.293 ms
 -> (Import Result ID: '57ff11bc6cca31e1251e7ae4f574b451') in 0.4153777 seconds [static and dynamic dependencies]. Details - ImportResultOutputID=90c89b96acc4ad11bec60206b2187835 DependenciesID=8783fb14d8614f2150679745676a617c StaticDependenciesID=f7e1e6b298247d5aa9a32a68f47e47df 
Number of updated asset objects reloaded before import = 0Number of asset objects unloaded after import = 934

========================================================================
Received Import Request.
  Time since last request: 0.000025 seconds.
  path: Assets/Settings/HDRPDefaultResources/FoliageDiffusionProfile.asset
  importAddress: Guid(879ffae44eefa4412bb327928f1a96dd) Importer(2089858483,b0f066a214c2f5e87bad3c948f4d605d)
Start importing Assets/Settings/HDRPDefaultResources/FoliageDiffusionProfile.asset using Guid(879ffae44eefa4412bb327928f1a96dd) Importer(2089858483,b0f066a214c2f5e87bad3c948f4d605d) (ScriptedImporter) -> (Import Result ID: '3d2151ab984ddccdfa9fc78e96087fc0') in 0.0035772 seconds [static and dynamic dependencies]. Details - ImportResultOutputID=b017213d641ca1239d0326190248584c DependenciesID=8b3358b5c0f31be362d8e56b1ed39ad3 StaticDependenciesID=ddc2bfeaa95d7b5cfc395e5917d1ad6e 
Number of updated asset objects reloaded before import = 0Number of asset objects unloaded after import = 1

========================================================================
Received Import Request.
  Time since last request: 0.000023 seconds.
  path: Assets/TextMesh Pro/Fonts/LiberationSans.ttf
  importAddress: Guid(e3265ab4bf004d28a9537516768c1c75) Importer(2089858483,b0f066a214c2f5e87bad3c948f4d605d)
Start importing Assets/TextMesh Pro/Fonts/LiberationSans.ttf using Guid(e3265ab4bf004d28a9537516768c1c75) Importer(2089858483,b0f066a214c2f5e87bad3c948f4d605d) (ScriptedImporter) -> (Import Result ID: '8ea08543571a8cdd70e553e775116a71') in 0.0072138 seconds [static and dynamic dependencies]. Details - ImportResultOutputID=afca6b53a3ede65ae555eef4c17043ac DependenciesID=fb5ba9a522771eb2f62cc95cc007fe78 StaticDependenciesID=518d7db7c3f5a2bfbdb8fce2e125b24b 
Number of updated asset objects reloaded before import = 0Number of asset objects unloaded after import = 3

========================================================================
Received Import Request.
  Time since last request: 0.000017 seconds.
  path: Assets/materials/Meshy_AI_Runic_Stone_Fragment_0801055037_texture_fbx/Meshy_AI_Runic_Stone_Fragment_0801055037_texture.png
  importAddress: Guid(e1570e396354a754c8a0cb1f7e3bfe5a) Importer(2089858483,b0f066a214c2f5e87bad3c948f4d605d)
Start importing Assets/materials/Meshy_AI_Runic_Stone_Fragment_0801055037_texture_fbx/Meshy_AI_Runic_Stone_Fragment_0801055037_texture.png using Guid(e1570e396354a754c8a0cb1f7e3bfe5a) Importer(2089858483,b0f066a214c2f5e87bad3c948f4d605d) (ScriptedImporter) -> (Import Result ID: 'f738396c3d093baf01787dd620f683b6') in 0.008342 seconds [static and dynamic dependencies]. Details - ImportResultOutputID=1e570858047991d33d44e8edcce97a14 DependenciesID=15f0f7e89bd8d74a874606dea3e09d90 StaticDependenciesID=83879dfe874e1bef968ce45c67ba6c61 
Number of updated asset objects reloaded before import = 0Number of asset objects unloaded after import = 1

========================================================================
Received Import Request.
  Time since last request: 0.000019 seconds.
  path: Assets/materials/Meshy_AI_Cracked_Runestone_0801054926_texture_fbx/Meshy_AI_Cracked_Runestone_0801054926_texture.fbx
  importAddress: Guid(7dc224031516af540a2502023faac567) Importer(2089858483,b0f066a214c2f5e87bad3c948f4d605d)
Start importing Assets/materials/Meshy_AI_Cracked_Runestone_0801054926_texture_fbx/Meshy_AI_Cracked_Runestone_0801054926_texture.fbx using Guid(7dc224031516af540a2502023faac567) Importer(2089858483,b0f066a214c2f5e87bad3c948f4d605d) (ScriptedImporter) -> (Import Result ID: '22c0cea7190c02f780b5a261aa9e4671') in 0.0487152 seconds [static and dynamic dependencies]. Details - ImportResultOutputID=cf0a6332f7d4b4bdd8b8b8b2104cc0e1 DependenciesID=f78b03c18124a0b06ca38079a62790bb StaticDependenciesID=efde624283766998123109a21e2836db 
Number of updated asset objects reloaded before import = 0Number of asset objects unloaded after import = 8

========================================================================
Received Import Request.
  Time since last request: 0.000019 seconds.
  path: Assets/Ian's Fire Pack Universal/Textures/CandleStickEmission.png
  importAddress: Guid(02fcd3bda988e47b29befbdd15822486) Importer(2089858483,b0f066a214c2f5e87bad3c948f4d605d)
Start importing Assets/Ian's Fire Pack Universal/Textures/CandleStickEmission.png using Guid(02fcd3bda988e47b29befbdd15822486) Importer(2089858483,b0f066a214c2f5e87bad3c948f4d605d) (ScriptedImporter) -> (Import Result ID: 'afe22a16db4690907a7c6c3eb36cae64') in 0.0073374 seconds [static and dynamic dependencies]. Details - ImportResultOutputID=634e0c5fcdb66a7d4d8e17d95a9a11c3 DependenciesID=a7106d3f2fbfe0b037653043f01e1194 StaticDependenciesID=a3978d3d8f611049bf529465b0056d23 
Number of updated asset objects reloaded before import = 0Number of asset objects unloaded after import = 1

========================================================================
Received Import Request.
  Time since last request: 0.000018 seconds.
  path: Assets/materials/Oracle Bones/Mat3d66_15132010_10_47782.mat
  importAddress: Guid(9a16594bae8d1d24089636d20284d7ef) Importer(2089858483,b0f066a214c2f5e87bad3c948f4d605d)
Start importing Assets/materials/Oracle Bones/Mat3d66_15132010_10_47782.mat using Guid(9a16594bae8d1d24089636d20284d7ef) Importer(2089858483,b0f066a214c2f5e87bad3c948f4d605d) (ScriptedImporter) -> (Import Result ID: '8c2b06643ec25b6d1b7c68fac81666b3') in 0.0062402 seconds [static and dynamic dependencies]. Details - ImportResultOutputID=5e7d4ac7e8b7d6ea9641b366bc302548 DependenciesID=3c88229bcd30e94868f46d88c221ee86 StaticDependenciesID=ff9b730820efa4d0372b9255d4ab29ba 
Number of updated asset objects reloaded before import = 0Number of asset objects unloaded after import = 2

========================================================================
Received Import Request.
  Time since last request: 0.000039 seconds.
  path: Assets/materials/Meshy_AI_Cracked_ancient_bottl_0801055100_texture_fbx/Meshy_AI_Cracked_ancient_bottl_0801055100_texture.fbx
  importAddress: Guid(56b5adf4f93b14c45b75a7b30ea540a5) Importer(2089858483,b0f066a214c2f5e87bad3c948f4d605d)
Start importing Assets/materials/Meshy_AI_Cracked_ancient_bottl_0801055100_texture_fbx/Meshy_AI_Cracked_ancient_bottl_0801055100_texture.fbx using Guid(56b5adf4f93b14c45b75a7b30ea540a5) Importer(2089858483,b0f066a214c2f5e87bad3c948f4d605d) (ScriptedImporter) -> (Import Result ID: 'b9a1884161abecd25f2a6c7946ef38f4') in 0.013472 seconds [static and dynamic dependencies]. Details - ImportResultOutputID=8fd9f31d731d7ce6244ec4ae1f98544a DependenciesID=d8eda566ee38a765742d2d558d684912 StaticDependenciesID=5b590b599108278a39413da88397ff5a 
Number of updated asset objects reloaded before import = 0Number of asset objects unloaded after import = 8

========================================================================
Received Import Request.
  Time since last request: 0.000018 seconds.
  path: Assets/Ian's Fire Pack Universal/Textures/shimmer.png
  importAddress: Guid(c4864a9d27cc1431496f9d1aa5eb33c9) Importer(2089858483,b0f066a214c2f5e87bad3c948f4d605d)
Start importing Assets/Ian's Fire Pack Universal/Textures/shimmer.png using Guid(c4864a9d27cc1431496f9d1aa5eb33c9) Importer(2089858483,b0f066a214c2f5e87bad3c948f4d605d) (ScriptedImporter) -> (Import Result ID: '37cac700f1e5d6d7bc5c4113698f069f') in 0.0049557 seconds [static and dynamic dependencies]. Details - ImportResultOutputID=82c324b1174389c79942fb4e6d7edc4c DependenciesID=75d9ac727b8a33967aeaa9adee5cf221 StaticDependenciesID=19bf1a1f5f168b0e57b57816443ab0c1 
Number of updated asset objects reloaded before import = 0Number of asset objects unloaded after import = 1

========================================================================
Received Import Request.
  Time since last request: 0.000018 seconds.
  path: Assets/Scenes/tomb1/Global Volume Profile.asset
  importAddress: Guid(06c9721c6d313894cbd79b5394a50597) Importer(2089858483,b0f066a214c2f5e87bad3c948f4d605d)
Start importing Assets/Scenes/tomb1/Global Volume Profile.asset using Guid(06c9721c6d313894cbd79b5394a50597) Importer(2089858483,b0f066a214c2f5e87bad3c948f4d605d) (ScriptedImporter) -> (Import Result ID: '5c705cc1288fca21b303dd1f1f2c2e57') in 0.0041942 seconds [static and dynamic dependencies]. Details - ImportResultOutputID=43a4e8d232d56cc3403f812480792e58 DependenciesID=177217ed9837e89deab36d498611276d StaticDependenciesID=d2c05ee2cf0a73936b70e17831cda6ff 
Number of updated asset objects reloaded before import = 0Number of asset objects unloaded after import = 4

========================================================================
Received Import Request.
  Time since last request: 0.000018 seconds.
  path: Assets/Ian's Fire Pack Universal/Textures/fireTile4.png
  importAddress: Guid(da2fcb81dbcf146dba224c2092ca7835) Importer(2089858483,b0f066a214c2f5e87bad3c948f4d605d)
Start importing Assets/Ian's Fire Pack Universal/Textures/fireTile4.png using Guid(da2fcb81dbcf146dba224c2092ca7835) Importer(2089858483,b0f066a214c2f5e87bad3c948f4d605d) (ScriptedImporter) -> (Import Result ID: 'c2eb4ecf63fd962caf2b71b033d88b8f') in 0.0077971 seconds [static and dynamic dependencies]. Details - ImportResultOutputID=3f439ccdb54feacddd8a7a7295b3beeb DependenciesID=0374715138240b91aff74a09f5909705 StaticDependenciesID=a1ca09b40982549c1e5a810bcdd5d9bd 
Number of updated asset objects reloaded before import = 0Number of asset objects unloaded after import = 1

========================================================================
Received Import Request.
  Time since last request: 0.000018 seconds.
  path: Assets/Scripts/Gaze/GazeUIAction.cs
  importAddress: Guid(9f18f70a57d199e4ebc383123e846da9) Importer(2089858483,b0f066a214c2f5e87bad3c948f4d605d)
Start importing Assets/Scripts/Gaze/GazeUIAction.cs using Guid(9f18f70a57d199e4ebc383123e846da9) Importer(2089858483,b0f066a214c2f5e87bad3c948f4d605d) (ScriptedImporter) -> (Import Result ID: 'b105d259979720633232b016340f9c8f') in 0.0033532 seconds [static and dynamic dependencies]. Details - ImportResultOutputID=2afe2ad68a299fca23c2bbd0b6bd733f DependenciesID=b8c554e158e97da7282a394529f254ba StaticDependenciesID=226e84797bae75372aae6fcf7a89ccbf 
Number of updated asset objects reloaded before import = 0Number of asset objects unloaded after import = 0

========================================================================
Received Import Request.
  Time since last request: 0.000018 seconds.
  path: Assets/Scripts/Gaze/Audio Source.prefab
  importAddress: Guid(8310ff9b8bfb3b547b6fdc4567a0ea0f) Importer(2089858483,e11c23a36db5f54750b8cd40eac0985b)
Start importing Assets/Scripts/Gaze/Audio Source.prefab using Guid(8310ff9b8bfb3b547b6fdc4567a0ea0f) Importer(2089858483,e11c23a36db5f54750b8cd40eac0985b) (ScriptedImporter) -> (Import Result ID: '697a42e3b09e41ad96d2e2ff394d8740') in 0.0046129 seconds [static and dynamic dependencies]. Details - ImportResultOutputID=cd6034f83d69e8af7572a1690b0a72b3 DependenciesID=a66a85846549f0b02018d78b1a693781 StaticDependenciesID=cfee4d7eff4c491be75dc48918e7d309 
Number of updated asset objects reloaded before import = 0Number of asset objects unloaded after import = 5

========================================================================
Received Import Request.
  Time since last request: 0.000019 seconds.
  path: Assets/TextMesh Pro/Fonts/LiberationSans - OFL.txt
  importAddress: Guid(6e59c59b81ab47f9b6ec5781fa725d2c) Importer(2089858483,b0f066a214c2f5e87bad3c948f4d605d)
Start importing Assets/TextMesh Pro/Fonts/LiberationSans - OFL.txt using Guid(6e59c59b81ab47f9b6ec5781fa725d2c) Importer(2089858483,b0f066a214c2f5e87bad3c948f4d605d) (ScriptedImporter) -> (Import Result ID: 'dab280324620b97daebcf735dc63753f') in 0.0040263 seconds [static and dynamic dependencies]. Details - ImportResultOutputID=e424818abdffa06d53e64be51aba51f5 DependenciesID=6a2f663f61d50380090220a35058d61a StaticDependenciesID=7649750a4598ec734fc3c768683475c9 
Number of updated asset objects reloaded before import = 0Number of asset objects unloaded after import = 1

========================================================================
Received Import Request.
  Time since last request: 0.000051 seconds.
  path: Assets/materials/Meshy_AI_Runic_Stone_Fragment_0801055037_texture_fbx/Meshy_AI_Runic_Stone_Fragment_0801055037_texture.fbx
  importAddress: Guid(fdbd0d2f6422af34fbd5c13f3321bb6e) Importer(2089858483,b0f066a214c2f5e87bad3c948f4d605d)
Start importing Assets/materials/Meshy_AI_Runic_Stone_Fragment_0801055037_texture_fbx/Meshy_AI_Runic_Stone_Fragment_0801055037_texture.fbx using Guid(fdbd0d2f6422af34fbd5c13f3321bb6e) Importer(2089858483,b0f066a214c2f5e87bad3c948f4d605d) (ScriptedImporter) -> (Import Result ID: 'eea42918fac598e4bca7ed25c67e034b') in 0.0210019 seconds [static and dynamic dependencies]. Details - ImportResultOutputID=43fa287178457186d327ded5d62a1ae7 DependenciesID=3d9fb23cf548141d61318e596d667d40 StaticDependenciesID=252aea0970c09a02e66f9caeece555be 
Number of updated asset objects reloaded before import = 0Number of asset objects unloaded after import = 8

========================================================================
Received Import Request.
  Time since last request: 0.000052 seconds.
  path: Assets/Ian's Fire Pack Universal/Textures/EmberPileNormal.png
  importAddress: Guid(0488a3b36caae4a03be44b7fb65173b4) Importer(2089858483,b0f066a214c2f5e87bad3c948f4d605d)
Start importing Assets/Ian's Fire Pack Universal/Textures/EmberPileNormal.png using Guid(0488a3b36caae4a03be44b7fb65173b4) Importer(2089858483,b0f066a214c2f5e87bad3c948f4d605d) (ScriptedImporter) -> (Import Result ID: '9db38a1211bc84413303eb9806a595d5') in 0.0073343 seconds [static and dynamic dependencies]. Details - ImportResultOutputID=251e79a703b2f5b4b735841b0d14139a DependenciesID=09ce4d54dc94001b64c63583dd83e368 StaticDependenciesID=3179f1694cf4ecb374b03205753491b4 
Number of updated asset objects reloaded before import = 0Number of asset objects unloaded after import = 1

========================================================================
Received Import Request.
  Time since last request: 0.000019 seconds.
  path: Assets/timeline/Timeline_character3Timeline.playable
  importAddress: Guid(084cf9afec26ce14bbe24f7f4684c4ff) Importer(2089858483,b0f066a214c2f5e87bad3c948f4d605d)
Start importing Assets/timeline/Timeline_character3Timeline.playable using Guid(084cf9afec26ce14bbe24f7f4684c4ff) Importer(2089858483,b0f066a214c2f5e87bad3c948f4d605d) (ScriptedImporter) -> (Import Result ID: 'a63e6fa780551b8334c7be062c80367e') in 0.0061961 seconds [static and dynamic dependencies]. Details - ImportResultOutputID=a98befd0acb5c05d58b1c04ef74675fb DependenciesID=9653df46a506c496004b6985caae726d StaticDependenciesID=c43e64d732f38022015d12ebccf485fb 
Number of updated asset objects reloaded before import = 0Number of asset objects unloaded after import = 10

========================================================================
Received Import Request.
  Time since last request: 0.000022 seconds.
  path: Assets/audio 1/space_sound/铲泥土 快1分钟.wav
  importAddress: Guid(4c7fb40684eda1841ba870e6aecd12e4) Importer(2089858483,b0f066a214c2f5e87bad3c948f4d605d)
Start importing Assets/audio 1/space_sound/铲泥土 快1分钟.wav using Guid(4c7fb40684eda1841ba870e6aecd12e4) Importer(2089858483,b0f066a214c2f5e87bad3c948f4d605d) (ScriptedImporter) -> (Import Result ID: '153c7362d14263bc39b61245c2e27dd8') in 0.0071355 seconds [static and dynamic dependencies]. Details - ImportResultOutputID=e78dfa74c57fdc4aed2ee0faff71aba5 DependenciesID=898c968604c0a6c051067696c783b14d StaticDependenciesID=c9bc34a0cbf959ae35a2dfcb05be14ca 
Number of updated asset objects reloaded before import = 0Number of asset objects unloaded after import = 1

========================================================================
Received Import Request.
  Time since last request: 0.000023 seconds.
  path: Assets/audio 1/shenmiao/独白13（1）.wav
  importAddress: Guid(2d7def2be86e34f44b39e22bf06d8ff5) Importer(2089858483,b0f066a214c2f5e87bad3c948f4d605d)
Start importing Assets/audio 1/shenmiao/独白13（1）.wav using Guid(2d7def2be86e34f44b39e22bf06d8ff5) Importer(2089858483,b0f066a214c2f5e87bad3c948f4d605d) (ScriptedImporter) -> (Import Result ID: '8f9e49700e0f2b3312affaf1a6806c2b') in 0.0041819 seconds [static and dynamic dependencies]. Details - ImportResultOutputID=f7d5d48cc0bb06c93cfde28145db278b DependenciesID=5bca5afc2ec91fa984babd090db0411e StaticDependenciesID=3c9e2ed23cff8b8969aa91eedee550dc 
Number of updated asset objects reloaded before import = 0Number of asset objects unloaded after import = 1

========================================================================
Received Import Request.
  Time since last request: 0.000022 seconds.
  path: Assets/audio 1/shenmiao/独白13（2）.wav
  importAddress: Guid(4a0c61617bed9254fb0cd508b3b42501) Importer(2089858483,b0f066a214c2f5e87bad3c948f4d605d)
Start importing Assets/audio 1/shenmiao/独白13（2）.wav using Guid(4a0c61617bed9254fb0cd508b3b42501) Importer(2089858483,b0f066a214c2f5e87bad3c948f4d605d) (ScriptedImporter) -> (Import Result ID: '29a996d853356c7dc28705efa6ae11fc') in 0.0037586 seconds [static and dynamic dependencies]. Details - ImportResultOutputID=3b3fa29a7aa6e430a3025aa4c3c42c7b DependenciesID=6ead435abae8c0973e2e52a0d87e6fc6 StaticDependenciesID=8765c21fa9766305608143b4de523757 
Number of updated asset objects reloaded before import = 0Number of asset objects unloaded after import = 1

========================================================================
Received Import Request.
  Time since last request: 0.000039 seconds.
  path: Assets/audio 1/tomb/4灰尘 带噼啪声.wav
  importAddress: Guid(196497283a9dd8f4db8c9a6ae9fb347c) Importer(2089858483,b0f066a214c2f5e87bad3c948f4d605d)
Start importing Assets/audio 1/tomb/4灰尘 带噼啪声.wav using Guid(196497283a9dd8f4db8c9a6ae9fb347c) Importer(2089858483,b0f066a214c2f5e87bad3c948f4d605d) (ScriptedImporter) -> (Import Result ID: '87f291f30f2462c558f9b5a81d3071ea') in 0.0043513 seconds [static and dynamic dependencies]. Details - ImportResultOutputID=eea22876674fe2d7586933ce734e06ec DependenciesID=6505df046f6ad4ba262029dd716114f3 StaticDependenciesID=e2dbfe916bcd91b7462c09e4c41abc69 
Number of updated asset objects reloaded before import = 0Number of asset objects unloaded after import = 1

========================================================================
Received Import Request.
  Time since last request: 0.000018 seconds.
  path: Assets/audio 1/character_voicec/女独白4（1）.wav
  importAddress: Guid(18ef0490c75843642ae95b509e2c67c3) Importer(2089858483,b0f066a214c2f5e87bad3c948f4d605d)
Start importing Assets/audio 1/character_voicec/女独白4（1）.wav using Guid(18ef0490c75843642ae95b509e2c67c3) Importer(2089858483,b0f066a214c2f5e87bad3c948f4d605d) (ScriptedImporter) -> (Import Result ID: 'fe8cda8917762230b552d4b43adc2ba3') in 0.0048497 seconds [static and dynamic dependencies]. Details - ImportResultOutputID=49f05a328358363b9224de7b5937cd0e DependenciesID=d804d5060dbad2d2f492e8111c9422cf StaticDependenciesID=1d0490fe0f7d81d16bc7b35487691d94 
Number of updated asset objects reloaded before import = 0Number of asset objects unloaded after import = 1

========================================================================
Received Import Request.
  Time since last request: 0.000021 seconds.
  path: Assets/materials/Meshy_AI_Cracked_Runestone_0801054926_texture_fbx/Meshy_AI_Cracked_Runestone_0801054926_texture.png
  importAddress: Guid(6d17c3d42cd22c04ea7fc29c29f1f339) Importer(2089858483,b0f066a214c2f5e87bad3c948f4d605d)
Start importing Assets/materials/Meshy_AI_Cracked_Runestone_0801054926_texture_fbx/Meshy_AI_Cracked_Runestone_0801054926_texture.png using Guid(6d17c3d42cd22c04ea7fc29c29f1f339) Importer(2089858483,b0f066a214c2f5e87bad3c948f4d605d) (ScriptedImporter) -> (Import Result ID: 'b9cd6700379344bb254a2afd2f407358') in 0.0101331 seconds [static and dynamic dependencies]. Details - ImportResultOutputID=1dca51c96c51ed9c3c3f882012b141f3 DependenciesID=99542c0d34ad43cae4656f9efcf5c2ed StaticDependenciesID=9fc12944a1b4557149f5d37dcd8d95ea 
Number of updated asset objects reloaded before import = 0Number of asset objects unloaded after import = 1

========================================================================
Received Import Request.
  Time since last request: 0.000020 seconds.
  path: Assets/Ian's Fire Pack Universal/Scripts/LightFlicker.cs
  importAddress: Guid(af5d4a9da84f6475893ff9d9894d4a4a) Importer(2089858483,b0f066a214c2f5e87bad3c948f4d605d)
Start importing Assets/Ian's Fire Pack Universal/Scripts/LightFlicker.cs using Guid(af5d4a9da84f6475893ff9d9894d4a4a) Importer(2089858483,b0f066a214c2f5e87bad3c948f4d605d) (ScriptedImporter) -> (Import Result ID: '59e03b33f9ce6d4ec32ac8fe41b5cdd8') in 0.0044042 seconds [static and dynamic dependencies]. Details - ImportResultOutputID=195971872da7e6be28242801cc148550 DependenciesID=e3a644ae23eb0d620a59d94176f5992a StaticDependenciesID=fb7aa2bb49f748085c54c324306fd749 
Number of updated asset objects reloaded before import = 0Number of asset objects unloaded after import = 0

========================================================================
Received Import Request.
  Time since last request: 0.000021 seconds.
  path: Assets/Textures/dead_tree_trunk_nor_gl_4k.exr
  importAddress: Guid(79d652f209e48ba44b9ebc7abd45dfdc) Importer(2089858483,b0f066a214c2f5e87bad3c948f4d605d)
Start importing Assets/Textures/dead_tree_trunk_nor_gl_4k.exr using Guid(79d652f209e48ba44b9ebc7abd45dfdc) Importer(2089858483,b0f066a214c2f5e87bad3c948f4d605d) (ScriptedImporter) -> (Import Result ID: '27a84164ac563142d76d19a582e287a2') in 0.0113515 seconds [static and dynamic dependencies]. Details - ImportResultOutputID=3e09e1e70d53b8451fde307c8ca52663 DependenciesID=67897fb6b0f95b16ad82a727f8039d22 StaticDependenciesID=2b1e6b94f0ff70e78752c7e157bac7e0 
Number of updated asset objects reloaded before import = 0Number of asset objects unloaded after import = 1

========================================================================
Received Import Request.
  Time since last request: 0.000022 seconds.
  path: Assets/audio 1/character_voicec/w2.wav
  importAddress: Guid(008734bee3efb8c4d9d91a0db548e56e) Importer(2089858483,b0f066a214c2f5e87bad3c948f4d605d)
Start importing Assets/audio 1/character_voicec/w2.wav using Guid(008734bee3efb8c4d9d91a0db548e56e) Importer(2089858483,b0f066a214c2f5e87bad3c948f4d605d) (ScriptedImporter) -> (Import Result ID: '5b82467bebbbb3e486c96d2d1e7e0fbb') in 0.0043841 seconds [static and dynamic dependencies]. Details - ImportResultOutputID=1300684fcbb81a0f23dc40027425a500 DependenciesID=3fd82ce2add6734ec903cde9b71d04b8 StaticDependenciesID=f874cfd351c43d1776d083fe02bcf90f 
Number of updated asset objects reloaded before import = 0Number of asset objects unloaded after import = 1

========================================================================
Received Import Request.
  Time since last request: 0.000037 seconds.
  path: Assets/materials/Meshy_AI_Fragmented_Cuneiform__0801054947_texture_fbx/Meshy_AI_Fragmented_Cuneiform__0801054947_texture.png
  importAddress: Guid(ea4257e9ebe643e488f875506aa1b415) Importer(2089858483,b0f066a214c2f5e87bad3c948f4d605d)
Start importing Assets/materials/Meshy_AI_Fragmented_Cuneiform__0801054947_texture_fbx/Meshy_AI_Fragmented_Cuneiform__0801054947_texture.png using Guid(ea4257e9ebe643e488f875506aa1b415) Importer(2089858483,b0f066a214c2f5e87bad3c948f4d605d) (ScriptedImporter) -> (Import Result ID: 'fa70a5f3c10b97fba18aa0ee889dd921') in 0.0102632 seconds [static and dynamic dependencies]. Details - ImportResultOutputID=2f811e0984499e283039f6b44c766b61 DependenciesID=0063f80d853748dc8b62940fbf58782a StaticDependenciesID=505c7e9eb0632a314d37f6a4684fbbda 
Number of updated asset objects reloaded before import = 0Number of asset objects unloaded after import = 1

========================================================================
Received Import Request.
  Time since last request: 0.000018 seconds.
  path: Assets/prefab/Left Hand.prefab
  importAddress: Guid(4f1b55bf95a99004f9593167eb610cdc) Importer(2089858483,e11c23a36db5f54750b8cd40eac0985b)
Start importing Assets/prefab/Left Hand.prefab using Guid(4f1b55bf95a99004f9593167eb610cdc) Importer(2089858483,e11c23a36db5f54750b8cd40eac0985b) (ScriptedImporter) -> (Import Result ID: 'bcf5777298c4a3972719f88fcdf40728') in 0.0288043 seconds [static and dynamic dependencies]. Details - ImportResultOutputID=aa68cfc73ec23e7bf3973941116138fb DependenciesID=85b1ad96c8521f2f88965f078110cff0 StaticDependenciesID=975ef9055cb162a31591c01ddf6119ce 
Number of updated asset objects reloaded before import = 0Number of asset objects unloaded after import = 87

========================================================================
Received Import Request.
  Time since last request: 0.000022 seconds.
  path: Assets/audio 1/tomb/5灰尘.wav
  importAddress: Guid(fb38b554be0c4154ab31a2ac1d0bdea2) Importer(2089858483,b0f066a214c2f5e87bad3c948f4d605d)
Start importing Assets/audio 1/tomb/5灰尘.wav using Guid(fb38b554be0c4154ab31a2ac1d0bdea2) Importer(2089858483,b0f066a214c2f5e87bad3c948f4d605d) (ScriptedImporter) -> (Import Result ID: '0a374c4ea3163b1c6cc1e5f2dbece369') in 0.0037713 seconds [static and dynamic dependencies]. Details - ImportResultOutputID=77fdf31ab3745380215a712b6e29ce0b DependenciesID=9da120c5f1474ebb24899b149ffa2b15 StaticDependenciesID=4a60d1e4fd89ee896feb9c8fe0f11bd4 
Number of updated asset objects reloaded before import = 0Number of asset objects unloaded after import = 1

========================================================================
Received Import Request.
  Time since last request: 0.000017 seconds.
  path: Assets/audio 1/character_voicec/男5（1）.wav
  importAddress: Guid(782a35cdf26e99844bad09799ee28df9) Importer(2089858483,b0f066a214c2f5e87bad3c948f4d605d)
Start importing Assets/audio 1/character_voicec/男5（1）.wav using Guid(782a35cdf26e99844bad09799ee28df9) Importer(2089858483,b0f066a214c2f5e87bad3c948f4d605d) (ScriptedImporter) -> (Import Result ID: '014e0e8d58705960a09149296dfeceb7') in 0.0041934 seconds [static and dynamic dependencies]. Details - ImportResultOutputID=19fbe5b7b1403ff4038765d3530ec575 DependenciesID=b6ff817687592e7886a4b60a9c8ed7bf StaticDependenciesID=dd2bcdd08dbc43d7669e5dac99fc4de5 
Number of updated asset objects reloaded before import = 0Number of asset objects unloaded after import = 1

========================================================================
Received Import Request.
  Time since last request: 0.000017 seconds.
  path: Assets/Ian's Fire Pack Universal/Textures/Torch.png
  importAddress: Guid(787d023fa3dd44b3bab6a6a243563b03) Importer(2089858483,b0f066a214c2f5e87bad3c948f4d605d)
Start importing Assets/Ian's Fire Pack Universal/Textures/Torch.png using Guid(787d023fa3dd44b3bab6a6a243563b03) Importer(2089858483,b0f066a214c2f5e87bad3c948f4d605d) (ScriptedImporter) -> (Import Result ID: '4a50c3d661cdd75cecc007735f64ea06') in 0.0095733 seconds [static and dynamic dependencies]. Details - ImportResultOutputID=3139089513380897f9f8d6208072f5bd DependenciesID=25e946d680b0cba2f8f67d6e75502c1d StaticDependenciesID=15b9c6e13db9cd8bb9ce7885e039f08e 
Number of updated asset objects reloaded before import = 0Number of asset objects unloaded after import = 1

========================================================================
Received Import Request.
  Time since last request: 0.000027 seconds.
  path: Assets/TextMesh Pro/Shaders/TMP_SDF.shader
  importAddress: Guid(68e6db2ebdc24f95958faec2be5558d6) Importer(2089858483,b0f066a214c2f5e87bad3c948f4d605d)
Start importing Assets/TextMesh Pro/Shaders/TMP_SDF.shader using Guid(68e6db2ebdc24f95958faec2be5558d6) Importer(2089858483,b0f066a214c2f5e87bad3c948f4d605d) (ScriptedImporter) -> (Import Result ID: 'f6ad38f862ec7864869f230fa4631449') in 0.0068757 seconds [static and dynamic dependencies]. Details - ImportResultOutputID=f58a5cb4eba8f0dc75ae31c49663338a DependenciesID=d9db5375602675c926a97c787abe8792 StaticDependenciesID=02f2f145754d21c99257be40712f4a63 
Number of updated asset objects reloaded before import = 0Number of asset objects unloaded after import = 1

========================================================================
Received Import Request.
  Time since last request: 0.000030 seconds.
  path: Assets/TripoModels/ancient_chinese_statue_3d_model_2/ancient_chinese_statue_3d_model_2.fbx
  importAddress: Guid(9f0e4cc24307cd74297149e4cadaa092) Importer(2089858483,b0f066a214c2f5e87bad3c948f4d605d)
Start importing Assets/TripoModels/ancient_chinese_statue_3d_model_2/ancient_chinese_statue_3d_model_2.fbx using Guid(9f0e4cc24307cd74297149e4cadaa092) Importer(2089858483,b0f066a214c2f5e87bad3c948f4d605d) (ScriptedImporter)MaterialLocation.External is obsolete. External Material Location is no longer supported. (Assets/TripoModels/ancient_chinese_statue_3d_model_2/ancient_chinese_statue_3d_model_2.fbx)
 -> (Import Result ID: '75a51c5fc2f76618c23d4319a3b166c7') in 0.0081603 seconds [static and dynamic dependencies]. Details - ImportResultOutputID=781102dcab56b3b1d1b5633d62bc46a5 DependenciesID=070aff4b4fe99ca2f2414b79264b27ae StaticDependenciesID=48d6cad59fefc07139eb3f89dbdc5288 
Number of updated asset objects reloaded before import = 0Number of asset objects unloaded after import = 8

========================================================================
Received Import Request.
  Time since last request: 0.000018 seconds.
  path: Assets/Textures/Mud_1/Mud_1_Height.png
  importAddress: Guid(860c40e48703fc24d8c0952c471d0c0b) Importer(2089858483,b0f066a214c2f5e87bad3c948f4d605d)
Start importing Assets/Textures/Mud_1/Mud_1_Height.png using Guid(860c40e48703fc24d8c0952c471d0c0b) Importer(2089858483,b0f066a214c2f5e87bad3c948f4d605d) (ScriptedImporter) -> (Import Result ID: '3f45e4a1a6d2b53ee06f2df119e999ca') in 0.0077279 seconds [static and dynamic dependencies]. Details - ImportResultOutputID=33410cc2e0006845a31ccfeda151311a DependenciesID=9497364d958ad85f6b3ed51a9e6b42dc StaticDependenciesID=8d690ebd8ba24d0798e73de01303a0ad 
Number of updated asset objects reloaded before import = 0Number of asset objects unloaded after import = 1

========================================================================
Received Import Request.
  Time since last request: 0.000096 seconds.
  path: Assets/Textures/Sand_2/Sand_2_Height.png
  importAddress: Guid(cf570262c8faa6d4390f350567e47576) Importer(2089858483,b0f066a214c2f5e87bad3c948f4d605d)
Start importing Assets/Textures/Sand_2/Sand_2_Height.png using Guid(cf570262c8faa6d4390f350567e47576) Importer(2089858483,b0f066a214c2f5e87bad3c948f4d605d) (ScriptedImporter) -> (Import Result ID: '3c952024e468884cee5e65640371e077') in 0.0074507 seconds [static and dynamic dependencies]. Details - ImportResultOutputID=44e051f7a0debb5027175454c67b5681 DependenciesID=58d205783d5e60dfdcdd32cf00b746ff StaticDependenciesID=5d11eb8dcf868fa7f3c147d88dbed298 
Number of updated asset objects reloaded before import = 0Number of asset objects unloaded after import = 1

========================================================================
Received Import Request.
  Time since last request: 0.000021 seconds.
  path: Assets/TripoModels/stone_king_statue_3d_model/stone_king_statue_3d_model.fbx
  importAddress: Guid(4495f8c7a97fd6540a04de8f8ac6c74f) Importer(2089858483,b0f066a214c2f5e87bad3c948f4d605d)
Start importing Assets/TripoModels/stone_king_statue_3d_model/stone_king_statue_3d_model.fbx using Guid(4495f8c7a97fd6540a04de8f8ac6c74f) Importer(2089858483,b0f066a214c2f5e87bad3c948f4d605d) (ScriptedImporter)MaterialLocation.External is obsolete. External Material Location is no longer supported. (Assets/TripoModels/stone_king_statue_3d_model/stone_king_statue_3d_model.fbx)
 -> (Import Result ID: '9cd73448b5f36b900a3e3c9945d6be12') in 0.0090789 seconds [static and dynamic dependencies]. Details - ImportResultOutputID=2a02b808886fad003868586bb63491c3 DependenciesID=674c0e5737d231b59363912755026b23 StaticDependenciesID=4fae72d5c8f138a3f0270d474f88a94f 
Number of updated asset objects reloaded before import = 0Number of asset objects unloaded after import = 8

========================================================================
Received Import Request.
  Time since last request: 0.000019 seconds.
  path: Assets/materials/Meshy_AI_Fragmented_Cuneiform__0801054947_texture_fbx/Materials/Meshy_AI_Fragmented_Cuneiform__0801054947_texture.mat
  importAddress: Guid(b72d130ad75a55746a75d36742b793bf) Importer(2089858483,b0f066a214c2f5e87bad3c948f4d605d)
Start importing Assets/materials/Meshy_AI_Fragmented_Cuneiform__0801054947_texture_fbx/Materials/Meshy_AI_Fragmented_Cuneiform__0801054947_texture.mat using Guid(b72d130ad75a55746a75d36742b793bf) Importer(2089858483,b0f066a214c2f5e87bad3c948f4d605d) (ScriptedImporter) -> (Import Result ID: 'ef3b7dda6a71de31cdb77c11287dc63d') in 0.0076573 seconds [static and dynamic dependencies]. Details - ImportResultOutputID=fdf835f776b7f20061ee37cd60c012c2 DependenciesID=ed2ef25d3e5fa7af0b7c994b81ec359e StaticDependenciesID=af9874065bf6fda90d253451218ec319 
Number of updated asset objects reloaded before import = 0Number of asset objects unloaded after import = 3

========================================================================
Received Import Request.
  Time since last request: 0.000038 seconds.
  path: Assets/Ian's Fire Pack Universal/_URP Specific/Prefabs/Torch URP.prefab
  importAddress: Guid(676873420440d4ea284d3316a44f5516) Importer(2089858483,e11c23a36db5f54750b8cd40eac0985b)
Start importing Assets/Ian's Fire Pack Universal/_URP Specific/Prefabs/Torch URP.prefab using Guid(676873420440d4ea284d3316a44f5516) Importer(2089858483,e11c23a36db5f54750b8cd40eac0985b) (ScriptedImporter) -> (Import Result ID: '0ecb67362fe450479c7fb984e28215a1') in 0.0879042 seconds [static and dynamic dependencies]. Details - ImportResultOutputID=36ee7cf6d806e0e3af734bc30e84c5b9 DependenciesID=91da6a4ef45452f56495aab65ea98345 StaticDependenciesID=37f16b3feb0a4cfbac9570c90a6b5a7a 
Number of updated asset objects reloaded before import = 0Number of asset objects unloaded after import = 30

========================================================================
Received Import Request.
  Time since last request: 0.000029 seconds.
  path: Assets/TextMesh Pro/Shaders/TMP_SDF-URP Lit.shadergraph
  importAddress: Guid(a3d800b099a06e0478fb790c5e79057a) Importer(2089858483,b0f066a214c2f5e87bad3c948f4d605d)
Start importing Assets/TextMesh Pro/Shaders/TMP_SDF-URP Lit.shadergraph using Guid(a3d800b099a06e0478fb790c5e79057a) Importer(2089858483,b0f066a214c2f5e87bad3c948f4d605d) (ScriptedImporter) -> (Import Result ID: '16f22d7310f2b74c4ef5ec2ab39266b0') in 0.0162489 seconds [static and dynamic dependencies]. Details - ImportResultOutputID=7672d3351494db09f8b2b25212ebac4a DependenciesID=eba4c844979062d470c739f308d4f02a StaticDependenciesID=862a4b64adc3cbc3af4bdbed03dcd58a 
Number of updated asset objects reloaded before import = 0Number of asset objects unloaded after import = 4

========================================================================
Received Import Request.
  Time since last request: 0.000021 seconds.
  path: Assets/TripoModels/ancient_goddess_statue_3d_model/ancient_goddess_statue_3d_model.fbx
  importAddress: Guid(af4314c56b5b7174f8a7046f0e3d2e62) Importer(2089858483,b0f066a214c2f5e87bad3c948f4d605d)
Start importing Assets/TripoModels/ancient_goddess_statue_3d_model/ancient_goddess_statue_3d_model.fbx using Guid(af4314c56b5b7174f8a7046f0e3d2e62) Importer(2089858483,b0f066a214c2f5e87bad3c948f4d605d) (ScriptedImporter)MaterialLocation.External is obsolete. External Material Location is no longer supported. (Assets/TripoModels/ancient_goddess_statue_3d_model/ancient_goddess_statue_3d_model.fbx)
 -> (Import Result ID: '7db9e7cbf0f745414093495cb4dce5c4') in 0.0085375 seconds [static and dynamic dependencies]. Details - ImportResultOutputID=04a8e289f6c6d6d1a155663186bcf2bf DependenciesID=961c3a1cea53d432b69e5f0474ae06af StaticDependenciesID=3ca57707548abdbec0dbc8368cea31b9 
Number of updated asset objects reloaded before import = 0Number of asset objects unloaded after import = 8

========================================================================
Received Import Request.
  Time since last request: 0.000019 seconds.
  path: Assets/TripoModels/ancient_chinese_statue_3d_model_5/ancient_chinese_statue_3d_model_5.fbx
  importAddress: Guid(50e5b80e633df3f4e855617d518251b8) Importer(2089858483,b0f066a214c2f5e87bad3c948f4d605d)
Start importing Assets/TripoModels/ancient_chinese_statue_3d_model_5/ancient_chinese_statue_3d_model_5.fbx using Guid(50e5b80e633df3f4e855617d518251b8) Importer(2089858483,b0f066a214c2f5e87bad3c948f4d605d) (ScriptedImporter)MaterialLocation.External is obsolete. External Material Location is no longer supported. (Assets/TripoModels/ancient_chinese_statue_3d_model_5/ancient_chinese_statue_3d_model_5.fbx)
 -> (Import Result ID: '3f4e3ea9ba1194cf5b9b6f98a0c7662d') in 0.0096188 seconds [static and dynamic dependencies]. Details - ImportResultOutputID=13f28d0ba41a8ea6999688519e7ea543 DependenciesID=742139d0d735889fef971153f6bab55a StaticDependenciesID=2c41bc721a2c9e9e63e4f76ca176d1b0 
Number of updated asset objects reloaded before import = 0Number of asset objects unloaded after import = 8

========================================================================
Received Import Request.
  Time since last request: 0.000020 seconds.
  path: Assets/Textures/Sand_3/Sand_3_AlbedoSmoothness.png
  importAddress: Guid(fa2df09dd04a8be40b2b479d0cb6ba35) Importer(2089858483,b0f066a214c2f5e87bad3c948f4d605d)
Start importing Assets/Textures/Sand_3/Sand_3_AlbedoSmoothness.png using Guid(fa2df09dd04a8be40b2b479d0cb6ba35) Importer(2089858483,b0f066a214c2f5e87bad3c948f4d605d) (ScriptedImporter) -> (Import Result ID: 'b37ce9890d6938c5f62d327a4ec0559b') in 0.0071152 seconds [static and dynamic dependencies]. Details - ImportResultOutputID=373d7cd586641f976c302670f0f7499e DependenciesID=805735ab55761f914f1b97288feee165 StaticDependenciesID=18e4b2300f9054f181ddb5da16e1df86 
Number of updated asset objects reloaded before import = 0Number of asset objects unloaded after import = 1

========================================================================
Received Import Request.
  Time since last request: 0.000016 seconds.
  path: Assets/TripoModels/ancient_statue_3d_model/ancient_statue_3d_model.fbx
  importAddress: Guid(fd46fce3ad2dbcc4db39235e7d041d28) Importer(2089858483,b0f066a214c2f5e87bad3c948f4d605d)
Start importing Assets/TripoModels/ancient_statue_3d_model/ancient_statue_3d_model.fbx using Guid(fd46fce3ad2dbcc4db39235e7d041d28) Importer(2089858483,b0f066a214c2f5e87bad3c948f4d605d) (ScriptedImporter)MaterialLocation.External is obsolete. External Material Location is no longer supported. (Assets/TripoModels/ancient_statue_3d_model/ancient_statue_3d_model.fbx)
 -> (Import Result ID: 'aa8d2af89ec847299d897ef3ec59771d') in 0.0128749 seconds [static and dynamic dependencies]. Details - ImportResultOutputID=bc537924012af84afd7b3e86cfdaef69 DependenciesID=f81a4b6d16efbcb0fc83ac076fd63aa6 StaticDependenciesID=423ad9adb753818086ef4d000500eb03 
Number of updated asset objects reloaded before import = 0Number of asset objects unloaded after import = 8

========================================================================
Received Import Request.
  Time since last request: 0.000022 seconds.
  path: Assets/Ian's Fire Pack Universal/_URP Specific/Materials/TorchURP.mat
  importAddress: Guid(eb81e34137edb4b9aab390f922906848) Importer(2089858483,b0f066a214c2f5e87bad3c948f4d605d)
Start importing Assets/Ian's Fire Pack Universal/_URP Specific/Materials/TorchURP.mat using Guid(eb81e34137edb4b9aab390f922906848) Importer(2089858483,b0f066a214c2f5e87bad3c948f4d605d) (ScriptedImporter) -> (Import Result ID: 'c5461ee2bac72863f0bc03c21135d5d6') in 0.0113256 seconds [static and dynamic dependencies]. Details - ImportResultOutputID=82ff1ce019a6c5901aa31386e9f21d35 DependenciesID=c36c11a3dcff918effbae46ae11e2446 StaticDependenciesID=434210a6cf0276260e15e14cfabdfa2f 
Number of updated asset objects reloaded before import = 0Number of asset objects unloaded after import = 10

========================================================================
Received Import Request.
  Time since last request: 0.000030 seconds.
  path: Assets/TripoModels/ancient_chinese_statue_3d_model_4/ancient_chinese_statue_3d_model_4.fbx
  importAddress: Guid(2a0dfd199e0028441bbdfa43cfba1e55) Importer(2089858483,b0f066a214c2f5e87bad3c948f4d605d)
Start importing Assets/TripoModels/ancient_chinese_statue_3d_model_4/ancient_chinese_statue_3d_model_4.fbx using Guid(2a0dfd199e0028441bbdfa43cfba1e55) Importer(2089858483,b0f066a214c2f5e87bad3c948f4d605d) (ScriptedImporter)MaterialLocation.External is obsolete. External Material Location is no longer supported. (Assets/TripoModels/ancient_chinese_statue_3d_model_4/ancient_chinese_statue_3d_model_4.fbx)
 -> (Import Result ID: '601ac70b9fb1362acbca476a41e82357') in 0.0088437 seconds [static and dynamic dependencies]. Details - ImportResultOutputID=1d7db08eca8ce486a8c38bec7f1bd585 DependenciesID=86a933db6ec0566e6ca59db94dab8643 StaticDependenciesID=3900ab6cd02ac1fe53732bafeeb1d8d7 
Number of updated asset objects reloaded before import = 0Number of asset objects unloaded after import = 8

========================================================================
Received Import Request.
  Time since last request: 0.000017 seconds.
  path: Assets/Ian's Fire Pack Universal/_URP Specific/Shaders/Overlay-URP.shadergraph
  importAddress: Guid(9f1e5d75284dd42f7aad68678a7b44cd) Importer(2089858483,b0f066a214c2f5e87bad3c948f4d605d)
Start importing Assets/Ian's Fire Pack Universal/_URP Specific/Shaders/Overlay-URP.shadergraph using Guid(9f1e5d75284dd42f7aad68678a7b44cd) Importer(2089858483,b0f066a214c2f5e87bad3c948f4d605d) (ScriptedImporter) -> (Import Result ID: 'e4a92db145b2e18ccc57dc837db607bd') in 0.0122574 seconds [static and dynamic dependencies]. Details - ImportResultOutputID=5dbd7e1eb5518ab2a667e6a0917fd111 DependenciesID=71754ed1cb34e9565c2ddc769c84ef86 StaticDependenciesID=c5b9fb7f318acdc5c2ef25879608bbec 
Number of updated asset objects reloaded before import = 0Number of asset objects unloaded after import = 8

========================================================================
Received Import Request.
  Time since last request: 0.000020 seconds.
  path: Assets/TripoModels/ancient_statue_3d_model_1/ancient_statue_3d_model_1.fbx
  importAddress: Guid(6e19049ed22666343b1edd7039b69496) Importer(2089858483,b0f066a214c2f5e87bad3c948f4d605d)
Start importing Assets/TripoModels/ancient_statue_3d_model_1/ancient_statue_3d_model_1.fbx using Guid(6e19049ed22666343b1edd7039b69496) Importer(2089858483,b0f066a214c2f5e87bad3c948f4d605d) (ScriptedImporter)MaterialLocation.External is obsolete. External Material Location is no longer supported. (Assets/TripoModels/ancient_statue_3d_model_1/ancient_statue_3d_model_1.fbx)
 -> (Import Result ID: '610e8488b51d82cf88a7dc7c05699304') in 0.0075694 seconds [static and dynamic dependencies]. Details - ImportResultOutputID=f40a5d92b2ea4c096639f552f1979782 DependenciesID=f50d578e85a11d4e9aed22738ee2a896 StaticDependenciesID=afc0b0c0e2b5b6877bb2b0b9d00690be 
Number of updated asset objects reloaded before import = 0Number of asset objects unloaded after import = 8

========================================================================
Received Import Request.
  Time since last request: 0.000022 seconds.
  path: Assets/TripoModels/pregnant_goddess_statue_3d_model/pregnant_goddess_statue_3d_model.fbx
  importAddress: Guid(e4b727abc35eeed4c978a241eea43a3c) Importer(2089858483,b0f066a214c2f5e87bad3c948f4d605d)
Start importing Assets/TripoModels/pregnant_goddess_statue_3d_model/pregnant_goddess_statue_3d_model.fbx using Guid(e4b727abc35eeed4c978a241eea43a3c) Importer(2089858483,b0f066a214c2f5e87bad3c948f4d605d) (ScriptedImporter) -> (Import Result ID: '5fc10d9248ba295021a0893e442ff5e4') in 0.0133995 seconds [static and dynamic dependencies]. Details - ImportResultOutputID=e1557e066fc904059aaf022463ddc262 DependenciesID=5225a9a552a826bb84e3ca49891e4012 StaticDependenciesID=e22994208761022b66c833fbc84f0175 
Number of updated asset objects reloaded before import = 0Number of asset objects unloaded after import = 10

========================================================================
Received Import Request.
  Time since last request: 0.000022 seconds.
  path: Assets/Ian's Fire Pack Universal/Textures/Particles/SmokePuff.png
  importAddress: Guid(27c08d2f9e146496dbc4309bf62b6491) Importer(2089858483,b0f066a214c2f5e87bad3c948f4d605d)
Start importing Assets/Ian's Fire Pack Universal/Textures/Particles/SmokePuff.png using Guid(27c08d2f9e146496dbc4309bf62b6491) Importer(2089858483,b0f066a214c2f5e87bad3c948f4d605d) (ScriptedImporter) -> (Import Result ID: '2dec6ddb5875c3061e99cf4bfcee5fee') in 0.0097886 seconds [static and dynamic dependencies]. Details - ImportResultOutputID=ed80386d539b1353d71811f421dbeff5 DependenciesID=dc79b237cba8c86f031cd75a2ee8c896 StaticDependenciesID=f88b0ee9e4500f52a2c317dda3609c2f 
Number of updated asset objects reloaded before import = 0Number of asset objects unloaded after import = 1

========================================================================
Received Import Request.
  Time since last request: 0.000021 seconds.
  path: Assets/TripoModels/bodhisattva_statue_3d_model_2/bodhisattva_statue_3d_model_2.fbx
  importAddress: Guid(6945bee846bf3f84fb5f82c202d03729) Importer(2089858483,b0f066a214c2f5e87bad3c948f4d605d)
Start importing Assets/TripoModels/bodhisattva_statue_3d_model_2/bodhisattva_statue_3d_model_2.fbx using Guid(6945bee846bf3f84fb5f82c202d03729) Importer(2089858483,b0f066a214c2f5e87bad3c948f4d605d) (ScriptedImporter) -> (Import Result ID: '3145f2d6c8ea517125bd73fcdc560b88') in 0.0133559 seconds [static and dynamic dependencies]. Details - ImportResultOutputID=1edbd5927b495b564b09f210b40e3fa4 DependenciesID=d168a2cc8109f5753b234c0e85113f2c StaticDependenciesID=ce5f5b11568d07d82f05f6ab51fd65b9 
Number of updated asset objects reloaded before import = 0Number of asset objects unloaded after import = 10

========================================================================
Received Import Request.
  Time since last request: 0.000034 seconds.
  path: Assets/Ian's Fire Pack Universal/_URP Specific/Materials/CandleStickURP.mat
  importAddress: Guid(6a669ad9bcb6e494bbe9da4ff15ee83d) Importer(2089858483,b0f066a214c2f5e87bad3c948f4d605d)
Start importing Assets/Ian's Fire Pack Universal/_URP Specific/Materials/CandleStickURP.mat using Guid(6a669ad9bcb6e494bbe9da4ff15ee83d) Importer(2089858483,b0f066a214c2f5e87bad3c948f4d605d) (ScriptedImporter) -> (Import Result ID: '2bc533cc8d6c59e5531913d1511a0f67') in 0.0079757 seconds [static and dynamic dependencies]. Details - ImportResultOutputID=39fdd87246274406f02c547f9dc2a771 DependenciesID=23f0f9ae82150e99a34cf7d917d83057 StaticDependenciesID=dd6d97dac5a009b75d9a9a72d991cfd6 
Number of updated asset objects reloaded before import = 0Number of asset objects unloaded after import = 4

========================================================================
Received Import Request.
  Time since last request: 0.000017 seconds.
  path: Assets/Ian's Fire Pack Universal/Textures/Particles/Glow.tiff
  importAddress: Guid(341d462ceec27437fadefd380d61eef2) Importer(2089858483,b0f066a214c2f5e87bad3c948f4d605d)
Start importing Assets/Ian's Fire Pack Universal/Textures/Particles/Glow.tiff using Guid(341d462ceec27437fadefd380d61eef2) Importer(2089858483,b0f066a214c2f5e87bad3c948f4d605d) (ScriptedImporter) -> (Import Result ID: '06cfc780f1dbb47ba5bb97a8be5d5d58') in 0.0064632 seconds [static and dynamic dependencies]. Details - ImportResultOutputID=8f74a4d6f8727d11f8ba45894ceadc62 DependenciesID=ec54e830d888daf27ac14dd928acab0e StaticDependenciesID=8f16cc6c5e98d2a0b6197a79ce21ccef 
Number of updated asset objects reloaded before import = 0Number of asset objects unloaded after import = 1

========================================================================
Received Import Request.
  Time since last request: 0.000017 seconds.
  path: Assets/Ian's Fire Pack Universal/Textures/Particles/TorchFlame.png
  importAddress: Guid(9045335e51f7f4dd7a71ff246131985b) Importer(2089858483,b0f066a214c2f5e87bad3c948f4d605d)
Start importing Assets/Ian's Fire Pack Universal/Textures/Particles/TorchFlame.png using Guid(9045335e51f7f4dd7a71ff246131985b) Importer(2089858483,b0f066a214c2f5e87bad3c948f4d605d) (ScriptedImporter) -> (Import Result ID: '7d6de5a615542dc701441d9710ea69bf') in 0.0082023 seconds [static and dynamic dependencies]. Details - ImportResultOutputID=616363db135c2ed5bc6ec790039ff10e DependenciesID=370b4263e9b9a1bbd0e9fe42a6c8f366 StaticDependenciesID=88e7bf7ea34d25a9f5859a795c1887bb 
Number of updated asset objects reloaded before import = 0Number of asset objects unloaded after import = 1

========================================================================
Received Import Request.
  Time since last request: 0.000018 seconds.
  path: Assets/TextMesh Pro/Shaders/TMP_SDF-Mobile SSD.shader
  importAddress: Guid(c8d12adcee749c344b8117cf7c7eb912) Importer(2089858483,b0f066a214c2f5e87bad3c948f4d605d)
Start importing Assets/TextMesh Pro/Shaders/TMP_SDF-Mobile SSD.shader using Guid(c8d12adcee749c344b8117cf7c7eb912) Importer(2089858483,b0f066a214c2f5e87bad3c948f4d605d) (ScriptedImporter) -> (Import Result ID: '1c61765eb71ee95376342c6b820caf59') in 0.0039021 seconds [static and dynamic dependencies]. Details - ImportResultOutputID=0843fc910bcb7b2380044de015925632 DependenciesID=a578f7175b39fdf13d460b2e1918207e StaticDependenciesID=149e413d0571861b315a3fb4601c570f 
Number of updated asset objects reloaded before import = 0Number of asset objects unloaded after import = 1

========================================================================
Received Import Request.
  Time since last request: 0.000022 seconds.
  path: Assets/Textures/Mud_1/Mud_1_MetallicSmoothness.png
  importAddress: Guid(1e0f7eda4746e9d428e0d50c0d86395a) Importer(2089858483,b0f066a214c2f5e87bad3c948f4d605d)
Start importing Assets/Textures/Mud_1/Mud_1_MetallicSmoothness.png using Guid(1e0f7eda4746e9d428e0d50c0d86395a) Importer(2089858483,b0f066a214c2f5e87bad3c948f4d605d) (ScriptedImporter) -> (Import Result ID: 'd314b2d3c1d01e9816afdb86a363f093') in 0.0080127 seconds [static and dynamic dependencies]. Details - ImportResultOutputID=e1ae1f7a8dd5cfc25cdd9bcc5f406976 DependenciesID=6d1c0e6fe56a60fe502586b62ad5843e StaticDependenciesID=56adfe4f64d9f37bb100f37c63469dab 
Number of updated asset objects reloaded before import = 0Number of asset objects unloaded after import = 1

========================================================================
Received Import Request.
  Time since last request: 0.000017 seconds.
  path: Assets/materials/rock_wall_02_4k.blend/textures/rock_wall_02_nor_gl_4k.exr
  importAddress: Guid(bb427a3552a87b440a12517c9d29b7cb) Importer(2089858483,b0f066a214c2f5e87bad3c948f4d605d)
Start importing Assets/materials/rock_wall_02_4k.blend/textures/rock_wall_02_nor_gl_4k.exr using Guid(bb427a3552a87b440a12517c9d29b7cb) Importer(2089858483,b0f066a214c2f5e87bad3c948f4d605d) (ScriptedImporter) -> (Import Result ID: '96308b3adaba1ef9975fd7c1ea6cd8ff') in 0.0091841 seconds [static and dynamic dependencies]. Details - ImportResultOutputID=0d7d63a70b3bc71a058a267dcdda9469 DependenciesID=5ae4a7c03499df1e663549d8ff578fff StaticDependenciesID=aec3c4a50af2828af7beb1dca0b06316 
Number of updated asset objects reloaded before import = 0Number of asset objects unloaded after import = 1

========================================================================
Received Import Request.
  Time since last request: 0.000019 seconds.
  path: Assets/mesh/烧裂甲骨/Meshy_AI_Cracked_Marble_Bust_0801173147_texture_fbx/Meshy_AI_Cracked_Marble_Bust_0801173147_texture.fbx
  importAddress: Guid(93115b9542f6e2743b54fc508351d99e) Importer(2089858483,b0f066a214c2f5e87bad3c948f4d605d)
Start importing Assets/mesh/烧裂甲骨/Meshy_AI_Cracked_Marble_Bust_0801173147_texture_fbx/Meshy_AI_Cracked_Marble_Bust_0801173147_texture.fbx using Guid(93115b9542f6e2743b54fc508351d99e) Importer(2089858483,b0f066a214c2f5e87bad3c948f4d605d) (ScriptedImporter) -> (Import Result ID: '7ecda0b489a96f4aecc069981844c4ea') in 0.0149208 seconds [static and dynamic dependencies]. Details - ImportResultOutputID=30f0632c2a5485209d94f76e79c3ed2a DependenciesID=a72ff164346e8b59e61a39a380cba2b3 StaticDependenciesID=e16400cf2bd207e64a1e40b05325f86f 
Number of updated asset objects reloaded before import = 0Number of asset objects unloaded after import = 8

========================================================================
Received Import Request.
  Time since last request: 0.000033 seconds.
  path: Assets/mesh/烧裂甲骨/Meshy_AI_Cracked_Marble_Bust_0801173147_texture_fbx/Meshy_AI_Cracked_Marble_Bust_0801173147_texture.png
  importAddress: Guid(d88fb337aefd90747b4cd6db03561bf8) Importer(2089858483,b0f066a214c2f5e87bad3c948f4d605d)
Start importing Assets/mesh/烧裂甲骨/Meshy_AI_Cracked_Marble_Bust_0801173147_texture_fbx/Meshy_AI_Cracked_Marble_Bust_0801173147_texture.png using Guid(d88fb337aefd90747b4cd6db03561bf8) Importer(2089858483,b0f066a214c2f5e87bad3c948f4d605d) (ScriptedImporter) -> (Import Result ID: '354583eda64ff177f6982aaa58afe8a4') in 0.0126049 seconds [static and dynamic dependencies]. Details - ImportResultOutputID=de8294746eb07a92cb9768f59887cc85 DependenciesID=7803c6d75ec6c063c4b86bfa6dc9176b StaticDependenciesID=0423fde4962461e280391451d9391166 
Number of updated asset objects reloaded before import = 0Number of asset objects unloaded after import = 1

========================================================================
Received Import Request.
  Time since last request: 0.000024 seconds.
  path: Assets/SunboxGames/ModularDungeonCaves/Materials/RootsLarge.mat
  importAddress: Guid(03c1e5707aa3bc34cb191ed77624489c) Importer(2089858483,b0f066a214c2f5e87bad3c948f4d605d)
Start importing Assets/SunboxGames/ModularDungeonCaves/Materials/RootsLarge.mat using Guid(03c1e5707aa3bc34cb191ed77624489c) Importer(2089858483,b0f066a214c2f5e87bad3c948f4d605d) (ScriptedImporter) -> (Import Result ID: 'a8ee8e21298b9f9daee78767daa818a1') in 0.0707915 seconds [static and dynamic dependencies]. Details - ImportResultOutputID=7a311a04a4e5544a987ee2510a71456e DependenciesID=4875b878c9ed3adbc78457c20f7cf6b3 StaticDependenciesID=86284629e336289fe5d55a7bcc8776c1 
Number of updated asset objects reloaded before import = 0Number of asset objects unloaded after import = 4

========================================================================
Received Import Request.
  Time since last request: 0.000026 seconds.
  path: Assets/mesh/未烧裂甲骨/Meshy_AI_Turtle_shell_fragment_0801173027_texture_fbx/Meshy_AI_Turtle_shell_fragment_0801173027_texture_emission.png
  importAddress: Guid(fb0be5e19e4d895489eee2a3d8cbdee2) Importer(2089858483,b0f066a214c2f5e87bad3c948f4d605d)
Start importing Assets/mesh/未烧裂甲骨/Meshy_AI_Turtle_shell_fragment_0801173027_texture_fbx/Meshy_AI_Turtle_shell_fragment_0801173027_texture_emission.png using Guid(fb0be5e19e4d895489eee2a3d8cbdee2) Importer(2089858483,b0f066a214c2f5e87bad3c948f4d605d) (ScriptedImporter) -> (Import Result ID: '64210d826183070a58064036596125fd') in 0.0081936 seconds [static and dynamic dependencies]. Details - ImportResultOutputID=ce32906f4d59d4ab4a95dc8baebf4760 DependenciesID=709c43a0a7c55a250c012e3fa9027e5e StaticDependenciesID=70e8a10b1768460f1c2fd47e988acac3 
Number of updated asset objects reloaded before import = 0Number of asset objects unloaded after import = 1

========================================================================
Received Import Request.
  Time since last request: 0.000044 seconds.
  path: Assets/mesh/未烧裂甲骨/Meshy_AI_Turtle_shell_fragment_0801173027_texture_fbx/Meshy_AI_Turtle_shell_fragment_0801173027_texture.png
  importAddress: Guid(e9dcd5fe487872041a7149a8b91ec501) Importer(2089858483,b0f066a214c2f5e87bad3c948f4d605d)
Start importing Assets/mesh/未烧裂甲骨/Meshy_AI_Turtle_shell_fragment_0801173027_texture_fbx/Meshy_AI_Turtle_shell_fragment_0801173027_texture.png using Guid(e9dcd5fe487872041a7149a8b91ec501) Importer(2089858483,b0f066a214c2f5e87bad3c948f4d605d) (ScriptedImporter) -> (Import Result ID: '68abf6c5643e25aa40c5baf47d8f05ca') in 0.0085325 seconds [static and dynamic dependencies]. Details - ImportResultOutputID=c21ca4c1a1f98c5d9e382c8bf277618f DependenciesID=af13a79c8efc3521c812cb3fb8ee3595 StaticDependenciesID=2a2f3d45155fbe91dcf851bf63a1c256 
Number of updated asset objects reloaded before import = 0Number of asset objects unloaded after import = 1

========================================================================
Received Import Request.
  Time since last request: 0.000026 seconds.
  path: Assets/SunboxGames/ModularDungeonCaves/Models/MediumChamber_03.fbx
  importAddress: Guid(58b97240c8760ec4b9ae34006ff15e56) Importer(2089858483,b0f066a214c2f5e87bad3c948f4d605d)
Start importing Assets/SunboxGames/ModularDungeonCaves/Models/MediumChamber_03.fbx using Guid(58b97240c8760ec4b9ae34006ff15e56) Importer(2089858483,b0f066a214c2f5e87bad3c948f4d605d) (ScriptedImporter) -> (Import Result ID: '1ad33c5e554f7588997dedfd56960bfd') in 0.0146545 seconds [static and dynamic dependencies]. Details - ImportResultOutputID=b583f00df44384664a3791820e7f6719 DependenciesID=c2865c4661b2fd7965316fdba4058be8 StaticDependenciesID=854a12e921f559bfc873c3679d560ea9 
Number of updated asset objects reloaded before import = 0Number of asset objects unloaded after import = 32

========================================================================
Received Import Request.
  Time since last request: 0.000027 seconds.
  path: Assets/SunboxGames/ModularDungeonCaves/Materials/CaveSkybox.mat
  importAddress: Guid(28b6915621f5489419029b209c5544f4) Importer(2089858483,b0f066a214c2f5e87bad3c948f4d605d)
Start importing Assets/SunboxGames/ModularDungeonCaves/Materials/CaveSkybox.mat using Guid(28b6915621f5489419029b209c5544f4) Importer(2089858483,b0f066a214c2f5e87bad3c948f4d605d) (ScriptedImporter) -> (Import Result ID: 'f14ac3491fe17d98d7c84ec5c73be5d1') in 0.0118658 seconds [static and dynamic dependencies]. Details - ImportResultOutputID=ad433084cb15bd76feb909ea1ebfc526 DependenciesID=5b9b93525035537e9c5d5b0335f221dd StaticDependenciesID=b728e0ee04324c23cbd2f55c231c9bcd 
Number of updated asset objects reloaded before import = 0Number of asset objects unloaded after import = 2

========================================================================
Received Import Request.
  Time since last request: 0.000016 seconds.
  path: Assets/SunboxGames/ModularDungeonCaves/Materials/Mushrooms_Brown.mat
  importAddress: Guid(eee6b4f624205a841a53fa5fd78e8b15) Importer(2089858483,b0f066a214c2f5e87bad3c948f4d605d)
Start importing Assets/SunboxGames/ModularDungeonCaves/Materials/Mushrooms_Brown.mat using Guid(eee6b4f624205a841a53fa5fd78e8b15) Importer(2089858483,b0f066a214c2f5e87bad3c948f4d605d) (ScriptedImporter) -> (Import Result ID: '0789a94a8b5c208f92ab3711125f5a06') in 0.1235786 seconds [static and dynamic dependencies]. Details - ImportResultOutputID=1d6ef578f2f36d6ac81c3b72a011b7ef DependenciesID=ee6d14c30339729bf70d499ebee89dc5 StaticDependenciesID=5fd74c749fae2377df94b7fe32d0a1ba 
Number of updated asset objects reloaded before import = 0Number of asset objects unloaded after import = 6

========================================================================
Received Import Request.
  Time since last request: 0.000027 seconds.
  path: Assets/mesh/未烧裂甲骨/Meshy_AI_Turtle_shell_fragment_0801173027_texture_fbx/Meshy_AI_Turtle_shell_fragment_0801173027_texture_roughness.png
  importAddress: Guid(f0988de10ba2f834a96dc1a12f25149f) Importer(2089858483,b0f066a214c2f5e87bad3c948f4d605d)
Start importing Assets/mesh/未烧裂甲骨/Meshy_AI_Turtle_shell_fragment_0801173027_texture_fbx/Meshy_AI_Turtle_shell_fragment_0801173027_texture_roughness.png using Guid(f0988de10ba2f834a96dc1a12f25149f) Importer(2089858483,b0f066a214c2f5e87bad3c948f4d605d) (ScriptedImporter) -> (Import Result ID: 'cd48ced36d6ccef3a988eb52d924c830') in 0.008933 seconds [static and dynamic dependencies]. Details - ImportResultOutputID=440ab1a8cf6483213f43f2298780ac25 DependenciesID=bbbad23f1bac55324a768e5526d9c835 StaticDependenciesID=566d7ed03342f872ecb875db0a27e9df 
Number of updated asset objects reloaded before import = 0Number of asset objects unloaded after import = 1

========================================================================
Received Import Request.
  Time since last request: 0.000030 seconds.
  path: Assets/SunboxGames/ModularDungeonCaves/Models/Roots_01.fbx
  importAddress: Guid(6040fd44f8da8dc4cb42d0d452f01fab) Importer(2089858483,b0f066a214c2f5e87bad3c948f4d605d)
Start importing Assets/SunboxGames/ModularDungeonCaves/Models/Roots_01.fbx using Guid(6040fd44f8da8dc4cb42d0d452f01fab) Importer(2089858483,b0f066a214c2f5e87bad3c948f4d605d) (ScriptedImporter) -> (Import Result ID: 'c1e88c555518805c4bb474ef291fa873') in 0.0123455 seconds [static and dynamic dependencies]. Details - ImportResultOutputID=10e11fe5b60bf08af2da4e8f8562067d DependenciesID=c622b98c292e56d012601f172477e616 StaticDependenciesID=8f4ee39695ca496f01cbee8a6a3431dc 
Number of updated asset objects reloaded before import = 0Number of asset objects unloaded after import = 44

========================================================================
Received Import Request.
  Time since last request: 0.000021 seconds.
  path: Assets/SunboxGames/ModularDungeonCaves/Materials/Cobweb_01.mat
  importAddress: Guid(cb54fd1d791b2b948b04fdc64307731c) Importer(2089858483,b0f066a214c2f5e87bad3c948f4d605d)
Start importing Assets/SunboxGames/ModularDungeonCaves/Materials/Cobweb_01.mat using Guid(cb54fd1d791b2b948b04fdc64307731c) Importer(2089858483,b0f066a214c2f5e87bad3c948f4d605d) (ScriptedImporter) -> (Import Result ID: '61d590f83bb80fde84d38b9ad3189b1f') in 0.0406423 seconds [static and dynamic dependencies]. Details - ImportResultOutputID=a1ab320719e480639a5902aa6fee2b4c DependenciesID=963190044c84f2cb96b62263de5acaa1 StaticDependenciesID=c8ad5d62279c8c0d0eb26d8481385699 
Number of updated asset objects reloaded before import = 0Number of asset objects unloaded after import = 3

========================================================================
Received Import Request.
  Time since last request: 0.000022 seconds.
  path: Assets/SunboxGames/ModularDungeonCaves/Models/Plugs_01.fbx
  importAddress: Guid(c78f03a6d92598e49a3256b3eb7cce9d) Importer(2089858483,b0f066a214c2f5e87bad3c948f4d605d)
Start importing Assets/SunboxGames/ModularDungeonCaves/Models/Plugs_01.fbx using Guid(c78f03a6d92598e49a3256b3eb7cce9d) Importer(2089858483,b0f066a214c2f5e87bad3c948f4d605d) (ScriptedImporter) -> (Import Result ID: 'e5d13a31b9efbc59cc41897d19f3f2d8') in 0.0128331 seconds [static and dynamic dependencies]. Details - ImportResultOutputID=0ae4d6f353ac4eb23c75d27902cb13e8 DependenciesID=2de5793838ce5027760b7710574e55bf StaticDependenciesID=99335b2ac0675499533a866cce66dbf7 
Number of updated asset objects reloaded before import = 0Number of asset objects unloaded after import = 104

========================================================================
Received Import Request.
  Time since last request: 0.000020 seconds.
  path: Assets/TripoModels/ancient_ceremonial_statue_3d_model/ancient_ceremonial_statue_3d_model.fbm/ancient_ceremonial_statue_3d_model_basecolor.JPEG
  importAddress: Guid(b24b7b159cada3c4d804cdaed5f3a32d) Importer(2089858483,b0f066a214c2f5e87bad3c948f4d605d)
Start importing Assets/TripoModels/ancient_ceremonial_statue_3d_model/ancient_ceremonial_statue_3d_model.fbm/ancient_ceremonial_statue_3d_model_basecolor.JPEG using Guid(b24b7b159cada3c4d804cdaed5f3a32d) Importer(2089858483,b0f066a214c2f5e87bad3c948f4d605d) (ScriptedImporter) -> (Import Result ID: '6b2b47ec2959705db9f14af9df75088c') in 0.0088794 seconds [static and dynamic dependencies]. Details - ImportResultOutputID=892e4348ffe788a1716546dcf4449ee0 DependenciesID=40f1c1e4d41eca72a70ec29b1e82a04d StaticDependenciesID=0e6dad43c9665e365baecfea13c94ffb 
Number of updated asset objects reloaded before import = 0Number of asset objects unloaded after import = 1

========================================================================
Received Import Request.
  Time since last request: 0.000022 seconds.
  path: Assets/SunboxGames/ModularDungeonCaves/Models/MediumCorridor_03.fbx
  importAddress: Guid(0dee0a2deb774aa4c8ee893fc0ccd404) Importer(2089858483,b0f066a214c2f5e87bad3c948f4d605d)
Start importing Assets/SunboxGames/ModularDungeonCaves/Models/MediumCorridor_03.fbx using Guid(0dee0a2deb774aa4c8ee893fc0ccd404) Importer(2089858483,b0f066a214c2f5e87bad3c948f4d605d) (ScriptedImporter) -> (Import Result ID: '0232e057dbf9ed9d3905206fd0ce243d') in 0.0107712 seconds [static and dynamic dependencies]. Details - ImportResultOutputID=8b8e68c4ce4107ad6acc1d308c2171a9 DependenciesID=beb6fff7fad21dfa4da4ba2745bb089b StaticDependenciesID=8bdfc220d0cf35d03e835aad87faaeeb 
Number of updated asset objects reloaded before import = 0Number of asset objects unloaded after import = 28

========================================================================
Received Import Request.
  Time since last request: 0.000033 seconds.
  path: Assets/SunboxGames/ModularDungeonCaves/Models/DungeonProps01.fbx
  importAddress: Guid(ac5102e34f4169142a6671f63ddc59d9) Importer(2089858483,b0f066a214c2f5e87bad3c948f4d605d)
Start importing Assets/SunboxGames/ModularDungeonCaves/Models/DungeonProps01.fbx using Guid(ac5102e34f4169142a6671f63ddc59d9) Importer(2089858483,b0f066a214c2f5e87bad3c948f4d605d) (ScriptedImporter) -> (Import Result ID: 'bb3b7438fafba261182bcafe8cc8ac83') in 0.0113488 seconds [static and dynamic dependencies]. Details - ImportResultOutputID=1e95b047e5d2fb68d290d3c0571d260d DependenciesID=2dc465e207c09641347d09f151787a53 StaticDependenciesID=af00fbac1cfda2b182e587d18a28c303 
Number of updated asset objects reloaded before import = 0Number of asset objects unloaded after import = 44

========================================================================
Received Import Request.
  Time since last request: 0.000019 seconds.
  path: Assets/SunboxGames/ModularDungeonCaves/Models/FluffyFerns.fbx
  importAddress: Guid(435df9a548b558348a5ec011a1b60368) Importer(2089858483,b0f066a214c2f5e87bad3c948f4d605d)
Start importing Assets/SunboxGames/ModularDungeonCaves/Models/FluffyFerns.fbx using Guid(435df9a548b558348a5ec011a1b60368) Importer(2089858483,b0f066a214c2f5e87bad3c948f4d605d) (ScriptedImporter) -> (Import Result ID: '23f728a68d37fe284767994af16d1ee0') in 0.0091855 seconds [static and dynamic dependencies]. Details - ImportResultOutputID=bb019984a126ec28257c8d67a8be27d8 DependenciesID=901f3a5791c40ca5170bdcc386c3e0b8 StaticDependenciesID=928fe2220077a2e406672d16aefb0428 
Number of updated asset objects reloaded before import = 0Number of asset objects unloaded after import = 19

========================================================================
Received Import Request.
  Time since last request: 0.000018 seconds.
  path: Assets/mesh/烧裂甲骨/Meshy_AI_Cracked_Marble_Bust_0801173147_texture_fbx/Meshy_AI_Cracked_Marble_Bust_0801173147_texture_emission.png
  importAddress: Guid(b208020df262ed04985425b0bff26473) Importer(2089858483,b0f066a214c2f5e87bad3c948f4d605d)
Start importing Assets/mesh/烧裂甲骨/Meshy_AI_Cracked_Marble_Bust_0801173147_texture_fbx/Meshy_AI_Cracked_Marble_Bust_0801173147_texture_emission.png using Guid(b208020df262ed04985425b0bff26473) Importer(2089858483,b0f066a214c2f5e87bad3c948f4d605d) (ScriptedImporter) -> (Import Result ID: '5f18182a3b2a60e24156b1a46f8f8a8f') in 0.0079643 seconds [static and dynamic dependencies]. Details - ImportResultOutputID=df0a66da4bc4fb44d755729676e90b0a DependenciesID=c891e8e580ea03ea45daa54bb66d497d StaticDependenciesID=fadf71fc452ee41d2a88e772497f0306 
Number of updated asset objects reloaded before import = 0Number of asset objects unloaded after import = 1

========================================================================
Received Import Request.
  Time since last request: 0.000020 seconds.
  path: Assets/SunboxGames/ModularDungeonCaves/Models/DungeonProps05.fbx
  importAddress: Guid(4c8b890f6ec599d49a1894138a56ddde) Importer(2089858483,b0f066a214c2f5e87bad3c948f4d605d)
Start importing Assets/SunboxGames/ModularDungeonCaves/Models/DungeonProps05.fbx using Guid(4c8b890f6ec599d49a1894138a56ddde) Importer(2089858483,b0f066a214c2f5e87bad3c948f4d605d) (ScriptedImporter) -> (Import Result ID: '71d43f8f70146e6278a905de9bafdcae') in 0.0131601 seconds [static and dynamic dependencies]. Details - ImportResultOutputID=34449b83a3d430ec87fe5bcc47ea0eda DependenciesID=04062151864c94ec0adbadc36ab904f8 StaticDependenciesID=0fb7fcd654916b50f5bf747301dd36de 
Number of updated asset objects reloaded before import = 0Number of asset objects unloaded after import = 59

========================================================================
Received Import Request.
  Time since last request: 0.000019 seconds.
  path: Assets/SunboxGames/ModularDungeonCaves/Materials/LogStairs_01.mat
  importAddress: Guid(c6f11323ded428542b411f4d1ef99033) Importer(2089858483,b0f066a214c2f5e87bad3c948f4d605d)
Start importing Assets/SunboxGames/ModularDungeonCaves/Materials/LogStairs_01.mat using Guid(c6f11323ded428542b411f4d1ef99033) Importer(2089858483,b0f066a214c2f5e87bad3c948f4d605d) (ScriptedImporter) -> (Import Result ID: '07eaa5ff658534ac2ff513aa6c12f307') in 0.0882881 seconds [static and dynamic dependencies]. Details - ImportResultOutputID=84d65e1d3d61eab9e19b4a1b46c66ac3 DependenciesID=ae058860d39fe21fae2bb731d541803f StaticDependenciesID=519c023dc30c0098f77d2b80aa166cf2 
Number of updated asset objects reloaded before import = 0Number of asset objects unloaded after import = 5

========================================================================
Received Import Request.
  Time since last request: 0.000025 seconds.
  path: Assets/XR/Animated Hands/AnimateHandOnInput.cs
  importAddress: Guid(d5df87ba35243d6468017e41537c3427) Importer(2089858483,b0f066a214c2f5e87bad3c948f4d605d)
Start importing Assets/XR/Animated Hands/AnimateHandOnInput.cs using Guid(d5df87ba35243d6468017e41537c3427) Importer(2089858483,b0f066a214c2f5e87bad3c948f4d605d) (ScriptedImporter) -> (Import Result ID: '148e362ef429b74aab7a9bfdb307362f') in 0.0031424 seconds [static and dynamic dependencies]. Details - ImportResultOutputID=dd5ff230f55ce6b30d8430e4dc66b7f1 DependenciesID=b0123aac95134d50f3c1fb7ed640055f StaticDependenciesID=7b2db6f8f84582c6cfb3020371446a9b 
Number of updated asset objects reloaded before import = 0Number of asset objects unloaded after import = 0

========================================================================
Received Import Request.
  Time since last request: 0.000030 seconds.
  path: Assets/TripoModels/ancient_chinese_emperor_statue_3d_model/ancient_chinese_emperor_statue_3d_model.fbm/ancient_chinese_emperor_statue_3d_model_metallic_Smoothness.png
  importAddress: Guid(1cf123df9a69e1e4cb8498a0e386ff35) Importer(2089858483,b0f066a214c2f5e87bad3c948f4d605d)
Start importing Assets/TripoModels/ancient_chinese_emperor_statue_3d_model/ancient_chinese_emperor_statue_3d_model.fbm/ancient_chinese_emperor_statue_3d_model_metallic_Smoothness.png using Guid(1cf123df9a69e1e4cb8498a0e386ff35) Importer(2089858483,b0f066a214c2f5e87bad3c948f4d605d) (ScriptedImporter) -> (Import Result ID: '07e76abd147bb49444ad7ab9a8bd1d33') in 0.0114097 seconds [static and dynamic dependencies]. Details - ImportResultOutputID=9ba556270ca38eb26787e834e8dd1084 DependenciesID=77a90ceda83f605819b789dad078fe5e StaticDependenciesID=72f294ad0f5b685c573fc22775eee29f 
Number of updated asset objects reloaded before import = 0Number of asset objects unloaded after import = 1

========================================================================
Received Import Request.
  Time since last request: 0.000015 seconds.
  path: Assets/TripoModels/ancient_statue_3d_model_1/ancient_statue_3d_model_1.fbm/ancient_statue_3d_model_metallic_Smoothness.png
  importAddress: Guid(add22a6e0ca3da640927ad764072ebef) Importer(2089858483,b0f066a214c2f5e87bad3c948f4d605d)
Start importing Assets/TripoModels/ancient_statue_3d_model_1/ancient_statue_3d_model_1.fbm/ancient_statue_3d_model_metallic_Smoothness.png using Guid(add22a6e0ca3da640927ad764072ebef) Importer(2089858483,b0f066a214c2f5e87bad3c948f4d605d) (ScriptedImporter) -> (Import Result ID: 'e8b518aa650818f28d327b989bd56239') in 0.0115001 seconds [static and dynamic dependencies]. Details - ImportResultOutputID=0e2e6e17958cfd9c34c0a0520cf7ccc7 DependenciesID=01f7d68ab9e2c41f90df0fc44b50356f StaticDependenciesID=add9979b09c3c8e7d8e8c5f4b0055bf2 
Number of updated asset objects reloaded before import = 0Number of asset objects unloaded after import = 1

========================================================================
Received Import Request.
  Time since last request: 0.000016 seconds.
  path: Assets/TripoModels/ancient_statue_3d_model_2/Materials/ancient_statue_3d_model_basecolor.mat
  importAddress: Guid(2bd026912b60ecb42a520b0100d94341) Importer(2089858483,b0f066a214c2f5e87bad3c948f4d605d)
Start importing Assets/TripoModels/ancient_statue_3d_model_2/Materials/ancient_statue_3d_model_basecolor.mat using Guid(2bd026912b60ecb42a520b0100d94341) Importer(2089858483,b0f066a214c2f5e87bad3c948f4d605d) (ScriptedImporter) -> (Import Result ID: '2948dad995b3622ee0198c4e140ce0eb') in 0.0167868 seconds [static and dynamic dependencies]. Details - ImportResultOutputID=e24d103c92bcb1583aae67ec07189a34 DependenciesID=2249a0d29bd2468e1aa5d15d146057d5 StaticDependenciesID=a5b7b69f1af55d27154eda43ed10123f 
Number of updated asset objects reloaded before import = 0Number of asset objects unloaded after import = 4

========================================================================
Received Import Request.
  Time since last request: 0.000017 seconds.
  path: Assets/TripoModels/ancient_statue_3d_model_2/ancient_statue_3d_model_2.fbm/ancient_statue_3d_model_basecolor.JPEG
  importAddress: Guid(96916ceceb5eb1d4e8e6d91a4a8b5f49) Importer(2089858483,b0f066a214c2f5e87bad3c948f4d605d)
Start importing Assets/TripoModels/ancient_statue_3d_model_2/ancient_statue_3d_model_2.fbm/ancient_statue_3d_model_basecolor.JPEG using Guid(96916ceceb5eb1d4e8e6d91a4a8b5f49) Importer(2089858483,b0f066a214c2f5e87bad3c948f4d605d) (ScriptedImporter) -> (Import Result ID: '014eed7e77b734db4a5a2747feefda09') in 0.0066012 seconds [static and dynamic dependencies]. Details - ImportResultOutputID=1404a5fbaaf89dd94c5cd7552b4796d5 DependenciesID=8b98b3f61c0d944a54f2edb76687565a StaticDependenciesID=5ca82537f68ae10b074c1f4ef2ad3bd0 
Number of updated asset objects reloaded before import = 0Number of asset objects unloaded after import = 1

========================================================================
Received Import Request.
  Time since last request: 0.000015 seconds.
  path: Assets/TripoModels/ancient_chinese_statue_3d_model_1/ancient_chinese_statue_3d_model_1.fbm/ancient_chinese_statue_3d_model_basecolor.JPEG
  importAddress: Guid(59c972fecc185454d99d1957484fa0b0) Importer(2089858483,b0f066a214c2f5e87bad3c948f4d605d)
Start importing Assets/TripoModels/ancient_chinese_statue_3d_model_1/ancient_chinese_statue_3d_model_1.fbm/ancient_chinese_statue_3d_model_basecolor.JPEG using Guid(59c972fecc185454d99d1957484fa0b0) Importer(2089858483,b0f066a214c2f5e87bad3c948f4d605d) (ScriptedImporter) -> (Import Result ID: '1982247562269b08566c0c28fff3bc11') in 0.0091506 seconds [static and dynamic dependencies]. Details - ImportResultOutputID=ba92c6b233703042532085b6a338ce00 DependenciesID=fa220b88f1dc158782901ea65d58a425 StaticDependenciesID=5e5df7765e2aafe00ebcb65b31727cbb 
Number of updated asset objects reloaded before import = 0Number of asset objects unloaded after import = 1

========================================================================
Received Import Request.
  Time since last request: 0.000019 seconds.
  path: Assets/TripoModels/ancient_chinese_emperor_statue_3d_model/Materials/ancient_chinese_emperor_statue_3d_model_basecolor.mat
  importAddress: Guid(ca323f34ce0cca949841114bfe164915) Importer(2089858483,b0f066a214c2f5e87bad3c948f4d605d)
Start importing Assets/TripoModels/ancient_chinese_emperor_statue_3d_model/Materials/ancient_chinese_emperor_statue_3d_model_basecolor.mat using Guid(ca323f34ce0cca949841114bfe164915) Importer(2089858483,b0f066a214c2f5e87bad3c948f4d605d) (ScriptedImporter) -> (Import Result ID: '8b4b7cc1f7171c5d778c232cfb80cdfa') in 0.0135125 seconds [static and dynamic dependencies]. Details - ImportResultOutputID=36b8f1c21fa777ee06931f9ba57e6d72 DependenciesID=d7e7fe6d7629d47ca98fec8298c50353 StaticDependenciesID=46aac61fc8e52043df2eb353b2c5e297 
Number of updated asset objects reloaded before import = 0Number of asset objects unloaded after import = 4

========================================================================
Received Import Request.
  Time since last request: 0.000027 seconds.
  path: Assets/TripoModels/ancient_chinese_statue_3d_model_1/Materials/ancient_chinese_statue_3d_model_basecolor.mat
  importAddress: Guid(6cfaa2c9ae1e019429a7d808489cd087) Importer(2089858483,b0f066a214c2f5e87bad3c948f4d605d)
Start importing Assets/TripoModels/ancient_chinese_statue_3d_model_1/Materials/ancient_chinese_statue_3d_model_basecolor.mat using Guid(6cfaa2c9ae1e019429a7d808489cd087) Importer(2089858483,b0f066a214c2f5e87bad3c948f4d605d) (ScriptedImporter) -> (Import Result ID: '407c7f4df3a1c99db3390fc35e8acbaa') in 0.0160002 seconds [static and dynamic dependencies]. Details - ImportResultOutputID=9663d9e656ae117c9f7ee0ae9f92f290 DependenciesID=d6c9505340049f35eca5fe63366bead9 StaticDependenciesID=7f629a195e36253a306ebc2d4f5ea183 
Number of updated asset objects reloaded before import = 0Number of asset objects unloaded after import = 4

========================================================================
Received Import Request.
  Time since last request: 0.000019 seconds.
  path: Assets/TripoModels/ancient_statue_3d_model_1/Materials/ancient_statue_3d_model_basecolor.mat
  importAddress: Guid(5aebd545f7769b34380aa404a805c30a) Importer(2089858483,b0f066a214c2f5e87bad3c948f4d605d)
Start importing Assets/TripoModels/ancient_statue_3d_model_1/Materials/ancient_statue_3d_model_basecolor.mat using Guid(5aebd545f7769b34380aa404a805c30a) Importer(2089858483,b0f066a214c2f5e87bad3c948f4d605d) (ScriptedImporter) -> (Import Result ID: '869e33caa2e7686e89efa888612b63de') in 0.0152026 seconds [static and dynamic dependencies]. Details - ImportResultOutputID=d70ff42c8394bb177bb705e463e7b62b DependenciesID=a628f807bea869501791faaf36fd02d0 StaticDependenciesID=d3a8ae6f1418d38e4d63c0a9244dea89 
Number of updated asset objects reloaded before import = 0Number of asset objects unloaded after import = 4

========================================================================
Received Import Request.
  Time since last request: 0.000020 seconds.
  path: Assets/TripoModels/ancient_statue_3d_model_3/ancient_statue_3d_model_3.fbm/ancient_statue_3d_model_basecolor.JPEG
  importAddress: Guid(829bacad0b485a8439e0b445cb712957) Importer(2089858483,b0f066a214c2f5e87bad3c948f4d605d)
Start importing Assets/TripoModels/ancient_statue_3d_model_3/ancient_statue_3d_model_3.fbm/ancient_statue_3d_model_basecolor.JPEG using Guid(829bacad0b485a8439e0b445cb712957) Importer(2089858483,b0f066a214c2f5e87bad3c948f4d605d) (ScriptedImporter) -> (Import Result ID: '92d63214061e170436e3a6c28eb79498') in 0.0090329 seconds [static and dynamic dependencies]. Details - ImportResultOutputID=6aed5814a355d99994a3bb22e296a5cc DependenciesID=1250a6e35dda63098fad93b884cc577c StaticDependenciesID=ef91541d7297eff7adf9654672a15ed0 
Number of updated asset objects reloaded before import = 0Number of asset objects unloaded after import = 1

========================================================================
Received Import Request.
  Time since last request: 0.000019 seconds.
  path: Assets/TripoModels/ancient_chinese_statue_3d_model_2/ancient_chinese_statue_3d_model_2.fbm/ancient_chinese_statue_3d_model_normal.JPEG
  importAddress: Guid(3e6fa2b4920e64c4a8e74ab382b3e723) Importer(2089858483,b0f066a214c2f5e87bad3c948f4d605d)
Start importing Assets/TripoModels/ancient_chinese_statue_3d_model_2/ancient_chinese_statue_3d_model_2.fbm/ancient_chinese_statue_3d_model_normal.JPEG using Guid(3e6fa2b4920e64c4a8e74ab382b3e723) Importer(2089858483,b0f066a214c2f5e87bad3c948f4d605d) (ScriptedImporter) -> (Import Result ID: '104aaf4c1b716872b3ebbdb47bb2744a') in 0.0087209 seconds [static and dynamic dependencies]. Details - ImportResultOutputID=406db7c2416b5a812316e937f2e9f884 DependenciesID=56c2a4870a7a2c98e7466370ce2f8e66 StaticDependenciesID=689997da3369d88eac2d88833443597c 
Number of updated asset objects reloaded before import = 0Number of asset objects unloaded after import = 1

========================================================================
Received Import Request.
  Time since last request: 0.000017 seconds.
  path: Assets/TripoModels/ancient_chinese_emperor_statue_3d_model/ancient_chinese_emperor_statue_3d_model.fbm/ancient_chinese_emperor_statue_3d_model_basecolor.JPEG
  importAddress: Guid(ce57a860ebd08074cae8c56332871394) Importer(2089858483,b0f066a214c2f5e87bad3c948f4d605d)
Start importing Assets/TripoModels/ancient_chinese_emperor_statue_3d_model/ancient_chinese_emperor_statue_3d_model.fbm/ancient_chinese_emperor_statue_3d_model_basecolor.JPEG using Guid(ce57a860ebd08074cae8c56332871394) Importer(2089858483,b0f066a214c2f5e87bad3c948f4d605d) (ScriptedImporter) -> (Import Result ID: '489880873c7e6aa92b78a5dc0c81d736') in 0.0072625 seconds [static and dynamic dependencies]. Details - ImportResultOutputID=e44d66fd4146c6156a4e1b329609ebf3 DependenciesID=08500bc2694642c5d95e7cceab3d226c StaticDependenciesID=2251b6e5bad467b4b30f9047e52d8e36 
Number of updated asset objects reloaded before import = 0Number of asset objects unloaded after import = 1

========================================================================
Received Import Request.
  Time since last request: 0.000023 seconds.
  path: Assets/TextMesh Pro/Shaders/TMP_SDF SSD.shader
  importAddress: Guid(14eb328de4b8eb245bb7cea29e4ac00b) Importer(2089858483,b0f066a214c2f5e87bad3c948f4d605d)
Start importing Assets/TextMesh Pro/Shaders/TMP_SDF SSD.shader using Guid(14eb328de4b8eb245bb7cea29e4ac00b) Importer(2089858483,b0f066a214c2f5e87bad3c948f4d605d) (ScriptedImporter) -> (Import Result ID: 'c8df0b79d8e64b82ba19e841237aa554') in 0.0039421 seconds [static and dynamic dependencies]. Details - ImportResultOutputID=ab62e827b86e92f0a8b4451bcdf98675 DependenciesID=215dd8e1f94f1126ba87678cb99ef4ce StaticDependenciesID=8dab4151aa6bd08630c2d16ff94a2c92 
Number of updated asset objects reloaded before import = 0Number of asset objects unloaded after import = 1

========================================================================
Received Import Request.
  Time since last request: 0.000036 seconds.
  path: Assets/TripoModels/ancient_statue_3d_model/ancient_statue_3d_model.fbm/ancient_statue_3d_model_normal.JPEG
  importAddress: Guid(48ae84a2d3871e5489af16e26cedf220) Importer(2089858483,b0f066a214c2f5e87bad3c948f4d605d)
Start importing Assets/TripoModels/ancient_statue_3d_model/ancient_statue_3d_model.fbm/ancient_statue_3d_model_normal.JPEG using Guid(48ae84a2d3871e5489af16e26cedf220) Importer(2089858483,b0f066a214c2f5e87bad3c948f4d605d) (ScriptedImporter) -> (Import Result ID: '43728f3b130b4ebaa6b412809739c582') in 0.0095616 seconds [static and dynamic dependencies]. Details - ImportResultOutputID=849a945364ba67865e3d0af1f99a5094 DependenciesID=70230f6eac080e70f77b7e7b75125dc2 StaticDependenciesID=c3a051e4560b2b3a71b0db5ee7c8beac 
Number of updated asset objects reloaded before import = 0Number of asset objects unloaded after import = 1

========================================================================
Received Import Request.
  Time since last request: 0.000019 seconds.
  path: Assets/TripoModels/ancient_statue_3d_model/ancient_statue_3d_model.fbm/ancient_statue_3d_model_basecolor.JPEG
  importAddress: Guid(5a4df92fa3df04a47be6bfcf18bc872b) Importer(2089858483,b0f066a214c2f5e87bad3c948f4d605d)
Start importing Assets/TripoModels/ancient_statue_3d_model/ancient_statue_3d_model.fbm/ancient_statue_3d_model_basecolor.JPEG using Guid(5a4df92fa3df04a47be6bfcf18bc872b) Importer(2089858483,b0f066a214c2f5e87bad3c948f4d605d) (ScriptedImporter) -> (Import Result ID: '7c08e3849c105c28bbf017c867e5ed4c') in 0.009095 seconds [static and dynamic dependencies]. Details - ImportResultOutputID=75a6117864c1bc0c79c8933bec2852c3 DependenciesID=abb3da93a4480c230ad245b3ea6a1508 StaticDependenciesID=0d92b16185d81d0da279531e7fde96ff 
Number of updated asset objects reloaded before import = 0Number of asset objects unloaded after import = 1

========================================================================
Received Import Request.
  Time since last request: 0.000019 seconds.
  path: Assets/TripoModels/bodhisattva_statue_3d_model_1/bodhisattva_statue_3d_model_1.fbx
  importAddress: Guid(05b8e38a638197c4aa1e578eb5dddf49) Importer(2089858483,b0f066a214c2f5e87bad3c948f4d605d)
Start importing Assets/TripoModels/bodhisattva_statue_3d_model_1/bodhisattva_statue_3d_model_1.fbx using Guid(05b8e38a638197c4aa1e578eb5dddf49) Importer(2089858483,b0f066a214c2f5e87bad3c948f4d605d) (ScriptedImporter) -> (Import Result ID: '2905e59ba970b70d3954bc25358a0f0d') in 0.0159564 seconds [static and dynamic dependencies]. Details - ImportResultOutputID=d67e1bbea0036e6bd94f78ce1cba60f0 DependenciesID=421b4470f997d132f7da14606c8e43c5 StaticDependenciesID=730b688f55948fa6c212a35be392d2d9 
Number of updated asset objects reloaded before import = 0Number of asset objects unloaded after import = 10

========================================================================
Received Import Request.
  Time since last request: 0.000016 seconds.
  path: Assets/materials/Meshy_AI_Cracked_Runestone_0801054926_texture_fbx/Materials/Meshy_AI_Cracked_Runestone_0801054926_texture.mat
  importAddress: Guid(bcc453117f1e8fe4c97946f615b6dc13) Importer(2089858483,b0f066a214c2f5e87bad3c948f4d605d)
Start importing Assets/materials/Meshy_AI_Cracked_Runestone_0801054926_texture_fbx/Materials/Meshy_AI_Cracked_Runestone_0801054926_texture.mat using Guid(bcc453117f1e8fe4c97946f615b6dc13) Importer(2089858483,b0f066a214c2f5e87bad3c948f4d605d) (ScriptedImporter) -> (Import Result ID: 'c570d1f9e6ca5f3d9a54a9e33b70803e') in 0.0091149 seconds [static and dynamic dependencies]. Details - ImportResultOutputID=6d0eea1157ebe176862216dad73dec5c DependenciesID=367a8bb0563d75349d009f9c56c21aac StaticDependenciesID=8001738a8afb4da0544d8ecc43c7e99f 
Number of updated asset objects reloaded before import = 0Number of asset objects unloaded after import = 3

========================================================================
Received Import Request.
  Time since last request: 0.000018 seconds.
  path: Assets/TripoModels/ancient_chinese_statue_3d_model_5/ancient_chinese_statue_3d_model_5.fbm/ancient_chinese_statue_3d_model_normal.JPEG
  importAddress: Guid(6238440f0e9d89b4f947da880688a5d5) Importer(2089858483,b0f066a214c2f5e87bad3c948f4d605d)
Start importing Assets/TripoModels/ancient_chinese_statue_3d_model_5/ancient_chinese_statue_3d_model_5.fbm/ancient_chinese_statue_3d_model_normal.JPEG using Guid(6238440f0e9d89b4f947da880688a5d5) Importer(2089858483,b0f066a214c2f5e87bad3c948f4d605d) (ScriptedImporter) -> (Import Result ID: '4695e7231ee37b68653c70166ae042f6') in 0.0082642 seconds [static and dynamic dependencies]. Details - ImportResultOutputID=910fe66d0a1cadbb88959c863942d8cb DependenciesID=d907e24faa324521aead90d0deea154c StaticDependenciesID=e875db2955edba89fa1dc02137077ce6 
Number of updated asset objects reloaded before import = 0Number of asset objects unloaded after import = 1

========================================================================
Received Import Request.
  Time since last request: 0.000017 seconds.
  path: Assets/SunboxGames/ModularDungeonCaves/Models/Vines_01.fbx
  importAddress: Guid(1cced79cf4a741642ae3aa1e542ec451) Importer(2089858483,b0f066a214c2f5e87bad3c948f4d605d)
Start importing Assets/SunboxGames/ModularDungeonCaves/Models/Vines_01.fbx using Guid(1cced79cf4a741642ae3aa1e542ec451) Importer(2089858483,b0f066a214c2f5e87bad3c948f4d605d) (ScriptedImporter) -> (Import Result ID: '192d184de50bbe1e2de9b2f788bdba09') in 0.0098276 seconds [static and dynamic dependencies]. Details - ImportResultOutputID=05a83a2f8f2371d1042ec527edbfb519 DependenciesID=edc35565da37ff780947a2995c0364a6 StaticDependenciesID=e6ce92c72c4540f53d46afb621ce7302 
Number of updated asset objects reloaded before import = 0Number of asset objects unloaded after import = 24

========================================================================
Received Import Request.
  Time since last request: 0.000027 seconds.
  path: Assets/Textures/Mat3d66_15132010_4_32655.jpg
  importAddress: Guid(7a45c2afdbd03d045848ea9bb2738957) Importer(2089858483,b0f066a214c2f5e87bad3c948f4d605d)
Start importing Assets/Textures/Mat3d66_15132010_4_32655.jpg using Guid(7a45c2afdbd03d045848ea9bb2738957) Importer(2089858483,b0f066a214c2f5e87bad3c948f4d605d) (ScriptedImporter) -> (Import Result ID: 'ce3f42d17c1f400bc6b944b2626e7005') in 0.006127 seconds [static and dynamic dependencies]. Details - ImportResultOutputID=764fa4da7b24b63c3adbbdaed9bb6aec DependenciesID=b6825b5c59e85cebee0898dcd394bfae StaticDependenciesID=ad31c8c9b098c48ea1384f3185b641fd 
Number of updated asset objects reloaded before import = 0Number of asset objects unloaded after import = 1

========================================================================
Received Import Request.
  Time since last request: 0.000017 seconds.
  path: Assets/TripoModels/ancient_statue_3d_model/Materials/ancient_statue_3d_model_basecolor.mat
  importAddress: Guid(c849b9dd9b5e2394a85641e19863a8bc) Importer(2089858483,b0f066a214c2f5e87bad3c948f4d605d)
Start importing Assets/TripoModels/ancient_statue_3d_model/Materials/ancient_statue_3d_model_basecolor.mat using Guid(c849b9dd9b5e2394a85641e19863a8bc) Importer(2089858483,b0f066a214c2f5e87bad3c948f4d605d) (ScriptedImporter) -> (Import Result ID: 'cc8c53ea681686a66c57cfe9dd3ed802') in 0.0124548 seconds [static and dynamic dependencies]. Details - ImportResultOutputID=02b252d9c1eb7fc41a69a4a1edde20db DependenciesID=0a8c596e38cd6061fdb231084eaeddaa StaticDependenciesID=8647a28154fcb8cb63691db12447fcc5 
Number of updated asset objects reloaded before import = 0Number of asset objects unloaded after import = 4

========================================================================
Received Import Request.
  Time since last request: 0.000021 seconds.
  path: Assets/Scripts/Gaze/GazeAction.cs
  importAddress: Guid(fd189ff19e77f224397cff0a44267f25) Importer(2089858483,b0f066a214c2f5e87bad3c948f4d605d)
Start importing Assets/Scripts/Gaze/GazeAction.cs using Guid(fd189ff19e77f224397cff0a44267f25) Importer(2089858483,b0f066a214c2f5e87bad3c948f4d605d) (ScriptedImporter) -> (Import Result ID: '635aa0c5354a71c88538e34095efa18e') in 0.0060675 seconds [static and dynamic dependencies]. Details - ImportResultOutputID=4d6fb1ab9bb43e572f41baa8b65205f3 DependenciesID=205d91b6a0a4bedcbbe4f9dbcbaea202 StaticDependenciesID=edf87680f0c19dda89069b765a07faa3 
Number of updated asset objects reloaded before import = 0Number of asset objects unloaded after import = 0

========================================================================
Received Import Request.
  Time since last request: 0.000016 seconds.
  path: Assets/Settings/PC_RPAsset.asset
  importAddress: Guid(4b83569d67af61e458304325a23e5dfd) Importer(2089858483,b0f066a214c2f5e87bad3c948f4d605d)
Start importing Assets/Settings/PC_RPAsset.asset using Guid(4b83569d67af61e458304325a23e5dfd) Importer(2089858483,b0f066a214c2f5e87bad3c948f4d605d) (ScriptedImporter) -> (Import Result ID: '8e250186dbac1c75ee4d7f9f88a3c291') in 0.0332366 seconds [static and dynamic dependencies]. Details - ImportResultOutputID=6afca970ce75dfa87df8b6614584aa23 DependenciesID=95af7024de2042a28521b57d1bb21759 StaticDependenciesID=3d573e0ff48bf7ed421285a4f7e866a0 
Number of updated asset objects reloaded before import = 0Number of asset objects unloaded after import = 1

========================================================================
Received Import Request.
  Time since last request: 0.000022 seconds.
  path: Assets/Settings/Mobile_Renderer.asset
  importAddress: Guid(65bc7dbf4170f435aa868c779acfb082) Importer(2089858483,b0f066a214c2f5e87bad3c948f4d605d)
Start importing Assets/Settings/Mobile_Renderer.asset using Guid(65bc7dbf4170f435aa868c779acfb082) Importer(2089858483,b0f066a214c2f5e87bad3c948f4d605d) (ScriptedImporter) -> (Import Result ID: '4259c10e50100b0a0f428f6517a0348d') in 0.0163881 seconds [static and dynamic dependencies]. Details - ImportResultOutputID=e4e27a7915e5fd67e4f8b8e2c11a6c6a DependenciesID=31931decc1c3de68010f5ab98b4b74c9 StaticDependenciesID=479ec06a013f88c318b3be9f7d7efee1 
Number of updated asset objects reloaded before import = 0Number of asset objects unloaded after import = 1

========================================================================
Received Import Request.
  Time since last request: 0.000019 seconds.
  path: Assets/TripoModels/stone_king_statue_3d_model/stone_king_statue_3d_model.fbm/stone_king_statue_3d_model_basecolor.JPEG
  importAddress: Guid(c9bf479b40df7424f9a185d033c16b4f) Importer(2089858483,b0f066a214c2f5e87bad3c948f4d605d)
Start importing Assets/TripoModels/stone_king_statue_3d_model/stone_king_statue_3d_model.fbm/stone_king_statue_3d_model_basecolor.JPEG using Guid(c9bf479b40df7424f9a185d033c16b4f) Importer(2089858483,b0f066a214c2f5e87bad3c948f4d605d) (ScriptedImporter) -> (Import Result ID: 'ccb36be8a0022a50deddb9f2dc80ec33') in 0.0110716 seconds [static and dynamic dependencies]. Details - ImportResultOutputID=bc648a1336a2ee8c665da2af4e036934 DependenciesID=d8ccd7b1761867adc24f51981f6d7e0f StaticDependenciesID=981fdd97f05e8de00ba19dbac73febed 
Number of updated asset objects reloaded before import = 0Number of asset objects unloaded after import = 1

========================================================================
Received Import Request.
  Time since last request: 0.000024 seconds.
  path: Assets/Ian's Fire Pack Universal/_URP Specific/Materials/Particles/GlowURP.mat
  importAddress: Guid(3895fff51712d4d458aa29cb7daed9fb) Importer(2089858483,b0f066a214c2f5e87bad3c948f4d605d)
Start importing Assets/Ian's Fire Pack Universal/_URP Specific/Materials/Particles/GlowURP.mat using Guid(3895fff51712d4d458aa29cb7daed9fb) Importer(2089858483,b0f066a214c2f5e87bad3c948f4d605d) (ScriptedImporter) -> (Import Result ID: '5313658e61990f34fa70c3c0246ca3e3') in 0.0072282 seconds [static and dynamic dependencies]. Details - ImportResultOutputID=0879ce195188f080943c7c01fcd2f9a2 DependenciesID=97e8372edc81c03983ea97a287377056 StaticDependenciesID=ba4397b0a785d9c1c2a4f357b833923e 
Number of updated asset objects reloaded before import = 0Number of asset objects unloaded after import = 2

========================================================================
Received Import Request.
  Time since last request: 0.000018 seconds.
  path: Assets/TripoModels/ornate_crown_statue_3d_model/Materials/ornate_crown_statue_3d_model_basecolor.mat
  importAddress: Guid(b20f49f184358a5458cf2ea04b80013c) Importer(2089858483,b0f066a214c2f5e87bad3c948f4d605d)
Start importing Assets/TripoModels/ornate_crown_statue_3d_model/Materials/ornate_crown_statue_3d_model_basecolor.mat using Guid(b20f49f184358a5458cf2ea04b80013c) Importer(2089858483,b0f066a214c2f5e87bad3c948f4d605d) (ScriptedImporter) -> (Import Result ID: 'b8cd1e1807d1b192d7eea1fe926ca889') in 0.016363 seconds [static and dynamic dependencies]. Details - ImportResultOutputID=2148ca234fb4eca4508e81f2fe73ddd7 DependenciesID=898095a1e90456ed51b1ce81d3625cde StaticDependenciesID=584d96802646f53a28b08d61236f6a1e 
Number of updated asset objects reloaded before import = 0Number of asset objects unloaded after import = 4

========================================================================
Received Import Request.
  Time since last request: 0.000017 seconds.
  path: Assets/TripoModels/stone_king_statue_3d_model/stone_king_statue_3d_model.fbm/stone_king_statue_3d_model_normal.JPEG
  importAddress: Guid(9b251b306a0786047b9ce69b9205c12e) Importer(2089858483,b0f066a214c2f5e87bad3c948f4d605d)
Start importing Assets/TripoModels/stone_king_statue_3d_model/stone_king_statue_3d_model.fbm/stone_king_statue_3d_model_normal.JPEG using Guid(9b251b306a0786047b9ce69b9205c12e) Importer(2089858483,b0f066a214c2f5e87bad3c948f4d605d) (ScriptedImporter) -> (Import Result ID: '02d50fa7078013bb3d92eb430c67284d') in 0.0110064 seconds [static and dynamic dependencies]. Details - ImportResultOutputID=b53e9d360fd9ff604467577f941c875d DependenciesID=8e44511efe4058ef65d4d3ade3c9d635 StaticDependenciesID=2dee891a4226635f5de8fb0882000298 
Number of updated asset objects reloaded before import = 0Number of asset objects unloaded after import = 1

========================================================================
Received Import Request.
  Time since last request: 0.000021 seconds.
  path: Assets/audio 1/tomb/Character/1/独白6（3）.wav
  importAddress: Guid(f076103f85d34f74ba552ea65f67e6a9) Importer(2089858483,b0f066a214c2f5e87bad3c948f4d605d)
Start importing Assets/audio 1/tomb/Character/1/独白6（3）.wav using Guid(f076103f85d34f74ba552ea65f67e6a9) Importer(2089858483,b0f066a214c2f5e87bad3c948f4d605d) (ScriptedImporter) -> (Import Result ID: '8d3acc59fd160ade57a00faaee0f847b') in 0.0038915 seconds [static and dynamic dependencies]. Details - ImportResultOutputID=b73e9d439fe49d4d97b9d20aebffb636 DependenciesID=9bf04c2d9a5dad0fa18b17de7258df86 StaticDependenciesID=5686f44edf5f8f6846ca8eeed12bf1d8 
Number of updated asset objects reloaded before import = 0Number of asset objects unloaded after import = 1

========================================================================
Received Import Request.
  Time since last request: 0.000021 seconds.
  path: Assets/BefourStudios/AsianDynastyEnvironment/Art/Materials/M_TreeBranch2.mat
  importAddress: Guid(bbf54c13fa1c981429f23a75971ad6ed) Importer(2089858483,b0f066a214c2f5e87bad3c948f4d605d)
Start importing Assets/BefourStudios/AsianDynastyEnvironment/Art/Materials/M_TreeBranch2.mat using Guid(bbf54c13fa1c981429f23a75971ad6ed) Importer(2089858483,b0f066a214c2f5e87bad3c948f4d605d) (ScriptedImporter) -> (Import Result ID: '4154eed1ac15fdfc80e30d06f0e5eb42') in 0.0510764 seconds [static and dynamic dependencies]. Details - ImportResultOutputID=4108e5584bf4163b32638159a6b10ff2 DependenciesID=8a5ad36385cad5b81fdbe3a7ce59c1ec StaticDependenciesID=bf2e66cbbdab9597999286dfc01a477b 
Number of updated asset objects reloaded before import = 0Number of asset objects unloaded after import = 8

========================================================================
Received Import Request.
  Time since last request: 0.000024 seconds.
  path: Assets/XRI/Settings/Resources/XRDeviceSimulatorSettings.asset
  importAddress: Guid(eff7c364eea0e4545b9a8c7120cb79a7) Importer(2089858483,b0f066a214c2f5e87bad3c948f4d605d)
Start importing Assets/XRI/Settings/Resources/XRDeviceSimulatorSettings.asset using Guid(eff7c364eea0e4545b9a8c7120cb79a7) Importer(2089858483,b0f066a214c2f5e87bad3c948f4d605d) (ScriptedImporter) -> (Import Result ID: 'd5e2bee9847d725e1c3a3257c386b897') in 0.0041382 seconds [static and dynamic dependencies]. Details - ImportResultOutputID=afe6566bc4bbe73c0667819fc1db540d DependenciesID=ad114935dbcea6a6c81a48ba24108380 StaticDependenciesID=048a40192c105a589e61319c7947ae61 
Number of updated asset objects reloaded before import = 0Number of asset objects unloaded after import = 1

========================================================================
Received Import Request.
  Time since last request: 0.000028 seconds.
  path: Assets/BefourStudios/AsianDynastyEnvironment/Art/Textures/T_BazaarProps_BaseColor.png
  importAddress: Guid(abc00000000015061052087827552816) Importer(2089858483,b0f066a214c2f5e87bad3c948f4d605d)
Start importing Assets/BefourStudios/AsianDynastyEnvironment/Art/Textures/T_BazaarProps_BaseColor.png using Guid(abc00000000015061052087827552816) Importer(2089858483,b0f066a214c2f5e87bad3c948f4d605d) (ScriptedImporter) -> (Import Result ID: '78044d3604185ddad56a8ea5275511f9') in 0.0092437 seconds [static and dynamic dependencies]. Details - ImportResultOutputID=3b0d873803f2306d576680d22dcebd99 DependenciesID=f27330c3decb5ae7d2814026c679cf6c StaticDependenciesID=d961165a79cdb9c67f73279a7c2bb5e6 
Number of updated asset objects reloaded before import = 0Number of asset objects unloaded after import = 1

========================================================================
Received Import Request.
  Time since last request: 0.000015 seconds.
  path: Assets/TripoModels/bodhisattva_statue_3d_model_2/bodhisattva_statue_3d_model_2.fbm/bodhisattva_statue_3d_model_basecolor.JPEG
  importAddress: Guid(4f9983235e079074abdcc57934d89108) Importer(2089858483,b0f066a214c2f5e87bad3c948f4d605d)
Start importing Assets/TripoModels/bodhisattva_statue_3d_model_2/bodhisattva_statue_3d_model_2.fbm/bodhisattva_statue_3d_model_basecolor.JPEG using Guid(4f9983235e079074abdcc57934d89108) Importer(2089858483,b0f066a214c2f5e87bad3c948f4d605d) (ScriptedImporter) -> (Import Result ID: '001cdf2aa4958642420f0ec058fa4f21') in 0.0107973 seconds [static and dynamic dependencies]. Details - ImportResultOutputID=1653819759ea12d7b2ce97e17e920d72 DependenciesID=1f2f2fae9ee90251c2a611101c33955a StaticDependenciesID=ff76cf50c81a24164b784ff632a09865 
Number of updated asset objects reloaded before import = 0Number of asset objects unloaded after import = 1

========================================================================
Received Import Request.
  Time since last request: 0.000014 seconds.
  path: Assets/TripoModels/stone_king_statue_3d_model/stone_king_statue_3d_model.fbm/stone_king_statue_3d_model_metallic_Smoothness.png
  importAddress: Guid(8889ba67d7a2ed84faa1a1dba27a8845) Importer(2089858483,b0f066a214c2f5e87bad3c948f4d605d)
Start importing Assets/TripoModels/stone_king_statue_3d_model/stone_king_statue_3d_model.fbm/stone_king_statue_3d_model_metallic_Smoothness.png using Guid(8889ba67d7a2ed84faa1a1dba27a8845) Importer(2089858483,b0f066a214c2f5e87bad3c948f4d605d) (ScriptedImporter) -> (Import Result ID: '2adfeeeb29cb3e84a03eb17bb976465d') in 0.0103761 seconds [static and dynamic dependencies]. Details - ImportResultOutputID=6f8e59204cb57a6fe2b7594242758c68 DependenciesID=1df0f555e3b0c90e1b55ddd7d5014e0a StaticDependenciesID=a8632fa3f1f91709223e10443ec179b4 
Number of updated asset objects reloaded before import = 0Number of asset objects unloaded after import = 1

========================================================================
Received Import Request.
  Time since last request: 0.000019 seconds.
  path: Assets/TripoModels/ornate_crown_statue_3d_model/ornate_crown_statue_3d_model.fbm/ornate_crown_statue_3d_model_basecolor.JPEG
  importAddress: Guid(18d04140e7bb1a7419c88c7c6e622f2e) Importer(2089858483,b0f066a214c2f5e87bad3c948f4d605d)
Start importing Assets/TripoModels/ornate_crown_statue_3d_model/ornate_crown_statue_3d_model.fbm/ornate_crown_statue_3d_model_basecolor.JPEG using Guid(18d04140e7bb1a7419c88c7c6e622f2e) Importer(2089858483,b0f066a214c2f5e87bad3c948f4d605d) (ScriptedImporter) -> (Import Result ID: '012f0cd4e2a147c73f680933dc6eaccf') in 0.0079989 seconds [static and dynamic dependencies]. Details - ImportResultOutputID=d3abe6279b63760d3d5b7ab3c4a5858d DependenciesID=70584faca32a72ea58e988b89fd926c2 StaticDependenciesID=c54c8af881737e4bd891b69bb067687f 
Number of updated asset objects reloaded before import = 0Number of asset objects unloaded after import = 1

========================================================================
Received Import Request.
  Time since last request: 0.000014 seconds.
  path: Assets/Ian's Fire Pack Universal/_URP Specific/Materials/Particles/SmokePuffURP.mat
  importAddress: Guid(e38b20a97046f41669eb11107e8d91b9) Importer(2089858483,b0f066a214c2f5e87bad3c948f4d605d)
Start importing Assets/Ian's Fire Pack Universal/_URP Specific/Materials/Particles/SmokePuffURP.mat using Guid(e38b20a97046f41669eb11107e8d91b9) Importer(2089858483,b0f066a214c2f5e87bad3c948f4d605d) (ScriptedImporter) -> (Import Result ID: 'b8fbe73de20c70a208d29d900e1adfe4') in 0.0065149 seconds [static and dynamic dependencies]. Details - ImportResultOutputID=34d07feef705ef3dfa43ac1f5de2f8fc DependenciesID=e0ff8333a5a23410ad3f5c7cd75521d0 StaticDependenciesID=54ba2c1386f228d38c13276fa3563dee 
Number of updated asset objects reloaded before import = 0Number of asset objects unloaded after import = 3

========================================================================
Received Import Request.
  Time since last request: 0.000021 seconds.
  path: Assets/BefourStudios/AsianDynastyEnvironment/Art/Shaders/S_Foliage.shadergraph
  importAddress: Guid(f466a61af05081647a0192c38ca20ca8) Importer(2089858483,b0f066a214c2f5e87bad3c948f4d605d)
Start importing Assets/BefourStudios/AsianDynastyEnvironment/Art/Shaders/S_Foliage.shadergraph using Guid(f466a61af05081647a0192c38ca20ca8) Importer(2089858483,b0f066a214c2f5e87bad3c948f4d605d) (ScriptedImporter) -> (Import Result ID: '018793fafc23e6bb4a95664140934353') in 0.008393 seconds [static and dynamic dependencies]. Details - ImportResultOutputID=5b9513e8facd7d9537111eb43d51cc8f DependenciesID=7337a8ea978168d272433da03e9481dd StaticDependenciesID=55565add44665b03f4cec05ec38d8e6f 
Number of updated asset objects reloaded before import = 0Number of asset objects unloaded after import = 5

========================================================================
Received Import Request.
  Time since last request: 0.000026 seconds.
  path: Assets/TripoModels/stone_sculpture_prop_3d_model/stone_sculpture_prop_3d_model.fbm/stone_sculpture_prop_3d_model_basecolor.JPEG
  importAddress: Guid(bc6f2479dd78b5746af30195ff5c914e) Importer(2089858483,b0f066a214c2f5e87bad3c948f4d605d)
Start importing Assets/TripoModels/stone_sculpture_prop_3d_model/stone_sculpture_prop_3d_model.fbm/stone_sculpture_prop_3d_model_basecolor.JPEG using Guid(bc6f2479dd78b5746af30195ff5c914e) Importer(2089858483,b0f066a214c2f5e87bad3c948f4d605d) (ScriptedImporter) -> (Import Result ID: '9beb6272ee60b59bff0e89092d1738eb') in 0.0074368 seconds [static and dynamic dependencies]. Details - ImportResultOutputID=f89514b74a6cc3231df9ebe67d4ac57b DependenciesID=dbf8bb4025e131a11642f82f7c007e83 StaticDependenciesID=aa6cc3ad44201f4b041a2795ba19c139 
Number of updated asset objects reloaded before import = 0Number of asset objects unloaded after import = 1

========================================================================
Received Import Request.
  Time since last request: 0.000015 seconds.
  path: Assets/TripoModels/ornate_crown_statue_3d_model/ornate_crown_statue_3d_model.fbm/ornate_crown_statue_3d_model_metallic_Smoothness.png
  importAddress: Guid(badf9d61ea3dbaa478b4a26922741fdc) Importer(2089858483,b0f066a214c2f5e87bad3c948f4d605d)
Start importing Assets/TripoModels/ornate_crown_statue_3d_model/ornate_crown_statue_3d_model.fbm/ornate_crown_statue_3d_model_metallic_Smoothness.png using Guid(badf9d61ea3dbaa478b4a26922741fdc) Importer(2089858483,b0f066a214c2f5e87bad3c948f4d605d) (ScriptedImporter) -> (Import Result ID: '5a91525f1f6100ff9184cf5dec615ebf') in 0.0098164 seconds [static and dynamic dependencies]. Details - ImportResultOutputID=54acad6d5b225b72e92a86306b0895c7 DependenciesID=c7cfeeb5716f1c382ef956768166fdde StaticDependenciesID=3fc7247eb4b1f7f7d521aec5b5037b26 
Number of updated asset objects reloaded before import = 0Number of asset objects unloaded after import = 1

========================================================================
Received Import Request.
  Time since last request: 0.000016 seconds.
  path: Assets/TripoModels/goddess_statue_3d_model/goddess_statue_3d_model.fbm/goddess_statue_3d_model_normal.JPEG
  importAddress: Guid(504aa5799b3d11d42b16cf958f57efca) Importer(2089858483,b0f066a214c2f5e87bad3c948f4d605d)
Start importing Assets/TripoModels/goddess_statue_3d_model/goddess_statue_3d_model.fbm/goddess_statue_3d_model_normal.JPEG using Guid(504aa5799b3d11d42b16cf958f57efca) Importer(2089858483,b0f066a214c2f5e87bad3c948f4d605d) (ScriptedImporter) -> (Import Result ID: 'f0d3adf8869c8805371dd7df2d422d09') in 0.0076562 seconds [static and dynamic dependencies]. Details - ImportResultOutputID=725a3bf43fa7c43d87a56603b456bacc DependenciesID=4d56921f50fc61957d33c08ce02395d7 StaticDependenciesID=35bc1df9aa338a4e4ac4a0a915b5d949 
Number of updated asset objects reloaded before import = 0Number of asset objects unloaded after import = 1

========================================================================
Received Import Request.
  Time since last request: 0.000016 seconds.
  path: Assets/TripoModels/bodhisattva_statue_3d_model_1/bodhisattva_statue_3d_model_1.fbm/bodhisattva_statue_3d_model_normal.JPEG
  importAddress: Guid(8d479862864e06e4e9cc0363d61b1416) Importer(2089858483,b0f066a214c2f5e87bad3c948f4d605d)
Start importing Assets/TripoModels/bodhisattva_statue_3d_model_1/bodhisattva_statue_3d_model_1.fbm/bodhisattva_statue_3d_model_normal.JPEG using Guid(8d479862864e06e4e9cc0363d61b1416) Importer(2089858483,b0f066a214c2f5e87bad3c948f4d605d) (ScriptedImporter) -> (Import Result ID: 'cc8cc48c26337210509bafb1c4baf3d2') in 0.0085215 seconds [static and dynamic dependencies]. Details - ImportResultOutputID=f66c485c71de41c8e2eebff59f263ca3 DependenciesID=205835b7fb71693fe735d31c50387e5e StaticDependenciesID=90fee4f82197761fa7f0594bc4b0a89c 
Number of updated asset objects reloaded before import = 0Number of asset objects unloaded after import = 1

========================================================================
Received Import Request.
  Time since last request: 0.000017 seconds.
  path: Assets/BefourStudios/AsianDynastyEnvironment/Art/Materials/M_TreeBillboard.mat
  importAddress: Guid(d20d4bc1a92c65b46b43b4ef10113046) Importer(2089858483,b0f066a214c2f5e87bad3c948f4d605d)
Start importing Assets/BefourStudios/AsianDynastyEnvironment/Art/Materials/M_TreeBillboard.mat using Guid(d20d4bc1a92c65b46b43b4ef10113046) Importer(2089858483,b0f066a214c2f5e87bad3c948f4d605d) (ScriptedImporter) -> (Import Result ID: 'd8f8fa512fe583ddcc704098858414c6') in 0.0102907 seconds [static and dynamic dependencies]. Details - ImportResultOutputID=86d724baabd82838cee73a3cb47b3c18 DependenciesID=52cdde4e7e804bef5c7de6df7f78a311 StaticDependenciesID=28d6f15ee82db2811d8b707f59a3516d 
Number of updated asset objects reloaded before import = 0Number of asset objects unloaded after import = 7

========================================================================
Received Import Request.
  Time since last request: 0.000035 seconds.
  path: Assets/Ian's Fire Pack Universal/_URP Specific/Materials/Particles/CandleURP.mat
  importAddress: Guid(824fa894376e24ccc92da03195517f30) Importer(2089858483,b0f066a214c2f5e87bad3c948f4d605d)
Start importing Assets/Ian's Fire Pack Universal/_URP Specific/Materials/Particles/CandleURP.mat using Guid(824fa894376e24ccc92da03195517f30) Importer(2089858483,b0f066a214c2f5e87bad3c948f4d605d) (ScriptedImporter) -> (Import Result ID: '572db65e84d32f021ac1a2b45d8149fd') in 0.0055937 seconds [static and dynamic dependencies]. Details - ImportResultOutputID=455dfbefa59fee3e82c0407d5d441b3b DependenciesID=5fcdb573887d300cf125ec66b7ff6f79 StaticDependenciesID=c7fcb0465d28abedea06a859a1ad94a1 
Number of updated asset objects reloaded before import = 0Number of asset objects unloaded after import = 2

========================================================================
Received Import Request.
  Time since last request: 0.000034 seconds.
  path: Assets/XR/Animated Hands/Animations/Right Hand Animator.controller
  importAddress: Guid(3338dde1ae80a3b43826deca5c238356) Importer(2089858483,b0f066a214c2f5e87bad3c948f4d605d)
Start importing Assets/XR/Animated Hands/Animations/Right Hand Animator.controller using Guid(3338dde1ae80a3b43826deca5c238356) Importer(2089858483,b0f066a214c2f5e87bad3c948f4d605d) (ScriptedImporter) -> (Import Result ID: 'd5b0825f27b2e3f0f05b8275a3ffe28f') in 0.0054072 seconds [static and dynamic dependencies]. Details - ImportResultOutputID=1d5e46f3d22ffcdf7bfce14df51e6752 DependenciesID=f132752ee4aef5a7e07399d6977d7fad StaticDependenciesID=ffc4e16033ea0b44f4a2fd7b00a523fb 
Number of updated asset objects reloaded before import = 0Number of asset objects unloaded after import = 7

========================================================================
Received Import Request.
  Time since last request: 0.000024 seconds.
  path: Assets/TripoModels/stone_goddess_statue_3d_model/stone_goddess_statue_3d_model.fbm/stone_goddess_statue_3d_model_normal.JPEG
  importAddress: Guid(99f1596ceaead0640a2a77c9bc9eb46f) Importer(2089858483,b0f066a214c2f5e87bad3c948f4d605d)
Start importing Assets/TripoModels/stone_goddess_statue_3d_model/stone_goddess_statue_3d_model.fbm/stone_goddess_statue_3d_model_normal.JPEG using Guid(99f1596ceaead0640a2a77c9bc9eb46f) Importer(2089858483,b0f066a214c2f5e87bad3c948f4d605d) (ScriptedImporter) -> (Import Result ID: '64a93cbd782785ed78c207e6cbba31a2') in 0.008821 seconds [static and dynamic dependencies]. Details - ImportResultOutputID=3845267dda165dec10b09f9ee9edb450 DependenciesID=c1bf1a8e2a821743ddd30cec83a9a07d StaticDependenciesID=85c46a82e9c858a014f18c68dc70c9be 
Number of updated asset objects reloaded before import = 0Number of asset objects unloaded after import = 1

========================================================================
Received Import Request.
  Time since last request: 0.000016 seconds.
  path: Assets/audio 1/tomb/Character/4/独白9（1）.wav
  importAddress: Guid(26f9a619ed65ed145acce7c656027bcc) Importer(2089858483,b0f066a214c2f5e87bad3c948f4d605d)
Start importing Assets/audio 1/tomb/Character/4/独白9（1）.wav using Guid(26f9a619ed65ed145acce7c656027bcc) Importer(2089858483,b0f066a214c2f5e87bad3c948f4d605d) (ScriptedImporter) -> (Import Result ID: '68ef12d24b36f1edc532157a1e590770') in 0.0041732 seconds [static and dynamic dependencies]. Details - ImportResultOutputID=2d9bbb76554b6cbac48a9faca7651da1 DependenciesID=b848d5e28a7ae18faab93ff572b98b9b StaticDependenciesID=32cca351f05cd8170040cbe9a95799f8 
Number of updated asset objects reloaded before import = 0Number of asset objects unloaded after import = 1

========================================================================
Received Import Request.
  Time since last request: 0.000018 seconds.
  path: Assets/SunboxGames/ModularDungeonCaves/Prefabs/Rocks/SmallStone_03.prefab
  importAddress: Guid(698db9d5875d0b4419f6978609ddfdad) Importer(2089858483,e11c23a36db5f54750b8cd40eac0985b)
Start importing Assets/SunboxGames/ModularDungeonCaves/Prefabs/Rocks/SmallStone_03.prefab using Guid(698db9d5875d0b4419f6978609ddfdad) Importer(2089858483,e11c23a36db5f54750b8cd40eac0985b) (ScriptedImporter) -> (Import Result ID: 'e185eb88d628e2405772f13bf4c949a3') in 0.0065943 seconds [static and dynamic dependencies]. Details - ImportResultOutputID=aae7f2e9facd16ef2b8956b8c57a95ce DependenciesID=e06a04e4acfca38bbf13eeed302d524f StaticDependenciesID=166101a77650efdf14eee3fad45db7ad 
Number of updated asset objects reloaded before import = 0Number of asset objects unloaded after import = 10

========================================================================
Received Import Request.
  Time since last request: 0.000019 seconds.
  path: Assets/SunboxGames/ModularDungeonCaves/Prefabs/Mushrooms/Mushroom03_Brown.prefab
  importAddress: Guid(cf4659025cc94f140b23aee091aff2fd) Importer(2089858483,e11c23a36db5f54750b8cd40eac0985b)
Start importing Assets/SunboxGames/ModularDungeonCaves/Prefabs/Mushrooms/Mushroom03_Brown.prefab using Guid(cf4659025cc94f140b23aee091aff2fd) Importer(2089858483,e11c23a36db5f54750b8cd40eac0985b) (ScriptedImporter) -> (Import Result ID: '0b61c5b7e54107aed3d43697504a73a9') in 0.0072605 seconds [static and dynamic dependencies]. Details - ImportResultOutputID=94c0dee83c688d120f5f28411b1c8f37 DependenciesID=1ad221b2bd7cdf8a632b79359c923f75 StaticDependenciesID=d102f9d70e71202136ab065762b3bf89 
Number of updated asset objects reloaded before import = 0Number of asset objects unloaded after import = 8

========================================================================
Received Import Request.
  Time since last request: 0.000023 seconds.
  path: Assets/SunboxGames/ModularDungeonCaves/Prefabs/Mushrooms/Mushroom06_Red.prefab
  importAddress: Guid(4de67bd9d845d9446875c90dfd9ee534) Importer(2089858483,e11c23a36db5f54750b8cd40eac0985b)
Start importing Assets/SunboxGames/ModularDungeonCaves/Prefabs/Mushrooms/Mushroom06_Red.prefab using Guid(4de67bd9d845d9446875c90dfd9ee534) Importer(2089858483,e11c23a36db5f54750b8cd40eac0985b) (ScriptedImporter) -> (Import Result ID: '7ae00b62530bd21ac8dca2b452f88496') in 0.0060729 seconds [static and dynamic dependencies]. Details - ImportResultOutputID=57d8b5a70d8bbd76c080bc83df3fe0c8 DependenciesID=5c3ddf9eb69672f4c22995866dfee431 StaticDependenciesID=2ec6a565fa291b01d054083a89d2084e 
Number of updated asset objects reloaded before import = 0Number of asset objects unloaded after import = 8

========================================================================
Received Import Request.
  Time since last request: 0.000020 seconds.
  path: Assets/SunboxGames/ModularDungeonCaves/Prefabs/Rocks/LargeStone_03.prefab
  importAddress: Guid(3fe838fdb4fbc5e449abb2e44fb0c424) Importer(2089858483,e11c23a36db5f54750b8cd40eac0985b)
Start importing Assets/SunboxGames/ModularDungeonCaves/Prefabs/Rocks/LargeStone_03.prefab using Guid(3fe838fdb4fbc5e449abb2e44fb0c424) Importer(2089858483,e11c23a36db5f54750b8cd40eac0985b) (ScriptedImporter) -> (Import Result ID: 'ec1d0138a8c11dd9aadbaf54dffe97b4') in 0.006408 seconds [static and dynamic dependencies]. Details - ImportResultOutputID=5f0dc8e44fbfe90d09c06ef96fc5847a DependenciesID=cfdd2d5b972b8c3ebe785f5123e6ab13 StaticDependenciesID=1fe29d78ef840ade3b69d0334b52c45b 
Number of updated asset objects reloaded before import = 0Number of asset objects unloaded after import = 10

========================================================================
Received Import Request.
  Time since last request: 0.000032 seconds.
  path: Assets/SunboxGames/ModularDungeonCaves/Prefabs/Various/Cobweb01.prefab
  importAddress: Guid(98945804144ce5240a85dd601f81ff81) Importer(2089858483,e11c23a36db5f54750b8cd40eac0985b)
Start importing Assets/SunboxGames/ModularDungeonCaves/Prefabs/Various/Cobweb01.prefab using Guid(98945804144ce5240a85dd601f81ff81) Importer(2089858483,e11c23a36db5f54750b8cd40eac0985b) (ScriptedImporter) -> (Import Result ID: 'ec5cdd4aff32d90da22049d169c69760') in 0.0066088 seconds [static and dynamic dependencies]. Details - ImportResultOutputID=58e2452b1fc28a331f88ee35d47a5aed DependenciesID=e038c4fb97e8453a7cea6818f7ac9c52 StaticDependenciesID=6c645619e3ad7c95b4b85b4b148c7dc3 
Number of updated asset objects reloaded before import = 0Number of asset objects unloaded after import = 8

========================================================================
Received Import Request.
  Time since last request: 0.000016 seconds.
  path: Assets/SunboxGames/ModularDungeonCaves/Prefabs/ModularPieces/MediumCorridor_03.prefab
  importAddress: Guid(09ce8d7c049367046a1052452cf7786d) Importer(2089858483,e11c23a36db5f54750b8cd40eac0985b)
Start importing Assets/SunboxGames/ModularDungeonCaves/Prefabs/ModularPieces/MediumCorridor_03.prefab using Guid(09ce8d7c049367046a1052452cf7786d) Importer(2089858483,e11c23a36db5f54750b8cd40eac0985b) (ScriptedImporter) -> (Import Result ID: '930327c4fa83dbee25dcac5ad0695213') in 0.0113777 seconds [static and dynamic dependencies]. Details - ImportResultOutputID=0d4103982147add18d83083af5e8d968 DependenciesID=41ce414ad51af49b28448fda12d2c862 StaticDependenciesID=4b030bc7cede67f87cafe09180ed6d31 
Number of updated asset objects reloaded before import = 0Number of asset objects unloaded after import = 24

========================================================================
Received Import Request.
  Time since last request: 0.000014 seconds.
  path: Assets/SunboxGames/ModularDungeonCaves/Materials/CavePieces/MediumChamber_01.mat
  importAddress: Guid(c3776b2d1be7d834683ca5fb288ab1ee) Importer(2089858483,b0f066a214c2f5e87bad3c948f4d605d)
Start importing Assets/SunboxGames/ModularDungeonCaves/Materials/CavePieces/MediumChamber_01.mat using Guid(c3776b2d1be7d834683ca5fb288ab1ee) Importer(2089858483,b0f066a214c2f5e87bad3c948f4d605d) (ScriptedImporter) -> (Import Result ID: '3f78157f7317aa451b0d9796cf0d4d11') in 0.0583534 seconds [static and dynamic dependencies]. Details - ImportResultOutputID=65f7065ae4fcf0261af31ef4a1c0e6bb DependenciesID=766f3b16abd2385c5051ffe3907de82f StaticDependenciesID=f91d7a18c193dfc5c4a2e961c893b3b4 
Number of updated asset objects reloaded before import = 0Number of asset objects unloaded after import = 4

========================================================================
Received Import Request.
  Time since last request: 0.000019 seconds.
  path: Assets/SunboxGames/ModularDungeonCaves/Prefabs/Particles/CandleFlame.prefab
  importAddress: Guid(a103c9494d2eaf3449e72cfae9d733c5) Importer(2089858483,e11c23a36db5f54750b8cd40eac0985b)
Start importing Assets/SunboxGames/ModularDungeonCaves/Prefabs/Particles/CandleFlame.prefab using Guid(a103c9494d2eaf3449e72cfae9d733c5) Importer(2089858483,e11c23a36db5f54750b8cd40eac0985b) (ScriptedImporter) -> (Import Result ID: '3e173d8397f85f1e8294b3e55c679d94') in 0.0162274 seconds [static and dynamic dependencies]. Details - ImportResultOutputID=422fbecaa908a0700211f2ad58cc27e4 DependenciesID=791f37d4f62450dcd6eb2a120ddf22f2 StaticDependenciesID=e946155b91d9642b04f730d10c496df2 
Number of updated asset objects reloaded before import = 0Number of asset objects unloaded after import = 6

========================================================================
Received Import Request.
  Time since last request: 0.000022 seconds.
  path: Assets/SunboxGames/ModularDungeonCaves/Materials/CavePieces/DripStone_01.mat
  importAddress: Guid(28bdf7641a6e0004d8046a85d50e2126) Importer(2089858483,b0f066a214c2f5e87bad3c948f4d605d)
Start importing Assets/SunboxGames/ModularDungeonCaves/Materials/CavePieces/DripStone_01.mat using Guid(28bdf7641a6e0004d8046a85d50e2126) Importer(2089858483,b0f066a214c2f5e87bad3c948f4d605d) (ScriptedImporter) -> (Import Result ID: 'b6bca8388fe3e4b0bfa38dfd8c2c2914') in 0.0600682 seconds [static and dynamic dependencies]. Details - ImportResultOutputID=58a9601e5c868181dc5f9e8f7d6fec6a DependenciesID=27a2823372ef10f9c01e053f2445dade StaticDependenciesID=d5fbab2a02377a4c27281a33ffff23cc 
Number of updated asset objects reloaded before import = 0Number of asset objects unloaded after import = 4

========================================================================
Received Import Request.
  Time since last request: 0.000031 seconds.
  path: Assets/SunboxGames/ModularDungeonCaves/Prefabs/Roots/RootSmall_02.prefab
  importAddress: Guid(3bbf179054a89ea45bf52d0abd5bf3a1) Importer(2089858483,e11c23a36db5f54750b8cd40eac0985b)
Start importing Assets/SunboxGames/ModularDungeonCaves/Prefabs/Roots/RootSmall_02.prefab using Guid(3bbf179054a89ea45bf52d0abd5bf3a1) Importer(2089858483,e11c23a36db5f54750b8cd40eac0985b) (ScriptedImporter) -> (Import Result ID: 'c07dde005f40454fef9f0ae349cbfa1f') in 0.0063598 seconds [static and dynamic dependencies]. Details - ImportResultOutputID=a091c965bcc546b3f13327067d9f73cc DependenciesID=b625d6f81365c5fb60db4a485367747e StaticDependenciesID=5ac2ea09be82700993974c7e3a91d515 
Number of updated asset objects reloaded before import = 0Number of asset objects unloaded after import = 8

========================================================================
Received Import Request.
  Time since last request: 0.000015 seconds.
  path: Assets/SunboxGames/ModularDungeonCaves/Prefabs/Various/Cobweb04.prefab
  importAddress: Guid(77725c709c7be0e4f9dd93a253ce0e54) Importer(2089858483,e11c23a36db5f54750b8cd40eac0985b)
Start importing Assets/SunboxGames/ModularDungeonCaves/Prefabs/Various/Cobweb04.prefab using Guid(77725c709c7be0e4f9dd93a253ce0e54) Importer(2089858483,e11c23a36db5f54750b8cd40eac0985b) (ScriptedImporter) -> (Import Result ID: '1208e8e6835115d6869bb26aa2773122') in 0.0070917 seconds [static and dynamic dependencies]. Details - ImportResultOutputID=7c9c6804ce1678e98819a7207ebec941 DependenciesID=382c4abf6b53f6d65654c30bdc823f28 StaticDependenciesID=1be0404529b74d2045786ad16463d758 
Number of updated asset objects reloaded before import = 0Number of asset objects unloaded after import = 8

========================================================================
Received Import Request.
  Time since last request: 0.000021 seconds.
  path: Assets/SunboxGames/ModularDungeonCaves/Prefabs/Roots/RootLarge_01.prefab
  importAddress: Guid(884c0a1c9936ea440bf63b4729cfe636) Importer(2089858483,e11c23a36db5f54750b8cd40eac0985b)
Start importing Assets/SunboxGames/ModularDungeonCaves/Prefabs/Roots/RootLarge_01.prefab using Guid(884c0a1c9936ea440bf63b4729cfe636) Importer(2089858483,e11c23a36db5f54750b8cd40eac0985b) (ScriptedImporter) -> (Import Result ID: 'c598627152e24ca165269df3553136f0') in 0.0063117 seconds [static and dynamic dependencies]. Details - ImportResultOutputID=99cbab2ad381510296e79b00abee1f81 DependenciesID=5312d708ff0a9128a821285ff0a0aa97 StaticDependenciesID=5adaa8d203a1617941c359054d2da782 
Number of updated asset objects reloaded before import = 0Number of asset objects unloaded after import = 9

========================================================================
Received Import Request.
  Time since last request: 0.000017 seconds.
  path: Assets/SunboxGames/ModularDungeonCaves/Prefabs/Mushrooms/Mushroom04_Brown.prefab
  importAddress: Guid(32ce578893da48a4e9b19c609627679f) Importer(2089858483,e11c23a36db5f54750b8cd40eac0985b)
Start importing Assets/SunboxGames/ModularDungeonCaves/Prefabs/Mushrooms/Mushroom04_Brown.prefab using Guid(32ce578893da48a4e9b19c609627679f) Importer(2089858483,e11c23a36db5f54750b8cd40eac0985b) (ScriptedImporter) -> (Import Result ID: '61be8ebdb285cec653a6fe382b6d13b1') in 0.0065317 seconds [static and dynamic dependencies]. Details - ImportResultOutputID=6c3970f79eef2a090bb444e71e30eaa3 DependenciesID=e898029b45bce41af72dc551c9304afc StaticDependenciesID=d9172439489b27ae2dfd538c0b4d1f88 
Number of updated asset objects reloaded before import = 0Number of asset objects unloaded after import = 8

========================================================================
Received Import Request.
  Time since last request: 0.000017 seconds.
  path: Assets/SunboxGames/ModularDungeonCaves/Prefabs/Rocks/Dripstone_02.prefab
  importAddress: Guid(7cb400e5adf4bcc46b3487d67217fe73) Importer(2089858483,e11c23a36db5f54750b8cd40eac0985b)
Start importing Assets/SunboxGames/ModularDungeonCaves/Prefabs/Rocks/Dripstone_02.prefab using Guid(7cb400e5adf4bcc46b3487d67217fe73) Importer(2089858483,e11c23a36db5f54750b8cd40eac0985b) (ScriptedImporter) -> (Import Result ID: 'adfcdc4047057ad49756d9a46e633024') in 0.0073385 seconds [static and dynamic dependencies]. Details - ImportResultOutputID=6acf290f4183bb64ce19ab84902fd6b2 DependenciesID=c7971b79a3734337722ac5dbebcf8ab7 StaticDependenciesID=c306cb2587f3b073b35544388259ec3e 
Number of updated asset objects reloaded before import = 0Number of asset objects unloaded after import = 10

========================================================================
Received Import Request.
  Time since last request: 0.000019 seconds.
  path: Assets/mesh/未烧裂甲骨/Meshy_AI_Turtle_shell_fragment_0801173027_texture_fbx/Materials/Meshy_AI_Turtle_shell_fragment_0801173027_texture.mat
  importAddress: Guid(75bc54a49f935b94da45a5644635aa3d) Importer(2089858483,b0f066a214c2f5e87bad3c948f4d605d)
Start importing Assets/mesh/未烧裂甲骨/Meshy_AI_Turtle_shell_fragment_0801173027_texture_fbx/Materials/Meshy_AI_Turtle_shell_fragment_0801173027_texture.mat using Guid(75bc54a49f935b94da45a5644635aa3d) Importer(2089858483,b0f066a214c2f5e87bad3c948f4d605d) (ScriptedImporter) -> (Import Result ID: 'c17946eea705964a5a4adafbdf023580') in 0.0087199 seconds [static and dynamic dependencies]. Details - ImportResultOutputID=e6616a010bd28b9790924dcdc214aa09 DependenciesID=1bc6f0f47f8c126f253d4ae115936967 StaticDependenciesID=144900c29ccb2382484e7eff4f081e98 
Number of updated asset objects reloaded before import = 0Number of asset objects unloaded after import = 4

========================================================================
Received Import Request.
  Time since last request: 0.000021 seconds.
  path: Assets/SunboxGames/ModularDungeonCaves/Prefabs/Mushrooms/Mushroom03_Red.prefab
  importAddress: Guid(14d909e69d703a242864c1fd219e7eb6) Importer(2089858483,e11c23a36db5f54750b8cd40eac0985b)
Start importing Assets/SunboxGames/ModularDungeonCaves/Prefabs/Mushrooms/Mushroom03_Red.prefab using Guid(14d909e69d703a242864c1fd219e7eb6) Importer(2089858483,e11c23a36db5f54750b8cd40eac0985b) (ScriptedImporter) -> (Import Result ID: '8259d375c3de0a8e3fc8ef44c6635b58') in 0.0068134 seconds [static and dynamic dependencies]. Details - ImportResultOutputID=3b7c7d9e9a4311eda9dcfa7d312a429a DependenciesID=c21bcad71afaa04a7294c2fdebf6b202 StaticDependenciesID=ff57cbce2adc7fd5b900929068c21f45 
Number of updated asset objects reloaded before import = 0Number of asset objects unloaded after import = 8

========================================================================
Received Import Request.
  Time since last request: 0.000027 seconds.
  path: Assets/SunboxGames/ModularDungeonCaves/Prefabs/Mushrooms/Mushroom04_Red.prefab
  importAddress: Guid(97099a5dc1f4310478a7ba0ec326b901) Importer(2089858483,e11c23a36db5f54750b8cd40eac0985b)
Start importing Assets/SunboxGames/ModularDungeonCaves/Prefabs/Mushrooms/Mushroom04_Red.prefab using Guid(97099a5dc1f4310478a7ba0ec326b901) Importer(2089858483,e11c23a36db5f54750b8cd40eac0985b) (ScriptedImporter) -> (Import Result ID: '3355068996a556d0558204a00c3c6c37') in 0.0060558 seconds [static and dynamic dependencies]. Details - ImportResultOutputID=282e7ede5f2ca6e7e6d85b0c7add95ef DependenciesID=573e831f57eb48c4a3534cfeae34694a StaticDependenciesID=00d6e1368f265646bb06a9ad975a54c0 
Number of updated asset objects reloaded before import = 0Number of asset objects unloaded after import = 8

========================================================================
Received Import Request.
  Time since last request: 0.000018 seconds.
  path: Assets/SunboxGames/ModularDungeonCaves/Prefabs/Roots/RootLarge_02.prefab
  importAddress: Guid(0c404b1e9e45af84b816ae1c5558914c) Importer(2089858483,e11c23a36db5f54750b8cd40eac0985b)
Start importing Assets/SunboxGames/ModularDungeonCaves/Prefabs/Roots/RootLarge_02.prefab using Guid(0c404b1e9e45af84b816ae1c5558914c) Importer(2089858483,e11c23a36db5f54750b8cd40eac0985b) (ScriptedImporter) -> (Import Result ID: 'b7e090da0978f1f3601afe5993b3a5ef') in 0.0056487 seconds [static and dynamic dependencies]. Details - ImportResultOutputID=0eeae9eaaf7c1b67ff33ceab37a40494 DependenciesID=7fdea1b3180592234addd9a52f4d210d StaticDependenciesID=681933492db34b33ec7d857fc7c24c4d 
Number of updated asset objects reloaded before import = 0Number of asset objects unloaded after import = 9

========================================================================
Received Import Request.
  Time since last request: 0.000021 seconds.
  path: Assets/SunboxGames/ModularDungeonCaves/Prefabs/Ferns/FlufflyFern_01.prefab
  importAddress: Guid(096f4c42c39c431468ab01103c210357) Importer(2089858483,e11c23a36db5f54750b8cd40eac0985b)
Start importing Assets/SunboxGames/ModularDungeonCaves/Prefabs/Ferns/FlufflyFern_01.prefab using Guid(096f4c42c39c431468ab01103c210357) Importer(2089858483,e11c23a36db5f54750b8cd40eac0985b) (ScriptedImporter) -> (Import Result ID: 'e16d8a020cf351a94861e9c682c4d29b') in 0.0059448 seconds [static and dynamic dependencies]. Details - ImportResultOutputID=f8a00b08bc1156844078d2bb362e079a DependenciesID=65c59f22de0e53d7c14aba529aa8f755 StaticDependenciesID=a8a56bf265fafcb78829e45729054a01 
Number of updated asset objects reloaded before import = 0Number of asset objects unloaded after import = 8

========================================================================
Received Import Request.
  Time since last request: 0.000021 seconds.
  path: Assets/SunboxGames/ModularDungeonCaves/Prefabs/ModularPieces/SmallPlug_03.prefab
  importAddress: Guid(4159fe05afbd36a4fa45137190e4b374) Importer(2089858483,e11c23a36db5f54750b8cd40eac0985b)
Start importing Assets/SunboxGames/ModularDungeonCaves/Prefabs/ModularPieces/SmallPlug_03.prefab using Guid(4159fe05afbd36a4fa45137190e4b374) Importer(2089858483,e11c23a36db5f54750b8cd40eac0985b) (ScriptedImporter) -> (Import Result ID: '538498c1a585f76fb65c97e54774089d') in 0.0098789 seconds [static and dynamic dependencies]. Details - ImportResultOutputID=e98f8cb2f34a201e340ed87f9702fda0 DependenciesID=54fcdb33c1937d4c8c003d215109cee2 StaticDependenciesID=a355d8f82d01beae120068ebd747feda 
Number of updated asset objects reloaded before import = 0Number of asset objects unloaded after import = 14

========================================================================
Received Import Request.
  Time since last request: 0.000017 seconds.
  path: Assets/SunboxGames/ModularDungeonCaves/Scenes/CaveDemoScene02/Lightmap-0_comp_dir.png
  importAddress: Guid(c6944deb9f182f54a87a5173a3ada8b9) Importer(2089858483,b0f066a214c2f5e87bad3c948f4d605d)
Start importing Assets/SunboxGames/ModularDungeonCaves/Scenes/CaveDemoScene02/Lightmap-0_comp_dir.png using Guid(c6944deb9f182f54a87a5173a3ada8b9) Importer(2089858483,b0f066a214c2f5e87bad3c948f4d605d) (ScriptedImporter) -> (Import Result ID: 'a98b6e489a390b8551bb0a256d691bd6') in 0.0083657 seconds [static and dynamic dependencies]. Details - ImportResultOutputID=8976c31374fcbeeb31d648f09174dc57 DependenciesID=6b97826983284b891c99977c1bd32700 StaticDependenciesID=bd93ae7bf11dc36128101a2668fa9c44 
Number of updated asset objects reloaded before import = 0Number of asset objects unloaded after import = 1

========================================================================
Received Import Request.
  Time since last request: 0.000021 seconds.
  path: Assets/SunboxGames/ModularDungeonCaves/Textures/LogStairs_01/LogStairs_01_paint_LogStairs_01_AO.png
  importAddress: Guid(2f24f7bb5d38c2541840ecc21fb92b6e) Importer(2089858483,b0f066a214c2f5e87bad3c948f4d605d)
Start importing Assets/SunboxGames/ModularDungeonCaves/Textures/LogStairs_01/LogStairs_01_paint_LogStairs_01_AO.png using Guid(2f24f7bb5d38c2541840ecc21fb92b6e) Importer(2089858483,b0f066a214c2f5e87bad3c948f4d605d) (ScriptedImporter) -> (Import Result ID: '9d798c0465463aea9b21f5e6e7e8e9ed') in 0.0227354 seconds [static and dynamic dependencies]. Details - ImportResultOutputID=9fc0ecd606bfc058327dee10396813e8 DependenciesID=e188925980cb1d83c91b404bff1296e3 StaticDependenciesID=9dd00d868978a469faf47a665d1bc726 
Number of updated asset objects reloaded before import = 0Number of asset objects unloaded after import = 1

========================================================================
Received Import Request.
  Time since last request: 0.000032 seconds.
  path: Assets/SunboxGames/ModularDungeonCaves/Scenes/CaveDemoScene02/ReflectionProbe-6.exr
  importAddress: Guid(eb8ed399c1f15734fb867f8251046b23) Importer(2089858483,b0f066a214c2f5e87bad3c948f4d605d)
Start importing Assets/SunboxGames/ModularDungeonCaves/Scenes/CaveDemoScene02/ReflectionProbe-6.exr using Guid(eb8ed399c1f15734fb867f8251046b23) Importer(2089858483,b0f066a214c2f5e87bad3c948f4d605d) (ScriptedImporter) -> (Import Result ID: '575f003ba14c3c67c11a3a7452185a1a') in 0.0084454 seconds [static and dynamic dependencies]. Details - ImportResultOutputID=dae97792e581bdd2e0f393b71d00ae89 DependenciesID=5c2b56e1444cc8b12a150e0ba00fe27e StaticDependenciesID=9d600588ac89ebbb9ce068ad63fae014 
Number of updated asset objects reloaded before import = 0Number of asset objects unloaded after import = 1

========================================================================
Received Import Request.
  Time since last request: 0.000062 seconds.
  path: Assets/SunboxGames/ModularDungeonCaves/Textures/DripStone_01/Stones_01_Paint_DripStone_01_SpecularSmoothness.png
  importAddress: Guid(59b7595e4132c824e92efe90d4fdf1ff) Importer(2089858483,b0f066a214c2f5e87bad3c948f4d605d)
Start importing Assets/SunboxGames/ModularDungeonCaves/Textures/DripStone_01/Stones_01_Paint_DripStone_01_SpecularSmoothness.png using Guid(59b7595e4132c824e92efe90d4fdf1ff) Importer(2089858483,b0f066a214c2f5e87bad3c948f4d605d) (ScriptedImporter) -> (Import Result ID: '94c34bd25a842bb4ac0369b4e64411b2') in 0.0212207 seconds [static and dynamic dependencies]. Details - ImportResultOutputID=3b57f326f8552211b0448756791bca63 DependenciesID=e85c168712dbce012d5e3e8acf0464ae StaticDependenciesID=a08941e8c74ed985a4c7099dd02a63d9 
Number of updated asset objects reloaded before import = 0Number of asset objects unloaded after import = 1

========================================================================
Received Import Request.
  Time since last request: 0.000017 seconds.
  path: Assets/SunboxGames/ModularDungeonCaves/Textures/MediumChamber_03/MediumChamber_03_Paint_MediumChamber_03_SpecularSmoothness.png
  importAddress: Guid(e2ac78c6d7fe9364b9332be6fce20233) Importer(2089858483,b0f066a214c2f5e87bad3c948f4d605d)
Start importing Assets/SunboxGames/ModularDungeonCaves/Textures/MediumChamber_03/MediumChamber_03_Paint_MediumChamber_03_SpecularSmoothness.png using Guid(e2ac78c6d7fe9364b9332be6fce20233) Importer(2089858483,b0f066a214c2f5e87bad3c948f4d605d) (ScriptedImporter) -> (Import Result ID: '007a045c9b4fa7de358785a779a16fc9') in 0.0213599 seconds [static and dynamic dependencies]. Details - ImportResultOutputID=c803a596e6ba0b2aff258a3afc361da3 DependenciesID=07d70d7eb6fdaa843b893a231ce33f02 StaticDependenciesID=c3f43fae94c5fe263ada9a0201fa74a3 
Number of updated asset objects reloaded before import = 0Number of asset objects unloaded after import = 1

========================================================================
Received Import Request.
  Time since last request: 0.000016 seconds.
  path: Assets/SunboxGames/ModularDungeonCaves/Textures/MediumChamber_02/MediumChamber_02_collider_MediumChamber_02_AlbedoTransparency.png
  importAddress: Guid(d8eca47318f78d2499c8f1a0f54e7d35) Importer(2089858483,b0f066a214c2f5e87bad3c948f4d605d)
Start importing Assets/SunboxGames/ModularDungeonCaves/Textures/MediumChamber_02/MediumChamber_02_collider_MediumChamber_02_AlbedoTransparency.png using Guid(d8eca47318f78d2499c8f1a0f54e7d35) Importer(2089858483,b0f066a214c2f5e87bad3c948f4d605d) (ScriptedImporter) -> (Import Result ID: '44e74d68cef9ed8cb31a4034bdbca1e2') in 0.0091324 seconds [static and dynamic dependencies]. Details - ImportResultOutputID=73b64e8eeeff9e36995573a96d995c40 DependenciesID=c47a89d1bdebd7b60ba164f9604d575a StaticDependenciesID=db4e58947814ff66e5594a935daf91fc 
Number of updated asset objects reloaded before import = 0Number of asset objects unloaded after import = 1

========================================================================
Received Import Request.
  Time since last request: 0.000018 seconds.
  path: Assets/SunboxGames/ModularDungeonCaves/Textures/CaveStone_01/Stones_01_Paint_CaveStone_01_SpecularSmoothness.png
  importAddress: Guid(3a09a46923b7a764590d3420e1258384) Importer(2089858483,b0f066a214c2f5e87bad3c948f4d605d)
Start importing Assets/SunboxGames/ModularDungeonCaves/Textures/CaveStone_01/Stones_01_Paint_CaveStone_01_SpecularSmoothness.png using Guid(3a09a46923b7a764590d3420e1258384) Importer(2089858483,b0f066a214c2f5e87bad3c948f4d605d) (ScriptedImporter) -> (Import Result ID: 'd8f990d3bf029ff519bf0d09dca8bfec') in 0.0240283 seconds [static and dynamic dependencies]. Details - ImportResultOutputID=410025cef3d3242a9673c9789374a791 DependenciesID=c8e4804e43cab321164fe69689cb765b StaticDependenciesID=5a23a34392bd9904790e6f5dec9a4a5a 
Number of updated asset objects reloaded before import = 0Number of asset objects unloaded after import = 1

========================================================================
Received Import Request.
  Time since last request: 0.000037 seconds.
  path: Assets/SunboxGames/ModularDungeonCaves/Scenes/CaveDemoScene02/ReflectionProbe-7.exr
  importAddress: Guid(de1be86e59dca4f4bb6a38279af7046f) Importer(2089858483,b0f066a214c2f5e87bad3c948f4d605d)
Start importing Assets/SunboxGames/ModularDungeonCaves/Scenes/CaveDemoScene02/ReflectionProbe-7.exr using Guid(de1be86e59dca4f4bb6a38279af7046f) Importer(2089858483,b0f066a214c2f5e87bad3c948f4d605d) (ScriptedImporter) -> (Import Result ID: 'eff37cf65fa766a8d1facf0d8f66a751') in 0.0081259 seconds [static and dynamic dependencies]. Details - ImportResultOutputID=8922ba677dede3b1b0f0b4782eb89021 DependenciesID=e330a6b16bbc0cfa82591ad1d249519b StaticDependenciesID=f52b1e7947ec490230e0099dccebfa2a 
Number of updated asset objects reloaded before import = 0Number of asset objects unloaded after import = 1

========================================================================
Received Import Request.
  Time since last request: 0.000019 seconds.
  path: Assets/SunboxGames/ModularDungeonCaves/Textures/MediumCorridor_03/MediumCorridor_03_paint_MediumCorridor_03_Normal.png
  importAddress: Guid(6db119df58e44764f82eb282a3dff7f7) Importer(2089858483,b0f066a214c2f5e87bad3c948f4d605d)
Start importing Assets/SunboxGames/ModularDungeonCaves/Textures/MediumCorridor_03/MediumCorridor_03_paint_MediumCorridor_03_Normal.png using Guid(6db119df58e44764f82eb282a3dff7f7) Importer(2089858483,b0f066a214c2f5e87bad3c948f4d605d) (ScriptedImporter) -> (Import Result ID: '3beb37c8e53d6c598d278d5abd5cfd41') in 0.0221236 seconds [static and dynamic dependencies]. Details - ImportResultOutputID=da867a5daf839e25baf965c3237a78a5 DependenciesID=e77cdfbf9cb03291daccc20d40699ca7 StaticDependenciesID=33e0d15ca8f83dd3fd46ff6288fdad7b 
Number of updated asset objects reloaded before import = 0Number of asset objects unloaded after import = 1

========================================================================
Received Import Request.
  Time since last request: 0.000023 seconds.
  path: Assets/SunboxGames/ModularDungeonCaves/Textures/DungeonProps04/DungeonProps04_Emission.png
  importAddress: Guid(f71469e8fbbaff54589d5f727de100df) Importer(2089858483,b0f066a214c2f5e87bad3c948f4d605d)
Start importing Assets/SunboxGames/ModularDungeonCaves/Textures/DungeonProps04/DungeonProps04_Emission.png using Guid(f71469e8fbbaff54589d5f727de100df) Importer(2089858483,b0f066a214c2f5e87bad3c948f4d605d) (ScriptedImporter) -> (Import Result ID: 'df151808d2ccceb8a509ebe94d6c0128') in 0.0110702 seconds [static and dynamic dependencies]. Details - ImportResultOutputID=5344e04fc8c978a02bfaac9b2dabd116 DependenciesID=3ee23746228dd7c6ba9ee8aff4fe5327 StaticDependenciesID=d24ddefa1f81fd329cc96af47d8f0fe8 
Number of updated asset objects reloaded before import = 0Number of asset objects unloaded after import = 1

========================================================================
Received Import Request.
  Time since last request: 0.000019 seconds.
  path: Assets/SunboxGames/ModularDungeonCaves/Prefabs/Vines/Vine_01.prefab
  importAddress: Guid(ccfa6224f822ced4a892ac4cd559fe43) Importer(2089858483,e11c23a36db5f54750b8cd40eac0985b)
Start importing Assets/SunboxGames/ModularDungeonCaves/Prefabs/Vines/Vine_01.prefab using Guid(ccfa6224f822ced4a892ac4cd559fe43) Importer(2089858483,e11c23a36db5f54750b8cd40eac0985b) (ScriptedImporter) -> (Import Result ID: 'a4c64e75bc7422ecad8e7448425b11f0') in 0.0080316 seconds [static and dynamic dependencies]. Details - ImportResultOutputID=26b667fc5b9b49fe1cfcff608c4c7812 DependenciesID=23fe17d03bc5fc4a951b403ab6bf2dd3 StaticDependenciesID=94ea2168d342dbfb9f531b330c9ba920 
Number of updated asset objects reloaded before import = 0Number of asset objects unloaded after import = 9

========================================================================
Received Import Request.
  Time since last request: 0.000017 seconds.
  path: Assets/SunboxGames/ModularDungeonCaves/Textures/CaveStone_01/Stones_01_Paint_CaveStone_01_Normal.png
  importAddress: Guid(3281b7a8bf6e8dd4cab763a92a574d4e) Importer(2089858483,b0f066a214c2f5e87bad3c948f4d605d)
Start importing Assets/SunboxGames/ModularDungeonCaves/Textures/CaveStone_01/Stones_01_Paint_CaveStone_01_Normal.png using Guid(3281b7a8bf6e8dd4cab763a92a574d4e) Importer(2089858483,b0f066a214c2f5e87bad3c948f4d605d) (ScriptedImporter) -> (Import Result ID: '64fb6f6fbf6a0b6b70afc2bc5411dbdb') in 0.0219472 seconds [static and dynamic dependencies]. Details - ImportResultOutputID=0722955c5dc979a643e8a5cf487e9866 DependenciesID=054e588d6ff0693e497faefd3618d76b StaticDependenciesID=b307eabb68597f4d6f9361ab9789f90e 
Number of updated asset objects reloaded before import = 0Number of asset objects unloaded after import = 1

========================================================================
Received Import Request.
  Time since last request: 0.000020 seconds.
  path: Assets/SunboxGames/ModularDungeonCaves/Scenes/CaveDemoScene02/ReflectionProbe-3.exr
  importAddress: Guid(ff93a1483e1d42944a400c406bb5f931) Importer(2089858483,b0f066a214c2f5e87bad3c948f4d605d)
Start importing Assets/SunboxGames/ModularDungeonCaves/Scenes/CaveDemoScene02/ReflectionProbe-3.exr using Guid(ff93a1483e1d42944a400c406bb5f931) Importer(2089858483,b0f066a214c2f5e87bad3c948f4d605d) (ScriptedImporter) -> (Import Result ID: 'd9d413c971142d39b7fb59434817fba1') in 0.0072921 seconds [static and dynamic dependencies]. Details - ImportResultOutputID=f43719beece1b1614ad561ee4bb3ea7b DependenciesID=5c851874f7950de31fb922406854cd68 StaticDependenciesID=6b384d137096abf592e4d642e8cdf331 
Number of updated asset objects reloaded before import = 0Number of asset objects unloaded after import = 1

========================================================================
Received Import Request.
  Time since last request: 0.000033 seconds.
  path: Assets/SunboxGames/ModularDungeonCaves/Textures/Mushrooms/Mushrooms_AO.png
  importAddress: Guid(43812975aa637ab4fb4ffc88d5aefdc5) Importer(2089858483,b0f066a214c2f5e87bad3c948f4d605d)
Start importing Assets/SunboxGames/ModularDungeonCaves/Textures/Mushrooms/Mushrooms_AO.png using Guid(43812975aa637ab4fb4ffc88d5aefdc5) Importer(2089858483,b0f066a214c2f5e87bad3c948f4d605d) (ScriptedImporter) -> (Import Result ID: '68d2c6d6dc2218dfc203803504df4038') in 0.0240735 seconds [static and dynamic dependencies]. Details - ImportResultOutputID=4fa62f2ed896c43ae25689cf4a3999af DependenciesID=9cdab80047b57b83e3c1786a71f69a83 StaticDependenciesID=5a89ef28f040219e8be03e5c98a80fef 
Number of updated asset objects reloaded before import = 0Number of asset objects unloaded after import = 1

========================================================================
Received Import Request.
  Time since last request: 0.000019 seconds.
  path: Assets/SunboxGames/ModularDungeonCaves/Scenes/CaveDemoScene02/LightingData.asset
  importAddress: Guid(36e942fe8c52d2541875575557b82d58) Importer(2089858483,b0f066a214c2f5e87bad3c948f4d605d)
Start importing Assets/SunboxGames/ModularDungeonCaves/Scenes/CaveDemoScene02/LightingData.asset using Guid(36e942fe8c52d2541875575557b82d58) Importer(2089858483,b0f066a214c2f5e87bad3c948f4d605d) (ScriptedImporter) -> (Import Result ID: 'a69b34c840302a7b6dd82cf5137b13cc') in 0.0072516 seconds [static and dynamic dependencies]. Details - ImportResultOutputID=94b7a09ec27b8bc1c74492b45f6a0d34 DependenciesID=b3c42ee3ef46a1d327308dc90623baaa StaticDependenciesID=939435b839c11a9d991a56655bcb828f 
Number of updated asset objects reloaded before import = 0Number of asset objects unloaded after import = 2

========================================================================
Received Import Request.
  Time since last request: 0.000017 seconds.
  path: Assets/SunboxGames/ModularDungeonCaves/Textures/CavePlatforms_01/CavePlatforms_01_Paint_CavePlatforms_01_AlbedoTransparency.png
  importAddress: Guid(f2bab3839a066154d846f43161c66624) Importer(2089858483,b0f066a214c2f5e87bad3c948f4d605d)
Start importing Assets/SunboxGames/ModularDungeonCaves/Textures/CavePlatforms_01/CavePlatforms_01_Paint_CavePlatforms_01_AlbedoTransparency.png using Guid(f2bab3839a066154d846f43161c66624) Importer(2089858483,b0f066a214c2f5e87bad3c948f4d605d) (ScriptedImporter) -> (Import Result ID: '7d04f50af47eef101f390059d0a50bc8') in 0.0165501 seconds [static and dynamic dependencies]. Details - ImportResultOutputID=fe0df21a857794de438b24e2db2ff1e0 DependenciesID=da84bb5c26878d092d2603a685bf0231 StaticDependenciesID=bc8d3f539a744d7d824a2fd1081508f6 
Number of updated asset objects reloaded before import = 0Number of asset objects unloaded after import = 1

========================================================================
Received Import Request.
  Time since last request: 0.000020 seconds.
  path: Assets/SunboxGames/ModularDungeonCaves/Textures/DungeonProps05/DungeonProps05_AO.png
  importAddress: Guid(b58bb7bb99f01524ca132e1ce2c276c0) Importer(2089858483,b0f066a214c2f5e87bad3c948f4d605d)
Start importing Assets/SunboxGames/ModularDungeonCaves/Textures/DungeonProps05/DungeonProps05_AO.png using Guid(b58bb7bb99f01524ca132e1ce2c276c0) Importer(2089858483,b0f066a214c2f5e87bad3c948f4d605d) (ScriptedImporter) -> (Import Result ID: '6d8fe34c55196bb174104aba03655a31') in 0.0234173 seconds [static and dynamic dependencies]. Details - ImportResultOutputID=09878d2deda0590e98ea9094f0155191 DependenciesID=05ed4b1def5fa0c251ecb211f67837d1 StaticDependenciesID=ea33553278e6add24674fa58a51fdbde 
Number of updated asset objects reloaded before import = 0Number of asset objects unloaded after import = 1

========================================================================
Received Import Request.
  Time since last request: 0.000021 seconds.
  path: Assets/SunboxGames/ModularDungeonCaves/Textures/RootsSmall/Roots_01_RootsSmall_SpecularSmoothness.png
  importAddress: Guid(7c53eaa176f46794ab0b6890a093bfcc) Importer(2089858483,b0f066a214c2f5e87bad3c948f4d605d)
Start importing Assets/SunboxGames/ModularDungeonCaves/Textures/RootsSmall/Roots_01_RootsSmall_SpecularSmoothness.png using Guid(7c53eaa176f46794ab0b6890a093bfcc) Importer(2089858483,b0f066a214c2f5e87bad3c948f4d605d) (ScriptedImporter) -> (Import Result ID: '14a50071ce22f07c11c4c12594451e6d') in 0.0233376 seconds [static and dynamic dependencies]. Details - ImportResultOutputID=6ae95b8e935489c2c8e43022655cf228 DependenciesID=277e0e0f815b6914eee9efb764d7b682 StaticDependenciesID=bb4bcbdee9f4e4428f79b8298817448d 
Number of updated asset objects reloaded before import = 0Number of asset objects unloaded after import = 1

========================================================================
Received Import Request.
  Time since last request: 0.000038 seconds.
  path: Assets/BefourStudios/AsianDynastyEnvironment/Art/Meshes/Materials/MI_TreeBillboard.mat
  importAddress: Guid(530ab128c260bc44f8a0432a9d60d63e) Importer(2089858483,b0f066a214c2f5e87bad3c948f4d605d)
Start importing Assets/BefourStudios/AsianDynastyEnvironment/Art/Meshes/Materials/MI_TreeBillboard.mat using Guid(530ab128c260bc44f8a0432a9d60d63e) Importer(2089858483,b0f066a214c2f5e87bad3c948f4d605d) (ScriptedImporter) -> (Import Result ID: '8c76d79253fed5338279f3eb12bb10f9') in 0.0072778 seconds [static and dynamic dependencies]. Details - ImportResultOutputID=401e093b948f75cbd854dcbff2e868de DependenciesID=cad3a20e0c1330df46dff938271dbc34 StaticDependenciesID=2abba9ab0ff545121a7eb8193f5d754d 
Number of updated asset objects reloaded before import = 0Number of asset objects unloaded after import = 1

========================================================================
Received Import Request.
  Time since last request: 0.000028 seconds.
  path: Assets/HIVEMIND/CaveOfHiddenTomb/HDRP (Default)/Art/AllTextures1K/T_Aztec_Trim_003_basecolor.png
  importAddress: Guid(abc00000000010587962969134784465) Importer(2089858483,b0f066a214c2f5e87bad3c948f4d605d)
Start importing Assets/HIVEMIND/CaveOfHiddenTomb/HDRP (Default)/Art/AllTextures1K/T_Aztec_Trim_003_basecolor.png using Guid(abc00000000010587962969134784465) Importer(2089858483,b0f066a214c2f5e87bad3c948f4d605d) (ScriptedImporter) -> (Import Result ID: '86408bbf198456115774186a763dfebb') in 0.0078209 seconds [static and dynamic dependencies]. Details - ImportResultOutputID=77790f9f2cf9b4a00d5a025b0a7175db DependenciesID=509ec4a89e67eded0ffc356e98281982 StaticDependenciesID=2f29c314c3cec6efcb57545fd40936dc 
Number of updated asset objects reloaded before import = 0Number of asset objects unloaded after import = 1

========================================================================
Received Import Request.
  Time since last request: 0.000015 seconds.
  path: Assets/SunboxGames/ModularDungeonCaves/Textures/VineLeaves/VineLeaves_Paint_VineLeaves_Normal.png
  importAddress: Guid(a87149e69f7f1cc45ba0a89698ee5583) Importer(2089858483,b0f066a214c2f5e87bad3c948f4d605d)
Start importing Assets/SunboxGames/ModularDungeonCaves/Textures/VineLeaves/VineLeaves_Paint_VineLeaves_Normal.png using Guid(a87149e69f7f1cc45ba0a89698ee5583) Importer(2089858483,b0f066a214c2f5e87bad3c948f4d605d) (ScriptedImporter) -> (Import Result ID: 'a82250650efd773ce1c71dd16b48cb8d') in 0.0236074 seconds [static and dynamic dependencies]. Details - ImportResultOutputID=587af525f643c00e746536b2179fa1ef DependenciesID=93cb3d667032ee54e71dafbe4f64b392 StaticDependenciesID=7abf85198fcd71a4362988cde447d5f4 
Number of updated asset objects reloaded before import = 0Number of asset objects unloaded after import = 1

========================================================================
Received Import Request.
  Time since last request: 0.000021 seconds.
  path: Assets/HIVEMIND/CaveOfHiddenTomb/HDRP (Default)/Art/AllTextures1K/T_boulder_c_ORD.PNG
  importAddress: Guid(14b8597b776532044a9d9a08675494ce) Importer(2089858483,b0f066a214c2f5e87bad3c948f4d605d)
Start importing Assets/HIVEMIND/CaveOfHiddenTomb/HDRP (Default)/Art/AllTextures1K/T_boulder_c_ORD.PNG using Guid(14b8597b776532044a9d9a08675494ce) Importer(2089858483,b0f066a214c2f5e87bad3c948f4d605d) (ScriptedImporter) -> (Import Result ID: '432b4ae5f884f86e5ba911a6f1475700') in 0.0076177 seconds [static and dynamic dependencies]. Details - ImportResultOutputID=714e21d1f5ff8f5b7d82f2976b39b33b DependenciesID=d9ab6866182729b0b15a56143afbbe57 StaticDependenciesID=0e0e9f8886936d11ef509f172600e1ce 
Number of updated asset objects reloaded before import = 0Number of asset objects unloaded after import = 1

========================================================================
Received Import Request.
  Time since last request: 0.000023 seconds.
  path: Assets/HIVEMIND/CaveOfHiddenTomb/HDRP (Default)/Art/AllTextures1K/T_AztecWall_Trim_N.png
  importAddress: Guid(abc00000000011719931429844740162) Importer(2089858483,b0f066a214c2f5e87bad3c948f4d605d)
Start importing Assets/HIVEMIND/CaveOfHiddenTomb/HDRP (Default)/Art/AllTextures1K/T_AztecWall_Trim_N.png using Guid(abc00000000011719931429844740162) Importer(2089858483,b0f066a214c2f5e87bad3c948f4d605d) (ScriptedImporter) -> (Import Result ID: 'cdc140e0568c2d88c6e35a28cab7909e') in 0.0082961 seconds [static and dynamic dependencies]. Details - ImportResultOutputID=b0768910cc158e77acb2fe8d35697332 DependenciesID=26e0e0880a59fdbd7ed91dde02158fa9 StaticDependenciesID=d1cbe27586ead39a01210478e47dc280 
Number of updated asset objects reloaded before import = 0Number of asset objects unloaded after import = 1

========================================================================
Received Import Request.
  Time since last request: 0.000023 seconds.
  path: Assets/SunboxGames/ModularDungeonCaves/Textures/SandMineRock/sand_mine_rock_rubble_Specular.png
  importAddress: Guid(a2df74be3bdc0184eac7f85f07eb2a90) Importer(2089858483,b0f066a214c2f5e87bad3c948f4d605d)
Start importing Assets/SunboxGames/ModularDungeonCaves/Textures/SandMineRock/sand_mine_rock_rubble_Specular.png using Guid(a2df74be3bdc0184eac7f85f07eb2a90) Importer(2089858483,b0f066a214c2f5e87bad3c948f4d605d) (ScriptedImporter) -> (Import Result ID: 'a528008b65d20841b64a356cea09e9fc') in 0.0257936 seconds [static and dynamic dependencies]. Details - ImportResultOutputID=0b1cbf8b286496f079b68c0d2fed28cc DependenciesID=8c934be9b63a6dd85d172644faf32bca StaticDependenciesID=8a8d1c58347f879819f23bddfa3e45b6 
Number of updated asset objects reloaded before import = 0Number of asset objects unloaded after import = 1

========================================================================
Received Import Request.
  Time since last request: 0.000029 seconds.
  path: Assets/SunboxGames/ModularDungeonCaves/Textures/RootsLarge/Roots_01_RootsLarge_AlbedoTransparency.png
  importAddress: Guid(0d8b8605c817f2f45b07480949d1813e) Importer(2089858483,b0f066a214c2f5e87bad3c948f4d605d)
Start importing Assets/SunboxGames/ModularDungeonCaves/Textures/RootsLarge/Roots_01_RootsLarge_AlbedoTransparency.png using Guid(0d8b8605c817f2f45b07480949d1813e) Importer(2089858483,b0f066a214c2f5e87bad3c948f4d605d) (ScriptedImporter) -> (Import Result ID: '35500e67afcf3d17b371c5bfa36d8a0a') in 0.0122439 seconds [static and dynamic dependencies]. Details - ImportResultOutputID=e087b3b15a29bdce4a832f151d429f7b DependenciesID=ba25874e21a0025fb2c2efc83a295e74 StaticDependenciesID=d4b53fc99554bc6b988efaa9a2926ce3 
Number of updated asset objects reloaded before import = 0Number of asset objects unloaded after import = 1

========================================================================
Received Import Request.
  Time since last request: 0.000040 seconds.
  path: Assets/SunboxGames/ModularDungeonCaves/Textures/RootsSmall/Roots_01_RootsSmall_Normal.png
  importAddress: Guid(9ce4a2240ca6e0b46b496ae12bf724f8) Importer(2089858483,b0f066a214c2f5e87bad3c948f4d605d)
Start importing Assets/SunboxGames/ModularDungeonCaves/Textures/RootsSmall/Roots_01_RootsSmall_Normal.png using Guid(9ce4a2240ca6e0b46b496ae12bf724f8) Importer(2089858483,b0f066a214c2f5e87bad3c948f4d605d) (ScriptedImporter) -> (Import Result ID: 'e950acba67d7a8d951d9a0d272eb28fd') in 0.0228179 seconds [static and dynamic dependencies]. Details - ImportResultOutputID=2226233b57fb220f15271e3d535652ee DependenciesID=e9664246bc6ec7a904bff7e428b37e65 StaticDependenciesID=b82b827f331c7a0275f6b5aafa30ca9d 
Number of updated asset objects reloaded before import = 0Number of asset objects unloaded after import = 1

========================================================================
Received Import Request.
  Time since last request: 0.000014 seconds.
  path: Assets/SunboxGames/ModularDungeonCaves/Prefabs/Various/StandingTorch01.prefab
  importAddress: Guid(795370f51a295294fa64ddb148e3ea74) Importer(2089858483,e11c23a36db5f54750b8cd40eac0985b)
Start importing Assets/SunboxGames/ModularDungeonCaves/Prefabs/Various/StandingTorch01.prefab using Guid(795370f51a295294fa64ddb148e3ea74) Importer(2089858483,e11c23a36db5f54750b8cd40eac0985b) (ScriptedImporter) -> (Import Result ID: 'ceac5063ace052f169abb0dcd52806d2') in 0.0188581 seconds [static and dynamic dependencies]. Details - ImportResultOutputID=795cc6cc7873bc229bb809bae1ff9371 DependenciesID=ee1d71f6f1edb153a587dad058f36cf0 StaticDependenciesID=7182dc69a2427d3ca6aed05abbffd97f 
Number of updated asset objects reloaded before import = 0Number of asset objects unloaded after import = 23

========================================================================
Received Import Request.
  Time since last request: 0.000013 seconds.
  path: Assets/SunboxGames/ModularDungeonCaves/Textures/DungeonProps04/DungeonProps04_AlbedoTransparency 1.png
  importAddress: Guid(54caf67ef374bcb4f9158a1c8fc0ed1f) Importer(2089858483,b0f066a214c2f5e87bad3c948f4d605d)
Start importing Assets/SunboxGames/ModularDungeonCaves/Textures/DungeonProps04/DungeonProps04_AlbedoTransparency 1.png using Guid(54caf67ef374bcb4f9158a1c8fc0ed1f) Importer(2089858483,b0f066a214c2f5e87bad3c948f4d605d) (ScriptedImporter) -> (Import Result ID: '2ed6ba17e5c554211d12ae9095e87556') in 0.0113437 seconds [static and dynamic dependencies]. Details - ImportResultOutputID=bf375324dce976efb386edcd57701a5a DependenciesID=6b50774d2be627300477f075b626129f StaticDependenciesID=73ac7517ab88b9564de0d4dadf49d50e 
Number of updated asset objects reloaded before import = 0Number of asset objects unloaded after import = 1

========================================================================
Received Import Request.
  Time since last request: 0.000018 seconds.
  path: Assets/HIVEMIND/CaveOfHiddenTomb/HDRP (Default)/Art/AllTextures1K/T_Boulder_BC02.png
  importAddress: Guid(abc00000000003309686173750281801) Importer(2089858483,b0f066a214c2f5e87bad3c948f4d605d)
Start importing Assets/HIVEMIND/CaveOfHiddenTomb/HDRP (Default)/Art/AllTextures1K/T_Boulder_BC02.png using Guid(abc00000000003309686173750281801) Importer(2089858483,b0f066a214c2f5e87bad3c948f4d605d) (ScriptedImporter) -> (Import Result ID: 'a327fd1e18c64c9ac65841e459f3aa71') in 0.0087005 seconds [static and dynamic dependencies]. Details - ImportResultOutputID=e653f5cf14f62bd9159cc21ca4715a13 DependenciesID=79ea8273c172ea58288681e414141afe StaticDependenciesID=95bcf5718fb3257627b0c3db6e067ac6 
Number of updated asset objects reloaded before import = 0Number of asset objects unloaded after import = 1

========================================================================
Received Import Request.
  Time since last request: 0.000022 seconds.
  path: Assets/HIVEMIND/CaveOfHiddenTomb/HDRP (Default)/Art/AllTextures1K/T_boulder_c_BC.PNG
  importAddress: Guid(5a35190519968d34f9c02b2dcae50085) Importer(2089858483,b0f066a214c2f5e87bad3c948f4d605d)
Start importing Assets/HIVEMIND/CaveOfHiddenTomb/HDRP (Default)/Art/AllTextures1K/T_boulder_c_BC.PNG using Guid(5a35190519968d34f9c02b2dcae50085) Importer(2089858483,b0f066a214c2f5e87bad3c948f4d605d) (ScriptedImporter) -> (Import Result ID: 'e8eee3883e04b0adbbd9b0f412768b88') in 0.0079766 seconds [static and dynamic dependencies]. Details - ImportResultOutputID=caa2f909dde4538529a1c35690cfafbd DependenciesID=e9d8ec4145536aec9387def1d34d495c StaticDependenciesID=adc69ed92753bb617226837e03e7041d 
Number of updated asset objects reloaded before import = 0Number of asset objects unloaded after import = 1

========================================================================
Received Import Request.
  Time since last request: 0.000031 seconds.
  path: Assets/fog/Demo Assets/INab Studio/Scripts/Highlighters/CameraManager.cs
  importAddress: Guid(71f20312f3223b54780a73928fb64c11) Importer(2089858483,b0f066a214c2f5e87bad3c948f4d605d)
Start importing Assets/fog/Demo Assets/INab Studio/Scripts/Highlighters/CameraManager.cs using Guid(71f20312f3223b54780a73928fb64c11) Importer(2089858483,b0f066a214c2f5e87bad3c948f4d605d) (ScriptedImporter) -> (Import Result ID: '5fe7b95dc4952dbb038ac7e674eeb6cb') in 0.0029651 seconds [static and dynamic dependencies]. Details - ImportResultOutputID=5847353ded78835a8055062bea65aedd DependenciesID=1252c30b1e3a7454797ce8794960ef74 StaticDependenciesID=1c11fb90de77abbe96c852743de7cebb 
Number of updated asset objects reloaded before import = 0Number of asset objects unloaded after import = 0

========================================================================
Received Import Request.
  Time since last request: 0.000022 seconds.
  path: Assets/SunboxGames/ModularDungeonCaves/Textures/Plugs_01/Plugs_01_paint_Plugs_01_Normal.png
  importAddress: Guid(8ad15802e5851ab42922bab21fe80d6b) Importer(2089858483,b0f066a214c2f5e87bad3c948f4d605d)
Start importing Assets/SunboxGames/ModularDungeonCaves/Textures/Plugs_01/Plugs_01_paint_Plugs_01_Normal.png using Guid(8ad15802e5851ab42922bab21fe80d6b) Importer(2089858483,b0f066a214c2f5e87bad3c948f4d605d) (ScriptedImporter) -> (Import Result ID: '82e2a0f3e098cc4435ca370c965f249c') in 0.0215124 seconds [static and dynamic dependencies]. Details - ImportResultOutputID=c2d32decc3e7b763d969867b3076f770 DependenciesID=491b41d10b4c95e81f795ea50f035456 StaticDependenciesID=537bde483d226b7dfa9fa10a3c9f65da 
Number of updated asset objects reloaded before import = 0Number of asset objects unloaded after import = 1

========================================================================
Received Import Request.
  Time since last request: 0.000017 seconds.
  path: Assets/BefourStudios/AsianDynastyEnvironment/Art/Textures/T_TreesBillboard_BaseColor.png
  importAddress: Guid(abc00000000006671877366767101217) Importer(2089858483,b0f066a214c2f5e87bad3c948f4d605d)
Start importing Assets/BefourStudios/AsianDynastyEnvironment/Art/Textures/T_TreesBillboard_BaseColor.png using Guid(abc00000000006671877366767101217) Importer(2089858483,b0f066a214c2f5e87bad3c948f4d605d) (ScriptedImporter) -> (Import Result ID: '45ec35542ffe66faaebaf363a746cfab') in 0.0080125 seconds [static and dynamic dependencies]. Details - ImportResultOutputID=8f8bb39e3e70a7b162269f5ffe1fed26 DependenciesID=2b8f3d32933a6f2bf3fa4b678e5cf85a StaticDependenciesID=b1c70966f01cb69fd1e0acf623f788ca 
Number of updated asset objects reloaded before import = 0Number of asset objects unloaded after import = 1

========================================================================
Received Import Request.
  Time since last request: 0.000017 seconds.
  path: Assets/HIVEMIND/CaveOfHiddenTomb/HDRP (Default)/Art/AllTextures1K/T_Fire01_SubUV.TGA
  importAddress: Guid(6890bfdc2f8c4b84daa1f3a584998c30) Importer(2089858483,b0f066a214c2f5e87bad3c948f4d605d)
Start importing Assets/HIVEMIND/CaveOfHiddenTomb/HDRP (Default)/Art/AllTextures1K/T_Fire01_SubUV.TGA using Guid(6890bfdc2f8c4b84daa1f3a584998c30) Importer(2089858483,b0f066a214c2f5e87bad3c948f4d605d) (ScriptedImporter) -> (Import Result ID: 'a478c11c274986291101ebdc5baef682') in 0.0068931 seconds [static and dynamic dependencies]. Details - ImportResultOutputID=b69999bc4382f010c6129657b4d23135 DependenciesID=a7e25675ce7dfa402e5b3756bd726a69 StaticDependenciesID=715a8fa377ac29b71d57dfb4b99d9cbe 
Number of updated asset objects reloaded before import = 0Number of asset objects unloaded after import = 1

========================================================================
Received Import Request.
  Time since last request: 0.000016 seconds.
  path: Assets/HIVEMIND/CaveOfHiddenTomb/HDRP (Default)/Art/AllTextures1K/T_MI_Arch_A_N.png
  importAddress: Guid(abc00000000011036202747341982362) Importer(2089858483,b0f066a214c2f5e87bad3c948f4d605d)
Start importing Assets/HIVEMIND/CaveOfHiddenTomb/HDRP (Default)/Art/AllTextures1K/T_MI_Arch_A_N.png using Guid(abc00000000011036202747341982362) Importer(2089858483,b0f066a214c2f5e87bad3c948f4d605d) (ScriptedImporter) -> (Import Result ID: '95a9251a826bd1063afe2ca78a6572fb') in 0.0078368 seconds [static and dynamic dependencies]. Details - ImportResultOutputID=33089b1d6422f6941754df8f67259c7c DependenciesID=e7e3cbb93762bc76592ebfc549f0e2bf StaticDependenciesID=d9c1662a4bf264fc85a243ce059073ef 
Number of updated asset objects reloaded before import = 0Number of asset objects unloaded after import = 1

========================================================================
Received Import Request.
  Time since last request: 0.000019 seconds.
  path: Assets/HIVEMIND/CaveOfHiddenTomb/HDRP (Default)/Art/AllTextures1K/T_MI_RockWall_N.png
  importAddress: Guid(abc00000000004587237135766690910) Importer(2089858483,b0f066a214c2f5e87bad3c948f4d605d)
Start importing Assets/HIVEMIND/CaveOfHiddenTomb/HDRP (Default)/Art/AllTextures1K/T_MI_RockWall_N.png using Guid(abc00000000004587237135766690910) Importer(2089858483,b0f066a214c2f5e87bad3c948f4d605d) (ScriptedImporter) -> (Import Result ID: 'ad871a735ad49b96ae269c181c326141') in 0.0066721 seconds [static and dynamic dependencies]. Details - ImportResultOutputID=472001e178f95398bffa645c2b92ef93 DependenciesID=e82977fc00734806989da8c5fdaece9c StaticDependenciesID=54142fa997c33d7223eee98d581ac1fd 
Number of updated asset objects reloaded before import = 0Number of asset objects unloaded after import = 1

========================================================================
Received Import Request.
  Time since last request: 0.000032 seconds.
  path: Assets/HIVEMIND/CaveOfHiddenTomb/HDRP (Default)/Art/AllTextures1K/T_MI_Pillar_A_ORD.png
  importAddress: Guid(abc00000000006340646510774193575) Importer(2089858483,b0f066a214c2f5e87bad3c948f4d605d)
Start importing Assets/HIVEMIND/CaveOfHiddenTomb/HDRP (Default)/Art/AllTextures1K/T_MI_Pillar_A_ORD.png using Guid(abc00000000006340646510774193575) Importer(2089858483,b0f066a214c2f5e87bad3c948f4d605d) (ScriptedImporter) -> (Import Result ID: '456b242c5ad72064f2dff6df1f8b3add') in 0.0132681 seconds [static and dynamic dependencies]. Details - ImportResultOutputID=39631ff77aaf27ccd60259f1b3e20bb1 DependenciesID=14653f781d76afcd222c8e3098758a8a StaticDependenciesID=b4bf4856d5b1d148eb3dfb659138d645 
Number of updated asset objects reloaded before import = 0Number of asset objects unloaded after import = 1

========================================================================
Received Import Request.
  Time since last request: 0.000018 seconds.
  path: Assets/HIVEMIND/CaveOfHiddenTomb/HDRP (Default)/Art/AllTextures1K/T_MI_Pillar_Mural_BC.png
  importAddress: Guid(abc00000000010384102189182524916) Importer(2089858483,b0f066a214c2f5e87bad3c948f4d605d)
Start importing Assets/HIVEMIND/CaveOfHiddenTomb/HDRP (Default)/Art/AllTextures1K/T_MI_Pillar_Mural_BC.png using Guid(abc00000000010384102189182524916) Importer(2089858483,b0f066a214c2f5e87bad3c948f4d605d) (ScriptedImporter) -> (Import Result ID: 'bdac91fa4b7b623466b31b16cc34b875') in 0.0069665 seconds [static and dynamic dependencies]. Details - ImportResultOutputID=f0ada15c8866dd86be10540b8de4b733 DependenciesID=b535ad644c0ea6dd668fcad57f46173e StaticDependenciesID=e8f498e1361bdd2e72dde2416e9163c6 
Number of updated asset objects reloaded before import = 0Number of asset objects unloaded after import = 1

========================================================================
Received Import Request.
  Time since last request: 0.000017 seconds.
  path: Assets/HIVEMIND/CaveOfHiddenTomb/HDRP (Default)/Art/AllTextures1K/T_EuropeanBeech_Detail_01_A.png
  importAddress: Guid(abc00000000017943498755019787419) Importer(2089858483,b0f066a214c2f5e87bad3c948f4d605d)
Start importing Assets/HIVEMIND/CaveOfHiddenTomb/HDRP (Default)/Art/AllTextures1K/T_EuropeanBeech_Detail_01_A.png using Guid(abc00000000017943498755019787419) Importer(2089858483,b0f066a214c2f5e87bad3c948f4d605d) (ScriptedImporter) -> (Import Result ID: 'b7a451919f238251b01f80b28233e843') in 0.0073235 seconds [static and dynamic dependencies]. Details - ImportResultOutputID=f0a1dd0cef402fef5cd4ed6da6d6494f DependenciesID=3e1e568138e5d9c198560f75f9ec90cc StaticDependenciesID=11465129ddb95d00187776e6044be402 
Number of updated asset objects reloaded before import = 0Number of asset objects unloaded after import = 1

========================================================================
Received Import Request.
  Time since last request: 0.000017 seconds.
  path: Assets/HIVEMIND/CaveOfHiddenTomb/HDRP (Default)/Art/AllTextures1K/T_EuropeanBeech_Detail_01_M.png
  importAddress: Guid(abc00000000008395639052184981103) Importer(2089858483,b0f066a214c2f5e87bad3c948f4d605d)
Start importing Assets/HIVEMIND/CaveOfHiddenTomb/HDRP (Default)/Art/AllTextures1K/T_EuropeanBeech_Detail_01_M.png using Guid(abc00000000008395639052184981103) Importer(2089858483,b0f066a214c2f5e87bad3c948f4d605d) (ScriptedImporter) -> (Import Result ID: 'c9095fd5411b96d0029112b2bc5e8c18') in 0.0111233 seconds [static and dynamic dependencies]. Details - ImportResultOutputID=a5e29b835030ecc3fea48c585ffdcfd4 DependenciesID=a0fc4230a90128ce589109396b1eb3e2 StaticDependenciesID=4174d206ba940e18bdd09318ddf4887f 
Number of updated asset objects reloaded before import = 0Number of asset objects unloaded after import = 1

========================================================================
Received Import Request.
  Time since last request: 0.000017 seconds.
  path: Assets/HIVEMIND/CaveOfHiddenTomb/HDRP (Default)/Art/AllTextures1K/T_MI_Pillar_C_N.png
  importAddress: Guid(abc00000000003452496414273656022) Importer(2089858483,b0f066a214c2f5e87bad3c948f4d605d)
Start importing Assets/HIVEMIND/CaveOfHiddenTomb/HDRP (Default)/Art/AllTextures1K/T_MI_Pillar_C_N.png using Guid(abc00000000003452496414273656022) Importer(2089858483,b0f066a214c2f5e87bad3c948f4d605d) (ScriptedImporter) -> (Import Result ID: '3b14b24a257180929646a68147f3c6ad') in 0.0077152 seconds [static and dynamic dependencies]. Details - ImportResultOutputID=f88c98b9b664cd5dea0ec59dd325da6b DependenciesID=084b3a6a6b67ae5a0f1ceabbe0d62524 StaticDependenciesID=ecabfb6f9ed76f3e849664d5cd53b851 
Number of updated asset objects reloaded before import = 0Number of asset objects unloaded after import = 1

========================================================================
Received Import Request.
  Time since last request: 0.000022 seconds.
  path: Assets/HIVEMIND/CaveOfHiddenTomb/HDRP (Default)/Art/AllTextures1K/T_Ivy_normal.png
  importAddress: Guid(abc00000000014341405898936783907) Importer(2089858483,b0f066a214c2f5e87bad3c948f4d605d)
Start importing Assets/HIVEMIND/CaveOfHiddenTomb/HDRP (Default)/Art/AllTextures1K/T_Ivy_normal.png using Guid(abc00000000014341405898936783907) Importer(2089858483,b0f066a214c2f5e87bad3c948f4d605d) (ScriptedImporter) -> (Import Result ID: '6f0b4c13ac8d35dd2c15bf7fe4793409') in 0.0086797 seconds [static and dynamic dependencies]. Details - ImportResultOutputID=b462e0d083b28aa7886b0f4107068645 DependenciesID=31b640a6a750fdc31f59cc76ff73d0c2 StaticDependenciesID=b4a038fef584a2ba5ad0f8f2769cec1f 
Number of updated asset objects reloaded before import = 0Number of asset objects unloaded after import = 1

========================================================================
Received Import Request.
  Time since last request: 0.000032 seconds.
  path: Assets/HIVEMIND/CaveOfHiddenTomb/HDRP (Default)/Art/AllTextures1K/T_EagleFern_01_D.png
  importAddress: Guid(abc00000000002942604511334285778) Importer(2089858483,b0f066a214c2f5e87bad3c948f4d605d)
Start importing Assets/HIVEMIND/CaveOfHiddenTomb/HDRP (Default)/Art/AllTextures1K/T_EagleFern_01_D.png using Guid(abc00000000002942604511334285778) Importer(2089858483,b0f066a214c2f5e87bad3c948f4d605d) (ScriptedImporter) -> (Import Result ID: '19b29e3eaeffb6929d90e7e57748fb15') in 0.0072935 seconds [static and dynamic dependencies]. Details - ImportResultOutputID=da6b226dd5a8cff7122c1246d96ba600 DependenciesID=8ba780dda133d97b8e6c315acf19f794 StaticDependenciesID=307c0d6dfccf261ad2518a77be63ce6c 
Number of updated asset objects reloaded before import = 0Number of asset objects unloaded after import = 1

========================================================================
Received Import Request.
  Time since last request: 0.000016 seconds.
  path: Assets/HIVEMIND/CaveOfHiddenTomb/HDRP (Default)/Art/AllTextures1K/T_Boulder_ORD02.png
  importAddress: Guid(abc00000000016107310492764158095) Importer(2089858483,b0f066a214c2f5e87bad3c948f4d605d)
Start importing Assets/HIVEMIND/CaveOfHiddenTomb/HDRP (Default)/Art/AllTextures1K/T_Boulder_ORD02.png using Guid(abc00000000016107310492764158095) Importer(2089858483,b0f066a214c2f5e87bad3c948f4d605d) (ScriptedImporter) -> (Import Result ID: 'aff50c7f351bb9bc5f5fe7cd545e4b37') in 0.0097689 seconds [static and dynamic dependencies]. Details - ImportResultOutputID=4a3d64a578fb1cee537b5ceab54a2856 DependenciesID=4c7407013eab6764b4e1ebfff67b8c2d StaticDependenciesID=a9de81812daa0898058dab8e607393fc 
Number of updated asset objects reloaded before import = 0Number of asset objects unloaded after import = 1

========================================================================
Received Import Request.
  Time since last request: 0.000021 seconds.
  path: Assets/HIVEMIND/CaveOfHiddenTomb/HDRP (Default)/Art/AllTextures1K/T_MI_RockWall_BC.png
  importAddress: Guid(abc00000000013989828535454248437) Importer(2089858483,b0f066a214c2f5e87bad3c948f4d605d)
Start importing Assets/HIVEMIND/CaveOfHiddenTomb/HDRP (Default)/Art/AllTextures1K/T_MI_RockWall_BC.png using Guid(abc00000000013989828535454248437) Importer(2089858483,b0f066a214c2f5e87bad3c948f4d605d) (ScriptedImporter) -> (Import Result ID: 'b57ff39353271277eee6951bfae75954') in 0.0084276 seconds [static and dynamic dependencies]. Details - ImportResultOutputID=fe8d07e03faef978a41f38d78ba44668 DependenciesID=f137aa601bc7ee601201bff402b84691 StaticDependenciesID=8ac21e8a98e31385272e9f7450c7d847 
Number of updated asset objects reloaded before import = 0Number of asset objects unloaded after import = 1

========================================================================
Received Import Request.
  Time since last request: 0.000025 seconds.
  path: Assets/HIVEMIND/CaveOfHiddenTomb/HDRP (Default)/Art/AllTextures1K/T_MI_Pillar_C_BC.png
  importAddress: Guid(abc00000000000382319579569572045) Importer(2089858483,b0f066a214c2f5e87bad3c948f4d605d)
Start importing Assets/HIVEMIND/CaveOfHiddenTomb/HDRP (Default)/Art/AllTextures1K/T_MI_Pillar_C_BC.png using Guid(abc00000000000382319579569572045) Importer(2089858483,b0f066a214c2f5e87bad3c948f4d605d) (ScriptedImporter) -> (Import Result ID: '592fd7599e53690819afd2ebefbef0b6') in 0.0098934 seconds [static and dynamic dependencies]. Details - ImportResultOutputID=09def22cffee4037a0c1884338cc4d8d DependenciesID=14165279baacb856e9c1c299ddb4225e StaticDependenciesID=4819dc90efde4a95ac5c1005c009dcd8 
Number of updated asset objects reloaded before import = 0Number of asset objects unloaded after import = 1

========================================================================
Received Import Request.
  Time since last request: 0.000016 seconds.
  path: Assets/HIVEMIND/CaveOfHiddenTomb/HDRP (Default)/Art/AllTextures1K/T_MI_Pillar_Mural_ORD.png
  importAddress: Guid(abc00000000010921468583407653692) Importer(2089858483,b0f066a214c2f5e87bad3c948f4d605d)
Start importing Assets/HIVEMIND/CaveOfHiddenTomb/HDRP (Default)/Art/AllTextures1K/T_MI_Pillar_Mural_ORD.png using Guid(abc00000000010921468583407653692) Importer(2089858483,b0f066a214c2f5e87bad3c948f4d605d) (ScriptedImporter) -> (Import Result ID: '262054514a9c92a7bc1cab68bde66ddd') in 0.0103325 seconds [static and dynamic dependencies]. Details - ImportResultOutputID=8376d59ec07a0bee8f5f4aa31b914562 DependenciesID=8d2696afaea152dde1a85bfdd61ed10f StaticDependenciesID=3a71a0eaec359aa0096afc829d66f607 
Number of updated asset objects reloaded before import = 0Number of asset objects unloaded after import = 1

========================================================================
Received Import Request.
  Time since last request: 0.000019 seconds.
  path: Assets/BefourStudios/AsianDynastyEnvironment/Art/Meshes/Materials/MI_Treebark.mat
  importAddress: Guid(e154e2a665ad8a542921d4add8c278e8) Importer(2089858483,b0f066a214c2f5e87bad3c948f4d605d)
Start importing Assets/BefourStudios/AsianDynastyEnvironment/Art/Meshes/Materials/MI_Treebark.mat using Guid(e154e2a665ad8a542921d4add8c278e8) Importer(2089858483,b0f066a214c2f5e87bad3c948f4d605d) (ScriptedImporter) -> (Import Result ID: '6f73a939dd27f0731d0da69d421b3b97') in 0.0050217 seconds [static and dynamic dependencies]. Details - ImportResultOutputID=c6f2e5dfe242d20b865e980b46b04c0d DependenciesID=8340af26927c69ce72fd3ddad435312c StaticDependenciesID=be4983b839501c89924e3724b36eaae8 
Number of updated asset objects reloaded before import = 0Number of asset objects unloaded after import = 1

========================================================================
Received Import Request.
  Time since last request: 0.000029 seconds.
  path: Assets/SunboxGames/ModularDungeonCaves/Prefabs/Mushrooms/Mushroom02_Red.prefab
  importAddress: Guid(54f627a0db683694c9d4dea0d621b723) Importer(2089858483,e11c23a36db5f54750b8cd40eac0985b)
Start importing Assets/SunboxGames/ModularDungeonCaves/Prefabs/Mushrooms/Mushroom02_Red.prefab using Guid(54f627a0db683694c9d4dea0d621b723) Importer(2089858483,e11c23a36db5f54750b8cd40eac0985b) (ScriptedImporter) -> (Import Result ID: '7de56bed6818bf59e338dd63f4779293') in 0.0070161 seconds [static and dynamic dependencies]. Details - ImportResultOutputID=c160f2ba8318052a732cb8062d02f9f7 DependenciesID=2ea18823976015526eb86b4490a93bc7 StaticDependenciesID=6c151e07d469b94dbd8f6fbe5124d1d5 
Number of updated asset objects reloaded before import = 0Number of asset objects unloaded after import = 8

========================================================================
Received Import Request.
  Time since last request: 0.000018 seconds.
  path: Assets/HIVEMIND/CaveOfHiddenTomb/HDRP (Default)/Art/AllTextures1K/T_AztecWall_Trim_BC.png
  importAddress: Guid(abc00000000007719931085602000121) Importer(2089858483,b0f066a214c2f5e87bad3c948f4d605d)
Start importing Assets/HIVEMIND/CaveOfHiddenTomb/HDRP (Default)/Art/AllTextures1K/T_AztecWall_Trim_BC.png using Guid(abc00000000007719931085602000121) Importer(2089858483,b0f066a214c2f5e87bad3c948f4d605d) (ScriptedImporter) -> (Import Result ID: '6842130f706568aaa875ebe65376f43d') in 0.0081585 seconds [static and dynamic dependencies]. Details - ImportResultOutputID=d293f902d61ab683b397d04de5b5cdea DependenciesID=be8a2540daad708496c53475b7362f1b StaticDependenciesID=ad19a2dbb90d14e7d7d5363c2bb929f6 
Number of updated asset objects reloaded before import = 0Number of asset objects unloaded after import = 1

========================================================================
Received Import Request.
  Time since last request: 0.000017 seconds.
  path: Assets/HIVEMIND/CaveOfHiddenTomb/HDRP (Default)/Art/AllTextures1K/T_MI_Stalacite_BC04.png
  importAddress: Guid(abc00000000011079764954126595154) Importer(2089858483,b0f066a214c2f5e87bad3c948f4d605d)
Start importing Assets/HIVEMIND/CaveOfHiddenTomb/HDRP (Default)/Art/AllTextures1K/T_MI_Stalacite_BC04.png using Guid(abc00000000011079764954126595154) Importer(2089858483,b0f066a214c2f5e87bad3c948f4d605d) (ScriptedImporter) -> (Import Result ID: 'b60e7a24accf6f394386c4cc2d236c88') in 0.0073789 seconds [static and dynamic dependencies]. Details - ImportResultOutputID=da3125e51a8fa9c4c9f3e022ba4c6597 DependenciesID=0162a4ceb872b45fe57425dbb785e2af StaticDependenciesID=6e10c0811f9f317d704c80dd489ed3f3 
Number of updated asset objects reloaded before import = 0Number of asset objects unloaded after import = 1

========================================================================
Received Import Request.
  Time since last request: 0.000023 seconds.
  path: Assets/HIVEMIND/CaveOfHiddenTomb/HDRP (Default)/Art/AllTextures1K/T_MI_Sculpt_ORD.png
  importAddress: Guid(abc00000000000514510563825668639) Importer(2089858483,b0f066a214c2f5e87bad3c948f4d605d)
Start importing Assets/HIVEMIND/CaveOfHiddenTomb/HDRP (Default)/Art/AllTextures1K/T_MI_Sculpt_ORD.png using Guid(abc00000000000514510563825668639) Importer(2089858483,b0f066a214c2f5e87bad3c948f4d605d) (ScriptedImporter) -> (Import Result ID: '45ede28dfde80694df063305a77698bd') in 0.0109192 seconds [static and dynamic dependencies]. Details - ImportResultOutputID=df17e513eb6cd89190a0d6b2883f2cf6 DependenciesID=7073af3ec7abf6f942c983ed10558a6e StaticDependenciesID=e33862f5e0813a092e93402601aa0a6f 
Number of updated asset objects reloaded before import = 0Number of asset objects unloaded after import = 1

========================================================================
Received Import Request.
  Time since last request: 0.000019 seconds.
  path: Assets/HIVEMIND/CaveOfHiddenTomb/HDRP (Default)/Art/AllTextures1K/T_MI_Stone_B_N.png
  importAddress: Guid(abc00000000005621117829992261996) Importer(2089858483,b0f066a214c2f5e87bad3c948f4d605d)
Start importing Assets/HIVEMIND/CaveOfHiddenTomb/HDRP (Default)/Art/AllTextures1K/T_MI_Stone_B_N.png using Guid(abc00000000005621117829992261996) Importer(2089858483,b0f066a214c2f5e87bad3c948f4d605d) (ScriptedImporter) -> (Import Result ID: '70d669128d9a7312cb4dcb62799e91a0') in 0.0071326 seconds [static and dynamic dependencies]. Details - ImportResultOutputID=6bcbc550264f0ed25082b9a2a1051c07 DependenciesID=e852618fc74b19310bd2598c8b83a594 StaticDependenciesID=ccfa925ea85d030fa58f58dd46aa413f 
Number of updated asset objects reloaded before import = 0Number of asset objects unloaded after import = 1

========================================================================
Received Import Request.
  Time since last request: 0.000020 seconds.
  path: Assets/HIVEMIND/CaveOfHiddenTomb/HDRP (Default)/Art/AllTextures1K/T_MI_Sculpt_BC.png
  importAddress: Guid(abc00000000014028250211229346265) Importer(2089858483,b0f066a214c2f5e87bad3c948f4d605d)
Start importing Assets/HIVEMIND/CaveOfHiddenTomb/HDRP (Default)/Art/AllTextures1K/T_MI_Sculpt_BC.png using Guid(abc00000000014028250211229346265) Importer(2089858483,b0f066a214c2f5e87bad3c948f4d605d) (ScriptedImporter) -> (Import Result ID: '897c5e451e12b094d97705da94a67927') in 0.0077543 seconds [static and dynamic dependencies]. Details - ImportResultOutputID=25dd40cae7add569d4181afd65d41b0b DependenciesID=6aa47843e7165132b98080d3fa36ede9 StaticDependenciesID=2c530187d783b12eb1ed8556ed27e7f6 
Number of updated asset objects reloaded before import = 0Number of asset objects unloaded after import = 1

========================================================================
Received Import Request.
  Time since last request: 0.000028 seconds.
  path: Assets/HIVEMIND/CaveOfHiddenTomb/HDRP (Default)/Art/AllTextures1K/T_MI_Stalacite_ORD06.png
  importAddress: Guid(abc00000000005373656343506342044) Importer(2089858483,b0f066a214c2f5e87bad3c948f4d605d)
Start importing Assets/HIVEMIND/CaveOfHiddenTomb/HDRP (Default)/Art/AllTextures1K/T_MI_Stalacite_ORD06.png using Guid(abc00000000005373656343506342044) Importer(2089858483,b0f066a214c2f5e87bad3c948f4d605d) (ScriptedImporter) -> (Import Result ID: '570bae0d1c22121b7584981659204773') in 0.0146066 seconds [static and dynamic dependencies]. Details - ImportResultOutputID=d8eab0b21591365fa41839f1364d440b DependenciesID=bae6a34d3e7ce0e3045eaa0f41946c42 StaticDependenciesID=4bc24106aa13ea7a347698f1431693cb 
Number of updated asset objects reloaded before import = 0Number of asset objects unloaded after import = 1

========================================================================
Received Import Request.
  Time since last request: 0.000016 seconds.
  path: Assets/HIVEMIND/CaveOfHiddenTomb/HDRP (Default)/Art/AllTextures1K/T_MI_StonePlate_H_BC.png
  importAddress: Guid(abc00000000015736128791338422153) Importer(2089858483,b0f066a214c2f5e87bad3c948f4d605d)
Start importing Assets/HIVEMIND/CaveOfHiddenTomb/HDRP (Default)/Art/AllTextures1K/T_MI_StonePlate_H_BC.png using Guid(abc00000000015736128791338422153) Importer(2089858483,b0f066a214c2f5e87bad3c948f4d605d) (ScriptedImporter) -> (Import Result ID: '10f621584ca49a78f4b257d1d7931af4') in 0.0102231 seconds [static and dynamic dependencies]. Details - ImportResultOutputID=9bffe09680a543d7231be4fe701a047e DependenciesID=7a425f7cd0f3051fb712e871ed9af52c StaticDependenciesID=0b66a1974aa6c7e9d7a4ce95d56f442b 
Number of updated asset objects reloaded before import = 0Number of asset objects unloaded after import = 1

========================================================================
Received Import Request.
  Time since last request: 0.000018 seconds.
  path: Assets/HIVEMIND/CaveOfHiddenTomb/HDRP (Default)/Art/AllTextures1K/T_Moss_BC.png
  importAddress: Guid(abc00000000005358415048710124323) Importer(2089858483,b0f066a214c2f5e87bad3c948f4d605d)
Start importing Assets/HIVEMIND/CaveOfHiddenTomb/HDRP (Default)/Art/AllTextures1K/T_Moss_BC.png using Guid(abc00000000005358415048710124323) Importer(2089858483,b0f066a214c2f5e87bad3c948f4d605d) (ScriptedImporter) -> (Import Result ID: '1eb12ed886357e35a8eca862dde527d5') in 0.0098361 seconds [static and dynamic dependencies]. Details - ImportResultOutputID=6104c1cbfc74e5fe3d22f401bf142d60 DependenciesID=42eb660ff4dc8c7aba05715292cf8e4a StaticDependenciesID=21ca7477dfc2c1a9bceb388ef3b4303b 
Number of updated asset objects reloaded before import = 0Number of asset objects unloaded after import = 1

========================================================================
Received Import Request.
  Time since last request: 0.000017 seconds.
  path: Assets/HIVEMIND/CaveOfHiddenTomb/HDRP (Default)/Art/AllTextures1K/T_MI_Stone_C_N.png
  importAddress: Guid(abc00000000004538502305455188322) Importer(2089858483,b0f066a214c2f5e87bad3c948f4d605d)
Start importing Assets/HIVEMIND/CaveOfHiddenTomb/HDRP (Default)/Art/AllTextures1K/T_MI_Stone_C_N.png using Guid(abc00000000004538502305455188322) Importer(2089858483,b0f066a214c2f5e87bad3c948f4d605d) (ScriptedImporter) -> (Import Result ID: 'f599286a45e821095037ed105914f96a') in 0.0072406 seconds [static and dynamic dependencies]. Details - ImportResultOutputID=88952276d1ef838b013e93e351004571 DependenciesID=91bd398d181121c6d5dffb2fb81fc66e StaticDependenciesID=1e565d27922bf9172ac3fa7f4d51912e 
Number of updated asset objects reloaded before import = 0Number of asset objects unloaded after import = 1

========================================================================
Received Import Request.
  Time since last request: 0.000017 seconds.
  path: Assets/HIVEMIND/CaveOfHiddenTomb/HDRP (Default)/Art/AllTextures1K/T_RockWall_N.png
  importAddress: Guid(abc00000000010881402259486242037) Importer(2089858483,b0f066a214c2f5e87bad3c948f4d605d)
Start importing Assets/HIVEMIND/CaveOfHiddenTomb/HDRP (Default)/Art/AllTextures1K/T_RockWall_N.png using Guid(abc00000000010881402259486242037) Importer(2089858483,b0f066a214c2f5e87bad3c948f4d605d) (ScriptedImporter) -> (Import Result ID: 'f3334b48279eea986821467c5cd3b570') in 0.009216 seconds [static and dynamic dependencies]. Details - ImportResultOutputID=2bac579e0c6e7eb5e580bc21db07e659 DependenciesID=4aef7928bdae249b801787401946ae98 StaticDependenciesID=ad2cf534f8d1aad10dcbc6c51724702a 
Number of updated asset objects reloaded before import = 0Number of asset objects unloaded after import = 1

========================================================================
Received Import Request.
  Time since last request: 0.000020 seconds.
  path: Assets/HIVEMIND/CaveOfHiddenTomb/HDRP (Default)/Art/AllTextures1K/T_Mud_M.png
  importAddress: Guid(abc00000000003035905751862428333) Importer(2089858483,b0f066a214c2f5e87bad3c948f4d605d)
Start importing Assets/HIVEMIND/CaveOfHiddenTomb/HDRP (Default)/Art/AllTextures1K/T_Mud_M.png using Guid(abc00000000003035905751862428333) Importer(2089858483,b0f066a214c2f5e87bad3c948f4d605d) (ScriptedImporter) -> (Import Result ID: '286f62ca0f77ebd23182cfa0c5952f3f') in 0.0081236 seconds [static and dynamic dependencies]. Details - ImportResultOutputID=ce098b6d561e0ea3569d8797229b3921 DependenciesID=5c5a2b16902fae4c0d0139756192bc47 StaticDependenciesID=e696a8b38dd2def8a203ccade65b3865 
Number of updated asset objects reloaded before import = 0Number of asset objects unloaded after import = 1

========================================================================
Received Import Request.
  Time since last request: 0.000034 seconds.
  path: Assets/HIVEMIND/CaveOfHiddenTomb/HDRP (Default)/Art/AllTextures1K/T_RockWall_N03.png
  importAddress: Guid(abc00000000015784776905321330615) Importer(2089858483,b0f066a214c2f5e87bad3c948f4d605d)
Start importing Assets/HIVEMIND/CaveOfHiddenTomb/HDRP (Default)/Art/AllTextures1K/T_RockWall_N03.png using Guid(abc00000000015784776905321330615) Importer(2089858483,b0f066a214c2f5e87bad3c948f4d605d) (ScriptedImporter) -> (Import Result ID: 'f0549eb3c520c5b77604ae96a1c27417') in 0.0090653 seconds [static and dynamic dependencies]. Details - ImportResultOutputID=7f6a0123a80d31b5df45bcf0e230eb9d DependenciesID=54f4d69923f66211065358009e441a11 StaticDependenciesID=871688d372db10142d92dbe4de2d118d 
Number of updated asset objects reloaded before import = 0Number of asset objects unloaded after import = 1

========================================================================
Received Import Request.
  Time since last request: 0.000016 seconds.
  path: Assets/HIVEMIND/CaveOfHiddenTomb/HDRP (Default)/Art/AllTextures1K/T_MI_Rock_N.png
  importAddress: Guid(abc00000000000344012165875951352) Importer(2089858483,b0f066a214c2f5e87bad3c948f4d605d)
Start importing Assets/HIVEMIND/CaveOfHiddenTomb/HDRP (Default)/Art/AllTextures1K/T_MI_Rock_N.png using Guid(abc00000000000344012165875951352) Importer(2089858483,b0f066a214c2f5e87bad3c948f4d605d) (ScriptedImporter) -> (Import Result ID: 'a4b50d943f6e27c7211b3cf30554061d') in 0.009702 seconds [static and dynamic dependencies]. Details - ImportResultOutputID=029ba95e7cfa3790f3bc50897f2bac97 DependenciesID=5b0fc60921f0e8e0360fe3d805c3fd1d StaticDependenciesID=6975a4ddd778dd78c8b9835b52260aaa 
Number of updated asset objects reloaded before import = 0Number of asset objects unloaded after import = 1

========================================================================
Received Import Request.
  Time since last request: 0.000017 seconds.
  path: Assets/HIVEMIND/CaveOfHiddenTomb/HDRP (Default)/Art/AllTextures1K/T_RockWall_BC04.png
  importAddress: Guid(abc00000000010689141205144646831) Importer(2089858483,b0f066a214c2f5e87bad3c948f4d605d)
Start importing Assets/HIVEMIND/CaveOfHiddenTomb/HDRP (Default)/Art/AllTextures1K/T_RockWall_BC04.png using Guid(abc00000000010689141205144646831) Importer(2089858483,b0f066a214c2f5e87bad3c948f4d605d) (ScriptedImporter) -> (Import Result ID: '7c772a19dd0430b6da73f359755cdd70') in 0.0070366 seconds [static and dynamic dependencies]. Details - ImportResultOutputID=9da2a67dc9c3410ea623ceb4bee0a9ce DependenciesID=93dd83d56e462ca9ee810279e8eafb1b StaticDependenciesID=b46da57f403fb2c5b6fb9c1fa9dcad61 
Number of updated asset objects reloaded before import = 0Number of asset objects unloaded after import = 1

========================================================================
Received Import Request.
  Time since last request: 0.000017 seconds.
  path: Assets/HIVEMIND/CaveOfHiddenTomb/HDRP (Default)/Art/AllTextures1K/T_MI_Stone_A_N.png
  importAddress: Guid(abc00000000003728005439301109170) Importer(2089858483,b0f066a214c2f5e87bad3c948f4d605d)
Start importing Assets/HIVEMIND/CaveOfHiddenTomb/HDRP (Default)/Art/AllTextures1K/T_MI_Stone_A_N.png using Guid(abc00000000003728005439301109170) Importer(2089858483,b0f066a214c2f5e87bad3c948f4d605d) (ScriptedImporter) -> (Import Result ID: 'ee955d82f1718d1d5566d2ad5db6e09f') in 0.011104 seconds [static and dynamic dependencies]. Details - ImportResultOutputID=ebaa5a94489f02e7afcb62bc40845c18 DependenciesID=32d7502468c09983fb1903645a44400b StaticDependenciesID=d1244f7185743b7d03f11ba4135b5fc2 
Number of updated asset objects reloaded before import = 0Number of asset objects unloaded after import = 1

========================================================================
Received Import Request.
  Time since last request: 0.000015 seconds.
  path: Assets/HIVEMIND/CaveOfHiddenTomb/HDRP (Default)/Art/AllTextures1K/T_Temple_Floor_BC.png
  importAddress: Guid(abc00000000013609777554971894006) Importer(2089858483,b0f066a214c2f5e87bad3c948f4d605d)
Start importing Assets/HIVEMIND/CaveOfHiddenTomb/HDRP (Default)/Art/AllTextures1K/T_Temple_Floor_BC.png using Guid(abc00000000013609777554971894006) Importer(2089858483,b0f066a214c2f5e87bad3c948f4d605d) (ScriptedImporter) -> (Import Result ID: '8f95d147a73426ea11c6911a86522e45') in 0.0083478 seconds [static and dynamic dependencies]. Details - ImportResultOutputID=c464a6d0a1441a878f6b2418f7701179 DependenciesID=6accb9b124db1feeaadd287da2c7c8e2 StaticDependenciesID=4a7c4bbcc79070348e20325c075f23ae 
Number of updated asset objects reloaded before import = 0Number of asset objects unloaded after import = 1

========================================================================
Received Import Request.
  Time since last request: 0.000019 seconds.
  path: Assets/HIVEMIND/CaveOfHiddenTomb/HDRP (Default)/Art/AllTextures1K/T_StonePlate_AORD04.png
  importAddress: Guid(abc00000000017787125238747712906) Importer(2089858483,b0f066a214c2f5e87bad3c948f4d605d)
Start importing Assets/HIVEMIND/CaveOfHiddenTomb/HDRP (Default)/Art/AllTextures1K/T_StonePlate_AORD04.png using Guid(abc00000000017787125238747712906) Importer(2089858483,b0f066a214c2f5e87bad3c948f4d605d) (ScriptedImporter) -> (Import Result ID: '75fd81a7d1b668ed3145ba6544008db0') in 0.0104773 seconds [static and dynamic dependencies]. Details - ImportResultOutputID=c08775d87b374ffe31ec5fb0e43ca677 DependenciesID=afeb93f5bfeb10fa4141eb1c54ecabc4 StaticDependenciesID=36aa8179babbbc2f765c064d9e07a43e 
Number of updated asset objects reloaded before import = 0Number of asset objects unloaded after import = 1

========================================================================
Received Import Request.
  Time since last request: 0.000028 seconds.
  path: Assets/HIVEMIND/CaveOfHiddenTomb/HDRP (Default)/Art/AllTextures1K/T_StonePlate_AORD02.png
  importAddress: Guid(abc00000000005761517231500978916) Importer(2089858483,b0f066a214c2f5e87bad3c948f4d605d)
Start importing Assets/HIVEMIND/CaveOfHiddenTomb/HDRP (Default)/Art/AllTextures1K/T_StonePlate_AORD02.png using Guid(abc00000000005761517231500978916) Importer(2089858483,b0f066a214c2f5e87bad3c948f4d605d) (ScriptedImporter) -> (Import Result ID: 'e4d075eb9328e57164508b696d28cd9c') in 0.0100281 seconds [static and dynamic dependencies]. Details - ImportResultOutputID=d4a3122c4800915c50ddff56e7bb7a14 DependenciesID=2716665ac14ed4e582ee22705eb948b1 StaticDependenciesID=e5712d6df5d428fcea65ca46c197a413 
Number of updated asset objects reloaded before import = 0Number of asset objects unloaded after import = 1

========================================================================
Received Import Request.
  Time since last request: 0.000017 seconds.
  path: Assets/HIVEMIND/CaveOfHiddenTomb/HDRP (Default)/Art/AllTextures1K/T_Rock_N.png
  importAddress: Guid(abc00000000005604451500764248257) Importer(2089858483,b0f066a214c2f5e87bad3c948f4d605d)
Start importing Assets/HIVEMIND/CaveOfHiddenTomb/HDRP (Default)/Art/AllTextures1K/T_Rock_N.png using Guid(abc00000000005604451500764248257) Importer(2089858483,b0f066a214c2f5e87bad3c948f4d605d) (ScriptedImporter) -> (Import Result ID: '5fb8d06fee0ccfcff8c25f4a35a29fab') in 0.0090987 seconds [static and dynamic dependencies]. Details - ImportResultOutputID=5e387be99c6e8b2cc4c550ea00ed2261 DependenciesID=dba3547b4ccfb27e65a0f4dce330e16f StaticDependenciesID=f26e079de5ad2c1354b4cf1198f5e515 
Number of updated asset objects reloaded before import = 0Number of asset objects unloaded after import = 1

========================================================================
Received Import Request.
  Time since last request: 0.000021 seconds.
  path: Assets/HIVEMIND/CaveOfHiddenTomb/HDRP (Default)/Art/AllTextures1K/T_SwordShield_Mask01.TGA
  importAddress: Guid(5f60de88d49a12f44995003a37ed7516) Importer(2089858483,b0f066a214c2f5e87bad3c948f4d605d)
Start importing Assets/HIVEMIND/CaveOfHiddenTomb/HDRP (Default)/Art/AllTextures1K/T_SwordShield_Mask01.TGA using Guid(5f60de88d49a12f44995003a37ed7516) Importer(2089858483,b0f066a214c2f5e87bad3c948f4d605d) (ScriptedImporter) -> (Import Result ID: 'bcd8d7f38152b5032b7ebbeb0808f921') in 0.0094683 seconds [static and dynamic dependencies]. Details - ImportResultOutputID=67dc272d6a31a92518afc389ccbf5b24 DependenciesID=bb59a308c87a91c6d7286e5833461dfb StaticDependenciesID=61c9508a9de43766cd5ee6764a95d093 
Number of updated asset objects reloaded before import = 0Number of asset objects unloaded after import = 1

========================================================================
Received Import Request.
  Time since last request: 0.000017 seconds.
  path: Assets/HIVEMIND/CaveOfHiddenTomb/HDRP (Default)/Art/AllTextures1K/T_TempleStoneGround_AORD.png
  importAddress: Guid(abc00000000017234471269131414307) Importer(2089858483,b0f066a214c2f5e87bad3c948f4d605d)
Start importing Assets/HIVEMIND/CaveOfHiddenTomb/HDRP (Default)/Art/AllTextures1K/T_TempleStoneGround_AORD.png using Guid(abc00000000017234471269131414307) Importer(2089858483,b0f066a214c2f5e87bad3c948f4d605d) (ScriptedImporter) -> (Import Result ID: '49eb1b958b27a2322b50745efda17909') in 0.0079783 seconds [static and dynamic dependencies]. Details - ImportResultOutputID=e92ae85774f386209f2fe0e0fcb672b9 DependenciesID=3dac09e280e7641c515e56254a9fd9f1 StaticDependenciesID=ff8e788237ef8f6a4f9f8aad4ff2c58e 
Number of updated asset objects reloaded before import = 0Number of asset objects unloaded after import = 1

========================================================================
Received Import Request.
  Time since last request: 0.000017 seconds.
  path: Assets/HIVEMIND/CaveOfHiddenTomb/HDRP (Default)/Art/AllTextures1K/T_stonepattern_g_N.PNG
  importAddress: Guid(d4b813779ffaa7045bade06621956f03) Importer(2089858483,b0f066a214c2f5e87bad3c948f4d605d)
Start importing Assets/HIVEMIND/CaveOfHiddenTomb/HDRP (Default)/Art/AllTextures1K/T_stonepattern_g_N.PNG using Guid(d4b813779ffaa7045bade06621956f03) Importer(2089858483,b0f066a214c2f5e87bad3c948f4d605d) (ScriptedImporter) -> (Import Result ID: 'ced8a56d3e1683743f9fc8d6aff6004b') in 0.0074445 seconds [static and dynamic dependencies]. Details - ImportResultOutputID=13934a35f9e641c317c341a6a49d5d4b DependenciesID=a477d573256c26caeb8c834622962c47 StaticDependenciesID=3f72e86e89a668c9dfd4c1c76b4ef012 
Number of updated asset objects reloaded before import = 0Number of asset objects unloaded after import = 1

========================================================================
Received Import Request.
  Time since last request: 0.000022 seconds.
  path: Assets/HIVEMIND/CaveOfHiddenTomb/HDRP (Default)/Art/AllTextures1K/T_Rock_BC04.png
  importAddress: Guid(abc00000000006173182895596851247) Importer(2089858483,b0f066a214c2f5e87bad3c948f4d605d)
Start importing Assets/HIVEMIND/CaveOfHiddenTomb/HDRP (Default)/Art/AllTextures1K/T_Rock_BC04.png using Guid(abc00000000006173182895596851247) Importer(2089858483,b0f066a214c2f5e87bad3c948f4d605d) (ScriptedImporter) -> (Import Result ID: 'fecca9f321ef52ae7486ba02e45594f4') in 0.0101821 seconds [static and dynamic dependencies]. Details - ImportResultOutputID=48ac2f8fcf32e6b4e44cbabf7a3d782c DependenciesID=0ccf7c96aaa0747e48e2e43479e318ba StaticDependenciesID=b2c1dc6e5ae2bce263e4aa6da465da91 
Number of updated asset objects reloaded before import = 0Number of asset objects unloaded after import = 1

========================================================================
Received Import Request.
  Time since last request: 0.000031 seconds.
  path: Assets/HIVEMIND/CaveOfHiddenTomb/HDRP (Default)/Art/AllTextures1K/T_RockWall_ORD02.png
  importAddress: Guid(abc00000000015924160883973010627) Importer(2089858483,b0f066a214c2f5e87bad3c948f4d605d)
Start importing Assets/HIVEMIND/CaveOfHiddenTomb/HDRP (Default)/Art/AllTextures1K/T_RockWall_ORD02.png using Guid(abc00000000015924160883973010627) Importer(2089858483,b0f066a214c2f5e87bad3c948f4d605d) (ScriptedImporter) -> (Import Result ID: 'dbc2c81d2625f2ce6da5a9e837a116ed') in 0.0107235 seconds [static and dynamic dependencies]. Details - ImportResultOutputID=a10d045ebe9655e5044e2a62ce7cf9fa DependenciesID=e3d360075f89cbe32850fd68ef9c94b5 StaticDependenciesID=301822db113f01fbcdc08c251dc368f8 
Number of updated asset objects reloaded before import = 0Number of asset objects unloaded after import = 1

========================================================================
Received Import Request.
  Time since last request: 0.000015 seconds.
  path: Assets/HIVEMIND/CaveOfHiddenTomb/HDRP (Default)/Art/AllTextures1K/T_SM_Pillar_B_N.png
  importAddress: Guid(abc00000000017505046164731070400) Importer(2089858483,b0f066a214c2f5e87bad3c948f4d605d)
Start importing Assets/HIVEMIND/CaveOfHiddenTomb/HDRP (Default)/Art/AllTextures1K/T_SM_Pillar_B_N.png using Guid(abc00000000017505046164731070400) Importer(2089858483,b0f066a214c2f5e87bad3c948f4d605d) (ScriptedImporter) -> (Import Result ID: '82ca264eb351a82564efdc1dae6e4468') in 0.0079498 seconds [static and dynamic dependencies]. Details - ImportResultOutputID=7df76c2bee6ad110cec898fbd2d4b2c5 DependenciesID=e577d1ad3d240405bbcbece068edbd77 StaticDependenciesID=6eb0ae3041f92d15a088079ec2cbdd81 
Number of updated asset objects reloaded before import = 0Number of asset objects unloaded after import = 1

========================================================================
Received Import Request.
  Time since last request: 0.000018 seconds.
  path: Assets/HIVEMIND/CaveOfHiddenTomb/HDRP (Default)/Art/AllTextures1K/T_Rock_BC06.png
  importAddress: Guid(abc00000000010365300191227582093) Importer(2089858483,b0f066a214c2f5e87bad3c948f4d605d)
Start importing Assets/HIVEMIND/CaveOfHiddenTomb/HDRP (Default)/Art/AllTextures1K/T_Rock_BC06.png using Guid(abc00000000010365300191227582093) Importer(2089858483,b0f066a214c2f5e87bad3c948f4d605d) (ScriptedImporter) -> (Import Result ID: '0b0af5a6647735fee78a5879801f85ef') in 0.0076699 seconds [static and dynamic dependencies]. Details - ImportResultOutputID=6157dd57d20ae9550ece1022e619d3ce DependenciesID=241ed505b2c7ca674943c455382123d0 StaticDependenciesID=40da119869221bf0a3a6b7ace0d06e1e 
Number of updated asset objects reloaded before import = 0Number of asset objects unloaded after import = 1

========================================================================
Received Import Request.
  Time since last request: 0.000017 seconds.
  path: Assets/HIVEMIND/CaveOfHiddenTomb/HDRP (Default)/Art/AllTextures1K/T_TempleStoneGround_Normal.png
  importAddress: Guid(abc00000000003939304784876280162) Importer(2089858483,b0f066a214c2f5e87bad3c948f4d605d)
Start importing Assets/HIVEMIND/CaveOfHiddenTomb/HDRP (Default)/Art/AllTextures1K/T_TempleStoneGround_Normal.png using Guid(abc00000000003939304784876280162) Importer(2089858483,b0f066a214c2f5e87bad3c948f4d605d) (ScriptedImporter) -> (Import Result ID: '93fc1888255d0ed7335ec94b698699fb') in 0.0074682 seconds [static and dynamic dependencies]. Details - ImportResultOutputID=12a28e87f20ac9f32f63696205343ce1 DependenciesID=cfb08c063b9993e320431ed3ce1765ac StaticDependenciesID=f61c85918f45a00a00475f08580fe792 
Number of updated asset objects reloaded before import = 0Number of asset objects unloaded after import = 1

========================================================================
Received Import Request.
  Time since last request: 0.000019 seconds.
  path: Assets/HIVEMIND/CaveOfHiddenTomb/HDRP (Default)/Art/AllTextures1K/T_Soil_N.png
  importAddress: Guid(abc00000000000697485258986389806) Importer(2089858483,b0f066a214c2f5e87bad3c948f4d605d)
Start importing Assets/HIVEMIND/CaveOfHiddenTomb/HDRP (Default)/Art/AllTextures1K/T_Soil_N.png using Guid(abc00000000000697485258986389806) Importer(2089858483,b0f066a214c2f5e87bad3c948f4d605d) (ScriptedImporter) -> (Import Result ID: 'dbb4dd0940e59eb17c2de83cc402651d') in 0.0087798 seconds [static and dynamic dependencies]. Details - ImportResultOutputID=d2aad2f60662432de2af2e3b6286f7d5 DependenciesID=2ecbf0c12180019ccf5248c3de782727 StaticDependenciesID=190095dee6af3bb55d885be7827d1621 
Number of updated asset objects reloaded before import = 0Number of asset objects unloaded after import = 1

========================================================================
Received Import Request.
  Time since last request: 0.000019 seconds.
  path: Assets/HIVEMIND/CaveOfHiddenTomb/HDRP (Default)/Art/AllTextures1K/T_MI_Wall_Aztec_ORD.png
  importAddress: Guid(abc00000000009437879997279889290) Importer(2089858483,b0f066a214c2f5e87bad3c948f4d605d)
Start importing Assets/HIVEMIND/CaveOfHiddenTomb/HDRP (Default)/Art/AllTextures1K/T_MI_Wall_Aztec_ORD.png using Guid(abc00000000009437879997279889290) Importer(2089858483,b0f066a214c2f5e87bad3c948f4d605d) (ScriptedImporter) -> (Import Result ID: '7a40fdd138ec5c6c4c0410a6ed000605') in 0.0087111 seconds [static and dynamic dependencies]. Details - ImportResultOutputID=672502b9372a787da03434d89cdf8d71 DependenciesID=39d2135d40911b60e8f424257f3bfe8d StaticDependenciesID=91cc0a2e1bb86e7e17d581a32a1a0a98 
Number of updated asset objects reloaded before import = 0Number of asset objects unloaded after import = 1

========================================================================
Received Import Request.
  Time since last request: 0.000034 seconds.
  path: Assets/HIVEMIND/CaveOfHiddenTomb/HDRP (Default)/Art/Prefabs/SM_Ground_B_3.prefab
  importAddress: Guid(abc00000000016776524218199807265) Importer(2089858483,e11c23a36db5f54750b8cd40eac0985b)
Start importing Assets/HIVEMIND/CaveOfHiddenTomb/HDRP (Default)/Art/Prefabs/SM_Ground_B_3.prefab using Guid(abc00000000016776524218199807265) Importer(2089858483,e11c23a36db5f54750b8cd40eac0985b) (ScriptedImporter) -> (Import Result ID: 'b2529427af879d4116ab12f741b49413') in 0.0203983 seconds [static and dynamic dependencies]. Details - ImportResultOutputID=e0d8ac1b38017760af50abce340e7461 DependenciesID=32e0642f62d76241cf0d9454de3e68ce StaticDependenciesID=0c7de938fd4454a2c947945a51bdba7e 
Number of updated asset objects reloaded before import = 0Number of asset objects unloaded after import = 33

========================================================================
Received Import Request.
  Time since last request: 0.000021 seconds.
  path: Assets/HIVEMIND/CaveOfHiddenTomb/HDRP (Default)/Art/Prefabs/SM_EagleFern_S_01.prefab
  importAddress: Guid(abc00000000010867273741362675008) Importer(2089858483,e11c23a36db5f54750b8cd40eac0985b)
Start importing Assets/HIVEMIND/CaveOfHiddenTomb/HDRP (Default)/Art/Prefabs/SM_EagleFern_S_01.prefab using Guid(abc00000000010867273741362675008) Importer(2089858483,e11c23a36db5f54750b8cd40eac0985b) (ScriptedImporter) -> (Import Result ID: 'a66c621cd6f5a16ccdeeb1faa61ee4ce') in 0.0162245 seconds [static and dynamic dependencies]. Details - ImportResultOutputID=84bc76451a63ddc7c36de389d5c92d83 DependenciesID=f0175c9c08e6c70f7f4beab83a25dd7d StaticDependenciesID=ad1bf543338c19976b7d9f2c7aab6228 
Number of updated asset objects reloaded before import = 0Number of asset objects unloaded after import = 32

========================================================================
Received Import Request.
  Time since last request: 0.000016 seconds.
  path: Assets/HIVEMIND/CaveOfHiddenTomb/HDRP (Default)/Art/Prefabs/SM_EuropeanBeech_XS_03.prefab
  importAddress: Guid(abc00000000004684204779908744011) Importer(2089858483,e11c23a36db5f54750b8cd40eac0985b)
Start importing Assets/HIVEMIND/CaveOfHiddenTomb/HDRP (Default)/Art/Prefabs/SM_EuropeanBeech_XS_03.prefab using Guid(abc00000000004684204779908744011) Importer(2089858483,e11c23a36db5f54750b8cd40eac0985b) (ScriptedImporter) -> (Import Result ID: 'e0ef348ba7673294690459241fc7f8ad') in 0.0174819 seconds [static and dynamic dependencies]. Details - ImportResultOutputID=06f43a51a9be936b3bd294e870c65956 DependenciesID=1c0776c2a48c8e6acb9c39e6b0b8640b StaticDependenciesID=1a1fc12a03bbdb21a0d4f1d561297916 
Number of updated asset objects reloaded before import = 0Number of asset objects unloaded after import = 33

========================================================================
Received Import Request.
  Time since last request: 0.000019 seconds.
  path: Assets/HIVEMIND/CaveOfHiddenTomb/HDRP (Default)/Art/AllTextures1K/T_WaterCaustic_E.TGA
  importAddress: Guid(a013e69cbaff35545a8293b0d20d2a69) Importer(2089858483,b0f066a214c2f5e87bad3c948f4d605d)
Start importing Assets/HIVEMIND/CaveOfHiddenTomb/HDRP (Default)/Art/AllTextures1K/T_WaterCaustic_E.TGA using Guid(a013e69cbaff35545a8293b0d20d2a69) Importer(2089858483,b0f066a214c2f5e87bad3c948f4d605d) (ScriptedImporter) -> (Import Result ID: '41ab41f656e97158c7012401cd78d2a7') in 0.0064572 seconds [static and dynamic dependencies]. Details - ImportResultOutputID=459783fab609e5c8a2756c24d1fa79ff DependenciesID=e37635695df49e712f3c7a787b363b7a StaticDependenciesID=d4d153393f33450505fca6d073c06cb9 
Number of updated asset objects reloaded before import = 0Number of asset objects unloaded after import = 1

========================================================================
Received Import Request.
  Time since last request: 0.000019 seconds.
  path: Assets/HIVEMIND/CaveOfHiddenTomb/HDRP (Default)/Art/Prefabs/SM_Ivy_A.prefab
  importAddress: Guid(abc00000000006595051334539448741) Importer(2089858483,e11c23a36db5f54750b8cd40eac0985b)
Start importing Assets/HIVEMIND/CaveOfHiddenTomb/HDRP (Default)/Art/Prefabs/SM_Ivy_A.prefab using Guid(abc00000000006595051334539448741) Importer(2089858483,e11c23a36db5f54750b8cd40eac0985b) (ScriptedImporter) -> (Import Result ID: 'cf21ee792e8b7015847036297d3575f5') in 0.0207624 seconds [static and dynamic dependencies]. Details - ImportResultOutputID=a3f58516483d2f6304b5c021b4b2f766 DependenciesID=cbf5744f11c11b133e184385c54f2331 StaticDependenciesID=5357ac7b32e54fd7b8803ad70eb43470 
Number of updated asset objects reloaded before import = 0Number of asset objects unloaded after import = 32

========================================================================
Received Import Request.
  Time since last request: 0.000019 seconds.
  path: Assets/HIVEMIND/CaveOfHiddenTomb/HDRP (Default)/Art/AllTextures1K/T_VineLeaf_Translucent.png
  importAddress: Guid(abc00000000013934749768640837935) Importer(2089858483,b0f066a214c2f5e87bad3c948f4d605d)
Start importing Assets/HIVEMIND/CaveOfHiddenTomb/HDRP (Default)/Art/AllTextures1K/T_VineLeaf_Translucent.png using Guid(abc00000000013934749768640837935) Importer(2089858483,b0f066a214c2f5e87bad3c948f4d605d) (ScriptedImporter) -> (Import Result ID: 'd9eb109cc92879fc01d2b68b412c12ff') in 0.0066049 seconds [static and dynamic dependencies]. Details - ImportResultOutputID=e4799660f9bb0b221879025f403f9817 DependenciesID=5b0dd3ce23196620b85267c7562d30ff StaticDependenciesID=5ac79cb360799f82b23419ce1a575f61 
Number of updated asset objects reloaded before import = 0Number of asset objects unloaded after import = 1

========================================================================
Received Import Request.
  Time since last request: 0.000031 seconds.
  path: Assets/HIVEMIND/CaveOfHiddenTomb/HDRP (Default)/Art/Prefabs/SM_Ground_B_4.prefab
  importAddress: Guid(abc00000000005484994792939664646) Importer(2089858483,e11c23a36db5f54750b8cd40eac0985b)
Start importing Assets/HIVEMIND/CaveOfHiddenTomb/HDRP (Default)/Art/Prefabs/SM_Ground_B_4.prefab using Guid(abc00000000005484994792939664646) Importer(2089858483,e11c23a36db5f54750b8cd40eac0985b) (ScriptedImporter) -> (Import Result ID: '01794f8dffd8b3ba8cd945d5ede12a28') in 0.0174661 seconds [static and dynamic dependencies]. Details - ImportResultOutputID=6662890de825f71e09ab24b919932e48 DependenciesID=04efab07aca46a43d9daa40614c39659 StaticDependenciesID=bf203e8ee2e38f9c1f1fb7a1d4b16cd8 
Number of updated asset objects reloaded before import = 0Number of asset objects unloaded after import = 33

========================================================================
Received Import Request.
  Time since last request: 0.000022 seconds.
  path: Assets/HIVEMIND/CaveOfHiddenTomb/HDRP (Default)/Art/Prefabs/SM_Boulder_C.prefab
  importAddress: Guid(abc00000000006899840013885382510) Importer(2089858483,e11c23a36db5f54750b8cd40eac0985b)
Start importing Assets/HIVEMIND/CaveOfHiddenTomb/HDRP (Default)/Art/Prefabs/SM_Boulder_C.prefab using Guid(abc00000000006899840013885382510) Importer(2089858483,e11c23a36db5f54750b8cd40eac0985b) (ScriptedImporter) -> (Import Result ID: '1fa28f10c784f8e792deadba00719b87') in 0.0223239 seconds [static and dynamic dependencies]. Details - ImportResultOutputID=6dad4429003b1f48ac0c65d9a212bb93 DependenciesID=5870bd3f765b548ad3a0dc124b425dfc StaticDependenciesID=7567f71bf13b7641e039868e3558dae2 
Number of updated asset objects reloaded before import = 0Number of asset objects unloaded after import = 35

========================================================================
Received Import Request.
  Time since last request: 0.000035 seconds.
  path: Assets/HIVEMIND/CaveOfHiddenTomb/HDRP (Default)/Art/Prefabs/SM_RockWall_C.prefab
  importAddress: Guid(abc00000000004175420548038613420) Importer(2089858483,e11c23a36db5f54750b8cd40eac0985b)
Start importing Assets/HIVEMIND/CaveOfHiddenTomb/HDRP (Default)/Art/Prefabs/SM_RockWall_C.prefab using Guid(abc00000000004175420548038613420) Importer(2089858483,e11c23a36db5f54750b8cd40eac0985b) (ScriptedImporter) -> (Import Result ID: '02f71da8dd3bc261d66b59c116d252b0') in 0.0158322 seconds [static and dynamic dependencies]. Details - ImportResultOutputID=e461a4fd1f6be5be68884eb878fa01e3 DependenciesID=2c229c10195be782c8c8c60cad0b34c2 StaticDependenciesID=47720a59849d847a8a247017844b8d79 
Number of updated asset objects reloaded before import = 0Number of asset objects unloaded after import = 33

========================================================================
Received Import Request.
  Time since last request: 0.000020 seconds.
  path: Assets/HIVEMIND/CaveOfHiddenTomb/HDRP (Default)/Art/Prefabs/SM_EuropeanBeech_XL_01.prefab
  importAddress: Guid(abc00000000001096249565822034040) Importer(2089858483,e11c23a36db5f54750b8cd40eac0985b)
Start importing Assets/HIVEMIND/CaveOfHiddenTomb/HDRP (Default)/Art/Prefabs/SM_EuropeanBeech_XL_01.prefab using Guid(abc00000000001096249565822034040) Importer(2089858483,e11c23a36db5f54750b8cd40eac0985b) (ScriptedImporter) -> (Import Result ID: '10086c6e1151972688c7f4cd9c0f7656') in 0.0240844 seconds [static and dynamic dependencies]. Details - ImportResultOutputID=77aac73b9c4ed0402337cc16b3817372 DependenciesID=9b49aa5ec23946c1d42bcff1bcc7033e StaticDependenciesID=ed5a18f88ff28e800748eaef49d4ebcc 
Number of updated asset objects reloaded before import = 0Number of asset objects unloaded after import = 41

========================================================================
Received Import Request.
  Time since last request: 0.000022 seconds.
  path: Assets/HIVEMIND/CaveOfHiddenTomb/HDRP (Default)/Art/AllTextures1K/T_Vinewood_BC.png
  importAddress: Guid(abc00000000016669791216962035902) Importer(2089858483,b0f066a214c2f5e87bad3c948f4d605d)
Start importing Assets/HIVEMIND/CaveOfHiddenTomb/HDRP (Default)/Art/AllTextures1K/T_Vinewood_BC.png using Guid(abc00000000016669791216962035902) Importer(2089858483,b0f066a214c2f5e87bad3c948f4d605d) (ScriptedImporter) -> (Import Result ID: 'e583591416692e2794dc4e644111dad4') in 0.0080503 seconds [static and dynamic dependencies]. Details - ImportResultOutputID=b3e08eb67205321aadf664baa5895920 DependenciesID=58fb4350254369e9f5f96365d27b4a30 StaticDependenciesID=00e16f30cd713f4d612fafdccd97eb69 
Number of updated asset objects reloaded before import = 0Number of asset objects unloaded after import = 1

========================================================================
Received Import Request.
  Time since last request: 0.000035 seconds.
  path: Assets/Textures/Sand_2/Sand_2_AlbedoSmoothness.png
  importAddress: Guid(7a4ca84bc2dea6e47a90282403c64db7) Importer(2089858483,b0f066a214c2f5e87bad3c948f4d605d)
Start importing Assets/Textures/Sand_2/Sand_2_AlbedoSmoothness.png using Guid(7a4ca84bc2dea6e47a90282403c64db7) Importer(2089858483,b0f066a214c2f5e87bad3c948f4d605d) (ScriptedImporter) -> (Import Result ID: 'f2917950117cd21b41586cff08f4904a') in 0.0062773 seconds [static and dynamic dependencies]. Details - ImportResultOutputID=f6ca64d10e798e2db8784a08735f79e1 DependenciesID=0e27ae2f4d5bf8672aec93dd9ccec26e StaticDependenciesID=261b142dfe8b60d4d77608d8c88b6e59 
Number of updated asset objects reloaded before import = 0Number of asset objects unloaded after import = 1

========================================================================
Received Import Request.
  Time since last request: 0.000031 seconds.
  path: Assets/HIVEMIND/CaveOfHiddenTomb/HDRP (Default)/Art/Prefabs/SM_Stone_D.prefab
  importAddress: Guid(abc00000000002929157907611730369) Importer(2089858483,e11c23a36db5f54750b8cd40eac0985b)
Start importing Assets/HIVEMIND/CaveOfHiddenTomb/HDRP (Default)/Art/Prefabs/SM_Stone_D.prefab using Guid(abc00000000002929157907611730369) Importer(2089858483,e11c23a36db5f54750b8cd40eac0985b) (ScriptedImporter) -> (Import Result ID: 'ceb3794669d4ed24faf71260e0a84324') in 0.0188195 seconds [static and dynamic dependencies]. Details - ImportResultOutputID=046384dab5673f2febf5409a285527ce DependenciesID=c8366f5fabaf8dca6fa54b5d8ed507a5 StaticDependenciesID=7bfba8f0f916b2ada3591ffdb979c878 
Number of updated asset objects reloaded before import = 0Number of asset objects unloaded after import = 33

========================================================================
Received Import Request.
  Time since last request: 0.000019 seconds.
  path: Assets/HIVEMIND/CaveOfHiddenTomb/HDRP (Default)/Art/Prefabs/SM_StonePlate_A.prefab
  importAddress: Guid(abc00000000002407263336612789528) Importer(2089858483,e11c23a36db5f54750b8cd40eac0985b)
Start importing Assets/HIVEMIND/CaveOfHiddenTomb/HDRP (Default)/Art/Prefabs/SM_StonePlate_A.prefab using Guid(abc00000000002407263336612789528) Importer(2089858483,e11c23a36db5f54750b8cd40eac0985b) (ScriptedImporter) -> (Import Result ID: '95f0dd77ca85f8c9fbcff612324130a9') in 0.0179716 seconds [static and dynamic dependencies]. Details - ImportResultOutputID=cc882906341672ae4a7752627adcc5ce DependenciesID=415e3ca34659ca7b8bfaabbcc765fdd1 StaticDependenciesID=d92db8edcc1b0f41d05b09ea261ad0e7 
Number of updated asset objects reloaded before import = 0Number of asset objects unloaded after import = 35

========================================================================
Received Import Request.
  Time since last request: 0.000020 seconds.
  path: Assets/HIVEMIND/CaveOfHiddenTomb/HDRP (Default)/Art/Prefabs/SM_Vine_Arch_Mid.prefab
  importAddress: Guid(abc00000000012190848210136667651) Importer(2089858483,e11c23a36db5f54750b8cd40eac0985b)
Start importing Assets/HIVEMIND/CaveOfHiddenTomb/HDRP (Default)/Art/Prefabs/SM_Vine_Arch_Mid.prefab using Guid(abc00000000012190848210136667651) Importer(2089858483,e11c23a36db5f54750b8cd40eac0985b) (ScriptedImporter) -> (Import Result ID: '56aed050eb6dbe921a3bb4f9e9168349') in 0.0201394 seconds [static and dynamic dependencies]. Details - ImportResultOutputID=10923a68330795b27f52c46cac1b80b4 DependenciesID=6f5b27c8850aa61e95c49ffbc47fd312 StaticDependenciesID=767a1eb25734adcfba6b1c174779c1bc 
Number of updated asset objects reloaded before import = 0Number of asset objects unloaded after import = 34

========================================================================
Received Import Request.
  Time since last request: 0.000026 seconds.
  path: Assets/HIVEMIND/CaveOfHiddenTomb/HDRP (Default)/Art/Prefabs/SM_StonePattern_B.prefab
  importAddress: Guid(abc00000000013019883010527384509) Importer(2089858483,e11c23a36db5f54750b8cd40eac0985b)
Start importing Assets/HIVEMIND/CaveOfHiddenTomb/HDRP (Default)/Art/Prefabs/SM_StonePattern_B.prefab using Guid(abc00000000013019883010527384509) Importer(2089858483,e11c23a36db5f54750b8cd40eac0985b) (ScriptedImporter) -> (Import Result ID: '77be8764c8bed856acb55a3c70320647') in 0.0186215 seconds [static and dynamic dependencies]. Details - ImportResultOutputID=f74f3d37885f7b737a3167dbd5368972 DependenciesID=4929f075b69f8e2d119072f397712c7a StaticDependenciesID=285596a6e8c741968a6f3be774bb40df 
Number of updated asset objects reloaded before import = 0Number of asset objects unloaded after import = 33

========================================================================
Received Import Request.
  Time since last request: 0.000032 seconds.
  path: Assets/HIVEMIND/CaveOfHiddenTomb/HDRP (Default)/Art/Prefabs/SM_Rock_C.prefab
  importAddress: Guid(abc00000000010047204483267387140) Importer(2089858483,e11c23a36db5f54750b8cd40eac0985b)
Start importing Assets/HIVEMIND/CaveOfHiddenTomb/HDRP (Default)/Art/Prefabs/SM_Rock_C.prefab using Guid(abc00000000010047204483267387140) Importer(2089858483,e11c23a36db5f54750b8cd40eac0985b) (ScriptedImporter) -> (Import Result ID: '6b01e20ae25da97f91dc884b5ac45c6a') in 0.0194014 seconds [static and dynamic dependencies]. Details - ImportResultOutputID=7d9502d9e3dbc4c9a9b33d657d58aaad DependenciesID=96e930684de43ae405a54dd7f47b94d0 StaticDependenciesID=11eac477b7af820dfd697bb095c818b1 
Number of updated asset objects reloaded before import = 0Number of asset objects unloaded after import = 33

========================================================================
Received Import Request.
  Time since last request: 0.000022 seconds.
  path: Assets/HIVEMIND/CaveOfHiddenTomb/HDRP (Default)/Art/Prefabs/SM_StonePlate_B.prefab
  importAddress: Guid(abc00000000014941573544909454371) Importer(2089858483,e11c23a36db5f54750b8cd40eac0985b)
Start importing Assets/HIVEMIND/CaveOfHiddenTomb/HDRP (Default)/Art/Prefabs/SM_StonePlate_B.prefab using Guid(abc00000000014941573544909454371) Importer(2089858483,e11c23a36db5f54750b8cd40eac0985b) (ScriptedImporter) -> (Import Result ID: '7bf969eceea2a1110f3f9fc84d5f06e9') in 0.0168404 seconds [static and dynamic dependencies]. Details - ImportResultOutputID=27c8d30fffa2668757e588d77d0bf852 DependenciesID=7ed8e4b75e619739808b2dfc1e7e7598 StaticDependenciesID=538d1b147eb58dc2559a5b58a5c65c7e 
Number of updated asset objects reloaded before import = 0Number of asset objects unloaded after import = 35

========================================================================
Received Import Request.
  Time since last request: 0.000021 seconds.
  path: Assets/HIVEMIND/CaveOfHiddenTomb/HDRP (Default)/Art/Prefabs/SM_Stalacite_A.prefab
  importAddress: Guid(abc00000000004374687155857891501) Importer(2089858483,e11c23a36db5f54750b8cd40eac0985b)
Start importing Assets/HIVEMIND/CaveOfHiddenTomb/HDRP (Default)/Art/Prefabs/SM_Stalacite_A.prefab using Guid(abc00000000004374687155857891501) Importer(2089858483,e11c23a36db5f54750b8cd40eac0985b) (ScriptedImporter) -> (Import Result ID: 'efef57069d7904eeebc32cb7c64b0dd4') in 0.0205203 seconds [static and dynamic dependencies]. Details - ImportResultOutputID=aa70c37fe88415a59ac51875accc6325 DependenciesID=ec8b0b34c9d7d0f33382496de4ef1bc5 StaticDependenciesID=0f451172a3231def0afa561c416e290d 
Number of updated asset objects reloaded before import = 0Number of asset objects unloaded after import = 34

========================================================================
Received Import Request.
  Time since last request: 0.000024 seconds.
  path: Assets/HIVEMIND/CaveOfHiddenTomb/HDRP (Default)/Art/Prefabs/SM_StonePlate_C.prefab
  importAddress: Guid(abc00000000018350954911063316442) Importer(2089858483,e11c23a36db5f54750b8cd40eac0985b)
Start importing Assets/HIVEMIND/CaveOfHiddenTomb/HDRP (Default)/Art/Prefabs/SM_StonePlate_C.prefab using Guid(abc00000000018350954911063316442) Importer(2089858483,e11c23a36db5f54750b8cd40eac0985b) (ScriptedImporter) -> (Import Result ID: 'e09f822e23dc2c0f5f81a61aaa1e5ec6') in 0.0177013 seconds [static and dynamic dependencies]. Details - ImportResultOutputID=717708b3a3f3807a1ccd6da41673f788 DependenciesID=f92e5ce94bfa1c9113bab8bd073bab73 StaticDependenciesID=a715b2f5f710859f32128ce48a0b49eb 
Number of updated asset objects reloaded before import = 0Number of asset objects unloaded after import = 35

========================================================================
Received Import Request.
  Time since last request: 0.000020 seconds.
  path: Assets/HIVEMIND/CaveOfHiddenTomb/HDRP (Default)/Art/Prefabs/SM_Stalacite_B.prefab
  importAddress: Guid(abc00000000015822126086731711302) Importer(2089858483,e11c23a36db5f54750b8cd40eac0985b)
Start importing Assets/HIVEMIND/CaveOfHiddenTomb/HDRP (Default)/Art/Prefabs/SM_Stalacite_B.prefab using Guid(abc00000000015822126086731711302) Importer(2089858483,e11c23a36db5f54750b8cd40eac0985b) (ScriptedImporter) -> (Import Result ID: 'b20412df07d936b420d07cc872e43ca9') in 0.0181124 seconds [static and dynamic dependencies]. Details - ImportResultOutputID=9c830ae6bbb4c537b9d64dafccae5051 DependenciesID=5fdad7a552cdfa08bb775ee92e52645b StaticDependenciesID=263643a17a762234b35fd5fa29e33f72 
Number of updated asset objects reloaded before import = 0Number of asset objects unloaded after import = 34

========================================================================
Received Import Request.
  Time since last request: 0.000034 seconds.
  path: Assets/HIVEMIND/CaveOfHiddenTomb/HDRP (Default)/Art/ShaderGraphs/S_DepthFade.shadersubgraph
  importAddress: Guid(dddf72fe66d7e224bb1d78bedc843a0b) Importer(2089858483,b0f066a214c2f5e87bad3c948f4d605d)
Start importing Assets/HIVEMIND/CaveOfHiddenTomb/HDRP (Default)/Art/ShaderGraphs/S_DepthFade.shadersubgraph using Guid(dddf72fe66d7e224bb1d78bedc843a0b) Importer(2089858483,b0f066a214c2f5e87bad3c948f4d605d) (ScriptedImporter) -> (Import Result ID: '897c5a55f6ebde3d04922fa6ea91c348') in 0.0081598 seconds [static and dynamic dependencies]. Details - ImportResultOutputID=95e62e9edf610f86ed35299b6ffe8576 DependenciesID=66ca89870dda97751e91e7a944bf86a4 StaticDependenciesID=6c262bbb2d768fafcec4a88814a6414f 
Number of updated asset objects reloaded before import = 0Number of asset objects unloaded after import = 1

========================================================================
Received Import Request.
  Time since last request: 0.000022 seconds.
  path: Assets/Samples/XR Interaction Toolkit/3.2.1/Starter Assets/AffordanceThemes/PokeSphereColor.asset
  importAddress: Guid(fc690d1505c48cb4696838b71abd2ca0) Importer(2089858483,b0f066a214c2f5e87bad3c948f4d605d)
Start importing Assets/Samples/XR Interaction Toolkit/3.2.1/Starter Assets/AffordanceThemes/PokeSphereColor.asset using Guid(fc690d1505c48cb4696838b71abd2ca0) Importer(2089858483,b0f066a214c2f5e87bad3c948f4d605d) (ScriptedImporter) -> (Import Result ID: 'f9134d47610d3e61f8c4d45a15f9856e') in 0.007289 seconds [static and dynamic dependencies]. Details - ImportResultOutputID=ab647db2aa30d77785ca844a4d74631f DependenciesID=041eac13021ad5cecfe49a83879ec434 StaticDependenciesID=114a02f7be547ef5786f2ffbf14295b0 
Number of updated asset objects reloaded before import = 0Number of asset objects unloaded after import = 1

========================================================================
Received Import Request.
  Time since last request: 0.000020 seconds.
  path: Assets/materials/TextureHaven/wood_4k/wood_4k_textures/plywood/plywood_ao_4k.png
  importAddress: Guid(94b4bab11fac6ce4c94a04f73f131041) Importer(2089858483,b0f066a214c2f5e87bad3c948f4d605d)
Start importing Assets/materials/TextureHaven/wood_4k/wood_4k_textures/plywood/plywood_ao_4k.png using Guid(94b4bab11fac6ce4c94a04f73f131041) Importer(2089858483,b0f066a214c2f5e87bad3c948f4d605d) (ScriptedImporter) -> (Import Result ID: 'c9fd97e45f4248685d2e12ed7b67073f') in 0.0097219 seconds [static and dynamic dependencies]. Details - ImportResultOutputID=9a736449321893729383ac87854fb000 DependenciesID=cc19e704450ff4ef536465e7305cbaf2 StaticDependenciesID=d52f87242e7324758f7bf3a51720544e 
Number of updated asset objects reloaded before import = 0Number of asset objects unloaded after import = 1

========================================================================
Received Import Request.
  Time since last request: 0.000018 seconds.
  path: Assets/Samples/XR Interaction Toolkit/3.2.1/Starter Assets/AffordanceThemes/PokeSphereInteraction.asset
  importAddress: Guid(c2712227db89c5142adad58b143bf039) Importer(2089858483,b0f066a214c2f5e87bad3c948f4d605d)
Start importing Assets/Samples/XR Interaction Toolkit/3.2.1/Starter Assets/AffordanceThemes/PokeSphereInteraction.asset using Guid(c2712227db89c5142adad58b143bf039) Importer(2089858483,b0f066a214c2f5e87bad3c948f4d605d) (ScriptedImporter) -> (Import Result ID: 'bf578b90f409f309b752f8ca5eb626c5') in 0.0061053 seconds [static and dynamic dependencies]. Details - ImportResultOutputID=54604ba9fef6c50aa0ca97a9c216d571 DependenciesID=92185484bb9d5229ca8490e897c85b27 StaticDependenciesID=13ad221bf3a8411a325a569995e3ac62 
Number of updated asset objects reloaded before import = 0Number of asset objects unloaded after import = 1

========================================================================
Received Import Request.
  Time since last request: 0.000019 seconds.
  path: Assets/HIVEMIND/CaveOfHiddenTomb/HDRP (Default)/Art/Prefabs/SM_Water_01.prefab
  importAddress: Guid(abc00000000006219677561374395088) Importer(2089858483,e11c23a36db5f54750b8cd40eac0985b)
Start importing Assets/HIVEMIND/CaveOfHiddenTomb/HDRP (Default)/Art/Prefabs/SM_Water_01.prefab using Guid(abc00000000006219677561374395088) Importer(2089858483,e11c23a36db5f54750b8cd40eac0985b) (ScriptedImporter) -> (Import Result ID: 'b567c54aa6788314c1113902fcad0b0a') in 0.0088315 seconds [static and dynamic dependencies]. Details - ImportResultOutputID=18edfafc5bfaa4a3d81067020fc489e4 DependenciesID=3cb4a3bb592e7b17279528f50d8efa6e StaticDependenciesID=cf430c272b835a71bc478d4bb8553905 
Number of updated asset objects reloaded before import = 0Number of asset objects unloaded after import = 12

========================================================================
Received Import Request.
  Time since last request: 0.000022 seconds.
  path: Assets/HIVEMIND/CaveOfHiddenTomb/HDRP (Default)/Scenes/LV_CaveofHiddenTomb/LightingData.asset
  importAddress: Guid(be63e1b0a91b5254886e33b39981def1) Importer(2089858483,b0f066a214c2f5e87bad3c948f4d605d)
Start importing Assets/HIVEMIND/CaveOfHiddenTomb/HDRP (Default)/Scenes/LV_CaveofHiddenTomb/LightingData.asset using Guid(be63e1b0a91b5254886e33b39981def1) Importer(2089858483,b0f066a214c2f5e87bad3c948f4d605d) (ScriptedImporter)Lighting data asset ‘LightingData’ is incompatible with the current Unity version because the scene it was baked for was not serialized. Please use Generate Lighting to rebuild the lighting data, or assign the target scene to the Lighting Data Asset in the inspector.
UnityEngine.Debug:ExtractStackTraceNoAlloc (byte*,int,string)
UnityEngine.StackTraceUtility:ExtractStackTrace ()
UnityEditor.AssetDatabase:LoadMainAssetAtPath (string)
UnityEditor.Search.AssetIndexer:IndexProperties (int&,string&,bool&)
UnityEditor.Search.AssetIndexer:IndexDocument (string,bool)
UnityEditor.Search.SearchIndexArtifactImporter:OnImportAsset (UnityEditor.AssetImporters.AssetImportContext)
UnityEditor.AssetImporters.ScriptedImporter:GenerateAssetData (UnityEditor.AssetImporters.AssetImportContext)

[C:\build\output\unity\unity\Editor\Src\GI\Enlighten\LightingDataAsset.cpp line 479]

 -> (Import Result ID: 'a8434a574066b68d7c39b96f71b47faf') in 0.0088648 seconds [static and dynamic dependencies]. Details - ImportResultOutputID=9cc04055751d511342b96f1d25792d8a DependenciesID=709aeefa03032c496b4f22e70e738af0 StaticDependenciesID=e32ee6129aa75b480d1d7c187a5dc502 
Number of updated asset objects reloaded before import = 0Number of asset objects unloaded after import = 1

========================================================================
Received Import Request.
  Time since last request: 0.000045 seconds.
  path: Assets/Samples/XR Interaction Toolkit/3.2.1/Starter Assets/AffordanceThemes/HighlightStrengthInteraction.asset
  importAddress: Guid(795305341a8dbbd46ae54e9a01d6ea95) Importer(2089858483,b0f066a214c2f5e87bad3c948f4d605d)
Start importing Assets/Samples/XR Interaction Toolkit/3.2.1/Starter Assets/AffordanceThemes/HighlightStrengthInteraction.asset using Guid(795305341a8dbbd46ae54e9a01d6ea95) Importer(2089858483,b0f066a214c2f5e87bad3c948f4d605d) (ScriptedImporter) -> (Import Result ID: 'cacbd067d5c2ef9b66ea1e386fe97fe3') in 0.0042649 seconds [static and dynamic dependencies]. Details - ImportResultOutputID=cb807e89d6425878f14738800e9d8c8c DependenciesID=b786de4410892a98b4fd9c1aa2e51d01 StaticDependenciesID=f6ecb758552b988b6f56fe68bf16db0c 
Number of updated asset objects reloaded before import = 0Number of asset objects unloaded after import = 1

========================================================================
Received Import Request.
  Time since last request: 0.000019 seconds.
  path: Assets/HIVEMIND/CaveOfHiddenTomb/HDRP (Default)/Art/Prefabs/SM_Wall_Aztec_E.prefab
  importAddress: Guid(abc00000000002420830747643712679) Importer(2089858483,e11c23a36db5f54750b8cd40eac0985b)
Start importing Assets/HIVEMIND/CaveOfHiddenTomb/HDRP (Default)/Art/Prefabs/SM_Wall_Aztec_E.prefab using Guid(abc00000000002420830747643712679) Importer(2089858483,e11c23a36db5f54750b8cd40eac0985b) (ScriptedImporter) -> (Import Result ID: '07a749dd8b0c6e7efce1c349ae795696') in 0.0184945 seconds [static and dynamic dependencies]. Details - ImportResultOutputID=2f6d72cf44e2cee52f1439ddfc8fb854 DependenciesID=cae3766ab2b0390f7e56b184b3b87710 StaticDependenciesID=2256a44561986a9e7b234fd02636b92f 
Number of updated asset objects reloaded before import = 0Number of asset objects unloaded after import = 35

========================================================================
Received Import Request.
  Time since last request: 0.000017 seconds.
  path: Assets/HIVEMIND/CaveOfHiddenTomb/HDRP (Default)/Art/ShaderGraphs/S_BasicTextured.shadergraph
  importAddress: Guid(7c9848fc5d451a348a3fd69faf13c16c) Importer(2089858483,b0f066a214c2f5e87bad3c948f4d605d)
Start importing Assets/HIVEMIND/CaveOfHiddenTomb/HDRP (Default)/Art/ShaderGraphs/S_BasicTextured.shadergraph using Guid(7c9848fc5d451a348a3fd69faf13c16c) Importer(2089858483,b0f066a214c2f5e87bad3c948f4d605d) (ScriptedImporter) -> (Import Result ID: 'f72f7063a3f27d63106d1537f73c075c') in 0.013713 seconds [static and dynamic dependencies]. Details - ImportResultOutputID=f561ce02b4015ce2c44872f21100f833 DependenciesID=1cff9c99ecb05ae8bcfef7c56d143a90 StaticDependenciesID=18aced4231084a83b6de2c152e49ccbb 
Number of updated asset objects reloaded before import = 0Number of asset objects unloaded after import = 10

========================================================================
Received Import Request.
  Time since last request: 0.000023 seconds.
  path: Assets/HIVEMIND/CaveOfHiddenTomb/HDRP (Default)/Art/ShaderGraphs/S_VineLeaves.shadergraph
  importAddress: Guid(30a1e48452013a74583475556e612833) Importer(2089858483,b0f066a214c2f5e87bad3c948f4d605d)
Start importing Assets/HIVEMIND/CaveOfHiddenTomb/HDRP (Default)/Art/ShaderGraphs/S_VineLeaves.shadergraph using Guid(30a1e48452013a74583475556e612833) Importer(2089858483,b0f066a214c2f5e87bad3c948f4d605d) (ScriptedImporter) -> (Import Result ID: '2b88ebd8329e13527b5daeb15bfb1701') in 0.0108951 seconds [static and dynamic dependencies]. Details - ImportResultOutputID=725065a1cc631bedfdcaef2ea23583c6 DependenciesID=4ea6c6ca605b01a5abe55efcb5ff4639 StaticDependenciesID=276049a6a8af3187dd5edfe5cc3683c3 
Number of updated asset objects reloaded before import = 0Number of asset objects unloaded after import = 8

========================================================================
Received Import Request.
  Time since last request: 0.000022 seconds.
  path: Assets/Samples/XR Interaction Toolkit/3.2.1/Starter Assets/Scripts/DynamicMoveProvider.cs
  importAddress: Guid(9b1e8c997df241c1a67045eeac79b41b) Importer(2089858483,b0f066a214c2f5e87bad3c948f4d605d)
Start importing Assets/Samples/XR Interaction Toolkit/3.2.1/Starter Assets/Scripts/DynamicMoveProvider.cs using Guid(9b1e8c997df241c1a67045eeac79b41b) Importer(2089858483,b0f066a214c2f5e87bad3c948f4d605d) (ScriptedImporter) -> (Import Result ID: '1f0d49aab74a31953258c71ded356cc2') in 0.0040194 seconds [static and dynamic dependencies]. Details - ImportResultOutputID=fb516ba6a38c8e037001bb543286522c DependenciesID=262870418c8582be8e9e897522bc5eb4 StaticDependenciesID=b134a1dfd491b7d88b6b56fe01a1fa91 
Number of updated asset objects reloaded before import = 0Number of asset objects unloaded after import = 0

========================================================================
Received Import Request.
  Time since last request: 0.000022 seconds.
  path: Assets/Samples/XR Interaction Toolkit/3.2.1/Starter Assets/Scripts/RotationAxisLockGrabTransformer.cs
  importAddress: Guid(4dd2e41114c62b44fbd334ca5b314352) Importer(2089858483,b0f066a214c2f5e87bad3c948f4d605d)
Start importing Assets/Samples/XR Interaction Toolkit/3.2.1/Starter Assets/Scripts/RotationAxisLockGrabTransformer.cs using Guid(4dd2e41114c62b44fbd334ca5b314352) Importer(2089858483,b0f066a214c2f5e87bad3c948f4d605d) (ScriptedImporter) -> (Import Result ID: '250d710a006228ca0c5e04eca76d716e') in 0.0037242 seconds [static and dynamic dependencies]. Details - ImportResultOutputID=ade28c630c875d6b46148187574f6ad9 DependenciesID=795afa32dece62450720a0bec4ffbae9 StaticDependenciesID=d4d5a0229dfeab00eecb0214b201f2ec 
Number of updated asset objects reloaded before import = 0Number of asset objects unloaded after import = 0

========================================================================
Received Import Request.
  Time since last request: 0.000029 seconds.
  path: Assets/Samples/XR Interaction Toolkit/3.2.1/Starter Assets/Presets/XRI Default Left Grab Move.preset
  importAddress: Guid(e2e08fffc3edfbb47a429bae0c5a6343) Importer(2089858483,b0f066a214c2f5e87bad3c948f4d605d)
Start importing Assets/Samples/XR Interaction Toolkit/3.2.1/Starter Assets/Presets/XRI Default Left Grab Move.preset using Guid(e2e08fffc3edfbb47a429bae0c5a6343) Importer(2089858483,b0f066a214c2f5e87bad3c948f4d605d) (ScriptedImporter) -> (Import Result ID: '6349acdd97771fa0664530d7c12a47de') in 0.0090642 seconds [static and dynamic dependencies]. Details - ImportResultOutputID=5ccd32b4571301d95203ec3a0fe3deb8 DependenciesID=2bc667949128400ad072f54997033e9a StaticDependenciesID=b5d6568415121e907f4f6c7b52144538 
Number of updated asset objects reloaded before import = 0Number of asset objects unloaded after import = 3

========================================================================
Received Import Request.
  Time since last request: 0.000018 seconds.
  path: Assets/Samples/XR Interaction Toolkit/3.2.1/Starter Assets/Prefabs/XR Origin (XR Rig).prefab
  importAddress: Guid(f6336ac4ac8b4d34bc5072418cdc62a0) Importer(2089858483,e11c23a36db5f54750b8cd40eac0985b)
Start importing Assets/Samples/XR Interaction Toolkit/3.2.1/Starter Assets/Prefabs/XR Origin (XR Rig).prefab using Guid(f6336ac4ac8b4d34bc5072418cdc62a0) Importer(2089858483,e11c23a36db5f54750b8cd40eac0985b) (ScriptedImporter) -> (Import Result ID: '5ac4e85a579c43caf997de43043e2d8a') in 0.3239713 seconds [static and dynamic dependencies]. Details - ImportResultOutputID=0c186e7f4b3185bab5ffd871ff5e33f2 DependenciesID=8ad83a75302db22bace604fe2c3b73bc StaticDependenciesID=2601d3713e2f20d9f7c145d9eca2f158 
Number of updated asset objects reloaded before import = 0Number of asset objects unloaded after import = 525

========================================================================
Received Import Request.
  Time since last request: 0.000030 seconds.
  path: Assets/Samples/XR Interaction Toolkit/3.2.1/Starter Assets/Animations/ArrowBounce.anim
  importAddress: Guid(ebfa13455423c254e943b87bf6e1f310) Importer(2089858483,b0f066a214c2f5e87bad3c948f4d605d)
Start importing Assets/Samples/XR Interaction Toolkit/3.2.1/Starter Assets/Animations/ArrowBounce.anim using Guid(ebfa13455423c254e943b87bf6e1f310) Importer(2089858483,b0f066a214c2f5e87bad3c948f4d605d) (ScriptedImporter) -> (Import Result ID: '201259316a8336dbc73d5fe35c8796cb') in 0.0046144 seconds [static and dynamic dependencies]. Details - ImportResultOutputID=413cce5ca1256fc9b659f9cdc5731d66 DependenciesID=2089d2bd9e11c8adde46c2cf541a8d04 StaticDependenciesID=047b6fe15e1390728884c8d4f9e0a6d1 
Number of updated asset objects reloaded before import = 0Number of asset objects unloaded after import = 1

========================================================================
Received Import Request.
  Time since last request: 0.000033 seconds.
  path: Assets/Samples/XR Interaction Toolkit/3.2.1/Starter Assets/Shaders/Unlit_Fresnel.shadergraph
  importAddress: Guid(e19b5bb6cb8e91e43b1b5d81a069296f) Importer(2089858483,b0f066a214c2f5e87bad3c948f4d605d)
Start importing Assets/Samples/XR Interaction Toolkit/3.2.1/Starter Assets/Shaders/Unlit_Fresnel.shadergraph using Guid(e19b5bb6cb8e91e43b1b5d81a069296f) Importer(2089858483,b0f066a214c2f5e87bad3c948f4d605d) (ScriptedImporter) -> (Import Result ID: 'c0b9b9f59074a63a7d3819df762ed546') in 0.1571812 seconds [static and dynamic dependencies]. Details - ImportResultOutputID=4e78b6dea0f95bf9193fac166e58f280 DependenciesID=27e135581f92d93d9d598096fae22322 StaticDependenciesID=b4307c8dcca4f289f839a55bb90e655d 
Number of updated asset objects reloaded before import = 0Number of asset objects unloaded after import = 6

========================================================================
Received Import Request.
  Time since last request: 0.000016 seconds.
  path: Assets/HIVEMIND/CaveOfHiddenTomb/HDRP (Default)/Art/Assets/Vines/SM_Vine_Arch_Mid.fbx
  importAddress: Guid(abc00000000015074440248155129990) Importer(2089858483,b0f066a214c2f5e87bad3c948f4d605d)
Start importing Assets/HIVEMIND/CaveOfHiddenTomb/HDRP (Default)/Art/Assets/Vines/SM_Vine_Arch_Mid.fbx using Guid(abc00000000015074440248155129990) Importer(2089858483,b0f066a214c2f5e87bad3c948f4d605d) (ScriptedImporter)MaterialLocation.External is obsolete. External Material Location is no longer supported. (Assets/HIVEMIND/CaveOfHiddenTomb/HDRP (Default)/Art/Assets/Vines/SM_Vine_Arch_Mid.fbx)
 -> (Import Result ID: '53cd45caaf647dc08cb0c0a666a6f2fd') in 0.0133284 seconds [static and dynamic dependencies]. Details - ImportResultOutputID=74250dd48c44ab178e52a5c2dfb3c7b1 DependenciesID=f0f92533a1777189a18183e62a5209a9 StaticDependenciesID=69f0f29b2c138f7f95c73752db1245a0 
Number of updated asset objects reloaded before import = 0Number of asset objects unloaded after import = 37

========================================================================
Received Import Request.
  Time since last request: 0.000020 seconds.
  path: Assets/Samples/XR Interaction Toolkit/3.2.1/Starter Assets/Shaders/Interactable.shadergraph
  importAddress: Guid(0927d29e476ce5843b1f7d2a96943c51) Importer(2089858483,b0f066a214c2f5e87bad3c948f4d605d)
Start importing Assets/Samples/XR Interaction Toolkit/3.2.1/Starter Assets/Shaders/Interactable.shadergraph using Guid(0927d29e476ce5843b1f7d2a96943c51) Importer(2089858483,b0f066a214c2f5e87bad3c948f4d605d) (ScriptedImporter) -> (Import Result ID: '8721c8c8978215e1048582394287e153') in 0.1338437 seconds [static and dynamic dependencies]. Details - ImportResultOutputID=891e46178fc46798c791b2b3d1ff95e8 DependenciesID=5ac15b97e7efc6181bbbcec17ec9160c StaticDependenciesID=3aa8dd63c281aed174bbdd8ff890d78e 
Number of updated asset objects reloaded before import = 0Number of asset objects unloaded after import = 6

========================================================================
Received Import Request.
  Time since last request: 0.000029 seconds.
  path: Assets/SunboxGames/ModularDungeonCaves/Textures/DungeonProps04/GlassMetal/DungeonProps04_Glass_AlbedoTransparency.png
  importAddress: Guid(1eaa39f311f218d439999ec75ad657b0) Importer(2089858483,b0f066a214c2f5e87bad3c948f4d605d)
Start importing Assets/SunboxGames/ModularDungeonCaves/Textures/DungeonProps04/GlassMetal/DungeonProps04_Glass_AlbedoTransparency.png using Guid(1eaa39f311f218d439999ec75ad657b0) Importer(2089858483,b0f066a214c2f5e87bad3c948f4d605d) (ScriptedImporter) -> (Import Result ID: '2bc4083122945f81195f0f5b08978774') in 0.0231357 seconds [static and dynamic dependencies]. Details - ImportResultOutputID=3b6cf5757cceca87a2cefd6c8310ea1e DependenciesID=2923abe061564080c813e81947e145e4 StaticDependenciesID=1ba5fb55c895c3d98c8c0b673c14fe4b 
Number of updated asset objects reloaded before import = 0Number of asset objects unloaded after import = 1

========================================================================
Received Import Request.
  Time since last request: 0.000017 seconds.
  path: Assets/SunboxGames/ModularDungeonCaves/Textures/DungeonProps04/GlassMetal/DungeonProps04_Glass_MetallicSmoothness.png
  importAddress: Guid(45a1741b92a9c3b4693b57ee581778f1) Importer(2089858483,b0f066a214c2f5e87bad3c948f4d605d)
Start importing Assets/SunboxGames/ModularDungeonCaves/Textures/DungeonProps04/GlassMetal/DungeonProps04_Glass_MetallicSmoothness.png using Guid(45a1741b92a9c3b4693b57ee581778f1) Importer(2089858483,b0f066a214c2f5e87bad3c948f4d605d) (ScriptedImporter) -> (Import Result ID: '39ade6ad0b15fa0de5315346683846f6') in 0.0235655 seconds [static and dynamic dependencies]. Details - ImportResultOutputID=badb9511297c4d6ba6bf09591e77b60e DependenciesID=4b0adf0502a9e03cdca65dbc530094b7 StaticDependenciesID=5945418b804ae893c5da6040eec517b9 
Number of updated asset objects reloaded before import = 0Number of asset objects unloaded after import = 1

========================================================================
Received Import Request.
  Time since last request: 0.000025 seconds.
  path: Assets/HIVEMIND/CaveOfHiddenTomb/HDRP (Default)/Art/VFX/Prefabs/PS_FireParticle.prefab
  importAddress: Guid(b06bcf97bece9c64fa9cf91dfac6e1f4) Importer(2089858483,e11c23a36db5f54750b8cd40eac0985b)
Start importing Assets/HIVEMIND/CaveOfHiddenTomb/HDRP (Default)/Art/VFX/Prefabs/PS_FireParticle.prefab using Guid(b06bcf97bece9c64fa9cf91dfac6e1f4) Importer(2089858483,e11c23a36db5f54750b8cd40eac0985b) (ScriptedImporter) -> (Import Result ID: 'a81d6532d7b356fb1ed3e2e268bc792a') in 0.018721 seconds [static and dynamic dependencies]. Details - ImportResultOutputID=667f2d377b69bed9b4a94e7f2f81a905 DependenciesID=6da0f21f4a97a38a29191558bf220814 StaticDependenciesID=db6eadbcc3268e75f3c71040533510e2 
Number of updated asset objects reloaded before import = 0Number of asset objects unloaded after import = 6

========================================================================
Received Import Request.
  Time since last request: 0.000018 seconds.
  path: Assets/Samples/XR Interaction Toolkit/3.2.1/Starter Assets/DemoSceneAssets/Materials/Concrete Grey.mat
  importAddress: Guid(842f1b88643f1bb458ba6243088e344e) Importer(2089858483,b0f066a214c2f5e87bad3c948f4d605d)
Start importing Assets/Samples/XR Interaction Toolkit/3.2.1/Starter Assets/DemoSceneAssets/Materials/Concrete Grey.mat using Guid(842f1b88643f1bb458ba6243088e344e) Importer(2089858483,b0f066a214c2f5e87bad3c948f4d605d) (ScriptedImporter) -> (Import Result ID: 'e74bb8ee5e3e5d8994b42f2e2b7f511a') in 0.0063727 seconds [static and dynamic dependencies]. Details - ImportResultOutputID=a939064df3aab8a16cb442c5ba3d24fd DependenciesID=8223ed483650a25731815b8295e2bbde StaticDependenciesID=a93af3f1cb877b1d2e63e09d6853c28d 
Number of updated asset objects reloaded before import = 0Number of asset objects unloaded after import = 3

========================================================================
Received Import Request.
  Time since last request: 0.000023 seconds.
  path: Assets/Samples/XR Interaction Toolkit/3.2.1/Starter Assets/DemoSceneAssets/Models/Primitive_Blaster_Long.fbx
  importAddress: Guid(e51d3dbfe79e4c646bb30424a11f23a0) Importer(2089858483,b0f066a214c2f5e87bad3c948f4d605d)
Start importing Assets/Samples/XR Interaction Toolkit/3.2.1/Starter Assets/DemoSceneAssets/Models/Primitive_Blaster_Long.fbx using Guid(e51d3dbfe79e4c646bb30424a11f23a0) Importer(2089858483,b0f066a214c2f5e87bad3c948f4d605d) (ScriptedImporter) -> (Import Result ID: '26b7c041cbe18798dff9a3b47ed92cb7') in 0.0091226 seconds [static and dynamic dependencies]. Details - ImportResultOutputID=f3202e2edb8422dcff6979d8ddf3b531 DependenciesID=9dcb10bdf1660ea831372687555d6e67 StaticDependenciesID=4d2a2813359768fb6872bb58ee0ab03e 
Number of updated asset objects reloaded before import = 0Number of asset objects unloaded after import = 9

========================================================================
Received Import Request.
  Time since last request: 0.000027 seconds.
  path: Assets/Samples/XR Interaction Toolkit/3.2.1/Starter Assets/DemoSceneAssets/Prefabs/Gaze Interactables.prefab
  importAddress: Guid(e05cd47ab8981f64badd3bfe29af8f4e) Importer(2089858483,e11c23a36db5f54750b8cd40eac0985b)
Start importing Assets/Samples/XR Interaction Toolkit/3.2.1/Starter Assets/DemoSceneAssets/Prefabs/Gaze Interactables.prefab using Guid(e05cd47ab8981f64badd3bfe29af8f4e) Importer(2089858483,e11c23a36db5f54750b8cd40eac0985b) (ScriptedImporter) -> (Import Result ID: '78b27fff951d55c5438363de621bcb81') in 0.041691 seconds [static and dynamic dependencies]. Details - ImportResultOutputID=75cfd2930228df183a4f859e03b40b71 DependenciesID=a2e390e74a27a5bde18e38a88256ddad StaticDependenciesID=be39425be5fd0ee00f4d7985d1b37ec3 
Number of updated asset objects reloaded before import = 0Number of asset objects unloaded after import = 44

========================================================================
Received Import Request.
  Time since last request: 0.000023 seconds.
  path: Assets/Samples/XR Interaction Toolkit/3.2.1/Starter Assets/DemoSceneAssets/Models/Primitive_Tapered_Cylinder.fbx
  importAddress: Guid(e3493855a112e8248a2ea2c9828a51a1) Importer(2089858483,b0f066a214c2f5e87bad3c948f4d605d)
Start importing Assets/Samples/XR Interaction Toolkit/3.2.1/Starter Assets/DemoSceneAssets/Models/Primitive_Tapered_Cylinder.fbx using Guid(e3493855a112e8248a2ea2c9828a51a1) Importer(2089858483,b0f066a214c2f5e87bad3c948f4d605d) (ScriptedImporter) -> (Import Result ID: '7ec7ec5ef1fe85884a44b7339f8d9ed7') in 0.0093101 seconds [static and dynamic dependencies]. Details - ImportResultOutputID=c14d07de7ba3d188aa49bc6fdf6f4bdf DependenciesID=2139a23761811041301e4f795d6ced16 StaticDependenciesID=17a44d00cc9cee2f0c95cb5c1d680c7d 
Number of updated asset objects reloaded before import = 0Number of asset objects unloaded after import = 9

========================================================================
Received Import Request.
  Time since last request: 0.000018 seconds.
  path: Assets/Samples/XR Interaction Toolkit/3.2.1/Starter Assets/DemoSceneAssets/Materials/MaterialPipelineHandler.asset
  importAddress: Guid(fcbe69f7b69204d43b67d30e2487c37c) Importer(2089858483,b0f066a214c2f5e87bad3c948f4d605d)
Start importing Assets/Samples/XR Interaction Toolkit/3.2.1/Starter Assets/DemoSceneAssets/Materials/MaterialPipelineHandler.asset using Guid(fcbe69f7b69204d43b67d30e2487c37c) Importer(2089858483,b0f066a214c2f5e87bad3c948f4d605d) (ScriptedImporter) -> (Import Result ID: '32bfb87137e3e7547f6e9aa28d1da5bb') in 0.0054706 seconds [static and dynamic dependencies]. Details - ImportResultOutputID=aa2386c44b7d08c9fb585f81b9485a52 DependenciesID=b7147f7c9e4328bd74593df57eeec6a9 StaticDependenciesID=30d0c83e87ce242cbde9718bbd9c2039 
Number of updated asset objects reloaded before import = 0Number of asset objects unloaded after import = 5

========================================================================
Received Import Request.
  Time since last request: 0.000018 seconds.
  path: Assets/Samples/XR Interaction Toolkit/3.2.1/Starter Assets/DemoSceneAssets/Prefabs/InteractionAffordance.prefab
  importAddress: Guid(eb9104ef66b7305468adb3697fdeed5e) Importer(2089858483,e11c23a36db5f54750b8cd40eac0985b)
Start importing Assets/Samples/XR Interaction Toolkit/3.2.1/Starter Assets/DemoSceneAssets/Prefabs/InteractionAffordance.prefab using Guid(eb9104ef66b7305468adb3697fdeed5e) Importer(2089858483,e11c23a36db5f54750b8cd40eac0985b) (ScriptedImporter) -> (Import Result ID: '5d213ecaaa8b66b9d4073982fd7658e3') in 0.0123171 seconds [static and dynamic dependencies]. Details - ImportResultOutputID=f6bfefaaf26120092c878798b9db7c26 DependenciesID=5dc953fecbc6a48312cec22ebf6d5c8a StaticDependenciesID=cb4d6bbd7da1d9c4f34d084643f0940c 
Number of updated asset objects reloaded before import = 0Number of asset objects unloaded after import = 10

========================================================================
Received Import Request.
  Time since last request: 0.000019 seconds.
  path: Assets/Samples/XR Interaction Toolkit/3.2.1/Starter Assets/Textures/DefaultMaterial_AO.png
  importAddress: Guid(85e675893a909864d9c237e20202651b) Importer(2089858483,b0f066a214c2f5e87bad3c948f4d605d)
Start importing Assets/Samples/XR Interaction Toolkit/3.2.1/Starter Assets/Textures/DefaultMaterial_AO.png using Guid(85e675893a909864d9c237e20202651b) Importer(2089858483,b0f066a214c2f5e87bad3c948f4d605d) (ScriptedImporter) -> (Import Result ID: '7f287142def1f63c3b425456f75eb911') in 0.0084996 seconds [static and dynamic dependencies]. Details - ImportResultOutputID=e19d4d216b641a2ee3d42389e1bc3b77 DependenciesID=c5ce623f27e9490ae8dc1a5b1f2464c8 StaticDependenciesID=30f24a1b0e28c11ad190a9df5378f84d 
Number of updated asset objects reloaded before import = 0Number of asset objects unloaded after import = 1

========================================================================
Received Import Request.
  Time since last request: 0.000023 seconds.
  path: Assets/Samples/XR Interaction Toolkit/3.2.1/Starter Assets/Shaders/BiRP_Fresnel.shader
  importAddress: Guid(b24c216c4acb0094c892a61dfbbb76b4) Importer(2089858483,b0f066a214c2f5e87bad3c948f4d605d)
Start importing Assets/Samples/XR Interaction Toolkit/3.2.1/Starter Assets/Shaders/BiRP_Fresnel.shader using Guid(b24c216c4acb0094c892a61dfbbb76b4) Importer(2089858483,b0f066a214c2f5e87bad3c948f4d605d) (ScriptedImporter) -> (Import Result ID: '1e23d36a8bb4912d31be36f245bc6a1e') in 0.0085357 seconds [static and dynamic dependencies]. Details - ImportResultOutputID=8183a68393a7246507ca6f4592eaf66b DependenciesID=bc9ca9e1a7e71a1d4eaf9ec1b03f4469 StaticDependenciesID=15d8e39dab8a5b75eb0930798d097f5a 
Number of updated asset objects reloaded before import = 0Number of asset objects unloaded after import = 1

========================================================================
Received Import Request.
  Time since last request: 0.000083 seconds.
  path: Assets/Samples/XR Interaction Toolkit/3.2.1/Starter Assets/DemoSceneAssets/Prefabs/Far Grab Samples.prefab
  importAddress: Guid(f5ee409d69254d64da7a3b74d31a5a40) Importer(2089858483,e11c23a36db5f54750b8cd40eac0985b)
Start importing Assets/Samples/XR Interaction Toolkit/3.2.1/Starter Assets/DemoSceneAssets/Prefabs/Far Grab Samples.prefab using Guid(f5ee409d69254d64da7a3b74d31a5a40) Importer(2089858483,e11c23a36db5f54750b8cd40eac0985b) (ScriptedImporter) -> (Import Result ID: 'd6111f0ebe143a24f6d0d299ee67c7de') in 0.0833479 seconds [static and dynamic dependencies]. Details - ImportResultOutputID=6464af2d2a8d38d258adcbdad208e99e DependenciesID=207cffcad6c1b52cf0fb95a06b89e50b StaticDependenciesID=c98fe343e1c585458c053865c2fab909 
Number of updated asset objects reloaded before import = 0Number of asset objects unloaded after import = 181

========================================================================
Received Import Request.
  Time since last request: 0.000025 seconds.
  path: Assets/HIVEMIND/CaveOfHiddenTomb/HDRP (Default)/Art/Assets/00_MATERIAL/MI/M_Water1.mat
  importAddress: Guid(abc00000000013914379745910235226) Importer(2089858483,b0f066a214c2f5e87bad3c948f4d605d)
Start importing Assets/HIVEMIND/CaveOfHiddenTomb/HDRP (Default)/Art/Assets/00_MATERIAL/MI/M_Water1.mat using Guid(abc00000000013914379745910235226) Importer(2089858483,b0f066a214c2f5e87bad3c948f4d605d) (ScriptedImporter) -> (Import Result ID: '5704a89d63f00b31751e13b8e56ae122') in 0.0098287 seconds [static and dynamic dependencies]. Details - ImportResultOutputID=2ddd6ae4ef9fb2549fe7ae4b55fd4ec5 DependenciesID=282abd879a764d76cc1dc3fb2edec525 StaticDependenciesID=ba2ae08c86656776ef42061849b6fa9b 
Number of updated asset objects reloaded before import = 0Number of asset objects unloaded after import = 10

========================================================================
Received Import Request.
  Time since last request: 0.000024 seconds.
  path: Assets/Samples/XR Interaction Toolkit/3.2.1/Starter Assets/DemoSceneAssets/Textures/Concrete_Albedo.tif
  importAddress: Guid(5a327724a94a9674a8a93e6b4e9a6eee) Importer(2089858483,b0f066a214c2f5e87bad3c948f4d605d)
Start importing Assets/Samples/XR Interaction Toolkit/3.2.1/Starter Assets/DemoSceneAssets/Textures/Concrete_Albedo.tif using Guid(5a327724a94a9674a8a93e6b4e9a6eee) Importer(2089858483,b0f066a214c2f5e87bad3c948f4d605d) (ScriptedImporter) -> (Import Result ID: '964f98a4a2b1edbb7f797fc04bfb0ad9') in 0.0068662 seconds [static and dynamic dependencies]. Details - ImportResultOutputID=201c1d6b1b26da48afecc7f6c22774f3 DependenciesID=a97d530c0f69b82b4a068fb645882757 StaticDependenciesID=eea9a5e9efed1d13587529e1af08ad55 
Number of updated asset objects reloaded before import = 0Number of asset objects unloaded after import = 1

========================================================================
Received Import Request.
  Time since last request: 0.000019 seconds.
  path: Assets/Samples/XR Interaction Toolkit/3.2.1/Starter Assets/DemoSceneAssets/Sprites/Circle_60x60_Horizontal.png
  importAddress: Guid(e45f8f823c093d941855bb23b53b9414) Importer(2089858483,b0f066a214c2f5e87bad3c948f4d605d)
Start importing Assets/Samples/XR Interaction Toolkit/3.2.1/Starter Assets/DemoSceneAssets/Sprites/Circle_60x60_Horizontal.png using Guid(e45f8f823c093d941855bb23b53b9414) Importer(2089858483,b0f066a214c2f5e87bad3c948f4d605d) (ScriptedImporter) -> (Import Result ID: '848b79085368505ac1078f6644ec981b') in 0.011554 seconds [static and dynamic dependencies]. Details - ImportResultOutputID=4d224bcee8b9ff645c4217ba963c585b DependenciesID=8d6358901983d865d41bd70496692241 StaticDependenciesID=96e2ff7c2362e1af69d7ff982a09b21e 
Number of updated asset objects reloaded before import = 0Number of asset objects unloaded after import = 3

========================================================================
Received Import Request.
  Time since last request: 0.000024 seconds.
  path: Assets/Samples/XR Interaction Toolkit/3.2.1/Starter Assets/Prefabs/Controllers/XR Controller Right.prefab
  importAddress: Guid(9f3369e30fbd31f4bb596b1a99babe83) Importer(2089858483,e11c23a36db5f54750b8cd40eac0985b)
Start importing Assets/Samples/XR Interaction Toolkit/3.2.1/Starter Assets/Prefabs/Controllers/XR Controller Right.prefab using Guid(9f3369e30fbd31f4bb596b1a99babe83) Importer(2089858483,e11c23a36db5f54750b8cd40eac0985b) (ScriptedImporter) -> (Import Result ID: '7b9b02f8159e9d6b1e46c3168fb1405c') in 0.0279496 seconds [static and dynamic dependencies]. Details - ImportResultOutputID=3705777bdb7682c6f2c0fcf2d4124b60 DependenciesID=1226301e44e75acebd4d39c71d7b0602 StaticDependenciesID=52afda6b1d5ac809d2543d6fd0995320 
Number of updated asset objects reloaded before import = 0Number of asset objects unloaded after import = 61

========================================================================
Received Import Request.
  Time since last request: 0.000033 seconds.
  path: Assets/Samples/XR Interaction Toolkit/3.2.1/Starter Assets/Prefabs/Teleport/Blocking Teleport Reticle.prefab
  importAddress: Guid(a3fde713df4d99042a0403c4be9eea32) Importer(2089858483,e11c23a36db5f54750b8cd40eac0985b)
Start importing Assets/Samples/XR Interaction Toolkit/3.2.1/Starter Assets/Prefabs/Teleport/Blocking Teleport Reticle.prefab using Guid(a3fde713df4d99042a0403c4be9eea32) Importer(2089858483,e11c23a36db5f54750b8cd40eac0985b) (ScriptedImporter) -> (Import Result ID: 'f8c1b7bb749f96057021d68a64f7d2e7') in 0.0145955 seconds [static and dynamic dependencies]. Details - ImportResultOutputID=4eca44d31b1c1d3847cc7e74c63be320 DependenciesID=2143a3e5ff5ef7337097d13d04ddc3c5 StaticDependenciesID=946a1990ba4e6632d7834cfe3309a750 
Number of updated asset objects reloaded before import = 0Number of asset objects unloaded after import = 18

========================================================================
Received Import Request.
  Time since last request: 0.000022 seconds.
  path: Assets/HIVEMIND/CaveOfHiddenTomb/HDRP (Default)/Art/Assets/00_MATERIAL/MI/M_Water.mat
  importAddress: Guid(abc00000000002299484457868971540) Importer(2089858483,b0f066a214c2f5e87bad3c948f4d605d)
Start importing Assets/HIVEMIND/CaveOfHiddenTomb/HDRP (Default)/Art/Assets/00_MATERIAL/MI/M_Water.mat using Guid(abc00000000002299484457868971540) Importer(2089858483,b0f066a214c2f5e87bad3c948f4d605d) (ScriptedImporter) -> (Import Result ID: 'a18af62cdcaa271146433cf0c2c9d77d') in 0.0091629 seconds [static and dynamic dependencies]. Details - ImportResultOutputID=22c5f5037efe6893982a01c11c78ea41 DependenciesID=a70263cc5bd842bc5dc9a0a25bdb477c StaticDependenciesID=9bd22dd17d2ebfa47090a292c972c361 
Number of updated asset objects reloaded before import = 0Number of asset objects unloaded after import = 10

========================================================================
Received Import Request.
  Time since last request: 0.000029 seconds.
  path: Assets/Samples/XR Interaction Toolkit/3.2.1/Starter Assets/Prefabs/Interactors/Direct Interactor.prefab
  importAddress: Guid(2fd3e07afe5b461490fb8e314976b1b0) Importer(2089858483,e11c23a36db5f54750b8cd40eac0985b)
Start importing Assets/Samples/XR Interaction Toolkit/3.2.1/Starter Assets/Prefabs/Interactors/Direct Interactor.prefab using Guid(2fd3e07afe5b461490fb8e314976b1b0) Importer(2089858483,e11c23a36db5f54750b8cd40eac0985b) (ScriptedImporter) -> (Import Result ID: 'f0134cfb0c40391c9e6317a035a9af61') in 0.0136268 seconds [static and dynamic dependencies]. Details - ImportResultOutputID=c3df9c578dd08d83f94a06e72c289a73 DependenciesID=951af2cec09999f2c84ca998c9b95897 StaticDependenciesID=2f9a2d45ef5e8bea685a45a3cf9a754d 
Number of updated asset objects reloaded before import = 0Number of asset objects unloaded after import = 8

========================================================================
Received Import Request.
  Time since last request: 0.000019 seconds.
  path: Assets/Samples/XR Interaction Toolkit/3.2.1/Starter Assets/Prefabs/Interactors/Gaze Interactor.prefab
  importAddress: Guid(b84cd05e1160fe34cab2585022c8cd99) Importer(2089858483,e11c23a36db5f54750b8cd40eac0985b)
Start importing Assets/Samples/XR Interaction Toolkit/3.2.1/Starter Assets/Prefabs/Interactors/Gaze Interactor.prefab using Guid(b84cd05e1160fe34cab2585022c8cd99) Importer(2089858483,e11c23a36db5f54750b8cd40eac0985b) (ScriptedImporter) -> (Import Result ID: '8c91fcbb257e9e8c550cef902257a9f7') in 0.0189184 seconds [static and dynamic dependencies]. Details - ImportResultOutputID=420e2608eb078fe2726c384847bdcc66 DependenciesID=d933a1e08b9a5d128c79e970f6e3ec80 StaticDependenciesID=cd6e9d9dbfc04b4b9381a758cd61064a 
Number of updated asset objects reloaded before import = 0Number of asset objects unloaded after import = 12

========================================================================
Received Import Request.
  Time since last request: 0.000023 seconds.
  path: Assets/HIVEMIND/CaveOfHiddenTomb/HDRP (Default)/Art/Assets/Pillar/A/M_Pillar_A_Simple.mat
  importAddress: Guid(abc00000000007137253193399514560) Importer(2089858483,b0f066a214c2f5e87bad3c948f4d605d)
Start importing Assets/HIVEMIND/CaveOfHiddenTomb/HDRP (Default)/Art/Assets/Pillar/A/M_Pillar_A_Simple.mat using Guid(abc00000000007137253193399514560) Importer(2089858483,b0f066a214c2f5e87bad3c948f4d605d) (ScriptedImporter) -> (Import Result ID: '9f96a71f56e443d0f91f26301243a027') in 0.014501 seconds [static and dynamic dependencies]. Details - ImportResultOutputID=c479a1fd18a738ea2885085b92d57aea DependenciesID=38cf47c428081ca7e7b0bc9bcbf44c89 StaticDependenciesID=54455a0ce1b3b3f730e4c69a523d7ca8 
Number of updated asset objects reloaded before import = 0Number of asset objects unloaded after import = 11

========================================================================
Received Import Request.
  Time since last request: 0.000035 seconds.
  path: Assets/HIVEMIND/CaveOfHiddenTomb/HDRP (Default)/Art/Assets/FirePit/FireWood/SM_FireWood.fbx
  importAddress: Guid(abc00000000001559304550889893295) Importer(2089858483,b0f066a214c2f5e87bad3c948f4d605d)
Start importing Assets/HIVEMIND/CaveOfHiddenTomb/HDRP (Default)/Art/Assets/FirePit/FireWood/SM_FireWood.fbx using Guid(abc00000000001559304550889893295) Importer(2089858483,b0f066a214c2f5e87bad3c948f4d605d) (ScriptedImporter)MaterialLocation.External is obsolete. External Material Location is no longer supported. (Assets/HIVEMIND/CaveOfHiddenTomb/HDRP (Default)/Art/Assets/FirePit/FireWood/SM_FireWood.fbx)
 -> (Import Result ID: '26449f7a1dae77fc186d478814daab66') in 0.0138399 seconds [static and dynamic dependencies]. Details - ImportResultOutputID=7ce1b2a78ad934cd57cc40deea9bbc9a DependenciesID=9ebcaff2a4dd7a6edf87bfb37325a840 StaticDependenciesID=5de8a2240ce380d5ab024f1e4dd13b4f 
Number of updated asset objects reloaded before import = 0Number of asset objects unloaded after import = 37

========================================================================
Received Import Request.
  Time since last request: 0.000017 seconds.
  path: Assets/HIVEMIND/CaveOfHiddenTomb/HDRP (Default)/Art/Assets/Boulder/C/M_Boulder_C.mat
  importAddress: Guid(abc00000000006082432433969822040) Importer(2089858483,b0f066a214c2f5e87bad3c948f4d605d)
Start importing Assets/HIVEMIND/CaveOfHiddenTomb/HDRP (Default)/Art/Assets/Boulder/C/M_Boulder_C.mat using Guid(abc00000000006082432433969822040) Importer(2089858483,b0f066a214c2f5e87bad3c948f4d605d) (ScriptedImporter) -> (Import Result ID: 'f22d066696599b5fe17287ccc9f9e202') in 0.0120584 seconds [static and dynamic dependencies]. Details - ImportResultOutputID=4cd02bbea721f298122ea99bf9590304 DependenciesID=426c71462c74cc7d81f62799fc734591 StaticDependenciesID=0ec10dc83c8520486ab2c81c819fc513 
Number of updated asset objects reloaded before import = 0Number of asset objects unloaded after import = 12

========================================================================
Received Import Request.
  Time since last request: 0.000021 seconds.
  path: Assets/HIVEMIND/CaveOfHiddenTomb/HDRP (Default)/Art/Assets/Pillar/B/SM_Pillar_B.fbx
  importAddress: Guid(abc00000000011691504084672728381) Importer(2089858483,b0f066a214c2f5e87bad3c948f4d605d)
Start importing Assets/HIVEMIND/CaveOfHiddenTomb/HDRP (Default)/Art/Assets/Pillar/B/SM_Pillar_B.fbx using Guid(abc00000000011691504084672728381) Importer(2089858483,b0f066a214c2f5e87bad3c948f4d605d) (ScriptedImporter)MaterialLocation.External is obsolete. External Material Location is no longer supported. (Assets/HIVEMIND/CaveOfHiddenTomb/HDRP (Default)/Art/Assets/Pillar/B/SM_Pillar_B.fbx)
 -> (Import Result ID: '2f74b404e63224c49cef4e2401b4301d') in 0.0183733 seconds [static and dynamic dependencies]. Details - ImportResultOutputID=997640653e217eb899b70f21a588fefa DependenciesID=050aeffe8b9e15fbfda1922a3cbf3d99 StaticDependenciesID=8e08844eab26c0c5c03b3bcf4e36ff88 
Number of updated asset objects reloaded before import = 0Number of asset objects unloaded after import = 37

========================================================================
Received Import Request.
  Time since last request: 0.000017 seconds.
  path: Assets/HIVEMIND/CaveOfHiddenTomb/HDRP (Default)/Art/Assets/Pillar/B/M_Pillar_Trim_Simple.mat
  importAddress: Guid(abc00000000016449681701085399751) Importer(2089858483,b0f066a214c2f5e87bad3c948f4d605d)
Start importing Assets/HIVEMIND/CaveOfHiddenTomb/HDRP (Default)/Art/Assets/Pillar/B/M_Pillar_Trim_Simple.mat using Guid(abc00000000016449681701085399751) Importer(2089858483,b0f066a214c2f5e87bad3c948f4d605d) (ScriptedImporter) -> (Import Result ID: '5a6d70bd36e241fbf6aed5fcaa346a73') in 0.0130146 seconds [static and dynamic dependencies]. Details - ImportResultOutputID=9bb1c451e16a0b9b4ee7d39184ae7d69 DependenciesID=1d22891a14d02ed5d5c50991e3b87669 StaticDependenciesID=856a402c52172e6421c5966f835e99de 
Number of updated asset objects reloaded before import = 0Number of asset objects unloaded after import = 11

========================================================================
Received Import Request.
  Time since last request: 0.000022 seconds.
  path: Assets/HIVEMIND/CaveOfHiddenTomb/HDRP (Default)/Art/Assets/Pillar/C/M_Pillar_C.mat
  importAddress: Guid(abc00000000005275931876730997467) Importer(2089858483,b0f066a214c2f5e87bad3c948f4d605d)
Start importing Assets/HIVEMIND/CaveOfHiddenTomb/HDRP (Default)/Art/Assets/Pillar/C/M_Pillar_C.mat using Guid(abc00000000005275931876730997467) Importer(2089858483,b0f066a214c2f5e87bad3c948f4d605d) (ScriptedImporter) -> (Import Result ID: 'd8dc8a29b2739ce85d468509dd91a30a') in 0.0130811 seconds [static and dynamic dependencies]. Details - ImportResultOutputID=84101e13d76e1cfff1b5c19b175a6eb9 DependenciesID=2bd427d4fa31b4394f5988a6cd03bddf StaticDependenciesID=117eb9950406f7f0edc4d7fb581525e5 
Number of updated asset objects reloaded before import = 0Number of asset objects unloaded after import = 11

========================================================================
Received Import Request.
  Time since last request: 0.000024 seconds.
  path: Assets/HIVEMIND/CaveOfHiddenTomb/HDRP (Default)/Art/Assets/BasicShapes/Materials/MI_Water.mat
  importAddress: Guid(07afe02218d7bed49bede834d308cb25) Importer(2089858483,b0f066a214c2f5e87bad3c948f4d605d)
Start importing Assets/HIVEMIND/CaveOfHiddenTomb/HDRP (Default)/Art/Assets/BasicShapes/Materials/MI_Water.mat using Guid(07afe02218d7bed49bede834d308cb25) Importer(2089858483,b0f066a214c2f5e87bad3c948f4d605d) (ScriptedImporter) -> (Import Result ID: '919a106b6fa1d39dddcc398e1a1587b3') in 0.0043513 seconds [static and dynamic dependencies]. Details - ImportResultOutputID=b6a8aeed07998ae331010effe057fc12 DependenciesID=9cdc16ee97964d798292ba39a5e37d85 StaticDependenciesID=40fd11ee22b1fdcfcf35be24a122ec97 
Number of updated asset objects reloaded before import = 0Number of asset objects unloaded after import = 1

========================================================================
Received Import Request.
  Time since last request: 0.000032 seconds.
  path: Assets/HIVEMIND/CaveOfHiddenTomb/HDRP (Default)/Art/Assets/AztecMuralWall/AztecMural/SM_Wall_Aztec_B.fbx
  importAddress: Guid(abc00000000011948413482093175901) Importer(2089858483,b0f066a214c2f5e87bad3c948f4d605d)
Start importing Assets/HIVEMIND/CaveOfHiddenTomb/HDRP (Default)/Art/Assets/AztecMuralWall/AztecMural/SM_Wall_Aztec_B.fbx using Guid(abc00000000011948413482093175901) Importer(2089858483,b0f066a214c2f5e87bad3c948f4d605d) (ScriptedImporter)MaterialLocation.External is obsolete. External Material Location is no longer supported. (Assets/HIVEMIND/CaveOfHiddenTomb/HDRP (Default)/Art/Assets/AztecMuralWall/AztecMural/SM_Wall_Aztec_B.fbx)
 -> (Import Result ID: 'fbd60a528b8d33a51534510eaf95d01e') in 0.0110391 seconds [static and dynamic dependencies]. Details - ImportResultOutputID=cb9ca0d27bcb73f02702173eed692e13 DependenciesID=0e4eb8aaacf8accac9b1ae2a082732fb StaticDependenciesID=bc852d05880efb3186cb3c7b908743fa 
Number of updated asset objects reloaded before import = 0Number of asset objects unloaded after import = 37

========================================================================
Received Import Request.
  Time since last request: 0.000016 seconds.
  path: Assets/HIVEMIND/CaveOfHiddenTomb/HDRP (Default)/Art/Assets/FirePit/FirePit_B/SM_FirePit_B.fbx
  importAddress: Guid(abc00000000000761646776482960499) Importer(2089858483,b0f066a214c2f5e87bad3c948f4d605d)
Start importing Assets/HIVEMIND/CaveOfHiddenTomb/HDRP (Default)/Art/Assets/FirePit/FirePit_B/SM_FirePit_B.fbx using Guid(abc00000000000761646776482960499) Importer(2089858483,b0f066a214c2f5e87bad3c948f4d605d) (ScriptedImporter)MaterialLocation.External is obsolete. External Material Location is no longer supported. (Assets/HIVEMIND/CaveOfHiddenTomb/HDRP (Default)/Art/Assets/FirePit/FirePit_B/SM_FirePit_B.fbx)
 -> (Import Result ID: 'ad7754c05744f2ba86a0e49486764273') in 0.009935 seconds [static and dynamic dependencies]. Details - ImportResultOutputID=002fdf15ae3be9af0ae5105cf2d877c7 DependenciesID=82c477837b67b4e0725019f153816a77 StaticDependenciesID=00d315dc62f0fb0c6d202d93e55bb2b0 
Number of updated asset objects reloaded before import = 0Number of asset objects unloaded after import = 37

========================================================================
Received Import Request.
  Time since last request: 0.000020 seconds.
  path: Assets/Samples/XR Interaction Toolkit/3.2.1/Starter Assets/Prefabs/Affordances/HighlightInteractionAffordance.prefab
  importAddress: Guid(6b12f432fa58c224baf0d659706362be) Importer(2089858483,e11c23a36db5f54750b8cd40eac0985b)
Start importing Assets/Samples/XR Interaction Toolkit/3.2.1/Starter Assets/Prefabs/Affordances/HighlightInteractionAffordance.prefab using Guid(6b12f432fa58c224baf0d659706362be) Importer(2089858483,e11c23a36db5f54750b8cd40eac0985b) (ScriptedImporter) -> (Import Result ID: '7fb136df4b94911dbd0cec0afcce7f73') in 0.0084045 seconds [static and dynamic dependencies]. Details - ImportResultOutputID=1fb468c0a17b148272dc243271236cf5 DependenciesID=8fda510f242422b8510523bb01d6def8 StaticDependenciesID=a139d643eaae50b65499a13b2211d523 
Number of updated asset objects reloaded before import = 0Number of asset objects unloaded after import = 12

========================================================================
Received Import Request.
  Time since last request: 0.000017 seconds.
  path: Assets/HIVEMIND/CaveOfHiddenTomb/HDRP (Default)/Art/Prefabs/SM_Pillar_A.prefab
  importAddress: Guid(abc00000000016925454466495723917) Importer(2089858483,e11c23a36db5f54750b8cd40eac0985b)
Start importing Assets/HIVEMIND/CaveOfHiddenTomb/HDRP (Default)/Art/Prefabs/SM_Pillar_A.prefab using Guid(abc00000000016925454466495723917) Importer(2089858483,e11c23a36db5f54750b8cd40eac0985b) (ScriptedImporter) -> (Import Result ID: '5ea884403a481935d718b14c5de733a3') in 0.0183261 seconds [static and dynamic dependencies]. Details - ImportResultOutputID=01764e3ff278901ec1f07a1720fe859d DependenciesID=ccf0ac3b42f3d2b002e075dc166986bc StaticDependenciesID=2ab639a5bbab5ca61fba5e62af2c9adb 
Number of updated asset objects reloaded before import = 0Number of asset objects unloaded after import = 35

========================================================================
Received Import Request.
  Time since last request: 0.000017 seconds.
  path: Assets/HIVEMIND/CaveOfHiddenTomb/HDRP (Default)/Art/Assets/RockWall/C/M_RockWall_C_Simple.mat
  importAddress: Guid(abc00000000002850577164653654986) Importer(2089858483,b0f066a214c2f5e87bad3c948f4d605d)
Start importing Assets/HIVEMIND/CaveOfHiddenTomb/HDRP (Default)/Art/Assets/RockWall/C/M_RockWall_C_Simple.mat using Guid(abc00000000002850577164653654986) Importer(2089858483,b0f066a214c2f5e87bad3c948f4d605d) (ScriptedImporter) -> (Import Result ID: '7f0c04cfb680a3531545eb86f483a1a8') in 0.0138547 seconds [static and dynamic dependencies]. Details - ImportResultOutputID=f78af5a7f31205f186d4ffa8543fc664 DependenciesID=99c662c4f48f4e09f7e545683c7de2d0 StaticDependenciesID=6055e03bc88f1b788628a0e37e0262c0 
Number of updated asset objects reloaded before import = 0Number of asset objects unloaded after import = 11

========================================================================
Received Import Request.
  Time since last request: 0.000028 seconds.
  path: Assets/HIVEMIND/CaveOfHiddenTomb/HDRP (Default)/Art/Assets/RockWall/C/SM_RockWall_C.fbx
  importAddress: Guid(abc00000000008484306470759024097) Importer(2089858483,b0f066a214c2f5e87bad3c948f4d605d)
Start importing Assets/HIVEMIND/CaveOfHiddenTomb/HDRP (Default)/Art/Assets/RockWall/C/SM_RockWall_C.fbx using Guid(abc00000000008484306470759024097) Importer(2089858483,b0f066a214c2f5e87bad3c948f4d605d) (ScriptedImporter)MaterialLocation.External is obsolete. External Material Location is no longer supported. (Assets/HIVEMIND/CaveOfHiddenTomb/HDRP (Default)/Art/Assets/RockWall/C/SM_RockWall_C.fbx)
 -> (Import Result ID: 'e5caac976156a0c92a242c086dcc8687') in 0.0103879 seconds [static and dynamic dependencies]. Details - ImportResultOutputID=7764dd5b71d3c05915b9161785f56c35 DependenciesID=d9fea57fa0964616d6e94204bd49a250 StaticDependenciesID=8cd3879037d13896cc539c40d81fa2e5 
Number of updated asset objects reloaded before import = 0Number of asset objects unloaded after import = 37

========================================================================
Received Import Request.
  Time since last request: 0.000042 seconds.
  path: Assets/HIVEMIND/CaveOfHiddenTomb/HDRP (Default)/Art/Assets/Rock/E/SM_Rock_E.fbx
  importAddress: Guid(abc00000000011271821972346715813) Importer(2089858483,b0f066a214c2f5e87bad3c948f4d605d)
Start importing Assets/HIVEMIND/CaveOfHiddenTomb/HDRP (Default)/Art/Assets/Rock/E/SM_Rock_E.fbx using Guid(abc00000000011271821972346715813) Importer(2089858483,b0f066a214c2f5e87bad3c948f4d605d) (ScriptedImporter)MaterialLocation.External is obsolete. External Material Location is no longer supported. (Assets/HIVEMIND/CaveOfHiddenTomb/HDRP (Default)/Art/Assets/Rock/E/SM_Rock_E.fbx)
 -> (Import Result ID: '42b359148b70f39c3c7291259f2c4367') in 0.0118217 seconds [static and dynamic dependencies]. Details - ImportResultOutputID=275f52ef637638787e06ec24f9231c11 DependenciesID=f010466ab5dd7b4c30afe2171eb29428 StaticDependenciesID=67dc413cc1da9aa11d7d461858704c95 
Number of updated asset objects reloaded before import = 0Number of asset objects unloaded after import = 32

========================================================================
Received Import Request.
  Time since last request: 0.000020 seconds.
  path: Assets/HIVEMIND/CaveOfHiddenTomb/HDRP (Default)/Art/Assets/stalactite/A/M_Stalacite_A.mat
  importAddress: Guid(abc00000000006216884789176443716) Importer(2089858483,b0f066a214c2f5e87bad3c948f4d605d)
Start importing Assets/HIVEMIND/CaveOfHiddenTomb/HDRP (Default)/Art/Assets/stalactite/A/M_Stalacite_A.mat using Guid(abc00000000006216884789176443716) Importer(2089858483,b0f066a214c2f5e87bad3c948f4d605d) (ScriptedImporter) -> (Import Result ID: '90fbbee66c996d39b355d7a5acbdec6f') in 0.0170911 seconds [static and dynamic dependencies]. Details - ImportResultOutputID=b385cd4e30764b8bb9866e2384b3c0b5 DependenciesID=a4a6a3f3c4ed633fd56b68b8b1c1edb1 StaticDependenciesID=626003285d07838734a9289fb4538d65 
Number of updated asset objects reloaded before import = 0Number of asset objects unloaded after import = 11

========================================================================
Received Import Request.
  Time since last request: 0.000025 seconds.
  path: Assets/HIVEMIND/CaveOfHiddenTomb/HDRP (Default)/Art/Assets/Sculpt/B/M_Sculpt_B.mat
  importAddress: Guid(abc00000000003478969244844609107) Importer(2089858483,b0f066a214c2f5e87bad3c948f4d605d)
Start importing Assets/HIVEMIND/CaveOfHiddenTomb/HDRP (Default)/Art/Assets/Sculpt/B/M_Sculpt_B.mat using Guid(abc00000000003478969244844609107) Importer(2089858483,b0f066a214c2f5e87bad3c948f4d605d) (ScriptedImporter) -> (Import Result ID: 'b4d856e4125818e4f5eb3cc81ded6e1c') in 0.0139855 seconds [static and dynamic dependencies]. Details - ImportResultOutputID=0f719992ef978bc45341f81de19ea2ff DependenciesID=8a98c57529a7390322e19085619a025f StaticDependenciesID=8355bab6f0cdf504da7c055ed7ea838c 
Number of updated asset objects reloaded before import = 0Number of asset objects unloaded after import = 11

========================================================================
Received Import Request.
  Time since last request: 0.000020 seconds.
  path: Assets/HIVEMIND/CaveOfHiddenTomb/HDRP (Default)/Art/Assets/Rock/D/M_Rock_D.mat
  importAddress: Guid(abc00000000004037432469160398331) Importer(2089858483,b0f066a214c2f5e87bad3c948f4d605d)
Start importing Assets/HIVEMIND/CaveOfHiddenTomb/HDRP (Default)/Art/Assets/Rock/D/M_Rock_D.mat using Guid(abc00000000004037432469160398331) Importer(2089858483,b0f066a214c2f5e87bad3c948f4d605d) (ScriptedImporter) -> (Import Result ID: '72cf807dcdf6098949724e681e2f02d0') in 0.0146314 seconds [static and dynamic dependencies]. Details - ImportResultOutputID=f351807fc56d0e81e4e6c19f09c78d86 DependenciesID=e81febf504c83a1869891826795a6859 StaticDependenciesID=c9e7b51a77f404e9e1734fe4d77f89e1 
Number of updated asset objects reloaded before import = 0Number of asset objects unloaded after import = 11

========================================================================
Received Import Request.
  Time since last request: 0.000022 seconds.
  path: Assets/HIVEMIND/CaveOfHiddenTomb/HDRP (Default)/Art/Assets/Rock/C/SM_Rock_C.fbx
  importAddress: Guid(abc00000000008954115825773829429) Importer(2089858483,b0f066a214c2f5e87bad3c948f4d605d)
Start importing Assets/HIVEMIND/CaveOfHiddenTomb/HDRP (Default)/Art/Assets/Rock/C/SM_Rock_C.fbx using Guid(abc00000000008954115825773829429) Importer(2089858483,b0f066a214c2f5e87bad3c948f4d605d) (ScriptedImporter)MaterialLocation.External is obsolete. External Material Location is no longer supported. (Assets/HIVEMIND/CaveOfHiddenTomb/HDRP (Default)/Art/Assets/Rock/C/SM_Rock_C.fbx)
 -> (Import Result ID: '2e2a7570da2a526e2f11c40fb35b9129') in 0.0116361 seconds [static and dynamic dependencies]. Details - ImportResultOutputID=19f7c4e0d66642ed6269a4ed778ef103 DependenciesID=a6b2ef4e5aaaaf37d74e3c0173dbd222 StaticDependenciesID=828e68bb2f3c972c85b2f777c0d859fe 
Number of updated asset objects reloaded before import = 0Number of asset objects unloaded after import = 32

========================================================================
Received Import Request.
  Time since last request: 0.000022 seconds.
  path: Assets/HIVEMIND/CaveOfHiddenTomb/HDRP (Default)/Art/Assets/stalactite/C/M_Stalacite_C.mat
  importAddress: Guid(abc00000000014982019922278874492) Importer(2089858483,b0f066a214c2f5e87bad3c948f4d605d)
Start importing Assets/HIVEMIND/CaveOfHiddenTomb/HDRP (Default)/Art/Assets/stalactite/C/M_Stalacite_C.mat using Guid(abc00000000014982019922278874492) Importer(2089858483,b0f066a214c2f5e87bad3c948f4d605d) (ScriptedImporter) -> (Import Result ID: 'a393a023ac850bf18207067667813558') in 0.0132383 seconds [static and dynamic dependencies]. Details - ImportResultOutputID=e4d825562bde60f89cf368345adb0453 DependenciesID=3b1e74be36396980c448087cb8b7341f StaticDependenciesID=cb0acfabcb46ee3a0d357312c6fb0b75 
Number of updated asset objects reloaded before import = 0Number of asset objects unloaded after import = 11

========================================================================
Received Import Request.
  Time since last request: 0.000037 seconds.
  path: Assets/HIVEMIND/CaveOfHiddenTomb/HDRP (Default)/Art/Assets/stalactite/E/SM_Stalacite_E.fbx
  importAddress: Guid(abc00000000001265914338175328655) Importer(2089858483,b0f066a214c2f5e87bad3c948f4d605d)
Start importing Assets/HIVEMIND/CaveOfHiddenTomb/HDRP (Default)/Art/Assets/stalactite/E/SM_Stalacite_E.fbx using Guid(abc00000000001265914338175328655) Importer(2089858483,b0f066a214c2f5e87bad3c948f4d605d) (ScriptedImporter)MaterialLocation.External is obsolete. External Material Location is no longer supported. (Assets/HIVEMIND/CaveOfHiddenTomb/HDRP (Default)/Art/Assets/stalactite/E/SM_Stalacite_E.fbx)
 -> (Import Result ID: '083c9a30d2610e2930f6cc2e61e5aac4') in 0.012174 seconds [static and dynamic dependencies]. Details - ImportResultOutputID=599755edb474b928660dac5a349c8fdb DependenciesID=e85d22ec61e1ca5cb94b5db0bd486a85 StaticDependenciesID=2986d627d0cce56cfb1c3784b7d8ad5e 
Number of updated asset objects reloaded before import = 0Number of asset objects unloaded after import = 37

========================================================================
Received Import Request.
  Time since last request: 0.000019 seconds.
  path: Assets/HIVEMIND/CaveOfHiddenTomb/HDRP (Default)/Art/Assets/stalactite/F/M_Stalacite_F.mat
  importAddress: Guid(abc00000000012968756452394854773) Importer(2089858483,b0f066a214c2f5e87bad3c948f4d605d)
Start importing Assets/HIVEMIND/CaveOfHiddenTomb/HDRP (Default)/Art/Assets/stalactite/F/M_Stalacite_F.mat using Guid(abc00000000012968756452394854773) Importer(2089858483,b0f066a214c2f5e87bad3c948f4d605d) (ScriptedImporter) -> (Import Result ID: 'ec2d24fe24fa4b40d0e61641d955fde9') in 0.0151453 seconds [static and dynamic dependencies]. Details - ImportResultOutputID=7c08a7da661a4974d20def10ddf49cf1 DependenciesID=560b04b566899dba36dfef28a56663c2 StaticDependenciesID=74988c62a7ac98d26432c08da733b32f 
Number of updated asset objects reloaded before import = 0Number of asset objects unloaded after import = 11

========================================================================
Received Import Request.
  Time since last request: 0.000025 seconds.
  path: Assets/HIVEMIND/CaveOfHiddenTomb/HDRP (Default)/Art/Assets/Stone/C/M_Stone_C.mat
  importAddress: Guid(abc00000000002183593793230785314) Importer(2089858483,b0f066a214c2f5e87bad3c948f4d605d)
Start importing Assets/HIVEMIND/CaveOfHiddenTomb/HDRP (Default)/Art/Assets/Stone/C/M_Stone_C.mat using Guid(abc00000000002183593793230785314) Importer(2089858483,b0f066a214c2f5e87bad3c948f4d605d) (ScriptedImporter) -> (Import Result ID: '43cdfb9ecdc93c866dfad7836d8e8d71') in 0.0151015 seconds [static and dynamic dependencies]. Details - ImportResultOutputID=25e25c2cbc8b233cf3906a8857de1f93 DependenciesID=e371340defc8c9a07c8ec35b76907be8 StaticDependenciesID=fa57ba012a97fdc6e5fee10fc6a97b2f 
Number of updated asset objects reloaded before import = 0Number of asset objects unloaded after import = 11

========================================================================
Received Import Request.
  Time since last request: 0.000024 seconds.
  path: Assets/HIVEMIND/CaveOfHiddenTomb/HDRP (Default)/Art/Assets/StonePlate/B/M_StonePlate_B.mat
  importAddress: Guid(abc00000000005687845284299635266) Importer(2089858483,b0f066a214c2f5e87bad3c948f4d605d)
Start importing Assets/HIVEMIND/CaveOfHiddenTomb/HDRP (Default)/Art/Assets/StonePlate/B/M_StonePlate_B.mat using Guid(abc00000000005687845284299635266) Importer(2089858483,b0f066a214c2f5e87bad3c948f4d605d) (ScriptedImporter) -> (Import Result ID: '5d73e7ccf73850b23a356e28c0168e5a') in 0.0149693 seconds [static and dynamic dependencies]. Details - ImportResultOutputID=0d7f777cac6be8d194fc28f26ccb3a2f DependenciesID=a11dedc45f883b10ff2d9c8a74343595 StaticDependenciesID=88a3160544984912782cd46a02d60c18 
Number of updated asset objects reloaded before import = 0Number of asset objects unloaded after import = 11

========================================================================
Received Import Request.
  Time since last request: 0.000027 seconds.
  path: Assets/HIVEMIND/CaveOfHiddenTomb/HDRP (Default)/Art/Assets/StonePattern/StonePattern/SM_StonePatter_Outer.fbx
  importAddress: Guid(abc00000000011438242244591081389) Importer(2089858483,b0f066a214c2f5e87bad3c948f4d605d)
Start importing Assets/HIVEMIND/CaveOfHiddenTomb/HDRP (Default)/Art/Assets/StonePattern/StonePattern/SM_StonePatter_Outer.fbx using Guid(abc00000000011438242244591081389) Importer(2089858483,b0f066a214c2f5e87bad3c948f4d605d) (ScriptedImporter)MaterialLocation.External is obsolete. External Material Location is no longer supported. (Assets/HIVEMIND/CaveOfHiddenTomb/HDRP (Default)/Art/Assets/StonePattern/StonePattern/SM_StonePatter_Outer.fbx)
 -> (Import Result ID: 'a19cb084a1a07c6e36f0779dedb3da24') in 0.0135372 seconds [static and dynamic dependencies]. Details - ImportResultOutputID=136e9ddd8ddbd4532f6e7b70252f27cb DependenciesID=3460a011bd99ecdda90beb7dec3b45bd StaticDependenciesID=7c37b2e8205e04aa12b05f63a562cace 
Number of updated asset objects reloaded before import = 0Number of asset objects unloaded after import = 37

========================================================================
Received Import Request.
  Time since last request: 0.000035 seconds.
  path: Assets/HIVEMIND/CaveOfHiddenTomb/HDRP (Default)/Art/Assets/stalactite/F/SM_Stalacite_F.fbx
  importAddress: Guid(abc00000000009309448816691368849) Importer(2089858483,b0f066a214c2f5e87bad3c948f4d605d)
Start importing Assets/HIVEMIND/CaveOfHiddenTomb/HDRP (Default)/Art/Assets/stalactite/F/SM_Stalacite_F.fbx using Guid(abc00000000009309448816691368849) Importer(2089858483,b0f066a214c2f5e87bad3c948f4d605d) (ScriptedImporter)MaterialLocation.External is obsolete. External Material Location is no longer supported. (Assets/HIVEMIND/CaveOfHiddenTomb/HDRP (Default)/Art/Assets/stalactite/F/SM_Stalacite_F.fbx)
 -> (Import Result ID: 'c3a7c5b3797ea8a66f9b9ec205cdc54f') in 0.0104426 seconds [static and dynamic dependencies]. Details - ImportResultOutputID=875f104a8313b109d01f09372fd9d7a2 DependenciesID=2e87345c0de51d79c7f938f39a14d8e9 StaticDependenciesID=b58603b50298285daa439ae52e07b8b3 
Number of updated asset objects reloaded before import = 0Number of asset objects unloaded after import = 37

========================================================================
Received Import Request.
  Time since last request: 0.000017 seconds.
  path: Assets/HIVEMIND/CaveOfHiddenTomb/HDRP (Default)/Art/Assets/StonePattern/StonePattern/SM_StonePattern_D.fbx
  importAddress: Guid(abc00000000008243596091129253778) Importer(2089858483,b0f066a214c2f5e87bad3c948f4d605d)
Start importing Assets/HIVEMIND/CaveOfHiddenTomb/HDRP (Default)/Art/Assets/StonePattern/StonePattern/SM_StonePattern_D.fbx using Guid(abc00000000008243596091129253778) Importer(2089858483,b0f066a214c2f5e87bad3c948f4d605d) (ScriptedImporter)MaterialLocation.External is obsolete. External Material Location is no longer supported. (Assets/HIVEMIND/CaveOfHiddenTomb/HDRP (Default)/Art/Assets/StonePattern/StonePattern/SM_StonePattern_D.fbx)
 -> (Import Result ID: '7c5f1ac9449aa53cd9bd2e034a7ba2a6') in 0.0126614 seconds [static and dynamic dependencies]. Details - ImportResultOutputID=61bd054137ae53678da3720004aa0985 DependenciesID=bccdc530238a03a522a20f112aaa08d0 StaticDependenciesID=3143def2bbb867e6600950861751ba7f 
Number of updated asset objects reloaded before import = 0Number of asset objects unloaded after import = 37

========================================================================
Received Import Request.
  Time since last request: 0.000019 seconds.
  path: Assets/HIVEMIND/CaveOfHiddenTomb/HDRP (Default)/Art/Assets/StonePattern/TempleStoneGround/M_StonePattern_F_Simple.mat
  importAddress: Guid(df7bf19d22f212347a093e7c7b5acfd2) Importer(2089858483,b0f066a214c2f5e87bad3c948f4d605d)
Start importing Assets/HIVEMIND/CaveOfHiddenTomb/HDRP (Default)/Art/Assets/StonePattern/TempleStoneGround/M_StonePattern_F_Simple.mat using Guid(df7bf19d22f212347a093e7c7b5acfd2) Importer(2089858483,b0f066a214c2f5e87bad3c948f4d605d) (ScriptedImporter) -> (Import Result ID: '07973d194aa2cdca1295bf203e8f832e') in 0.0112568 seconds [static and dynamic dependencies]. Details - ImportResultOutputID=c25537ccdb4aa980bb80fda5f2a5bfc7 DependenciesID=6d09fcdf7974706571aa7fa899b1557a StaticDependenciesID=8ba2fa4cd6da488745f0d0c4b566a8cd 
Number of updated asset objects reloaded before import = 0Number of asset objects unloaded after import = 11

========================================================================
Received Import Request.
  Time since last request: 0.000022 seconds.
  path: Assets/HIVEMIND/CaveOfHiddenTomb/HDRP (Default)/Art/Assets/StonePattern/StonePattern/SM_StonePattern_C.fbx
  importAddress: Guid(abc00000000009875738743489896067) Importer(2089858483,b0f066a214c2f5e87bad3c948f4d605d)
Start importing Assets/HIVEMIND/CaveOfHiddenTomb/HDRP (Default)/Art/Assets/StonePattern/StonePattern/SM_StonePattern_C.fbx using Guid(abc00000000009875738743489896067) Importer(2089858483,b0f066a214c2f5e87bad3c948f4d605d) (ScriptedImporter)MaterialLocation.External is obsolete. External Material Location is no longer supported. (Assets/HIVEMIND/CaveOfHiddenTomb/HDRP (Default)/Art/Assets/StonePattern/StonePattern/SM_StonePattern_C.fbx)
 -> (Import Result ID: '4acf00c55c0de3f45dbe38ff4afbe5c7') in 0.0199291 seconds [static and dynamic dependencies]. Details - ImportResultOutputID=fc9f62213d1e49de9110e0b1f2125a8b DependenciesID=5ba55bd3e84a3555f48e0a3751e25205 StaticDependenciesID=75190e196e5eb991b07e1f7bd381bce7 
Number of updated asset objects reloaded before import = 0Number of asset objects unloaded after import = 37

========================================================================
Received Import Request.
  Time since last request: 0.000022 seconds.
  path: Assets/HIVEMIND/CaveOfHiddenTomb/HDRP (Default)/Art/Assets/StonePattern/StonePattern/SM_StonePattern_B.fbx
  importAddress: Guid(abc00000000010875990785200362536) Importer(2089858483,b0f066a214c2f5e87bad3c948f4d605d)
Start importing Assets/HIVEMIND/CaveOfHiddenTomb/HDRP (Default)/Art/Assets/StonePattern/StonePattern/SM_StonePattern_B.fbx using Guid(abc00000000010875990785200362536) Importer(2089858483,b0f066a214c2f5e87bad3c948f4d605d) (ScriptedImporter)MaterialLocation.External is obsolete. External Material Location is no longer supported. (Assets/HIVEMIND/CaveOfHiddenTomb/HDRP (Default)/Art/Assets/StonePattern/StonePattern/SM_StonePattern_B.fbx)
 -> (Import Result ID: '52cb86c2c41dde23cef02222bbfce6bb') in 0.012513 seconds [static and dynamic dependencies]. Details - ImportResultOutputID=fe368d86f91f0afd8772137cb01ecac1 DependenciesID=324f6435cdee705fcc34404ee0eb3241 StaticDependenciesID=74cb24d4da16abe3539bf96b05ee8db1 
Number of updated asset objects reloaded before import = 0Number of asset objects unloaded after import = 37

========================================================================
Received Import Request.
  Time since last request: 0.000034 seconds.
  path: Assets/Samples/XR Interaction Toolkit/3.2.1/Starter Assets/DemoSceneAssets/Prefabs/Climb/Climbing Wall.prefab
  importAddress: Guid(a0ea40bd139aedc43b0e8374d6139437) Importer(2089858483,e11c23a36db5f54750b8cd40eac0985b)
Start importing Assets/Samples/XR Interaction Toolkit/3.2.1/Starter Assets/DemoSceneAssets/Prefabs/Climb/Climbing Wall.prefab using Guid(a0ea40bd139aedc43b0e8374d6139437) Importer(2089858483,e11c23a36db5f54750b8cd40eac0985b) (ScriptedImporter) -> (Import Result ID: '0b067831f274765021eb4ebe428ab732') in 0.1454899 seconds [static and dynamic dependencies]. Details - ImportResultOutputID=a984d105b52f612bfbb676528d12adc0 DependenciesID=507b8a64cfc81d0be67cb94336f4b74b StaticDependenciesID=3501582829058fa6ba2854c4cb8fbfd1 
Number of updated asset objects reloaded before import = 0Number of asset objects unloaded after import = 347

========================================================================
Received Import Request.
  Time since last request: 0.000019 seconds.
  path: Assets/Samples/XR Interaction Toolkit/3.2.1/Starter Assets/DemoSceneAssets/Prefabs/Interactables/Blaser-Long.prefab
  importAddress: Guid(fe7fcf44eedd467489de26ce92577bc3) Importer(2089858483,e11c23a36db5f54750b8cd40eac0985b)
Start importing Assets/Samples/XR Interaction Toolkit/3.2.1/Starter Assets/DemoSceneAssets/Prefabs/Interactables/Blaser-Long.prefab using Guid(fe7fcf44eedd467489de26ce92577bc3) Importer(2089858483,e11c23a36db5f54750b8cd40eac0985b) (ScriptedImporter) -> (Import Result ID: '7010ba51a85a7afac0900b0996b32a38') in 0.0292248 seconds [static and dynamic dependencies]. Details - ImportResultOutputID=8c992442fe505cb1a7e1b819bf5193bd DependenciesID=acb882db7b37ffede96f89dc4918554b StaticDependenciesID=19d1fdd46936e1a5b4dc4ae3d384c065 
Number of updated asset objects reloaded before import = 0Number of asset objects unloaded after import = 53

========================================================================
Received Import Request.
  Time since last request: 0.000021 seconds.
  path: Assets/Samples/XR Interaction Toolkit/3.2.1/Starter Assets/DemoSceneAssets/Prefabs/UI/Icon Button.prefab
  importAddress: Guid(56686f82f64b0af4688a89676403a500) Importer(2089858483,e11c23a36db5f54750b8cd40eac0985b)
Start importing Assets/Samples/XR Interaction Toolkit/3.2.1/Starter Assets/DemoSceneAssets/Prefabs/UI/Icon Button.prefab using Guid(56686f82f64b0af4688a89676403a500) Importer(2089858483,e11c23a36db5f54750b8cd40eac0985b) (ScriptedImporter) -> (Import Result ID: 'd0dc2d403ee5d4192291d810ae166b71') in 0.0254265 seconds [static and dynamic dependencies]. Details - ImportResultOutputID=fd3e20462598d7395700143af188055b DependenciesID=d0123dbed267760375872919caecf75d StaticDependenciesID=9e304a548c4b60d45d1480d35643022b 
Number of updated asset objects reloaded before import = 0Number of asset objects unloaded after import = 24

========================================================================
Received Import Request.
  Time since last request: 0.000041 seconds.
  path: Assets/Samples/XR Interaction Toolkit/3.2.1/Starter Assets/DemoSceneAssets/Prefabs/Interactables/Torus-Cut.prefab
  importAddress: Guid(833cb867d186193418fc107735ae3139) Importer(2089858483,e11c23a36db5f54750b8cd40eac0985b)
Start importing Assets/Samples/XR Interaction Toolkit/3.2.1/Starter Assets/DemoSceneAssets/Prefabs/Interactables/Torus-Cut.prefab using Guid(833cb867d186193418fc107735ae3139) Importer(2089858483,e11c23a36db5f54750b8cd40eac0985b) (ScriptedImporter) -> (Import Result ID: '1c9dfbeb759c8c3b86ab6b841b0f18d0') in 0.0180773 seconds [static and dynamic dependencies]. Details - ImportResultOutputID=ff1825419f149e3e7ea37f700fef3c44 DependenciesID=fcd9aedbfffb3031f8abc022632d82e8 StaticDependenciesID=6dd7c6a6ead17c74558c9e4d26419f7d 
Number of updated asset objects reloaded before import = 0Number of asset objects unloaded after import = 36

========================================================================
Received Import Request.
  Time since last request: 0.000017 seconds.
  path: Assets/Samples/XR Interaction Toolkit/3.2.1/Starter Assets/DemoSceneAssets/Prefabs/Teleport/Snap Teleport Anchor.prefab
  importAddress: Guid(037ba65d346be2a48ad006b9a9a3873e) Importer(2089858483,e11c23a36db5f54750b8cd40eac0985b)
Start importing Assets/Samples/XR Interaction Toolkit/3.2.1/Starter Assets/DemoSceneAssets/Prefabs/Teleport/Snap Teleport Anchor.prefab using Guid(037ba65d346be2a48ad006b9a9a3873e) Importer(2089858483,e11c23a36db5f54750b8cd40eac0985b) (ScriptedImporter) -> (Import Result ID: 'e0281fa11a69e021997ce659ab46d29f') in 0.0289753 seconds [static and dynamic dependencies]. Details - ImportResultOutputID=431afdae6a4b24a6fdb002f24bc34937 DependenciesID=5041a2e286cf6bcc8ecd35ca0219035b StaticDependenciesID=24f5345886388d21ff83a3ed3effbf4c 
Number of updated asset objects reloaded before import = 0Number of asset objects unloaded after import = 47

========================================================================
Received Import Request.
  Time since last request: 0.000019 seconds.
  path: Assets/Samples/XR Interaction Toolkit/3.2.1/Starter Assets/DemoSceneAssets/Prefabs/UI/TextButton.prefab
  importAddress: Guid(e5db301629853dd4a99835fa70099d79) Importer(2089858483,e11c23a36db5f54750b8cd40eac0985b)
Start importing Assets/Samples/XR Interaction Toolkit/3.2.1/Starter Assets/DemoSceneAssets/Prefabs/UI/TextButton.prefab using Guid(e5db301629853dd4a99835fa70099d79) Importer(2089858483,e11c23a36db5f54750b8cd40eac0985b) (ScriptedImporter) -> (Import Result ID: '6591b5ac219c20454f790e78357d2592') in 0.013871 seconds [static and dynamic dependencies]. Details - ImportResultOutputID=7a34106b65dd650c6e840bfe7eb33d38 DependenciesID=6afff654070660c2dd3570c151d0a698 StaticDependenciesID=7f203e7a41cf1e075bc57cf5a3ed294b 
Number of updated asset objects reloaded before import = 0Number of asset objects unloaded after import = 24

========================================================================
Received Import Request.
  Time since last request: 0.000022 seconds.
  path: Assets/HIVEMIND/CaveOfHiddenTomb/HDRP (Default)/Art/Assets/Boulder/C/Materials/MI_Boulder_C.mat
  importAddress: Guid(3341328093a755643a3a6e913d9a67c8) Importer(2089858483,b0f066a214c2f5e87bad3c948f4d605d)
Start importing Assets/HIVEMIND/CaveOfHiddenTomb/HDRP (Default)/Art/Assets/Boulder/C/Materials/MI_Boulder_C.mat using Guid(3341328093a755643a3a6e913d9a67c8) Importer(2089858483,b0f066a214c2f5e87bad3c948f4d605d) (ScriptedImporter) -> (Import Result ID: 'b4883a870558c3fd75a771361382ba56') in 0.0042719 seconds [static and dynamic dependencies]. Details - ImportResultOutputID=e7cab201558793036e0352554f8671cd DependenciesID=5c311379dc8327603bbfd9c2238a8b87 StaticDependenciesID=446c096ad45771393bfbf15241d7fad1 
Number of updated asset objects reloaded before import = 0Number of asset objects unloaded after import = 1

========================================================================
Received Import Request.
  Time since last request: 0.000022 seconds.
  path: Assets/HIVEMIND/CaveOfHiddenTomb/HDRP (Default)/Art/Assets/Arch/B/Materials/No Name.mat
  importAddress: Guid(8feca6cb2472ce1418bc63058eef8831) Importer(2089858483,b0f066a214c2f5e87bad3c948f4d605d)
Start importing Assets/HIVEMIND/CaveOfHiddenTomb/HDRP (Default)/Art/Assets/Arch/B/Materials/No Name.mat using Guid(8feca6cb2472ce1418bc63058eef8831) Importer(2089858483,b0f066a214c2f5e87bad3c948f4d605d) (ScriptedImporter) -> (Import Result ID: '8516d01cf1c10db7e2da99b34804920a') in 0.0051344 seconds [static and dynamic dependencies]. Details - ImportResultOutputID=4242b10a66e34e996414478306463f2b DependenciesID=8812582a680156ea21e7a45b3bceac73 StaticDependenciesID=1ad00196abf56253544e9e69003fc6f8 
Number of updated asset objects reloaded before import = 0Number of asset objects unloaded after import = 1

========================================================================
Received Import Request.
  Time since last request: 0.000046 seconds.
  path: Assets/HIVEMIND/CaveOfHiddenTomb/HDRP (Default)/Art/Assets/FirePit/FirePit_B/Materials/MI_AztecTrim_003.mat
  importAddress: Guid(2ed8bc91b5dd93644b1808d34296323f) Importer(2089858483,b0f066a214c2f5e87bad3c948f4d605d)
Start importing Assets/HIVEMIND/CaveOfHiddenTomb/HDRP (Default)/Art/Assets/FirePit/FirePit_B/Materials/MI_AztecTrim_003.mat using Guid(2ed8bc91b5dd93644b1808d34296323f) Importer(2089858483,b0f066a214c2f5e87bad3c948f4d605d) (ScriptedImporter) -> (Import Result ID: 'd24ee2963e3cd32d45ec0b8f8e895a1c') in 0.0044249 seconds [static and dynamic dependencies]. Details - ImportResultOutputID=e91abdfa89a9893bc17fe37b1e599882 DependenciesID=33ba32ecefb7ce2d5f095333c6120b29 StaticDependenciesID=083234c5ba6d5845e79dfe6279cc647b 
Number of updated asset objects reloaded before import = 0Number of asset objects unloaded after import = 1

========================================================================
Received Import Request.
  Time since last request: 0.000017 seconds.
  path: Assets/HIVEMIND/CaveOfHiddenTomb/HDRP (Default)/Art/Assets/Rock/F/Materials/MI_Rock_F.mat
  importAddress: Guid(2018e0ddccb3f2441a1cfcb38b9f82be) Importer(2089858483,b0f066a214c2f5e87bad3c948f4d605d)
Start importing Assets/HIVEMIND/CaveOfHiddenTomb/HDRP (Default)/Art/Assets/Rock/F/Materials/MI_Rock_F.mat using Guid(2018e0ddccb3f2441a1cfcb38b9f82be) Importer(2089858483,b0f066a214c2f5e87bad3c948f4d605d) (ScriptedImporter) -> (Import Result ID: '5441b8c07c666ae734b31a7d46336ce3') in 0.005197 seconds [static and dynamic dependencies]. Details - ImportResultOutputID=13ac011931d5e0cea93971a2505c0210 DependenciesID=5e868b5496558cbf91e8ca8ce0fa14b1 StaticDependenciesID=e850b62b816c6213722add0358af5cd0 
Number of updated asset objects reloaded before import = 0Number of asset objects unloaded after import = 1

========================================================================
Received Import Request.
  Time since last request: 0.000020 seconds.
  path: Assets/HIVEMIND/CaveOfHiddenTomb/HDRP (Default)/Art/Assets/Rock/D/Materials/MI_Rock_D.mat
  importAddress: Guid(38a94d612de87454db045cbdc34629dc) Importer(2089858483,b0f066a214c2f5e87bad3c948f4d605d)
Start importing Assets/HIVEMIND/CaveOfHiddenTomb/HDRP (Default)/Art/Assets/Rock/D/Materials/MI_Rock_D.mat using Guid(38a94d612de87454db045cbdc34629dc) Importer(2089858483,b0f066a214c2f5e87bad3c948f4d605d) (ScriptedImporter) -> (Import Result ID: 'a17fc2067b650b0e3dba557b2f265037') in 0.0051029 seconds [static and dynamic dependencies]. Details - ImportResultOutputID=e6366d4c0a5555ca7cc631ae79a03150 DependenciesID=e509372038e378949f8e4ac8762890c0 StaticDependenciesID=5d18725f91e6453060dc59856a1b4150 
Number of updated asset objects reloaded before import = 0Number of asset objects unloaded after import = 1

========================================================================
Received Import Request.
  Time since last request: 0.000019 seconds.
  path: Assets/HIVEMIND/CaveOfHiddenTomb/HDRP (Default)/Art/Assets/RockWall/C/Materials/MI_RockWall_C_Simple.mat
  importAddress: Guid(436f7aad66ead2547bed6dd4ce01d5b5) Importer(2089858483,b0f066a214c2f5e87bad3c948f4d605d)
Start importing Assets/HIVEMIND/CaveOfHiddenTomb/HDRP (Default)/Art/Assets/RockWall/C/Materials/MI_RockWall_C_Simple.mat using Guid(436f7aad66ead2547bed6dd4ce01d5b5) Importer(2089858483,b0f066a214c2f5e87bad3c948f4d605d) (ScriptedImporter) -> (Import Result ID: 'f2b7d2502f5fa4a977f6cfe0b37ef6ab') in 0.0040122 seconds [static and dynamic dependencies]. Details - ImportResultOutputID=7976de46ae83d0780bf2fc74ed360f45 DependenciesID=591672fca44c65b1e3599a8336b39916 StaticDependenciesID=e022eeebe0966634dbd5ce9a5a7e5a74 
Number of updated asset objects reloaded before import = 0Number of asset objects unloaded after import = 1

========================================================================
Received Import Request.
  Time since last request: 0.000024 seconds.
  path: Assets/HIVEMIND/CaveOfHiddenTomb/HDRP (Default)/Art/Assets/RockWall/A/Materials/MI_RockWall_A_Simple.mat
  importAddress: Guid(cf5ca8e1d136521419414dc7006f19e8) Importer(2089858483,b0f066a214c2f5e87bad3c948f4d605d)
Start importing Assets/HIVEMIND/CaveOfHiddenTomb/HDRP (Default)/Art/Assets/RockWall/A/Materials/MI_RockWall_A_Simple.mat using Guid(cf5ca8e1d136521419414dc7006f19e8) Importer(2089858483,b0f066a214c2f5e87bad3c948f4d605d) (ScriptedImporter) -> (Import Result ID: 'ebf68beb60204015fc29f3275ea7c0f6') in 0.0043255 seconds [static and dynamic dependencies]. Details - ImportResultOutputID=a77fe32f085c3ffe0911af670b8f29ce DependenciesID=e98a9449258157ba4e1929bdf417278b StaticDependenciesID=cddc3898054406b8bfeeaa262bc449a2 
Number of updated asset objects reloaded before import = 0Number of asset objects unloaded after import = 1

========================================================================
Received Import Request.
  Time since last request: 0.000020 seconds.
  path: Assets/HIVEMIND/CaveOfHiddenTomb/HDRP (Default)/Art/Assets/AztecMuralWall/AztecMural/Materials/MI_Wall_Aztec_Edge.mat
  importAddress: Guid(eb95cdf0a09cafc40a102ed4aaaf352f) Importer(2089858483,b0f066a214c2f5e87bad3c948f4d605d)
Start importing Assets/HIVEMIND/CaveOfHiddenTomb/HDRP (Default)/Art/Assets/AztecMuralWall/AztecMural/Materials/MI_Wall_Aztec_Edge.mat using Guid(eb95cdf0a09cafc40a102ed4aaaf352f) Importer(2089858483,b0f066a214c2f5e87bad3c948f4d605d) (ScriptedImporter) -> (Import Result ID: 'f281cd1e18e7d23f1fe8b5ded2c2a172') in 0.0051945 seconds [static and dynamic dependencies]. Details - ImportResultOutputID=9bfd4c7976f768e7eb3efe24cf6c8f9c DependenciesID=19114f20d3266e3ba3a69fccdbf3563a StaticDependenciesID=320c1df89ff4121016b2e14eaaeb1a17 
Number of updated asset objects reloaded before import = 0Number of asset objects unloaded after import = 1

========================================================================
Received Import Request.
  Time since last request: 0.000017 seconds.
  path: Assets/Samples/XR Interaction Toolkit/3.2.1/Starter Assets/DemoSceneAssets/Prefabs/Teleport/Teleport Area.prefab
  importAddress: Guid(beb4e2871579447497fe41dfb108e2cd) Importer(2089858483,e11c23a36db5f54750b8cd40eac0985b)
Start importing Assets/Samples/XR Interaction Toolkit/3.2.1/Starter Assets/DemoSceneAssets/Prefabs/Teleport/Teleport Area.prefab using Guid(beb4e2871579447497fe41dfb108e2cd) Importer(2089858483,e11c23a36db5f54750b8cd40eac0985b) (ScriptedImporter) -> (Import Result ID: '7fc126be5c4a17210b22735064d7f88c') in 0.0149552 seconds [static and dynamic dependencies]. Details - ImportResultOutputID=50f9a4d49b0e66b4b87ff915d8bb5544 DependenciesID=d477d49ab05581e3ca06a7589062dba9 StaticDependenciesID=358ff4206b3256ff0484985561f77ba5 
Number of updated asset objects reloaded before import = 0Number of asset objects unloaded after import = 11

========================================================================
Received Import Request.
  Time since last request: 0.000026 seconds.
  path: Assets/HIVEMIND/CaveOfHiddenTomb/HDRP (Default)/Art/Assets/AztecMuralWall/AztecMural/Materials/No Name.mat
  importAddress: Guid(0d78001fee0d406418928df52484dd66) Importer(2089858483,b0f066a214c2f5e87bad3c948f4d605d)
Start importing Assets/HIVEMIND/CaveOfHiddenTomb/HDRP (Default)/Art/Assets/AztecMuralWall/AztecMural/Materials/No Name.mat using Guid(0d78001fee0d406418928df52484dd66) Importer(2089858483,b0f066a214c2f5e87bad3c948f4d605d) (ScriptedImporter) -> (Import Result ID: '45ba4467198d9a443030aa91962b63d4') in 0.0042153 seconds [static and dynamic dependencies]. Details - ImportResultOutputID=84fc6e96157f77d17d09946006480bb6 DependenciesID=2dbb8728ddd1bf309954af58bdd63716 StaticDependenciesID=9aaa3ecd3d1f24736207cf03eb14d2d3 
Number of updated asset objects reloaded before import = 0Number of asset objects unloaded after import = 1

========================================================================
Received Import Request.
  Time since last request: 0.000025 seconds.
  path: Assets/HIVEMIND/CaveOfHiddenTomb/HDRP (Default)/Art/Assets/StonePlate/G/SM_StonePlate_G.fbx
  importAddress: Guid(abc00000000009966944461003435397) Importer(2089858483,b0f066a214c2f5e87bad3c948f4d605d)
Start importing Assets/HIVEMIND/CaveOfHiddenTomb/HDRP (Default)/Art/Assets/StonePlate/G/SM_StonePlate_G.fbx using Guid(abc00000000009966944461003435397) Importer(2089858483,b0f066a214c2f5e87bad3c948f4d605d) (ScriptedImporter)MaterialLocation.External is obsolete. External Material Location is no longer supported. (Assets/HIVEMIND/CaveOfHiddenTomb/HDRP (Default)/Art/Assets/StonePlate/G/SM_StonePlate_G.fbx)
 -> (Import Result ID: 'd3937820a371a15a4f19cd4d0a9a5258') in 0.011636 seconds [static and dynamic dependencies]. Details - ImportResultOutputID=78262a3df4f72f6b1c4e4290c8ce0eb8 DependenciesID=bf1d39c178fe99eb3704b31bb759129c StaticDependenciesID=24a4d5eb0cbb91f937d80955bcce0192 
Number of updated asset objects reloaded before import = 0Number of asset objects unloaded after import = 39

========================================================================
Received Import Request.
  Time since last request: 0.000014 seconds.
  path: Assets/materials/TextureHaven/wood_4k/wood_4k_textures/brown_planks_04/c34a65956e31500f71f9d01ec31dbe11.jpg
  importAddress: Guid(6f627f31d847aac44a7f5be2382a72fc) Importer(2089858483,b0f066a214c2f5e87bad3c948f4d605d)
Start importing Assets/materials/TextureHaven/wood_4k/wood_4k_textures/brown_planks_04/c34a65956e31500f71f9d01ec31dbe11.jpg using Guid(6f627f31d847aac44a7f5be2382a72fc) Importer(2089858483,b0f066a214c2f5e87bad3c948f4d605d) (ScriptedImporter) -> (Import Result ID: '73a30c11b3fcff65b77337ecf0c3f5e4') in 0.0069149 seconds [static and dynamic dependencies]. Details - ImportResultOutputID=185a9565e4b021f7d375ce24be1aa25f DependenciesID=eb85711ba8d0ec0174b50a589c740ae8 StaticDependenciesID=dc859c88250d53c645e6653916df6af6 
Number of updated asset objects reloaded before import = 0Number of asset objects unloaded after import = 1

========================================================================
Received Import Request.
  Time since last request: 0.000017 seconds.
  path: Assets/HIVEMIND/CaveOfHiddenTomb/HDRP (Default)/Art/Prefabs/SM_EuropeanBeech_Stump_01.prefab
  importAddress: Guid(abc00000000011414400165506211899) Importer(2089858483,e11c23a36db5f54750b8cd40eac0985b)
Start importing Assets/HIVEMIND/CaveOfHiddenTomb/HDRP (Default)/Art/Prefabs/SM_EuropeanBeech_Stump_01.prefab using Guid(abc00000000011414400165506211899) Importer(2089858483,e11c23a36db5f54750b8cd40eac0985b) (ScriptedImporter) -> (Import Result ID: '6e5802a3891d251bed393a6db45ab1c5') in 0.0195749 seconds [static and dynamic dependencies]. Details - ImportResultOutputID=ebafe8da7d942f02debbf81e595b4734 DependenciesID=75bf5a9c5ac7a85f7e9aece9a9cc242a StaticDependenciesID=666c5ba61e8e6fa4742c26d2d4228b38 
Number of updated asset objects reloaded before import = 0Number of asset objects unloaded after import = 35

========================================================================
Received Import Request.
  Time since last request: 0.000020 seconds.
  path: Assets/HIVEMIND/CaveOfHiddenTomb/HDRP (Default)/Art/Prefabs/SM_Arch_A.prefab
  importAddress: Guid(abc00000000010512194002061920249) Importer(2089858483,e11c23a36db5f54750b8cd40eac0985b)
Start importing Assets/HIVEMIND/CaveOfHiddenTomb/HDRP (Default)/Art/Prefabs/SM_Arch_A.prefab using Guid(abc00000000010512194002061920249) Importer(2089858483,e11c23a36db5f54750b8cd40eac0985b) (ScriptedImporter) -> (Import Result ID: 'a79bbda991ac3b2100a494f6871aea28') in 0.0220217 seconds [static and dynamic dependencies]. Details - ImportResultOutputID=fa560abcff10241fa61d50089a77bc07 DependenciesID=af01f923653e8933b2c4246cda866b41 StaticDependenciesID=a3f15e64207a8ed9936b9b832ccadc01 
Number of updated asset objects reloaded before import = 0Number of asset objects unloaded after import = 44

========================================================================
Received Import Request.
  Time since last request: 0.000022 seconds.
  path: Assets/HIVEMIND/CaveOfHiddenTomb/HDRP (Default)/Art/Assets/stalactite/A/Materials/No Name.mat
  importAddress: Guid(bab1c788984469545926ac327a3da88d) Importer(2089858483,b0f066a214c2f5e87bad3c948f4d605d)
Start importing Assets/HIVEMIND/CaveOfHiddenTomb/HDRP (Default)/Art/Assets/stalactite/A/Materials/No Name.mat using Guid(bab1c788984469545926ac327a3da88d) Importer(2089858483,b0f066a214c2f5e87bad3c948f4d605d) (ScriptedImporter) -> (Import Result ID: 'bddbeded792883def5a7aad5b4375332') in 0.0041968 seconds [static and dynamic dependencies]. Details - ImportResultOutputID=d75ae22ae6d627b556a01ffc4796ce68 DependenciesID=dccf8c09930ff40af2611528828999e3 StaticDependenciesID=69eef521aaf214141d3577f27a7475a5 
Number of updated asset objects reloaded before import = 0Number of asset objects unloaded after import = 1

========================================================================
Received Import Request.
  Time since last request: 0.000030 seconds.
  path: Assets/HIVEMIND/CaveOfHiddenTomb/HDRP (Default)/Art/Assets/stalactite/A/Materials/MI_Stalacite_A.mat
  importAddress: Guid(b1c4d69e6eb63b544b5d3c7e66568033) Importer(2089858483,b0f066a214c2f5e87bad3c948f4d605d)
Start importing Assets/HIVEMIND/CaveOfHiddenTomb/HDRP (Default)/Art/Assets/stalactite/A/Materials/MI_Stalacite_A.mat using Guid(b1c4d69e6eb63b544b5d3c7e66568033) Importer(2089858483,b0f066a214c2f5e87bad3c948f4d605d) (ScriptedImporter) -> (Import Result ID: 'eddd75baa948753304539caa8efa560a') in 0.0056711 seconds [static and dynamic dependencies]. Details - ImportResultOutputID=1ef4097028e4ce4bad96de02c06bdfbd DependenciesID=86c6cf72b51a23d201670022e0d769f3 StaticDependenciesID=8cddd9fbcb518c45320c375ff835e45b 
Number of updated asset objects reloaded before import = 0Number of asset objects unloaded after import = 1

========================================================================
Received Import Request.
  Time since last request: 0.000018 seconds.
  path: Assets/HIVEMIND/CaveOfHiddenTomb/HDRP (Default)/Art/Assets/Scanned_Foliage/Foliage/EagleFern/Meshes/SM_EagleFern_M_01.fbx
  importAddress: Guid(abc00000000009692146541316584555) Importer(2089858483,b0f066a214c2f5e87bad3c948f4d605d)
Start importing Assets/HIVEMIND/CaveOfHiddenTomb/HDRP (Default)/Art/Assets/Scanned_Foliage/Foliage/EagleFern/Meshes/SM_EagleFern_M_01.fbx using Guid(abc00000000009692146541316584555) Importer(2089858483,b0f066a214c2f5e87bad3c948f4d605d) (ScriptedImporter)MaterialLocation.External is obsolete. External Material Location is no longer supported. (Assets/HIVEMIND/CaveOfHiddenTomb/HDRP (Default)/Art/Assets/Scanned_Foliage/Foliage/EagleFern/Meshes/SM_EagleFern_M_01.fbx)
 -> (Import Result ID: '626c582badbed108460289c71c470ab6') in 0.0101994 seconds [static and dynamic dependencies]. Details - ImportResultOutputID=ada7d104832a6409c0a81160400b3f86 DependenciesID=769874bda3c12ccdd6154b5cdb5b4c1e StaticDependenciesID=dfd322e8871c6bf05a4ba4b48b4645ff 
Number of updated asset objects reloaded before import = 0Number of asset objects unloaded after import = 32

========================================================================
Received Import Request.
  Time since last request: 0.000017 seconds.
  path: Assets/HIVEMIND/CaveOfHiddenTomb/HDRP (Default)/Art/Assets/Stone/B/Materials/MI_Stone_B.mat
  importAddress: Guid(80ed36885a4153143a346d2c10135315) Importer(2089858483,b0f066a214c2f5e87bad3c948f4d605d)
Start importing Assets/HIVEMIND/CaveOfHiddenTomb/HDRP (Default)/Art/Assets/Stone/B/Materials/MI_Stone_B.mat using Guid(80ed36885a4153143a346d2c10135315) Importer(2089858483,b0f066a214c2f5e87bad3c948f4d605d) (ScriptedImporter) -> (Import Result ID: 'c28c159974f5b3ba2a86104e3d6d89a5') in 0.0051065 seconds [static and dynamic dependencies]. Details - ImportResultOutputID=8467e9132e11cec708a53af63c831280 DependenciesID=f1cfd5ad168654b82e9748e2de136f2e StaticDependenciesID=a6252dc36a385aeb5b5079f8b0066461 
Number of updated asset objects reloaded before import = 0Number of asset objects unloaded after import = 1

========================================================================
Received Import Request.
  Time since last request: 0.000017 seconds.
  path: Assets/HIVEMIND/CaveOfHiddenTomb/HDRP (Default)/Art/Assets/StonePlate/B/Materials/MI_StonePlate_B.mat
  importAddress: Guid(6c2878f075eed5b4bbb4eb5183882739) Importer(2089858483,b0f066a214c2f5e87bad3c948f4d605d)
Start importing Assets/HIVEMIND/CaveOfHiddenTomb/HDRP (Default)/Art/Assets/StonePlate/B/Materials/MI_StonePlate_B.mat using Guid(6c2878f075eed5b4bbb4eb5183882739) Importer(2089858483,b0f066a214c2f5e87bad3c948f4d605d) (ScriptedImporter) -> (Import Result ID: '2d6daad74676167661c6596adf1954ed') in 0.0048372 seconds [static and dynamic dependencies]. Details - ImportResultOutputID=4729b2abd67ba3cd2f55fa6d7717f0cc DependenciesID=c95faa988f916f612a14c0c8cf372c4d StaticDependenciesID=7281131ee2d18bc5f59e155f696cdcb0 
Number of updated asset objects reloaded before import = 0Number of asset objects unloaded after import = 1

========================================================================
Received Import Request.
  Time since last request: 0.000016 seconds.
  path: Assets/HIVEMIND/CaveOfHiddenTomb/HDRP (Default)/Art/Assets/Stone/C/Materials/MI_Stone_C.mat
  importAddress: Guid(1066b61122007c0418f53b343833c39b) Importer(2089858483,b0f066a214c2f5e87bad3c948f4d605d)
Start importing Assets/HIVEMIND/CaveOfHiddenTomb/HDRP (Default)/Art/Assets/Stone/C/Materials/MI_Stone_C.mat using Guid(1066b61122007c0418f53b343833c39b) Importer(2089858483,b0f066a214c2f5e87bad3c948f4d605d) (ScriptedImporter) -> (Import Result ID: '82dba63aa0c162ede6426b692ca005cc') in 0.0048723 seconds [static and dynamic dependencies]. Details - ImportResultOutputID=445306729bd820fa6d8a659a995acdf8 DependenciesID=b5cf5d8c5e1532cca0e4408557e51a0f StaticDependenciesID=6c1c12eb51db6409d12e71080a46e89f 
Number of updated asset objects reloaded before import = 0Number of asset objects unloaded after import = 1

========================================================================
Received Import Request.
  Time since last request: 0.000019 seconds.
  path: Assets/HIVEMIND/CaveOfHiddenTomb/HDRP (Default)/Art/Assets/Stone/B/Materials/No Name.mat
  importAddress: Guid(bb8e6e068d2b73b4d970cb1d44d252ca) Importer(2089858483,b0f066a214c2f5e87bad3c948f4d605d)
Start importing Assets/HIVEMIND/CaveOfHiddenTomb/HDRP (Default)/Art/Assets/Stone/B/Materials/No Name.mat using Guid(bb8e6e068d2b73b4d970cb1d44d252ca) Importer(2089858483,b0f066a214c2f5e87bad3c948f4d605d) (ScriptedImporter) -> (Import Result ID: '0ca749e9594049d26762597419dc0ebb') in 0.0043582 seconds [static and dynamic dependencies]. Details - ImportResultOutputID=19b34f1b578f12ecf0b4631c0f58b795 DependenciesID=cc7ef2455ac54a631ce1df1face66d6d StaticDependenciesID=2759121d054c69b1e99f8b12e8aa9d52 
Number of updated asset objects reloaded before import = 0Number of asset objects unloaded after import = 1

========================================================================
Received Import Request.
  Time since last request: 0.000026 seconds.
  path: Assets/HIVEMIND/CaveOfHiddenTomb/HDRP (Default)/Art/Assets/Sculpt/A/Materials/No Name.mat
  importAddress: Guid(535e79897405e4b41bc69116d5ba86ef) Importer(2089858483,b0f066a214c2f5e87bad3c948f4d605d)
Start importing Assets/HIVEMIND/CaveOfHiddenTomb/HDRP (Default)/Art/Assets/Sculpt/A/Materials/No Name.mat using Guid(535e79897405e4b41bc69116d5ba86ef) Importer(2089858483,b0f066a214c2f5e87bad3c948f4d605d) (ScriptedImporter) -> (Import Result ID: '4851f540c4c41b4a0667018c6561a592') in 0.0039832 seconds [static and dynamic dependencies]. Details - ImportResultOutputID=e40af52ae50c8fefb5389986a9c4b512 DependenciesID=cb90cccf64c7ab807831802865b71525 StaticDependenciesID=0deb94b8e3f34c4cfeeab2b46b2be19a 
Number of updated asset objects reloaded before import = 0Number of asset objects unloaded after import = 1

========================================================================
Received Import Request.
  Time since last request: 0.000020 seconds.
  path: Assets/HIVEMIND/CaveOfHiddenTomb/HDRP (Default)/Art/Assets/stalactite/B/Materials/No Name.mat
  importAddress: Guid(96df4b101c8868d40a168cc659451cb6) Importer(2089858483,b0f066a214c2f5e87bad3c948f4d605d)
Start importing Assets/HIVEMIND/CaveOfHiddenTomb/HDRP (Default)/Art/Assets/stalactite/B/Materials/No Name.mat using Guid(96df4b101c8868d40a168cc659451cb6) Importer(2089858483,b0f066a214c2f5e87bad3c948f4d605d) (ScriptedImporter) -> (Import Result ID: '583f39b7b38dd6cb934b9aee5f6096a7') in 0.0049084 seconds [static and dynamic dependencies]. Details - ImportResultOutputID=827b9b483e9a0a8fcd2aff952e0f54b1 DependenciesID=8dba51c41ce6d0d2ee9e6363b336fc5c StaticDependenciesID=6dc5d571ad6cbfd430903a5074ec6f14 
Number of updated asset objects reloaded before import = 0Number of asset objects unloaded after import = 1

========================================================================
Received Import Request.
  Time since last request: 0.000017 seconds.
  path: Assets/HIVEMIND/CaveOfHiddenTomb/HDRP (Default)/Art/Assets/stalactite/D/Materials/No Name.mat
  importAddress: Guid(948a9d13750807847a3f0f2f4592f08a) Importer(2089858483,b0f066a214c2f5e87bad3c948f4d605d)
Start importing Assets/HIVEMIND/CaveOfHiddenTomb/HDRP (Default)/Art/Assets/stalactite/D/Materials/No Name.mat using Guid(948a9d13750807847a3f0f2f4592f08a) Importer(2089858483,b0f066a214c2f5e87bad3c948f4d605d) (ScriptedImporter) -> (Import Result ID: 'bc9e70f34b213942db1f72e15b37875e') in 0.0046302 seconds [static and dynamic dependencies]. Details - ImportResultOutputID=4c229ab9923973e42c191b611668097c DependenciesID=51e004c07ae06f2d44bcb244f4dda58b StaticDependenciesID=486a4b1edb3a251cc3aac552ebc66bb0 
Number of updated asset objects reloaded before import = 0Number of asset objects unloaded after import = 1

========================================================================
Received Import Request.
  Time since last request: 0.000018 seconds.
  path: Assets/HIVEMIND/CaveOfHiddenTomb/HDRP (Default)/Art/Assets/Stone/A/Materials/No Name.mat
  importAddress: Guid(c11f0775fb9820b49a80a658e01d0896) Importer(2089858483,b0f066a214c2f5e87bad3c948f4d605d)
Start importing Assets/HIVEMIND/CaveOfHiddenTomb/HDRP (Default)/Art/Assets/Stone/A/Materials/No Name.mat using Guid(c11f0775fb9820b49a80a658e01d0896) Importer(2089858483,b0f066a214c2f5e87bad3c948f4d605d) (ScriptedImporter) -> (Import Result ID: 'd9d3387418e76a40ac4431e3e1c889aa') in 0.0051508 seconds [static and dynamic dependencies]. Details - ImportResultOutputID=393684b77871f00f344c3b81d60996d3 DependenciesID=4b266f07ab2e5b8161468ae18377acf3 StaticDependenciesID=884ed408a6b675f896e3416f19bede01 
Number of updated asset objects reloaded before import = 0Number of asset objects unloaded after import = 1

========================================================================
Received Import Request.
  Time since last request: 0.000017 seconds.
  path: Assets/HIVEMIND/CaveOfHiddenTomb/HDRP (Default)/Art/Assets/Scanned_Foliage/Foliage/EuropeanBeech/Meshes/Materials/MI_EuropeanBeech_Bark_NW_01.mat
  importAddress: Guid(9a0d06c1da1a8fe479a1f1272ac5cb67) Importer(2089858483,b0f066a214c2f5e87bad3c948f4d605d)
Start importing Assets/HIVEMIND/CaveOfHiddenTomb/HDRP (Default)/Art/Assets/Scanned_Foliage/Foliage/EuropeanBeech/Meshes/Materials/MI_EuropeanBeech_Bark_NW_01.mat using Guid(9a0d06c1da1a8fe479a1f1272ac5cb67) Importer(2089858483,b0f066a214c2f5e87bad3c948f4d605d) (ScriptedImporter) -> (Import Result ID: '2efdb7523fb680b61a8afd5beca5557e') in 0.0051277 seconds [static and dynamic dependencies]. Details - ImportResultOutputID=62b67e16c54c9788b68884c057ba25e9 DependenciesID=11801f2773b5c4b744ae4864ad149b8c StaticDependenciesID=e955808c6d34f1f7b65c44a0a825891c 
Number of updated asset objects reloaded before import = 0Number of asset objects unloaded after import = 1

========================================================================
Received Import Request.
  Time since last request: 0.000019 seconds.
  path: Assets/HIVEMIND/CaveOfHiddenTomb/HDRP (Default)/Art/Assets/Scanned_Foliage/Foliage/EuropeanBeech/Meshes/SM_EuropeanBeech_Log_01.fbx
  importAddress: Guid(abc00000000001373527991131255092) Importer(2089858483,b0f066a214c2f5e87bad3c948f4d605d)
Start importing Assets/HIVEMIND/CaveOfHiddenTomb/HDRP (Default)/Art/Assets/Scanned_Foliage/Foliage/EuropeanBeech/Meshes/SM_EuropeanBeech_Log_01.fbx using Guid(abc00000000001373527991131255092) Importer(2089858483,b0f066a214c2f5e87bad3c948f4d605d) (ScriptedImporter)MaterialLocation.External is obsolete. External Material Location is no longer supported. (Assets/HIVEMIND/CaveOfHiddenTomb/HDRP (Default)/Art/Assets/Scanned_Foliage/Foliage/EuropeanBeech/Meshes/SM_EuropeanBeech_Log_01.fbx)
 -> (Import Result ID: '9dd8a09cf53160bbf45a0e7a1c429fc8') in 0.0133174 seconds [static and dynamic dependencies]. Details - ImportResultOutputID=436b7ecadaf78be273a1fb6ce8f60cd2 DependenciesID=08d915172dc4d763dfff8c50206039ac StaticDependenciesID=10b90f1d467e88e4f88dde8bbb74c1cd 
Number of updated asset objects reloaded before import = 0Number of asset objects unloaded after import = 34

========================================================================
Received Import Request.
  Time since last request: 0.000021 seconds.
  path: Assets/HIVEMIND/CaveOfHiddenTomb/HDRP (Default)/Art/Assets/Scanned_Foliage/Foliage/Ivy/Meshes/SM_Ivy_Wall_B.fbx
  importAddress: Guid(abc00000000001175652943392867021) Importer(2089858483,b0f066a214c2f5e87bad3c948f4d605d)
Start importing Assets/HIVEMIND/CaveOfHiddenTomb/HDRP (Default)/Art/Assets/Scanned_Foliage/Foliage/Ivy/Meshes/SM_Ivy_Wall_B.fbx using Guid(abc00000000001175652943392867021) Importer(2089858483,b0f066a214c2f5e87bad3c948f4d605d) (ScriptedImporter)MaterialLocation.External is obsolete. External Material Location is no longer supported. (Assets/HIVEMIND/CaveOfHiddenTomb/HDRP (Default)/Art/Assets/Scanned_Foliage/Foliage/Ivy/Meshes/SM_Ivy_Wall_B.fbx)
 -> (Import Result ID: '3d8fd4ded11d81cfb98ab7ece0370024') in 0.0121215 seconds [static and dynamic dependencies]. Details - ImportResultOutputID=bd048bfd87f7758ff42d5aa6fc4e40ac DependenciesID=1a544c4374ff0b464570815ebe2ee035 StaticDependenciesID=489cd63867f59a108a690544ee8549ff 
Number of updated asset objects reloaded before import = 0Number of asset objects unloaded after import = 37

========================================================================
Received Import Request.
  Time since last request: 0.000032 seconds.
  path: Assets/HIVEMIND/CaveOfHiddenTomb/HDRP (Default)/Art/Assets/Scanned_Foliage/Foliage/EagleFern/Meshes/SM_EagleFern_S_04.fbx
  importAddress: Guid(abc00000000007921539485415014742) Importer(2089858483,b0f066a214c2f5e87bad3c948f4d605d)
Start importing Assets/HIVEMIND/CaveOfHiddenTomb/HDRP (Default)/Art/Assets/Scanned_Foliage/Foliage/EagleFern/Meshes/SM_EagleFern_S_04.fbx using Guid(abc00000000007921539485415014742) Importer(2089858483,b0f066a214c2f5e87bad3c948f4d605d) (ScriptedImporter)MaterialLocation.External is obsolete. External Material Location is no longer supported. (Assets/HIVEMIND/CaveOfHiddenTomb/HDRP (Default)/Art/Assets/Scanned_Foliage/Foliage/EagleFern/Meshes/SM_EagleFern_S_04.fbx)
 -> (Import Result ID: 'a96e3746246192f2e3fbcf829f0c5961') in 0.009475 seconds [static and dynamic dependencies]. Details - ImportResultOutputID=9ac9ab8b1f5b10f7e8521387954d9c1e DependenciesID=7d32aaacca14e2a45a0a50c3af946ce8 StaticDependenciesID=bf4eaaf227969db52cbc8d0e896c0679 
Number of updated asset objects reloaded before import = 0Number of asset objects unloaded after import = 32

========================================================================
Received Import Request.
  Time since last request: 0.000019 seconds.
  path: Assets/HIVEMIND/CaveOfHiddenTomb/HDRP (Default)/Art/Assets/Scanned_Foliage/Foliage/EuropeanBeech/Meshes/SM_EuropeanBeech_XS_01.fbx
  importAddress: Guid(abc00000000015495637266506546553) Importer(2089858483,b0f066a214c2f5e87bad3c948f4d605d)
Start importing Assets/HIVEMIND/CaveOfHiddenTomb/HDRP (Default)/Art/Assets/Scanned_Foliage/Foliage/EuropeanBeech/Meshes/SM_EuropeanBeech_XS_01.fbx using Guid(abc00000000015495637266506546553) Importer(2089858483,b0f066a214c2f5e87bad3c948f4d605d) (ScriptedImporter)MaterialLocation.External is obsolete. External Material Location is no longer supported. (Assets/HIVEMIND/CaveOfHiddenTomb/HDRP (Default)/Art/Assets/Scanned_Foliage/Foliage/EuropeanBeech/Meshes/SM_EuropeanBeech_XS_01.fbx)
 -> (Import Result ID: 'ab4fb06daf04e89d7c8d5c73677a7eda') in 0.0104562 seconds [static and dynamic dependencies]. Details - ImportResultOutputID=d47cadd803e0680bd81ac3789f72946f DependenciesID=bc9e41f2c7f4a7236e739e20b1def1b6 StaticDependenciesID=d9be1d2c69be79e56cb3f1a4ee9a7a77 
Number of updated asset objects reloaded before import = 0Number of asset objects unloaded after import = 32

========================================================================
Received Import Request.
  Time since last request: 0.000016 seconds.
  path: Assets/HIVEMIND/CaveOfHiddenTomb/HDRP (Default)/Art/Assets/Scanned_Foliage/Foliage/EuropeanBeech/Meshes/SM_EuropeanBeech_S_02.fbx
  importAddress: Guid(abc00000000005013058909609847428) Importer(2089858483,b0f066a214c2f5e87bad3c948f4d605d)
Start importing Assets/HIVEMIND/CaveOfHiddenTomb/HDRP (Default)/Art/Assets/Scanned_Foliage/Foliage/EuropeanBeech/Meshes/SM_EuropeanBeech_S_02.fbx using Guid(abc00000000005013058909609847428) Importer(2089858483,b0f066a214c2f5e87bad3c948f4d605d) (ScriptedImporter)MaterialLocation.External is obsolete. External Material Location is no longer supported. (Assets/HIVEMIND/CaveOfHiddenTomb/HDRP (Default)/Art/Assets/Scanned_Foliage/Foliage/EuropeanBeech/Meshes/SM_EuropeanBeech_S_02.fbx)
 -> (Import Result ID: '073b4a14f51fac4aa9ae237b49c756ba') in 0.0130062 seconds [static and dynamic dependencies]. Details - ImportResultOutputID=fc9e64022ef5c7da9584c3e7c874d2b5 DependenciesID=a79990581577516bbe885bec3aa6ab44 StaticDependenciesID=e82cb1b3678bf13f026f705ca8977bdc 
Number of updated asset objects reloaded before import = 0Number of asset objects unloaded after import = 32

========================================================================
Received Import Request.
  Time since last request: 0.000021 seconds.
  path: Assets/HIVEMIND/CaveOfHiddenTomb/HDRP (Default)/Art/Assets/Scanned_Foliage/Foliage/EuropeanBeech/Materials/M_EuropeanBeech_Bark_NW_01.mat
  importAddress: Guid(abc00000000001481491248601317361) Importer(2089858483,b0f066a214c2f5e87bad3c948f4d605d)
Start importing Assets/HIVEMIND/CaveOfHiddenTomb/HDRP (Default)/Art/Assets/Scanned_Foliage/Foliage/EuropeanBeech/Materials/M_EuropeanBeech_Bark_NW_01.mat using Guid(abc00000000001481491248601317361) Importer(2089858483,b0f066a214c2f5e87bad3c948f4d605d) (ScriptedImporter) -> (Import Result ID: '30c59156219b4193dda92d3fd9558af3') in 0.0095966 seconds [static and dynamic dependencies]. Details - ImportResultOutputID=f53961dc0cfd541a4d7059eb22875ea1 DependenciesID=519d47c885f75611c71377e2359273ba StaticDependenciesID=7f45271aa5061725c9d8ebb4d0e789cb 
Number of updated asset objects reloaded before import = 0Number of asset objects unloaded after import = 9

========================================================================
Received Import Request.
  Time since last request: 0.000024 seconds.
  path: Assets/HIVEMIND/CaveOfHiddenTomb/HDRP (Default)/Art/Assets/Scanned_Foliage/Foliage/EuropeanBeech/Materials/M_EuropeanBeech_Bark_01.mat
  importAddress: Guid(abc00000000008802734877464043348) Importer(2089858483,b0f066a214c2f5e87bad3c948f4d605d)
Start importing Assets/HIVEMIND/CaveOfHiddenTomb/HDRP (Default)/Art/Assets/Scanned_Foliage/Foliage/EuropeanBeech/Materials/M_EuropeanBeech_Bark_01.mat using Guid(abc00000000008802734877464043348) Importer(2089858483,b0f066a214c2f5e87bad3c948f4d605d) (ScriptedImporter) -> (Import Result ID: '35868d70d27d1e3f086fefd33288592d') in 0.0101885 seconds [static and dynamic dependencies]. Details - ImportResultOutputID=bd4a869cdf0e7afdb42496dbbd3200a5 DependenciesID=ed0776d4bd841de2f658fb895029b251 StaticDependenciesID=3cd84a464c61c0d9a51dc4671228b46d 
Number of updated asset objects reloaded before import = 0Number of asset objects unloaded after import = 9

========================================================================
Received Import Request.
  Time since last request: 0.000024 seconds.
  path: Assets/HIVEMIND/CaveOfHiddenTomb/HDRP (Default)/Art/Assets/Scanned_Foliage/Foliage/Ivy/Materials/M_Ivy_A.mat
  importAddress: Guid(abc00000000000318642840775447952) Importer(2089858483,b0f066a214c2f5e87bad3c948f4d605d)
Start importing Assets/HIVEMIND/CaveOfHiddenTomb/HDRP (Default)/Art/Assets/Scanned_Foliage/Foliage/Ivy/Materials/M_Ivy_A.mat using Guid(abc00000000000318642840775447952) Importer(2089858483,b0f066a214c2f5e87bad3c948f4d605d) (ScriptedImporter) -> (Import Result ID: 'a304babf065fcb44dbb5a8c9d2192e37') in 0.0102359 seconds [static and dynamic dependencies]. Details - ImportResultOutputID=740628e98bb6d122f00bc57b3e7ac633 DependenciesID=2a27ace8cca09aade2c48cfec9f9706e StaticDependenciesID=374a6c39de5cbeb620bc07e9229e8231 
Number of updated asset objects reloaded before import = 0Number of asset objects unloaded after import = 9

========================================================================
Received Import Request.
  Time since last request: 0.000036 seconds.
  path: Assets/HIVEMIND/CaveOfHiddenTomb/HDRP (Default)/Art/Assets/StonePlate/D/Materials/MI_StonePlate_D.mat
  importAddress: Guid(8cccc9bd5fb6fca45b1874b635c781ef) Importer(2089858483,b0f066a214c2f5e87bad3c948f4d605d)
Start importing Assets/HIVEMIND/CaveOfHiddenTomb/HDRP (Default)/Art/Assets/StonePlate/D/Materials/MI_StonePlate_D.mat using Guid(8cccc9bd5fb6fca45b1874b635c781ef) Importer(2089858483,b0f066a214c2f5e87bad3c948f4d605d) (ScriptedImporter) -> (Import Result ID: '0b475dd8d16d8caf974ddc5ba7a92a24') in 0.0051323 seconds [static and dynamic dependencies]. Details - ImportResultOutputID=3763b735d929877e0d0defd6f267bb50 DependenciesID=3afb06afb8946630cff4a0886d011470 StaticDependenciesID=3977865e962aa72b2699aba9cff5e376 
Number of updated asset objects reloaded before import = 0Number of asset objects unloaded after import = 1

========================================================================
Received Import Request.
  Time since last request: 0.000016 seconds.
  path: Assets/Samples/XR Interaction Toolkit/3.2.1/Starter Assets/Presets/XRI Default Right Grab Move.preset
  importAddress: Guid(fdc4f514b7b1e9c4eb39713ad9dd4eba) Importer(2089858483,b0f066a214c2f5e87bad3c948f4d605d)
Start importing Assets/Samples/XR Interaction Toolkit/3.2.1/Starter Assets/Presets/XRI Default Right Grab Move.preset using Guid(fdc4f514b7b1e9c4eb39713ad9dd4eba) Importer(2089858483,b0f066a214c2f5e87bad3c948f4d605d) (ScriptedImporter) -> (Import Result ID: '3fc2eead1b53c2565d491f0103f85975') in 0.0060004 seconds [static and dynamic dependencies]. Details - ImportResultOutputID=d377909df826333c065fabd4ed21e9c8 DependenciesID=e33dcddd269720d7de965177fbc1aab3 StaticDependenciesID=4145d1205307fce96bd106e5aaf05291 
Number of updated asset objects reloaded before import = 0Number of asset objects unloaded after import = 3

========================================================================
Received Import Request.
  Time since last request: 0.000016 seconds.
  path: Assets/Samples/XR Interaction Toolkit/3.2.1/Starter Assets/Presets/XRI Default XR UI Input Module.preset
  importAddress: Guid(2c3e7ff9ab352b74da862a5a8779b276) Importer(2089858483,b0f066a214c2f5e87bad3c948f4d605d)
Start importing Assets/Samples/XR Interaction Toolkit/3.2.1/Starter Assets/Presets/XRI Default XR UI Input Module.preset using Guid(2c3e7ff9ab352b74da862a5a8779b276) Importer(2089858483,b0f066a214c2f5e87bad3c948f4d605d) (ScriptedImporter) -> (Import Result ID: '963d246d4682122ad11499b292ae4b36') in 0.0061686 seconds [static and dynamic dependencies]. Details - ImportResultOutputID=ec19b4ae661f04373bca0e238d408afe DependenciesID=9aa4ed8f33cfef604e81a7c7923745a2 StaticDependenciesID=85b44d29cb3d0341407ec677edf8d63c 
Number of updated asset objects reloaded before import = 0Number of asset objects unloaded after import = 10

========================================================================
Received Import Request.
  Time since last request: 0.000019 seconds.
  path: Assets/HIVEMIND/CaveOfHiddenTomb/HDRP (Default)/Art/AllTextures1K/T_Rock_BC05.png
  importAddress: Guid(abc00000000004564024651658947256) Importer(2089858483,b0f066a214c2f5e87bad3c948f4d605d)
Start importing Assets/HIVEMIND/CaveOfHiddenTomb/HDRP (Default)/Art/AllTextures1K/T_Rock_BC05.png using Guid(abc00000000004564024651658947256) Importer(2089858483,b0f066a214c2f5e87bad3c948f4d605d) (ScriptedImporter) -> (Import Result ID: '5b8b8c3a90b8db3e65cc5c476a31108f') in 0.0064297 seconds [static and dynamic dependencies]. Details - ImportResultOutputID=d4979eb7ac8a02dd9b37f95baaaf603b DependenciesID=6f275abeda2334b40bc07219efab647a StaticDependenciesID=d58f7277b520e103c5ed958f7eb30e7f 
Number of updated asset objects reloaded before import = 0Number of asset objects unloaded after import = 1

========================================================================
Received Import Request.
  Time since last request: 0.000021 seconds.
  path: Assets/Samples/XR Interaction Toolkit/3.2.1/Starter Assets/DemoSceneAssets/Prefabs/UI/Interactive Controls.prefab
  importAddress: Guid(7bbb1960bab3e75459304488d8d1ffba) Importer(2089858483,e11c23a36db5f54750b8cd40eac0985b)
Start importing Assets/Samples/XR Interaction Toolkit/3.2.1/Starter Assets/DemoSceneAssets/Prefabs/UI/Interactive Controls.prefab using Guid(7bbb1960bab3e75459304488d8d1ffba) Importer(2089858483,e11c23a36db5f54750b8cd40eac0985b) (ScriptedImporter) -> (Import Result ID: '2eb5469eee06f466ada051d8527ba3c7') in 0.1246995 seconds [static and dynamic dependencies]. Details - ImportResultOutputID=4478031a260bad67e7225af26148a82d DependenciesID=926df9f757300520b3d16f121471da67 StaticDependenciesID=495fed82f0d70718519f2cfe549eea5a 
Number of updated asset objects reloaded before import = 0Number of asset objects unloaded after import = 364

========================================================================
Received Import Request.
  Time since last request: 0.000023 seconds.
  path: Assets/SunboxGames/ModularDungeonCaves/Textures/RootsLarge/Roots_01_RootsLarge_Normal.png
  importAddress: Guid(3e4fc733a07b1c540a3a8edd3b917098) Importer(2089858483,b0f066a214c2f5e87bad3c948f4d605d)
Start importing Assets/SunboxGames/ModularDungeonCaves/Textures/RootsLarge/Roots_01_RootsLarge_Normal.png using Guid(3e4fc733a07b1c540a3a8edd3b917098) Importer(2089858483,b0f066a214c2f5e87bad3c948f4d605d) (ScriptedImporter) -> (Import Result ID: '580b73a738187862f65e3d27f3dc18e6') in 0.0236961 seconds [static and dynamic dependencies]. Details - ImportResultOutputID=05b28526fe784113893816c7949a616e DependenciesID=46fdfd4f471a4372cf10afe5487914ca StaticDependenciesID=3d32686585acaece9f84048b8134786c 
Number of updated asset objects reloaded before import = 0Number of asset objects unloaded after import = 1

========================================================================
Received Import Request.
  Time since last request: 0.000034 seconds.
  path: Assets/HIVEMIND/CaveOfHiddenTomb/HDRP (Default)/Art/Prefabs/SM_Rock_D.prefab
  importAddress: Guid(abc00000000002176590496076342563) Importer(2089858483,e11c23a36db5f54750b8cd40eac0985b)
Start importing Assets/HIVEMIND/CaveOfHiddenTomb/HDRP (Default)/Art/Prefabs/SM_Rock_D.prefab using Guid(abc00000000002176590496076342563) Importer(2089858483,e11c23a36db5f54750b8cd40eac0985b) (ScriptedImporter) -> (Import Result ID: '05faafd2f253ddac5fb0a7ba13a144d9') in 0.0198566 seconds [static and dynamic dependencies]. Details - ImportResultOutputID=7936f3ff8cd5bef0e98161934141f527 DependenciesID=3a51d2a8942a70fe8ae5c0d350b50a6f StaticDependenciesID=b7587ac0f3ce4630a605aadc1f2fe75e 
Number of updated asset objects reloaded before import = 0Number of asset objects unloaded after import = 33

========================================================================
Received Import Request.
  Time since last request: 0.000019 seconds.
  path: Assets/XR/Animated Hands/Materials/Hands_solid.mat
  importAddress: Guid(3637b758ff163493f8bb8b6d7e96d7ae) Importer(2089858483,b0f066a214c2f5e87bad3c948f4d605d)
Start importing Assets/XR/Animated Hands/Materials/Hands_solid.mat using Guid(3637b758ff163493f8bb8b6d7e96d7ae) Importer(2089858483,b0f066a214c2f5e87bad3c948f4d605d) (ScriptedImporter) -> (Import Result ID: 'fd8a57f6ed4a5d7df837dce6a735828e') in 0.0089986 seconds [static and dynamic dependencies]. Details - ImportResultOutputID=8b21c5183c60ff9614eb4518a96e659c DependenciesID=eec2c5c85d2f1eaba5ace106721d26d4 StaticDependenciesID=5530692d2c437b690296be50ac282145 
Number of updated asset objects reloaded before import = 0Number of asset objects unloaded after import = 2

========================================================================
Received Import Request.
  Time since last request: 0.000019 seconds.
  path: Assets/Samples/XR Interaction Toolkit/3.2.1/Starter Assets/DemoSceneAssets/Prefabs/UI/Dropdown.prefab
  importAddress: Guid(870459f1cb8d7b7428337cc5935feb67) Importer(2089858483,e11c23a36db5f54750b8cd40eac0985b)
Start importing Assets/Samples/XR Interaction Toolkit/3.2.1/Starter Assets/DemoSceneAssets/Prefabs/UI/Dropdown.prefab using Guid(870459f1cb8d7b7428337cc5935feb67) Importer(2089858483,e11c23a36db5f54750b8cd40eac0985b) (ScriptedImporter) -> (Import Result ID: '9b501bc37e56167c900fdd98d901fc35') in 0.0244106 seconds [static and dynamic dependencies]. Details - ImportResultOutputID=1ce6b6b677ea52804d57ec186684fa11 DependenciesID=8e0c408ca18f2e6c1ab17444566ef4f7 StaticDependenciesID=ad2d03735f0a2c308da101d0490c5209 
Number of updated asset objects reloaded before import = 0Number of asset objects unloaded after import = 61

========================================================================
Received Import Request.
  Time since last request: 0.000019 seconds.
  path: Assets/SunboxGames/ModularDungeonCaves/Prefabs/ModularPieces/MediumChamber_03.prefab
  importAddress: Guid(b6e6002f5f549634286c2018a03d96f9) Importer(2089858483,e11c23a36db5f54750b8cd40eac0985b)
Start importing Assets/SunboxGames/ModularDungeonCaves/Prefabs/ModularPieces/MediumChamber_03.prefab using Guid(b6e6002f5f549634286c2018a03d96f9) Importer(2089858483,e11c23a36db5f54750b8cd40eac0985b) (ScriptedImporter) -> (Import Result ID: '255c0a516395141cd72b481b60bffc37') in 0.0136912 seconds [static and dynamic dependencies]. Details - ImportResultOutputID=cd0600d326010d8d7dc5f216dadac206 DependenciesID=d4fe46d55d8a4752f9269f2cd5bc4ff6 StaticDependenciesID=3ef72aee34b09fce7e45ebc8cbc91613 
Number of updated asset objects reloaded before import = 0Number of asset objects unloaded after import = 28

========================================================================
Received Import Request.
  Time since last request: 0.000023 seconds.
  path: Assets/SunboxGames/ModularDungeonCaves/Prefabs/Vines/Vine_03.prefab
  importAddress: Guid(ce6957e64aba77349a40a0063942f64c) Importer(2089858483,e11c23a36db5f54750b8cd40eac0985b)
Start importing Assets/SunboxGames/ModularDungeonCaves/Prefabs/Vines/Vine_03.prefab using Guid(ce6957e64aba77349a40a0063942f64c) Importer(2089858483,e11c23a36db5f54750b8cd40eac0985b) (ScriptedImporter) -> (Import Result ID: '4d1010544c6c2a6d4f4488203411790b') in 0.0078985 seconds [static and dynamic dependencies]. Details - ImportResultOutputID=7309a5938a5217ac3a389dfd778da662 DependenciesID=5ff489472e9e46627fb3d899bf4db011 StaticDependenciesID=b0c76fab1fc66edf41992f2e8c9997df 
Number of updated asset objects reloaded before import = 0Number of asset objects unloaded after import = 9

========================================================================
Received Import Request.
  Time since last request: 0.000032 seconds.
  path: Assets/Samples/XR Interaction Toolkit/3.2.1/Starter Assets/DemoSceneAssets/Prefabs/UI/MinMaxSlider.prefab
  importAddress: Guid(657321a07c3561043af55547ec4b0ed7) Importer(2089858483,e11c23a36db5f54750b8cd40eac0985b)
Start importing Assets/Samples/XR Interaction Toolkit/3.2.1/Starter Assets/DemoSceneAssets/Prefabs/UI/MinMaxSlider.prefab using Guid(657321a07c3561043af55547ec4b0ed7) Importer(2089858483,e11c23a36db5f54750b8cd40eac0985b) (ScriptedImporter) -> (Import Result ID: '0f25b76b25b8f9dd9968d82bb5a467db') in 0.0226951 seconds [static and dynamic dependencies]. Details - ImportResultOutputID=ebf5e2a33a3d7df2b94d206df3772286 DependenciesID=f306634f3ab8de0854329be371997d20 StaticDependenciesID=7cf4dccb4a20768a20e0cf99c9e240d1 
Number of updated asset objects reloaded before import = 0Number of asset objects unloaded after import = 26

Editor requested this worker to shutdown with reason: Scaling down because of idle timeout
AssetImportWorker is now disconnected from the server
Process exiting
Exiting without the bug reporter. Application will terminate with return code 0