[Licensing::Module] Trying to connect to existing licensing client channel...
Built from '6000.4/staging' branch; Version is '6000.4.6f1 (0b051c2e5d54) revision 722204'; Using compiler version '194234433'; Build Type 'Release'
[Licensing::IpcConnector] Successfully connected to: "LicenseClient-15490" at "2026-08-02T21:54:29.1076192Z"
OS: 'Windows 11  (10.0.26200) CoreCountrySpecific' Language: 'zh' Physical Memory: 32212 MB
BatchMode: 1, IsHumanControllingUs: 0, StartBugReporterOnCrash: 0, Is64bit: 1
System  architecture: x64
Process architecture: x64
Date: 2026-08-02T21:54:29Z

COMMAND LINE ARGUMENTS:
D:\unity\Editor\Unity.exe
-adb2
-batchMode
-noUpm
-name
AssetImportWorker4
-projectPath
D:/Yin
-logFile
Logs/AssetImportWorker4.log
-srvPort
2613
-licensingIpc
LicenseClient-15490
-force-d3d12
-job-worker-count
11
-background-job-worker-count
8
-gc-helper-count
1
-name
AssetImport
Successfully changed project path to: D:/Yin
D:/Yin
[UnityMemory] Configuration Parameters - Can be set up in boot.config
    "memorysetup-temp-allocator-size-gi-baking-worker=262144"
    "memorysetup-temp-allocator-size-gi-baking-worker=262144"
    "memorysetup-temp-allocator-size-gi-baking-worker=262144"
    "memorysetup-temp-allocator-size-gi-baking-worker=262144"
    "memorysetup-temp-allocator-size-gi-baking-worker=262144"
    "memorysetup-temp-allocator-size-nav-mesh-worker=65536"
    "memorysetup-temp-allocator-size-audio-worker=65536"
    "memorysetup-temp-allocator-size-cloud-worker=32768"
    "memorysetup-temp-allocator-size-gfx=262144"
    "memorysetup-temp-allocator-size-preload-manager=33554432"
    "memorysetup-temp-allocator-size-job-worker=262144"
    "memorysetup-temp-allocator-size-background-worker=32768"
    "memorysetup-allocator-temp-initial-block-size-main=262144"
    "memorysetup-allocator-temp-initial-block-size-worker=262144"
    "memorysetup-bucket-allocator-granularity=16"
    "memorysetup-bucket-allocator-bucket-count=8"
    "memorysetup-bucket-allocator-block-size=33554432"
    "memorysetup-bucket-allocator-block-count=8"
    "memorysetup-main-allocator-block-size=16777216"
    "memorysetup-thread-allocator-block-size=16777216"
    "memorysetup-gfx-main-allocator-block-size=16777216"
    "memorysetup-gfx-thread-allocator-block-size=16777216"
    "memorysetup-cache-allocator-block-size=4194304"
    "memorysetup-typetree-allocator-block-size=2097152"
    "memorysetup-profiler-bucket-allocator-granularity=16"
    "memorysetup-profiler-bucket-allocator-bucket-count=8"
    "memorysetup-profiler-bucket-allocator-block-size=33554432"
    "memorysetup-profiler-bucket-allocator-block-count=8"
    "memorysetup-profiler-allocator-block-size=16777216"
    "memorysetup-profiler-editor-allocator-block-size=1048576"
    "memorysetup-temp-allocator-size-main=16777216"
    "memorysetup-job-temp-allocator-block-size=2097152"
    "memorysetup-job-temp-allocator-block-size-background=1048576"
    "memorysetup-job-temp-allocator-reduction-small-platforms=262144"
Player connection [43872]  Target information:

Player connection [43872]  * "[IP] 192.168.1.112 [Port] 0 [Flags] 2 [Guid] 2003004900 [EditorId] 2003004900 [Version] 1048832 [Id] WindowsEditor(7,9daY) [Debug] 1 [PackageName] WindowsEditor [ProjectName] Editor" 

Player connection [43872] Host joined multi-casting on [225.0.0.222:54997]...
Player connection [43872] Host joined alternative multi-casting on [225.0.0.222:34997]...
JobSystem: Creating JobQueue using job-worker-count value 11
Input System module state changed to: Initialized.
[Physics::Module] Initialized fallback backend.
[Physics::Module] Id: 0xdecafbad
Library Redirect Path: Library/
[Physics::Module] Selected backend.
[Physics::Module] Name: PhysX
[Physics::Module] Id: 0xf2b8ea05
[Physics::Module] SDK Version: 4.1.2
[Physics::Module] Integration Version: 1.0.0
[Physics::Module] Threading Mode: Multi-Threaded
Refreshing native plugins compatible for Editor in 26.19 ms, found 10 plugins.
Initialize engine version: 6000.4.6f1 (0b051c2e5d54)
[Subsystems] Discovering subsystems at path D:/unity/Editor/Data/Resources/UnitySubsystems
[Subsystems] Discovering subsystems at path D:/Yin/Assets
Forcing GfxDevice: Direct3D 12
GfxDevice: creating device client; kGfxThreadingModeNonThreaded
d3d12: failed to query info queue interface (0x80004002).
Direct3D:
    Version:         Direct3D 12 [level 12.2]
    Renderer:        NVIDIA GeForce RTX 5070 Laptop GPU (ID=0x2d58)
    Vendor:          NVIDIA
    VRAM:            7891 MB
    App VRAM Budget: 7123 MB
    Driver:          32.0.15.9608
Initialize mono
Mono path[0] = 'D:/unity/Editor/Data/Managed'
Mono path[1] = 'D:/unity/Editor/Data/MonoBleedingEdge/lib/mono/unityjit-win32'
Mono config path = 'D:/unity/Editor/Data/MonoBleedingEdge/etc'
Using monoOptions --debugger-agent=transport=dt_socket,embedding=1,server=y,suspend=n,address=127.0.0.1:56160
CodeReloadManager initialized
Begin MonoManager ReloadAssembly
Registering precompiled unity dll's ...
Register platform support module: D:/unity/Editor/Data/PlaybackEngines/WindowsStandaloneSupport/UnityEditor.WindowsStandalone.Extensions.dll
Registered in 0.001338 seconds.
Native extension for WindowsStandalone target not found
[Licensing::Client] Error: HandshakeResponse reported an error:
	ResponseCode: 505
	ResponseStatus: Unsupported protocol version '1.18.1'.
[Licensing::Module] Error: Failed to handshake to channel: "LicenseClient-15490"
[Licensing::IpcConnector] LicenseClient-15490 channel disconnected successfully.
[Licensing::IpcConnector] Successfully connected to: "LicenseClient-15490-6000.4.6" at "2026-08-02T21:54:31.0527461Z"
[Licensing::Client] Code 10 while verifying Licensing Client signature (process Id: 36380, path: "D:/unity/Editor/Data/Resources/Licensing/Client/Unity.Licensing.Client.exe")
[Licensing::Module] LicensingClient has failed validation; ignoring
[Licensing::Client] Handshaking with LicensingClient:
  Version:                 1.18.1+9fbee8e
  Session Id:              8876ba2d96e4431f9e540f2c4aa4649c
  Correlation Id:          8f132c48ba833a145d04de9bbedf03ed
  External correlation Id: 2680554985095731083
  Machine Id:              DJWBFtPZt+einrVuex0hynKXsRc=
[Licensing::Module] Successfully connected to LicensingClient on channel: "LicenseClient-15490-6000.4.6" (connect: 0.00s, validation: 0.00s, handshake: 0.01s)
[Licensing::IpcConnector] Successfully connected to: "LicenseClient-15490-6000.4.6-notifications" at "2026-08-02T21:54:31.0638909Z"
[Licensing::Module] Licensing Background thread has ended after 1.96s
Package Manager log level set to [2]
[Package Manager] Failed to launch server process. Reason: Unity was launched with the -noUpm command-line argument
[Package Manager] Unable to send message (not connected to server process).
[Package Manager] Cannot connect to Unity Package Manager local server
ScheduleIndexationOnStartup MainProcess:False IndexOnStartup:True
Mono: successfully reloaded assembly
- Finished resetting the current domain, in  0.369 seconds
Domain Reload Profiling: 837ms
	BeginReloadAssembly (164ms)
	RebuildCommonClasses (42ms)
	RebuildNativeTypeToScriptingClass (11ms)
	initialDomainReloadingComplete (56ms)
	LoadAllAssembliesAndSetupDomain (194ms)
		LoadAssemblies (162ms)
		AnalyzeDomain (186ms)
			TypeCache.Refresh (185ms)
				TypeCache.ScanAssembly (171ms)
	FinalizeReload (370ms)
		SetupLoadedEditorAssemblies (0ms)
			InitializePlatformSupportModulesInManaged (38ms)
			BeforeProcessingInitializeOnLoad (78ms)
			ProcessInitializeOnLoadAttributes (108ms)
			ProcessInitializeOnLoadMethodAttributes (74ms)
========================================================================
Worker process is ready to serve import requests
Import Worker Mode flag is 0x00
Begin MonoManager ReloadAssembly
[Licensing::Client] Successfully resolved entitlement details
[Licensing::Module] License group:
  Id: 5773964460127-UnityPersXXXX
  Product: Unity Personal
  Type: Assigned
  Expiration: Unlimited
Assembly Assembly-CSharp-Editor-firstpass.dll at Library/ScriptAssemblies/Assembly-CSharp-Editor-firstpass.dll not valid. Loading of assembly skipped.
Assembly Assembly-CSharp-firstpass.dll at Library/ScriptAssemblies/Assembly-CSharp-firstpass.dll not valid. Loading of assembly skipped.
Assembly DocCodeExamples.dll at Library/ScriptAssemblies/DocCodeExamples.dll not valid. Loading of assembly skipped.
Assembly TestNewCustomAssembly.dll at Library/ScriptAssemblies/TestNewCustomAssembly.dll not valid. Loading of assembly skipped.
Assembly Unity.Collections.BurstCompatibilityGen.dll at Library/ScriptAssemblies/Unity.Collections.BurstCompatibilityGen.dll not valid. Loading of assembly skipped.
Assembly Unity.Collections.DocCodeSamples.dll at Library/ScriptAssemblies/Unity.Collections.DocCodeSamples.dll not valid. Loading of assembly skipped.
Assembly Unity.Collections.PerformanceTests.dll at Library/ScriptAssemblies/Unity.Collections.PerformanceTests.dll not valid. Loading of assembly skipped.
Assembly Unity.Collections.Tests.dll at Library/ScriptAssemblies/Unity.Collections.Tests.dll not valid. Loading of assembly skipped.
Assembly Unity.Collections.Tests.Playmode.dll at Library/ScriptAssemblies/Unity.Collections.Tests.Playmode.dll not valid. Loading of assembly skipped.
Assembly Unity.InputSystem.IntegrationTests.dll at Library/ScriptAssemblies/Unity.InputSystem.IntegrationTests.dll not valid. Loading of assembly skipped.
Assembly Unity.Mathematics.Tests.dll at Library/ScriptAssemblies/Unity.Mathematics.Tests.dll not valid. Loading of assembly skipped.
Assembly Unity.Multiplayer.Center.Editor.Tests.dll at Library/ScriptAssemblies/Unity.Multiplayer.Center.Editor.Tests.dll not valid. Loading of assembly skipped.
Assembly Unity.Multiplayer.Center.Tests.dll at Library/ScriptAssemblies/Unity.Multiplayer.Center.Tests.dll not valid. Loading of assembly skipped.
Assembly Unity.Nuget.Mono-Cecil.dll at Library/ScriptAssemblies/Unity.Nuget.Mono-Cecil.dll not valid. Loading of assembly skipped.
Assembly Unity.PathTracing.Editor.Tests.dll at Library/ScriptAssemblies/Unity.PathTracing.Editor.Tests.dll not valid. Loading of assembly skipped.
Assembly Unity.PathTracing.Runtime.Tests.dll at Library/ScriptAssemblies/Unity.PathTracing.Runtime.Tests.dll not valid. Loading of assembly skipped.
Assembly Unity.RenderPipelines.Core.Editor.Tests.dll at Library/ScriptAssemblies/Unity.RenderPipelines.Core.Editor.Tests.dll not valid. Loading of assembly skipped.
Assembly Unity.RenderPipelines.Core.Runtime.Tests.dll at Library/ScriptAssemblies/Unity.RenderPipelines.Core.Runtime.Tests.dll not valid. Loading of assembly skipped.
Assembly Unity.RenderPipelines.Universal.Config.Editor.Tests.dll at Library/ScriptAssemblies/Unity.RenderPipelines.Universal.Config.Editor.Tests.dll not valid. Loading of assembly skipped.
Assembly Unity.RenderPipelines.Universal.Editor.Tests.dll at Library/ScriptAssemblies/Unity.RenderPipelines.Universal.Editor.Tests.dll not valid. Loading of assembly skipped.
Assembly Unity.RenderPipelines.Universal.Runtime.Tests.dll at Library/ScriptAssemblies/Unity.RenderPipelines.Universal.Runtime.Tests.dll not valid. Loading of assembly skipped.
Assembly Unity.Searcher.EditorTests.dll at Library/ScriptAssemblies/Unity.Searcher.EditorTests.dll not valid. Loading of assembly skipped.
Assembly Unity.ShaderGraph.Editor.Tests.dll at Library/ScriptAssemblies/Unity.ShaderGraph.Editor.Tests.dll not valid. Loading of assembly skipped.
Assembly Unity.TextMeshPro.Editor.Tests.dll at Library/ScriptAssemblies/Unity.TextMeshPro.Editor.Tests.dll not valid. Loading of assembly skipped.
Assembly Unity.TextMeshPro.Tests.dll at Library/ScriptAssemblies/Unity.TextMeshPro.Tests.dll not valid. Loading of assembly skipped.
Assembly Unity.UnifiedRayTracing.Editor.Tests.dll at Library/ScriptAssemblies/Unity.UnifiedRayTracing.Editor.Tests.dll not valid. Loading of assembly skipped.
Assembly Unity.XR.CoreUtils.CodeSamples.Tests.dll at Library/ScriptAssemblies/Unity.XR.CoreUtils.CodeSamples.Tests.dll not valid. Loading of assembly skipped.
Assembly Unity.XR.CoreUtils.Editor.Tests.dll at Library/ScriptAssemblies/Unity.XR.CoreUtils.Editor.Tests.dll not valid. Loading of assembly skipped.
Assembly Unity.XR.CoreUtils.Tests.dll at Library/ScriptAssemblies/Unity.XR.CoreUtils.Tests.dll not valid. Loading of assembly skipped.
Assembly Unity.XR.Interaction.Toolkit.Editor.Tests.dll at Library/ScriptAssemblies/Unity.XR.Interaction.Toolkit.Editor.Tests.dll not valid. Loading of assembly skipped.
Assembly Unity.XR.Interaction.Toolkit.Tests.dll at Library/ScriptAssemblies/Unity.XR.Interaction.Toolkit.Tests.dll not valid. Loading of assembly skipped.
Assembly Unity.XR.Management.EditorTests.dll at Library/ScriptAssemblies/Unity.XR.Management.EditorTests.dll not valid. Loading of assembly skipped.
Assembly Unity.XR.Management.TestPackage.dll at Library/ScriptAssemblies/Unity.XR.Management.TestPackage.dll not valid. Loading of assembly skipped.
Assembly Unity.XR.Management.TestPackage.Editor.dll at Library/ScriptAssemblies/Unity.XR.Management.TestPackage.Editor.dll not valid. Loading of assembly skipped.
Assembly Unity.XR.Management.Tests.dll at Library/ScriptAssemblies/Unity.XR.Management.Tests.dll not valid. Loading of assembly skipped.
Assembly Unity.XR.Management.Tests.Standalone.dll at Library/ScriptAssemblies/Unity.XR.Management.Tests.Standalone.dll not valid. Loading of assembly skipped.
Assembly Unity.XR.OpenXR.Editor.Tests.dll at Library/ScriptAssemblies/Unity.XR.OpenXR.Editor.Tests.dll not valid. Loading of assembly skipped.
Assembly Unity.XR.OpenXR.Tests.dll at Library/ScriptAssemblies/Unity.XR.OpenXR.Tests.dll not valid. Loading of assembly skipped.
Assembly Unity.XR.OpenXR.Ubuntu.Tests.dll at Library/ScriptAssemblies/Unity.XR.OpenXR.Ubuntu.Tests.dll not valid. Loading of assembly skipped.
Assembly Unity.XR.TestSupport.dll at Library/ScriptAssemblies/Unity.XR.TestSupport.dll not valid. Loading of assembly skipped.
Assembly UnityEditor.UI.Common.Tests.dll at Library/ScriptAssemblies/UnityEditor.UI.Common.Tests.dll not valid. Loading of assembly skipped.
Assembly UnityEditor.UI.EditorTests.dll at Library/ScriptAssemblies/UnityEditor.UI.EditorTests.dll not valid. Loading of assembly skipped.
Assembly UnityEditor.XR.LegacyInputHelpers.Tests.dll at Library/ScriptAssemblies/UnityEditor.XR.LegacyInputHelpers.Tests.dll not valid. Loading of assembly skipped.
Assembly UnityEngine.SpatialTracking.Tests.dll at Library/ScriptAssemblies/UnityEngine.SpatialTracking.Tests.dll not valid. Loading of assembly skipped.
Assembly UnityEngine.UI.Tests.dll at Library/ScriptAssemblies/UnityEngine.UI.Tests.dll not valid. Loading of assembly skipped.
Assembly UnityEngine.XR.OpenXR.CodeSamples.Editor.Tests.dll at Library/ScriptAssemblies/UnityEngine.XR.OpenXR.CodeSamples.Editor.Tests.dll not valid. Loading of assembly skipped.
Refreshing native plugins compatible for Editor in 8.04 ms, found 10 plugins.
Native extension for WindowsStandalone target not found
[Package Manager] Failed to launch server process. Reason: Unity was launched with the -noUpm command-line argument
[Package Manager] Unable to send message (not connected to server process).
[Package Manager] Cannot connect to Unity Package Manager local server
Refreshing native plugins compatible for Editor in 5.52 ms, found 10 plugins.
[Package Manager] Failed to launch server process. Reason: Unity was launched with the -noUpm command-line argument
[Package Manager] Unable to send message (not connected to server process).
[Package Manager] Cannot connect to Unity Package Manager local server
ScheduleIndexationOnStartup MainProcess:False IndexOnStartup:True
Mono: successfully reloaded assembly
[Package Manager] Failed to launch server process. Reason: Unity was launched with the -noUpm command-line argument
[Package Manager] Unable to send message (not connected to server process).
[Package Manager] Cannot connect to Unity Package Manager local server
[Package Manager] Failed to launch server process. Reason: Unity was launched with the -noUpm command-line argument
[Package Manager] Unable to send message (not connected to server process).
[Package Manager] Cannot connect to Unity Package Manager local server
- Finished resetting the current domain, in  0.955 seconds
Domain Reload Profiling: 1799ms
	BeginReloadAssembly (177ms)
		DisableScriptedObjects (5ms)
		CreateAndSetChildDomain (31ms)
	RebuildCommonClasses (34ms)
	RebuildNativeTypeToScriptingClass (10ms)
	initialDomainReloadingComplete (73ms)
	LoadAllAssembliesAndSetupDomain (549ms)
		LoadAssemblies (382ms)
		AnalyzeDomain (268ms)
			TypeCache.Refresh (200ms)
				TypeCache.ScanAssembly (176ms)
			BuildScriptInfoCaches (54ms)
			ResolveRequiredComponents (12ms)
	FinalizeReload (955ms)
		SetupLoadedEditorAssemblies (0ms)
			BeforeProcessingInitializeOnLoad (135ms)
			ProcessInitializeOnLoadAttributes (471ms)
			ProcessInitializeOnLoadMethodAttributes (117ms)
		AwakeInstancesAfterBackupRestoration (5ms)
Launched and connected shader compiler UnityShaderCompiler.exe after 0.02 seconds
Refreshing native plugins compatible for Editor in 6.96 ms, found 10 plugins.
Unloading 24 Unused Serialized files (Serialized files now loaded: 0)
Unloading 7687 unused Assets / (6.8 MB). Loaded Objects now: 8527.
Memory consumption went from 180.7 MB to 174.0 MB.
Total: 10.256300 ms (FindLiveObjects: 1.016000 ms CreateObjectMapping: 0.971900 ms MarkObjects: 4.627500 ms  DeleteObjects: 3.637700 ms)

========================================================================
Received Import Request.
  Time since last request: 27421.810478 seconds.
  path: Assets/timeline/Timeline_character1Timeline.playable
  importAddress: Guid(358d7213e256b5742ab0d77c72c9afe3) Importer(2089858483,b0f066a214c2f5e87bad3c948f4d605d)
Start importing Assets/timeline/Timeline_character1Timeline.playable using Guid(358d7213e256b5742ab0d77c72c9afe3) Importer(2089858483,b0f066a214c2f5e87bad3c948f4d605d) (ScriptedImporter) -> (Import Result ID: 'e2119ac38c7ab617d3eda346068f09d4') in 0.0929295 seconds [static and dynamic dependencies]. Details - ImportResultOutputID=c35ac891bd64e376d9613c4eb17a67e1 DependenciesID=f008f3966648486aa915592405924d89 StaticDependenciesID=bfae8d409c54959d7041ceb1a4672d75 
Number of updated asset objects reloaded before import = 0Number of asset objects unloaded after import = 8

========================================================================
Received Import Request.
  Time since last request: 0.000028 seconds.
  path: Assets/Resources/Meshy_AI_Ritual_bronze_ding_0703085930_texture.fbx
  importAddress: Guid(b771ad3e13e563641bbccc97c157571d) Importer(2089858483,b0f066a214c2f5e87bad3c948f4d605d)
Start importing Assets/Resources/Meshy_AI_Ritual_bronze_ding_0703085930_texture.fbx using Guid(b771ad3e13e563641bbccc97c157571d) Importer(2089858483,b0f066a214c2f5e87bad3c948f4d605d) (ScriptedImporter) -> (Import Result ID: '60d2f94d26f6c8b1c81e13db0f85355e') in 0.1043185 seconds [static and dynamic dependencies]. Details - ImportResultOutputID=3f5ea6cbf53aedf86e92c6d3a5daf806 DependenciesID=ed335e60508cb722c495d14d3448130f StaticDependenciesID=4c2c514142379eb6799fcff0f0b974a3 
Number of updated asset objects reloaded before import = 0Number of asset objects unloaded after import = 8

========================================================================
Received Import Request.
  Time since last request: 0.000025 seconds.
  path: Assets/Textures/rock_moss_set_02_diff_4k.jpg
  importAddress: Guid(f42b6dd3d4e36fc4bbefbc7e9bcc3b48) Importer(2089858483,b0f066a214c2f5e87bad3c948f4d605d)
Start importing Assets/Textures/rock_moss_set_02_diff_4k.jpg using Guid(f42b6dd3d4e36fc4bbefbc7e9bcc3b48) Importer(2089858483,b0f066a214c2f5e87bad3c948f4d605d) (ScriptedImporter) -> (Import Result ID: '97777a7169947b5806c9d03154987a56') in 0.0253751 seconds [static and dynamic dependencies]. Details - ImportResultOutputID=05fbf5a8d650d590cc0f6a29bcc0468e DependenciesID=0e2aa672d3496bee3110dd0b2cf7bcdb StaticDependenciesID=dd5961145c524137516c6e6aab6380fb 
Number of updated asset objects reloaded before import = 0Number of asset objects unloaded after import = 1

========================================================================
Received Import Request.
  Time since last request: 0.000032 seconds.
  path: Assets/TutorialInfo/Layout.wlt
  importAddress: Guid(eabc9546105bf4accac1fd62a63e88e6) Importer(2089858483,b0f066a214c2f5e87bad3c948f4d605d)
Start importing Assets/TutorialInfo/Layout.wlt using Guid(eabc9546105bf4accac1fd62a63e88e6) Importer(2089858483,b0f066a214c2f5e87bad3c948f4d605d) (ScriptedImporter) -> (Import Result ID: 'd5295a66caff336f0d430a351d6d7103') in 0.0037256 seconds [static and dynamic dependencies]. Details - ImportResultOutputID=89b61d2bfc22e067836fdb0e16b96799 DependenciesID=7727a2ae2d5e5898abd39aebb57d9dbd StaticDependenciesID=8fc76c5d890840b1ecd6a3fa413f5d98 
Number of updated asset objects reloaded before import = 0Number of asset objects unloaded after import = 1

========================================================================
Received Import Request.
  Time since last request: 0.000016 seconds.
  path: Assets/Textures/Mat3d66_15132010_3_59572.jpg
  importAddress: Guid(203c5773096677b46bf3a8fd394b5068) Importer(2089858483,b0f066a214c2f5e87bad3c948f4d605d)
Start importing Assets/Textures/Mat3d66_15132010_3_59572.jpg using Guid(203c5773096677b46bf3a8fd394b5068) Importer(2089858483,b0f066a214c2f5e87bad3c948f4d605d) (ScriptedImporter) -> (Import Result ID: '5aa05baecc9d243f4d1162e233ec2bac') in 0.0069453 seconds [static and dynamic dependencies]. Details - ImportResultOutputID=bafcdac43b82cb410c32d8395b531559 DependenciesID=0d744090138a8168f66ef884872bba5c StaticDependenciesID=36e6329def2c7c23d328bb60b4440317 
Number of updated asset objects reloaded before import = 0Number of asset objects unloaded after import = 1

========================================================================
Received Import Request.
  Time since last request: 0.000019 seconds.
  path: Assets/materials/New Material 6.mat
  importAddress: Guid(fa032119a23621b47b6b065699fbfadb) Importer(2089858483,b0f066a214c2f5e87bad3c948f4d605d)
Start importing Assets/materials/New Material 6.mat using Guid(fa032119a23621b47b6b065699fbfadb) Importer(2089858483,b0f066a214c2f5e87bad3c948f4d605d) (ScriptedImporter) -> (Import Result ID: '9eaaf6086fb698c06f8215454b013c37') in 0.0054408 seconds [static and dynamic dependencies]. Details - ImportResultOutputID=fe9c5df5b1096ade269b91f52aea9fc1 DependenciesID=2ed1744bcca8d3444da0453a7f664cb1 StaticDependenciesID=dd55bd9f8ca738549cb63fc37aa9912e 
Number of updated asset objects reloaded before import = 0Number of asset objects unloaded after import = 1

========================================================================
Received Import Request.
  Time since last request: 0.000017 seconds.
  path: Assets/Scenes/WU1.unity
  importAddress: Guid(fdf9fee13f767de41b60e395a72398d4) Importer(2089858483,e11c23a36db5f54750b8cd40eac0985b)
Start importing Assets/Scenes/WU1.unity using Guid(fdf9fee13f767de41b60e395a72398d4) Importer(2089858483,e11c23a36db5f54750b8cd40eac0985b) (ScriptedImporter)Opening scene 'Assets/Scenes/WU1.unity additively'
d3d12: upload buffer was too small for the requested resource! Size: 16777216. Requested: 37332480.
Problem detected while opening the Scene file: 'Assets/Scenes/WU1.unity'.
Check the following logs for more details.
UnityEngine.Debug:ExtractStackTraceNoAlloc (byte*,int,string)
UnityEngine.StackTraceUtility:ExtractStackTrace ()
UnityEditor.SceneManagement.EditorSceneManager:OpenScene (string,UnityEditor.SceneManagement.OpenSceneMode)
UnityEditor.Search.AssetIndexer:IndexScene (string,bool)
UnityEditor.Search.AssetIndexer:IndexSceneDocument (string,bool)
UnityEditor.Search.AssetIndexer:IndexDocument (string,bool)
UnityEditor.Search.SearchIndexArtifactImporter:OnImportAsset (UnityEditor.AssetImporters.AssetImportContext)
UnityEditor.AssetImporters.ScriptedImporter:GenerateAssetData (UnityEditor.AssetImporters.AssetImportContext)

[C:\build\output\unity\unity\Runtime\PreloadManager\LoadSceneOperation.cpp line 839]

Prefab instance problem. Missing Prefab Asset: '青铜器 (Missing Prefab with guid: 5023915188fc3fd4d9294d5d4e6ce5fb)'
UnityEngine.Debug:ExtractStackTraceNoAlloc (byte*,int,string)
UnityEngine.StackTraceUtility:ExtractStackTrace ()
UnityEditor.SceneManagement.EditorSceneManager:OpenScene (string,UnityEditor.SceneManagement.OpenSceneMode)
UnityEditor.Search.AssetIndexer:IndexScene (string,bool)
UnityEditor.Search.AssetIndexer:IndexSceneDocument (string,bool)
UnityEditor.Search.AssetIndexer:IndexDocument (string,bool)
UnityEditor.Search.SearchIndexArtifactImporter:OnImportAsset (UnityEditor.AssetImporters.AssetImportContext)
UnityEditor.AssetImporters.ScriptedImporter:GenerateAssetData (UnityEditor.AssetImporters.AssetImportContext)

[C:\build\output\unity\unity\Runtime\BaseClasses\ErrorsAndWarningsCapture.cpp line 66]

Loaded scene 'Assets/Scenes/WU1.unity'
	Deserialize:            25.951 ms
	Integration:            226.354 ms
	Integration of assets:  0.325 ms
	Thread Wait Time:       0.008 ms
	Total Operation Time:   252.638 ms
 -> (Import Result ID: '554708f1136d4a7ca74479365658deb6') in 1.1002314 seconds [static and dynamic dependencies]. Details - ImportResultOutputID=c8652fbf96f5dec9822060a424ebc2c3 DependenciesID=1e783c1b23f472ef6c9c617528dde217 StaticDependenciesID=d1532ab8510716a6fc44c0a08910dd4b 
Number of updated asset objects reloaded before import = 0Number of asset objects unloaded after import = 1423

========================================================================
Received Import Request.
  Time since last request: 0.000026 seconds.
  path: Assets/materials/dead_tree_trunk_diff_4k.mat
  importAddress: Guid(62cbb3d9b0b26f74d897e79af9961f41) Importer(2089858483,b0f066a214c2f5e87bad3c948f4d605d)
Start importing Assets/materials/dead_tree_trunk_diff_4k.mat using Guid(62cbb3d9b0b26f74d897e79af9961f41) Importer(2089858483,b0f066a214c2f5e87bad3c948f4d605d) (ScriptedImporter) -> (Import Result ID: '807e58a59c4e867fae10e35b128a7b9b') in 0.0082918 seconds [static and dynamic dependencies]. Details - ImportResultOutputID=7403096e981a661de32530bf1d16508b DependenciesID=3705c77f604768faa87f4dfebc43823a StaticDependenciesID=cbf222a5fe307d7248ce43f020c84795 
Number of updated asset objects reloaded before import = 0Number of asset objects unloaded after import = 2

========================================================================
Received Import Request.
  Time since last request: 0.000035 seconds.
  path: Assets/audio 1/space_sound/两把刷子刷毛 短.wav
  importAddress: Guid(f2e69e467272d2f4c9cccf1ec96b3fef) Importer(2089858483,b0f066a214c2f5e87bad3c948f4d605d)
Start importing Assets/audio 1/space_sound/两把刷子刷毛 短.wav using Guid(f2e69e467272d2f4c9cccf1ec96b3fef) Importer(2089858483,b0f066a214c2f5e87bad3c948f4d605d) (ScriptedImporter) -> (Import Result ID: '58a05b736cf7a4cf73a25c0fe092bdc1') in 0.0065182 seconds [static and dynamic dependencies]. Details - ImportResultOutputID=2b40e21bad16e75b6b1a4557414a4bef DependenciesID=78a6fda34a14e672906e2a9a6d25274c StaticDependenciesID=29e3b5a56c74fe72b8cdf2a7e42f3ea0 
Number of updated asset objects reloaded before import = 0Number of asset objects unloaded after import = 1

========================================================================
Received Import Request.
  Time since last request: 0.000017 seconds.
  path: Assets/materials/Sand_2.mat
  importAddress: Guid(17bb4dc3ff262c5429603646aea15970) Importer(2089858483,b0f066a214c2f5e87bad3c948f4d605d)
Start importing Assets/materials/Sand_2.mat using Guid(17bb4dc3ff262c5429603646aea15970) Importer(2089858483,b0f066a214c2f5e87bad3c948f4d605d) (ScriptedImporter) -> (Import Result ID: 'c4711f27eed53dec79b675f1dc157c1b') in 0.0135715 seconds [static and dynamic dependencies]. Details - ImportResultOutputID=759219443f9ed490a78735c0a484186b DependenciesID=b85ba7187307f62dd55e768a721f121e StaticDependenciesID=a1323699fe181207436b841fc3373e37 
Number of updated asset objects reloaded before import = 0Number of asset objects unloaded after import = 5

========================================================================
Received Import Request.
  Time since last request: 0.000033 seconds.
  path: Assets/Shader Graph/SkyboxGradient.shader
  importAddress: Guid(6b28e3aae66db624d9f10de7867aa3ed) Importer(2089858483,b0f066a214c2f5e87bad3c948f4d605d)
Start importing Assets/Shader Graph/SkyboxGradient.shader using Guid(6b28e3aae66db624d9f10de7867aa3ed) Importer(2089858483,b0f066a214c2f5e87bad3c948f4d605d) (ScriptedImporter) -> (Import Result ID: '777c87f0769444e800d4d76fd571a2b3') in 0.0067918 seconds [static and dynamic dependencies]. Details - ImportResultOutputID=78a1e3d94d9fce0c6b55bb79ca158273 DependenciesID=8be34229e4d0cbb25327f615aedd47a2 StaticDependenciesID=1ca82e2108d9a70ad4ef57a25460a8e8 
Number of updated asset objects reloaded before import = 0Number of asset objects unloaded after import = 1

========================================================================
Received Import Request.
  Time since last request: 0.000018 seconds.
  path: Assets/prefab/XR Origin (VR) with torch.prefab
  importAddress: Guid(315fbf7c1cd5a844aa7782e9b6a05acb) Importer(2089858483,e11c23a36db5f54750b8cd40eac0985b)
Start importing Assets/prefab/XR Origin (VR) with torch.prefab using Guid(315fbf7c1cd5a844aa7782e9b6a05acb) Importer(2089858483,e11c23a36db5f54750b8cd40eac0985b) (ScriptedImporter) -> (Import Result ID: '070f670176f10bf17e50610eb30f6968') in 0.1417353 seconds [static and dynamic dependencies]. Details - ImportResultOutputID=252b8c29dfb8d1d6c23c9d6abbfa620d DependenciesID=a4ab240612bb5a69165288ade6dae71d StaticDependenciesID=d8b8eebbe1e54a2acde59b5ffbbbc68d 
Number of updated asset objects reloaded before import = 0Number of asset objects unloaded after import = 309

========================================================================
Received Import Request.
  Time since last request: 0.000025 seconds.
  path: Assets/Scripts/IgnitableObject.cs
  importAddress: Guid(5349d0d7948d8d54397352ba0e265439) Importer(2089858483,b0f066a214c2f5e87bad3c948f4d605d)
Start importing Assets/Scripts/IgnitableObject.cs using Guid(5349d0d7948d8d54397352ba0e265439) Importer(2089858483,b0f066a214c2f5e87bad3c948f4d605d) (ScriptedImporter) -> (Import Result ID: '89004fe7843314013970857a43258e88') in 0.0030727 seconds [static and dynamic dependencies]. Details - ImportResultOutputID=dfe48c69727d8ab807802094b05f0a78 DependenciesID=f9ace1f77578c55c74df90c7a1228983 StaticDependenciesID=cdac54813a70ab62aed64393db14c99a 
Number of updated asset objects reloaded before import = 0Number of asset objects unloaded after import = 0

========================================================================
Received Import Request.
  Time since last request: 0.000046 seconds.
  path: Assets/audio 1/shenmiao/Echoes of the Unspoken.mp3
  importAddress: Guid(b54d9a5ecdc0c184ab85d7190c492632) Importer(2089858483,b0f066a214c2f5e87bad3c948f4d605d)
Start importing Assets/audio 1/shenmiao/Echoes of the Unspoken.mp3 using Guid(b54d9a5ecdc0c184ab85d7190c492632) Importer(2089858483,b0f066a214c2f5e87bad3c948f4d605d) (ScriptedImporter) -> (Import Result ID: 'c1bc04e73e0d5f81c9b23bbd63eb22ed') in 0.0038781 seconds [static and dynamic dependencies]. Details - ImportResultOutputID=cbfb1305027e6068989a9c572fc66fa9 DependenciesID=b57b266dea7eaba40e7d1efe6fadb383 StaticDependenciesID=f1ee1f9aaa0a42e8f65f64eb86a4849a 
Number of updated asset objects reloaded before import = 0Number of asset objects unloaded after import = 1

========================================================================
Received Import Request.
  Time since last request: 0.000020 seconds.
  path: Assets/Shader Graph/Burn.shadergraph
  importAddress: Guid(134bee22d79e8364b8b16f7d7d8a3ec2) Importer(2089858483,b0f066a214c2f5e87bad3c948f4d605d)
Start importing Assets/Shader Graph/Burn.shadergraph using Guid(134bee22d79e8364b8b16f7d7d8a3ec2) Importer(2089858483,b0f066a214c2f5e87bad3c948f4d605d) (ScriptedImporter) -> (Import Result ID: '8394375768beb965c9caf6f8f5343318') in 0.0117501 seconds [static and dynamic dependencies]. Details - ImportResultOutputID=aac0f3a76019d70f69a030fdd0a9b3db DependenciesID=736713aced5805cd4ef973dab653035a StaticDependenciesID=50a9ed7ef81e8db337617f96277c682d 
Number of updated asset objects reloaded before import = 0Number of asset objects unloaded after import = 5

========================================================================
Received Import Request.
  Time since last request: 0.000022 seconds.
  path: Assets/Scenes/SampleScene.unity
  importAddress: Guid(99c9720ab356a0642a771bea13969a05) Importer(2089858483,e11c23a36db5f54750b8cd40eac0985b)
Start importing Assets/Scenes/SampleScene.unity using Guid(99c9720ab356a0642a771bea13969a05) Importer(2089858483,e11c23a36db5f54750b8cd40eac0985b) (ScriptedImporter)Opening scene 'Assets/Scenes/SampleScene.unity additively'
Loaded scene 'Assets/Scenes/SampleScene.unity'
	Deserialize:            1.733 ms
	Integration:            13.389 ms
	Integration of assets:  0.001 ms
	Thread Wait Time:       0.016 ms
	Total Operation Time:   15.139 ms
 -> (Import Result ID: '76e31267bed3bf6217128b93d41cfe5d') in 0.0938445 seconds [static and dynamic dependencies]. Details - ImportResultOutputID=1c22a2e73c0deb309d3c7d9c23c141bf DependenciesID=af74aeafb48b102aaefbb0b9ca74376d StaticDependenciesID=62ad7818a0ec311d85253459efb85ca7 
Number of updated asset objects reloaded before import = 0Number of asset objects unloaded after import = 188

========================================================================
Received Import Request.
  Time since last request: 0.000026 seconds.
  path: Assets/animation/4_Dig/Dig And Plant Seeds.fbx
  importAddress: Guid(0cb69967913eeeb4ea750afa8eddc5af) Importer(2089858483,b0f066a214c2f5e87bad3c948f4d605d)
Start importing Assets/animation/4_Dig/Dig And Plant Seeds.fbx using Guid(0cb69967913eeeb4ea750afa8eddc5af) Importer(2089858483,b0f066a214c2f5e87bad3c948f4d605d) (ScriptedImporter) -> (Import Result ID: '4b05f5b348899908c29a59ba0d33355c') in 0.0244081 seconds [static and dynamic dependencies]. Details - ImportResultOutputID=aa225ca5e6995a6b434035910773b737 DependenciesID=335d6537f38edcf7f237a7073ed23fe3 StaticDependenciesID=908dfe01154de624282e75ff7fea0ae9 
Number of updated asset objects reloaded before import = 0Number of asset objects unloaded after import = 167

========================================================================
Received Import Request.
  Time since last request: 0.000034 seconds.
  path: Assets/materials/Oracle Bones/Mat3d66_15132010_9_29893.mat
  importAddress: Guid(48593655692e598439125a6fb15f0b38) Importer(2089858483,b0f066a214c2f5e87bad3c948f4d605d)
Start importing Assets/materials/Oracle Bones/Mat3d66_15132010_9_29893.mat using Guid(48593655692e598439125a6fb15f0b38) Importer(2089858483,b0f066a214c2f5e87bad3c948f4d605d) (ScriptedImporter) -> (Import Result ID: '2a3cd36c710b925289d867e01170d0ae') in 0.0071094 seconds [static and dynamic dependencies]. Details - ImportResultOutputID=e7085599bb35630f094bde830f808ce2 DependenciesID=ea590ab163a7545bf07ec1ddf504849b StaticDependenciesID=be5836e391a87ee0d0c5af6c3556d338 
Number of updated asset objects reloaded before import = 0Number of asset objects unloaded after import = 2

========================================================================
Received Import Request.
  Time since last request: 0.000021 seconds.
  path: Assets/materials/Meshy_AI_Hand_of_the_Ancients_0731180511_texture_fbx/Meshy_AI_Hand_of_the_Ancients_0731180511_texture.png
  importAddress: Guid(e4f8d3a2b17d73c4f80c55fe22938980) Importer(2089858483,b0f066a214c2f5e87bad3c948f4d605d)
Start importing Assets/materials/Meshy_AI_Hand_of_the_Ancients_0731180511_texture_fbx/Meshy_AI_Hand_of_the_Ancients_0731180511_texture.png using Guid(e4f8d3a2b17d73c4f80c55fe22938980) Importer(2089858483,b0f066a214c2f5e87bad3c948f4d605d) (ScriptedImporter) -> (Import Result ID: '691204fd02176c9a6ca42b03a553fe60') in 0.0104468 seconds [static and dynamic dependencies]. Details - ImportResultOutputID=f964fd84b0bfe95b9e4105c9ef7d13bf DependenciesID=711bdf7fdcef210b67ca8e008122225d StaticDependenciesID=45e15c0635ab2e12c0f062798c993abe 
Number of updated asset objects reloaded before import = 0Number of asset objects unloaded after import = 1

========================================================================
Received Import Request.
  Time since last request: 0.000017 seconds.
  path: Assets/materials/Oracle Bones/Mat3d66_15132010_4_32655.mat
  importAddress: Guid(1db0470d6e5fe8e4185d7301eb191be5) Importer(2089858483,b0f066a214c2f5e87bad3c948f4d605d)
Start importing Assets/materials/Oracle Bones/Mat3d66_15132010_4_32655.mat using Guid(1db0470d6e5fe8e4185d7301eb191be5) Importer(2089858483,b0f066a214c2f5e87bad3c948f4d605d) (ScriptedImporter) -> (Import Result ID: 'f727dfbe48decc83168c9c2e29ba176c') in 0.0060798 seconds [static and dynamic dependencies]. Details - ImportResultOutputID=1cbcfe27197497556805bc2fd073d09b DependenciesID=2bc170fe3a0d040991b51d4d1a639ad7 StaticDependenciesID=0a0870c982937f64b4a3435af93e2f46 
Number of updated asset objects reloaded before import = 0Number of asset objects unloaded after import = 2

========================================================================
Received Import Request.
  Time since last request: 0.000031 seconds.
  path: Assets/materials/Meshy_AI_Hand_of_the_Ancients_0731180511_texture_fbx/Meshy_AI_Hand_of_the_Ancients_0731180511_texture_roughness.png
  importAddress: Guid(dfc47090155c0dc4ea9a2fcaebb9bc9a) Importer(2089858483,b0f066a214c2f5e87bad3c948f4d605d)
Start importing Assets/materials/Meshy_AI_Hand_of_the_Ancients_0731180511_texture_fbx/Meshy_AI_Hand_of_the_Ancients_0731180511_texture_roughness.png using Guid(dfc47090155c0dc4ea9a2fcaebb9bc9a) Importer(2089858483,b0f066a214c2f5e87bad3c948f4d605d) (ScriptedImporter) -> (Import Result ID: '07f2fd1ace50c16111a44e0817c85011') in 0.0081142 seconds [static and dynamic dependencies]. Details - ImportResultOutputID=9bfbdbb70189fee303f8840a266657c3 DependenciesID=58e7ffdf89fe71ee5784ee382b055438 StaticDependenciesID=eac37cffb434aa21b298a9f370c5b198 
Number of updated asset objects reloaded before import = 0Number of asset objects unloaded after import = 1

========================================================================
Received Import Request.
  Time since last request: 0.000017 seconds.
  path: Assets/Ian's Fire Pack Universal/Textures/Torch_Mask.png
  importAddress: Guid(1f54f22e85edb4a818cb9ad0e89553b2) Importer(2089858483,b0f066a214c2f5e87bad3c948f4d605d)
Start importing Assets/Ian's Fire Pack Universal/Textures/Torch_Mask.png using Guid(1f54f22e85edb4a818cb9ad0e89553b2) Importer(2089858483,b0f066a214c2f5e87bad3c948f4d605d) (ScriptedImporter) -> (Import Result ID: '22c18868ff55a91ca1c8b68a8f6b0a4c') in 0.0060029 seconds [static and dynamic dependencies]. Details - ImportResultOutputID=6e1b32de38699a9dcdac2b6522cc6706 DependenciesID=915c6b31681cf89dd424a40587d3bf97 StaticDependenciesID=b520362b35476f686940a1d1b28ac521 
Number of updated asset objects reloaded before import = 0Number of asset objects unloaded after import = 1

========================================================================
Received Import Request.
  Time since last request: 0.000022 seconds.
  path: Assets/Shader Graph/Test Material/Shader Graphs_Burn 2.mat
  importAddress: Guid(a8e855c14118d7a4a928b8bf9c075422) Importer(2089858483,b0f066a214c2f5e87bad3c948f4d605d)
Start importing Assets/Shader Graph/Test Material/Shader Graphs_Burn 2.mat using Guid(a8e855c14118d7a4a928b8bf9c075422) Importer(2089858483,b0f066a214c2f5e87bad3c948f4d605d) (ScriptedImporter) -> (Import Result ID: '0f410c4b946d70f83a32603b0dcdb3f3') in 0.0081981 seconds [static and dynamic dependencies]. Details - ImportResultOutputID=7ea728e7ec89f28a6f1e1e10cea86e71 DependenciesID=8fb10a3ad2ac8bf5b3d4dec3dda194d9 StaticDependenciesID=d283fefede19b550a6f8d89688e84d87 
Number of updated asset objects reloaded before import = 0Number of asset objects unloaded after import = 7

========================================================================
Received Import Request.
  Time since last request: 0.000029 seconds.
  path: Assets/Ian's Fire Pack Universal/Textures/EmberPile.png
  importAddress: Guid(2bc37f0a4a1a047f3b6f838ca84a0747) Importer(2089858483,b0f066a214c2f5e87bad3c948f4d605d)
Start importing Assets/Ian's Fire Pack Universal/Textures/EmberPile.png using Guid(2bc37f0a4a1a047f3b6f838ca84a0747) Importer(2089858483,b0f066a214c2f5e87bad3c948f4d605d) (ScriptedImporter) -> (Import Result ID: '13abf5ad32b0d3b3cdf98c79a95a84bd') in 0.0088999 seconds [static and dynamic dependencies]. Details - ImportResultOutputID=ff7b72dd94add704f56ce3e248827b77 DependenciesID=decd56ee0af6bfa872a2dede69c0fefb StaticDependenciesID=4db318f48d3464d0afb78cddbe60f913 
Number of updated asset objects reloaded before import = 0Number of asset objects unloaded after import = 1

========================================================================
Received Import Request.
  Time since last request: 0.000019 seconds.
  path: Assets/TextMesh Pro/Resources/LineBreaking Leading Characters.txt
  importAddress: Guid(d82c1b31c7e74239bff1220585707d2b) Importer(2089858483,b0f066a214c2f5e87bad3c948f4d605d)
Start importing Assets/TextMesh Pro/Resources/LineBreaking Leading Characters.txt using Guid(d82c1b31c7e74239bff1220585707d2b) Importer(2089858483,b0f066a214c2f5e87bad3c948f4d605d) (ScriptedImporter) -> (Import Result ID: '0e0734592e9bbd9d47d018d6bf2601b5') in 0.0031735 seconds [static and dynamic dependencies]. Details - ImportResultOutputID=a7bb34348251d09aef5b2139a5f2a2f1 DependenciesID=b4b57beeb4264a473032fc54487d3946 StaticDependenciesID=dda605278c247b9c3f7e62e1f27042f7 
Number of updated asset objects reloaded before import = 0Number of asset objects unloaded after import = 1

========================================================================
Received Import Request.
  Time since last request: 0.000017 seconds.
  path: Assets/Scripts/Gaze/GazeTarget.cs
  importAddress: Guid(fad9d6d7c10d87a4790d3460e730abcf) Importer(2089858483,b0f066a214c2f5e87bad3c948f4d605d)
Start importing Assets/Scripts/Gaze/GazeTarget.cs using Guid(fad9d6d7c10d87a4790d3460e730abcf) Importer(2089858483,b0f066a214c2f5e87bad3c948f4d605d) (ScriptedImporter) -> (Import Result ID: '8c5f3c4bedf8a6170d55d889d65d25a1') in 0.0036221 seconds [static and dynamic dependencies]. Details - ImportResultOutputID=8a5a9e6b4bbf6ccb74acc0be1f6b7da4 DependenciesID=fb2c9bf722999d91427554db0124b8b9 StaticDependenciesID=3ca8cfaf9d61a6ef0f2a65f0f7d0969d 
Number of updated asset objects reloaded before import = 0Number of asset objects unloaded after import = 0

========================================================================
Received Import Request.
  Time since last request: 0.000018 seconds.
  path: Assets/materials/Oracle Bones/Mat3d66_15132010_13_22806.mat
  importAddress: Guid(ae45693c51177c54582b3c9db504e9c7) Importer(2089858483,b0f066a214c2f5e87bad3c948f4d605d)
Start importing Assets/materials/Oracle Bones/Mat3d66_15132010_13_22806.mat using Guid(ae45693c51177c54582b3c9db504e9c7) Importer(2089858483,b0f066a214c2f5e87bad3c948f4d605d) (ScriptedImporter) -> (Import Result ID: '6db32401808a1544bbdf1831385d3fc7') in 0.0053261 seconds [static and dynamic dependencies]. Details - ImportResultOutputID=d2b93bb790a5eaeb404f4c33b719951d DependenciesID=23ff84b7d7416111d2b3babd022671bd StaticDependenciesID=6944393fe6506ede888f49a3aefa8285 
Number of updated asset objects reloaded before import = 0Number of asset objects unloaded after import = 2

========================================================================
Received Import Request.
  Time since last request: 0.000024 seconds.
  path: Assets/materials/Oracle Bones/Mat3d66_15132010_11_43945.mat
  importAddress: Guid(9376bbb7e2e5ceb45802af4a2751b108) Importer(2089858483,b0f066a214c2f5e87bad3c948f4d605d)
Start importing Assets/materials/Oracle Bones/Mat3d66_15132010_11_43945.mat using Guid(9376bbb7e2e5ceb45802af4a2751b108) Importer(2089858483,b0f066a214c2f5e87bad3c948f4d605d) (ScriptedImporter) -> (Import Result ID: '16b9ee958e67e610e2d9ee16dd02f3e4') in 0.0053741 seconds [static and dynamic dependencies]. Details - ImportResultOutputID=b6f1b12f0ed5fb34b26ef5ab74c31149 DependenciesID=b420858d41fec4abe8754c7ac7ad02af StaticDependenciesID=1bf54c65e429311b1fa1ff6f31d95a19 
Number of updated asset objects reloaded before import = 0Number of asset objects unloaded after import = 2

========================================================================
Received Import Request.
  Time since last request: 0.000024 seconds.
  path: Assets/Scripts/Gaze/GazeAudioAction.cs
  importAddress: Guid(86f29c7631ad09c40b5922d22c0d6497) Importer(2089858483,b0f066a214c2f5e87bad3c948f4d605d)
Start importing Assets/Scripts/Gaze/GazeAudioAction.cs using Guid(86f29c7631ad09c40b5922d22c0d6497) Importer(2089858483,b0f066a214c2f5e87bad3c948f4d605d) (ScriptedImporter) -> (Import Result ID: 'f82b55ec473605b69e5ffceda03b3e76') in 0.0036665 seconds [static and dynamic dependencies]. Details - ImportResultOutputID=6cc2c6adfc473f30d00e0a64a06ac2e9 DependenciesID=9bad924e44248b342563c505559063b8 StaticDependenciesID=3500c3ea11282742d7f1fc7dbc0b7d92 
Number of updated asset objects reloaded before import = 0Number of asset objects unloaded after import = 0

========================================================================
Received Import Request.
  Time since last request: 0.000024 seconds.
  path: Assets/materials/Meshy_AI_Runic_Stone_Fragment_0801055037_texture_fbx/Meshy_AI_Runic_Stone_Fragment_0801055037_texture_roughness.png
  importAddress: Guid(e3f2b24ea37f7f4469bed350ad0b6915) Importer(2089858483,b0f066a214c2f5e87bad3c948f4d605d)
Start importing Assets/materials/Meshy_AI_Runic_Stone_Fragment_0801055037_texture_fbx/Meshy_AI_Runic_Stone_Fragment_0801055037_texture_roughness.png using Guid(e3f2b24ea37f7f4469bed350ad0b6915) Importer(2089858483,b0f066a214c2f5e87bad3c948f4d605d) (ScriptedImporter) -> (Import Result ID: '7fac8e795bb487f7f3b8cbe73a536751') in 0.0087709 seconds [static and dynamic dependencies]. Details - ImportResultOutputID=d4578b1a8f47e2263c01575d430ff84a DependenciesID=53ffcac0770be8f0b54edb80865759fc StaticDependenciesID=3d445d90121e8e4f05cb1f083b21e942 
Number of updated asset objects reloaded before import = 0Number of asset objects unloaded after import = 1

========================================================================
Received Import Request.
  Time since last request: 0.000045 seconds.
  path: Assets/Shader Graph/Test Material/Shader Graphs_Burn.mat
  importAddress: Guid(693a2eccfc536914b9cccf43380bdb42) Importer(2089858483,b0f066a214c2f5e87bad3c948f4d605d)
Start importing Assets/Shader Graph/Test Material/Shader Graphs_Burn.mat using Guid(693a2eccfc536914b9cccf43380bdb42) Importer(2089858483,b0f066a214c2f5e87bad3c948f4d605d) (ScriptedImporter) -> (Import Result ID: '7b90c06b7d0733b87064badfac6f6821') in 0.0093204 seconds [static and dynamic dependencies]. Details - ImportResultOutputID=d624208711fa40d69ff398f877e5076e DependenciesID=943cb37b50ca975e319dd32c2f2af04d StaticDependenciesID=06ac9660c61161aa81a41bc52084946f 
Number of updated asset objects reloaded before import = 0Number of asset objects unloaded after import = 7

========================================================================
Received Import Request.
  Time since last request: 0.000024 seconds.
  path: Assets/materials/Oracle Bones/Mat3d66_15132010_7_24668.mat
  importAddress: Guid(eaf0ef5ed8143cb488ddd89924dc14bd) Importer(2089858483,b0f066a214c2f5e87bad3c948f4d605d)
Start importing Assets/materials/Oracle Bones/Mat3d66_15132010_7_24668.mat using Guid(eaf0ef5ed8143cb488ddd89924dc14bd) Importer(2089858483,b0f066a214c2f5e87bad3c948f4d605d) (ScriptedImporter) -> (Import Result ID: 'b32a3925dacfef20ca15ba69b59e2794') in 0.0068856 seconds [static and dynamic dependencies]. Details - ImportResultOutputID=5aa25e560a408d84bef6fc3e628f8627 DependenciesID=36ecf31d1bdbfb6f213c3e9629b39de7 StaticDependenciesID=3f0fa480b83127d63e8c293d9031e526 
Number of updated asset objects reloaded before import = 0Number of asset objects unloaded after import = 2

========================================================================
Received Import Request.
  Time since last request: 0.000024 seconds.
  path: Assets/materials/New Material 1.mat
  importAddress: Guid(663fa6a5fe0552f4eae8efacba2a819d) Importer(2089858483,b0f066a214c2f5e87bad3c948f4d605d)
Start importing Assets/materials/New Material 1.mat using Guid(663fa6a5fe0552f4eae8efacba2a819d) Importer(2089858483,b0f066a214c2f5e87bad3c948f4d605d) (ScriptedImporter) -> (Import Result ID: 'b054979653da7c6a74835c22882a2c37') in 0.0086788 seconds [static and dynamic dependencies]. Details - ImportResultOutputID=080971239c35bbade9400b8690b31da6 DependenciesID=1beba15f01c62e2da7e4d9c070294b36 StaticDependenciesID=c8984546d605fd3340d5bd991ddbe752 
Number of updated asset objects reloaded before import = 0Number of asset objects unloaded after import = 2

========================================================================
Received Import Request.
  Time since last request: 0.000021 seconds.
  path: Assets/materials/Meshy_AI_Fragmented_Cuneiform__0801054947_texture_fbx/Meshy_AI_Fragmented_Cuneiform__0801054947_texture.fbx
  importAddress: Guid(3f9451ea984067f4a82f64c302162008) Importer(2089858483,b0f066a214c2f5e87bad3c948f4d605d)
Start importing Assets/materials/Meshy_AI_Fragmented_Cuneiform__0801054947_texture_fbx/Meshy_AI_Fragmented_Cuneiform__0801054947_texture.fbx using Guid(3f9451ea984067f4a82f64c302162008) Importer(2089858483,b0f066a214c2f5e87bad3c948f4d605d) (ScriptedImporter) -> (Import Result ID: '3bb069737ec1c207f0e5552723060c04') in 0.0450719 seconds [static and dynamic dependencies]. Details - ImportResultOutputID=066b7737ffb7e9915939c7f853dcd85d DependenciesID=dff300ec56692571f8d565c326d1b538 StaticDependenciesID=efa18ab1e6996e9d031c8eddc7411afd 
Number of updated asset objects reloaded before import = 0Number of asset objects unloaded after import = 8

========================================================================
Received Import Request.
  Time since last request: 0.000022 seconds.
  path: Assets/materials/textures/Meshy_AI_Ritual_bronze_ding_0703085930_texture.png
  importAddress: Guid(01b982c28311ce243bc58bcec7acb3e1) Importer(2089858483,b0f066a214c2f5e87bad3c948f4d605d)
Start importing Assets/materials/textures/Meshy_AI_Ritual_bronze_ding_0703085930_texture.png using Guid(01b982c28311ce243bc58bcec7acb3e1) Importer(2089858483,b0f066a214c2f5e87bad3c948f4d605d) (ScriptedImporter) -> (Import Result ID: '3fb3c5e7ef52820c75be6de0d88c4e4d') in 0.0104088 seconds [static and dynamic dependencies]. Details - ImportResultOutputID=195655d8a7f5513dc6208c370a00a87e DependenciesID=2bb6efe185a457aca533b5f97cde7d10 StaticDependenciesID=7bdbfff95825cbff76febf868ed0ffa1 
Number of updated asset objects reloaded before import = 0Number of asset objects unloaded after import = 1

========================================================================
Received Import Request.
  Time since last request: 0.000035 seconds.
  path: Assets/audio 1/tomb/3洞穴环境音.wav
  importAddress: Guid(2b97b349fc8c2634796eb4e09b0544dd) Importer(2089858483,b0f066a214c2f5e87bad3c948f4d605d)
Start importing Assets/audio 1/tomb/3洞穴环境音.wav using Guid(2b97b349fc8c2634796eb4e09b0544dd) Importer(2089858483,b0f066a214c2f5e87bad3c948f4d605d) (ScriptedImporter) -> (Import Result ID: 'd0faa3997e5794047918bbf5748353f1') in 0.0051895 seconds [static and dynamic dependencies]. Details - ImportResultOutputID=b1557fe0cfd175fcc8e7424dc3800b8e DependenciesID=d7a26bfee0d1c11b09d0b5400618863f StaticDependenciesID=6abf06faab5e494d30e532e251176c42 
Number of updated asset objects reloaded before import = 0Number of asset objects unloaded after import = 1

========================================================================
Received Import Request.
  Time since last request: 0.000023 seconds.
  path: Assets/Textures/Mat3d66_15132010_9_29893.jpg
  importAddress: Guid(3338d0aab89312d41bca5504a48ab4b9) Importer(2089858483,b0f066a214c2f5e87bad3c948f4d605d)
Start importing Assets/Textures/Mat3d66_15132010_9_29893.jpg using Guid(3338d0aab89312d41bca5504a48ab4b9) Importer(2089858483,b0f066a214c2f5e87bad3c948f4d605d) (ScriptedImporter) -> (Import Result ID: '0b19c9aa2f9d9e3b961b30eb795bfb62') in 0.0062423 seconds [static and dynamic dependencies]. Details - ImportResultOutputID=6a1571808050810cd7c13a2fdfaf4ed7 DependenciesID=f18e8f159d608b7d9576ca5d6703cb2e StaticDependenciesID=979209a05661f62f9972668b1472fc72 
Number of updated asset objects reloaded before import = 0Number of asset objects unloaded after import = 1

========================================================================
Received Import Request.
  Time since last request: 0.000022 seconds.
  path: Assets/audio 1/tomb/6清洁刷声.m4a
  importAddress: Guid(dccfbc0c9f8e1984cb2c044eebabcd5f) Importer(2089858483,b0f066a214c2f5e87bad3c948f4d605d)
Start importing Assets/audio 1/tomb/6清洁刷声.m4a using Guid(dccfbc0c9f8e1984cb2c044eebabcd5f) Importer(2089858483,b0f066a214c2f5e87bad3c948f4d605d) (ScriptedImporter) -> (Import Result ID: '4b6b829dc24cd97c9238fb04f2e922b5') in 0.0036278 seconds [static and dynamic dependencies]. Details - ImportResultOutputID=b14c9169aff8a0bf29119ec8211818a2 DependenciesID=ce5c2d6fc1f9f14bbf14ab2965f6fe88 StaticDependenciesID=54504e92dc799636bdf67a2bdd2a1aaa 
Number of updated asset objects reloaded before import = 0Number of asset objects unloaded after import = 1

========================================================================
Received Import Request.
  Time since last request: 0.000017 seconds.
  path: Assets/audio 1/space_sound/挖掘机 快3分钟.wav
  importAddress: Guid(a61ad862b1d9e954fae595ca25f20c91) Importer(2089858483,b0f066a214c2f5e87bad3c948f4d605d)
Start importing Assets/audio 1/space_sound/挖掘机 快3分钟.wav using Guid(a61ad862b1d9e954fae595ca25f20c91) Importer(2089858483,b0f066a214c2f5e87bad3c948f4d605d) (ScriptedImporter) -> (Import Result ID: '9f7eb453bfa13f7992531c5ba2bb1119') in 0.0036859 seconds [static and dynamic dependencies]. Details - ImportResultOutputID=3c4c56c72cfb90acc9a90d83d91cb8c3 DependenciesID=4d0a9ac2ad66c2f29922bc26a1c2bb97 StaticDependenciesID=3e7b7105ae3e42901b9ea16a9d1662ac 
Number of updated asset objects reloaded before import = 0Number of asset objects unloaded after import = 1

========================================================================
Received Import Request.
  Time since last request: 0.000019 seconds.
  path: Assets/Resources/巫22222.fbx
  importAddress: Guid(d373075b49e13aa4fb5e14e880708f86) Importer(2089858483,b0f066a214c2f5e87bad3c948f4d605d)
Start importing Assets/Resources/巫22222.fbx using Guid(d373075b49e13aa4fb5e14e880708f86) Importer(2089858483,b0f066a214c2f5e87bad3c948f4d605d) (ScriptedImporter) -> (Import Result ID: '29c1a641afcec58c0b7068c15285ef1c') in 2.8703441 seconds [static and dynamic dependencies]. Details - ImportResultOutputID=dd390862788d29300cdf2889cde5ea6c DependenciesID=eb20fd3f751d13f85ce04760ca402571 StaticDependenciesID=3d1c4149b5e926ef82bc74e6a0dabfc9 
Number of updated asset objects reloaded before import = 0Number of asset objects unloaded after import = 22809

========================================================================
Received Import Request.
  Time since last request: 0.000027 seconds.
  path: Assets/TripoModels/ancient_ceremonial_statue_3d_model/Materials/ancient_ceremonial_statue_3d_model_basecolor.mat
  importAddress: Guid(36cb3e481ead06e47b8a1fd303a1948a) Importer(2089858483,b0f066a214c2f5e87bad3c948f4d605d)
Start importing Assets/TripoModels/ancient_ceremonial_statue_3d_model/Materials/ancient_ceremonial_statue_3d_model_basecolor.mat using Guid(36cb3e481ead06e47b8a1fd303a1948a) Importer(2089858483,b0f066a214c2f5e87bad3c948f4d605d) (ScriptedImporter) -> (Import Result ID: '31e10265edbf840c646965cc9f44dfc1') in 0.0407188 seconds [static and dynamic dependencies]. Details - ImportResultOutputID=314ca739baa7d50200195000803faa3c DependenciesID=61913deb3848c498a88e2832773d4f48 StaticDependenciesID=07bf2a05ff2b4ed1c502625772731e5b 
Number of updated asset objects reloaded before import = 0Number of asset objects unloaded after import = 4

========================================================================
Received Import Request.
  Time since last request: 0.000034 seconds.
  path: Assets/TripoModels/ancient_goddess_statue_3d_model/ancient_goddess_statue_3d_model.fbm/ancient_goddess_statue_3d_model_normal.JPEG
  importAddress: Guid(ba3ec43a463fbeb479c195703c94bd8d) Importer(2089858483,b0f066a214c2f5e87bad3c948f4d605d)
Start importing Assets/TripoModels/ancient_goddess_statue_3d_model/ancient_goddess_statue_3d_model.fbm/ancient_goddess_statue_3d_model_normal.JPEG using Guid(ba3ec43a463fbeb479c195703c94bd8d) Importer(2089858483,b0f066a214c2f5e87bad3c948f4d605d) (ScriptedImporter) -> (Import Result ID: '59c7bd4f9c16c4bc219053d498a048fa') in 0.0077748 seconds [static and dynamic dependencies]. Details - ImportResultOutputID=0f4619936205b2674320e5300c413dff DependenciesID=41892102ea3cca35400e738cd7f204fa StaticDependenciesID=93fb490264f08406ba45b29230e1bb16 
Number of updated asset objects reloaded before import = 0Number of asset objects unloaded after import = 1

========================================================================
Received Import Request.
  Time since last request: 0.000020 seconds.
  path: Assets/TripoModels/ancient_chinese_statue_3d_model_2/ancient_chinese_statue_3d_model_2.fbm/ancient_chinese_statue_3d_model_metallic_Smoothness.png
  importAddress: Guid(bdee0e3d545c4574c803e9f8679aa015) Importer(2089858483,b0f066a214c2f5e87bad3c948f4d605d)
Start importing Assets/TripoModels/ancient_chinese_statue_3d_model_2/ancient_chinese_statue_3d_model_2.fbm/ancient_chinese_statue_3d_model_metallic_Smoothness.png using Guid(bdee0e3d545c4574c803e9f8679aa015) Importer(2089858483,b0f066a214c2f5e87bad3c948f4d605d) (ScriptedImporter) -> (Import Result ID: '241a9f3342d97f55c86d490890bd1a15') in 0.0094322 seconds [static and dynamic dependencies]. Details - ImportResultOutputID=7ddeab7739e43bf2a06585080fc21d97 DependenciesID=628230a46686e438f7141509c024285c StaticDependenciesID=ed57d279c2afa562d362d9a2af08647d 
Number of updated asset objects reloaded before import = 0Number of asset objects unloaded after import = 1

========================================================================
Received Import Request.
  Time since last request: 0.000020 seconds.
  path: Assets/TripoModels/ancient_statue_3d_model_3/ancient_statue_3d_model_3.fbm/ancient_statue_3d_model_normal.JPEG
  importAddress: Guid(6b7586adfd149694890276b36469517e) Importer(2089858483,b0f066a214c2f5e87bad3c948f4d605d)
Start importing Assets/TripoModels/ancient_statue_3d_model_3/ancient_statue_3d_model_3.fbm/ancient_statue_3d_model_normal.JPEG using Guid(6b7586adfd149694890276b36469517e) Importer(2089858483,b0f066a214c2f5e87bad3c948f4d605d) (ScriptedImporter) -> (Import Result ID: 'd5e15663285c5c9aa8b51cebc3fb7cd2') in 0.0102449 seconds [static and dynamic dependencies]. Details - ImportResultOutputID=70b8522ff7c41cc0cc40f89333f6e3ce DependenciesID=df464964ce14700e7d8e5d59c1773f38 StaticDependenciesID=5337b263d75e17ac57f4b15613109a7a 
Number of updated asset objects reloaded before import = 0Number of asset objects unloaded after import = 1

========================================================================
Received Import Request.
  Time since last request: 0.000021 seconds.
  path: Assets/TripoModels/ancient_chinese_statue_3d_model_4/ancient_chinese_statue_3d_model_4.fbm/ancient_chinese_statue_3d_model_normal.JPEG
  importAddress: Guid(396a8612e4a450b4fbac1e4059a894f0) Importer(2089858483,b0f066a214c2f5e87bad3c948f4d605d)
Start importing Assets/TripoModels/ancient_chinese_statue_3d_model_4/ancient_chinese_statue_3d_model_4.fbm/ancient_chinese_statue_3d_model_normal.JPEG using Guid(396a8612e4a450b4fbac1e4059a894f0) Importer(2089858483,b0f066a214c2f5e87bad3c948f4d605d) (ScriptedImporter) -> (Import Result ID: '267a2bbd26857b603ba212963b7c5336') in 0.0105435 seconds [static and dynamic dependencies]. Details - ImportResultOutputID=31831306af82b42e62664fc13ee283da DependenciesID=89be8dd22ddcee7ad7c7c63d8da9f5a3 StaticDependenciesID=88f94cc9a2745cc7de024673715b8eea 
Number of updated asset objects reloaded before import = 0Number of asset objects unloaded after import = 1

========================================================================
Received Import Request.
  Time since last request: 0.000020 seconds.
  path: Assets/TripoModels/ancient_chinese_statue_3d_model_3/ancient_chinese_statue_3d_model_3.fbm/ancient_chinese_statue_3d_model_normal.JPEG
  importAddress: Guid(5b363a1c64ded7648b23294f9cc015df) Importer(2089858483,b0f066a214c2f5e87bad3c948f4d605d)
Start importing Assets/TripoModels/ancient_chinese_statue_3d_model_3/ancient_chinese_statue_3d_model_3.fbm/ancient_chinese_statue_3d_model_normal.JPEG using Guid(5b363a1c64ded7648b23294f9cc015df) Importer(2089858483,b0f066a214c2f5e87bad3c948f4d605d) (ScriptedImporter) -> (Import Result ID: '2dba27f5dfceeac4576b1ad5c905e790') in 0.0090237 seconds [static and dynamic dependencies]. Details - ImportResultOutputID=f9f8ebfa50f1d7c487bab5f311b9420b DependenciesID=45a3e4618084f33ee81499a63fc96638 StaticDependenciesID=ba0a3062c65205ac53dc38b77612eafc 
Number of updated asset objects reloaded before import = 0Number of asset objects unloaded after import = 1

========================================================================
Received Import Request.
  Time since last request: 0.000022 seconds.
  path: Assets/SunboxGames/ModularDungeonCaves/Materials/FluffyFern.mat
  importAddress: Guid(5f60e2b8189c28e4a894cbefd1a437bf) Importer(2089858483,b0f066a214c2f5e87bad3c948f4d605d)
Start importing Assets/SunboxGames/ModularDungeonCaves/Materials/FluffyFern.mat using Guid(5f60e2b8189c28e4a894cbefd1a437bf) Importer(2089858483,b0f066a214c2f5e87bad3c948f4d605d) (ScriptedImporter) -> (Import Result ID: '35b42dc0de465f48f3b2606da89c71f2') in 0.0459391 seconds [static and dynamic dependencies]. Details - ImportResultOutputID=9457b368329b5bbc611ed24d927c2467 DependenciesID=cb79a35a26fa5ab1d195c3c077015d80 StaticDependenciesID=6936aa5e32d28ad1d60b5c4a82a7bf12 
Number of updated asset objects reloaded before import = 0Number of asset objects unloaded after import = 3

========================================================================
Received Import Request.
  Time since last request: 0.000034 seconds.
  path: Assets/TripoModels/ancient_chinese_statue_3d_model_5/ancient_chinese_statue_3d_model_5.fbm/ancient_chinese_statue_3d_model_metallic_Smoothness.png
  importAddress: Guid(85e5d1838832a6d44a1c232e898166c3) Importer(2089858483,b0f066a214c2f5e87bad3c948f4d605d)
Start importing Assets/TripoModels/ancient_chinese_statue_3d_model_5/ancient_chinese_statue_3d_model_5.fbm/ancient_chinese_statue_3d_model_metallic_Smoothness.png using Guid(85e5d1838832a6d44a1c232e898166c3) Importer(2089858483,b0f066a214c2f5e87bad3c948f4d605d) (ScriptedImporter) -> (Import Result ID: 'aaeb1e9f2556ca2a202407ee2b12ae95') in 0.0098213 seconds [static and dynamic dependencies]. Details - ImportResultOutputID=7ce7e981f8e84c32a8c590994e6df5ec DependenciesID=c6e017db1eb08bcd7c08f05ccb0559a2 StaticDependenciesID=c552c7f86aca2b0574b25322d3cc015d 
Number of updated asset objects reloaded before import = 0Number of asset objects unloaded after import = 1

========================================================================
Received Import Request.
  Time since last request: 0.000017 seconds.
  path: Assets/TripoModels/ancient_ceremonial_statue_3d_model/ancient_ceremonial_statue_3d_model.fbx
  importAddress: Guid(d2112433cc6548d4a8ed6f9ff97dfc0e) Importer(2089858483,b0f066a214c2f5e87bad3c948f4d605d)
Start importing Assets/TripoModels/ancient_ceremonial_statue_3d_model/ancient_ceremonial_statue_3d_model.fbx using Guid(d2112433cc6548d4a8ed6f9ff97dfc0e) Importer(2089858483,b0f066a214c2f5e87bad3c948f4d605d) (ScriptedImporter)MaterialLocation.External is obsolete. External Material Location is no longer supported. (Assets/TripoModels/ancient_ceremonial_statue_3d_model/ancient_ceremonial_statue_3d_model.fbx)
 -> (Import Result ID: 'fe8193d05ab5da4a6d98a519fc23ec75') in 0.0095764 seconds [static and dynamic dependencies]. Details - ImportResultOutputID=d727565988e1d7a8febda95566e6aa52 DependenciesID=f03880becc75fc73a5cdd07538804cd5 StaticDependenciesID=ae573442a7595b381ea50d7d5ae7d361 
Number of updated asset objects reloaded before import = 0Number of asset objects unloaded after import = 8

========================================================================
Received Import Request.
  Time since last request: 0.000016 seconds.
  path: Assets/TextMesh Pro/Shaders/TMP_SDF Overlay.shader
  importAddress: Guid(dd89cf5b9246416f84610a006f916af7) Importer(2089858483,b0f066a214c2f5e87bad3c948f4d605d)
Start importing Assets/TextMesh Pro/Shaders/TMP_SDF Overlay.shader using Guid(dd89cf5b9246416f84610a006f916af7) Importer(2089858483,b0f066a214c2f5e87bad3c948f4d605d) (ScriptedImporter) -> (Import Result ID: '74ccbbb2c21fab971b90a38fb6c92fbe') in 0.0035369 seconds [static and dynamic dependencies]. Details - ImportResultOutputID=265389ab8eab98f7d8518000f96a27c4 DependenciesID=56bdc6073553dd30b3a4bb55d42cc663 StaticDependenciesID=086b5680e33efca1bae2e5551aec11b8 
Number of updated asset objects reloaded before import = 0Number of asset objects unloaded after import = 1

========================================================================
Received Import Request.
  Time since last request: 0.000015 seconds.
  path: Assets/materials/rusty_metal_sheet_4k/textures/rusty_metal_sheet_rough_4k.exr
  importAddress: Guid(5460b87e044861c42bae960a33411e12) Importer(2089858483,b0f066a214c2f5e87bad3c948f4d605d)
Start importing Assets/materials/rusty_metal_sheet_4k/textures/rusty_metal_sheet_rough_4k.exr using Guid(5460b87e044861c42bae960a33411e12) Importer(2089858483,b0f066a214c2f5e87bad3c948f4d605d) (ScriptedImporter) -> (Import Result ID: 'f9b57490e8317482a0a6361b2a823aad') in 0.0070714 seconds [static and dynamic dependencies]. Details - ImportResultOutputID=7f58876c36dc06c96b6adbd2683ae784 DependenciesID=e150263b126a8bbdde18effcb4719f2d StaticDependenciesID=5dce700bdbbd2c32e43729ecc610ef8a 
Number of updated asset objects reloaded before import = 0Number of asset objects unloaded after import = 1

========================================================================
Received Import Request.
  Time since last request: 0.000016 seconds.
  path: Assets/TripoModels/ancient_chinese_statue_3d_model_4/ancient_chinese_statue_3d_model_4.fbm/ancient_chinese_statue_3d_model_metallic_Smoothness.png
  importAddress: Guid(3644abeca24e2134e8a688101f6c0737) Importer(2089858483,b0f066a214c2f5e87bad3c948f4d605d)
Start importing Assets/TripoModels/ancient_chinese_statue_3d_model_4/ancient_chinese_statue_3d_model_4.fbm/ancient_chinese_statue_3d_model_metallic_Smoothness.png using Guid(3644abeca24e2134e8a688101f6c0737) Importer(2089858483,b0f066a214c2f5e87bad3c948f4d605d) (ScriptedImporter) -> (Import Result ID: '134c17b42ef9768e3739c1b5024baddc') in 0.0084883 seconds [static and dynamic dependencies]. Details - ImportResultOutputID=f733a29fb2ef545212019e51382dd695 DependenciesID=3749b8903ed81b59fabb7b9d63c12601 StaticDependenciesID=32d2f9b686dfbd9b6d165cdaf68db07a 
Number of updated asset objects reloaded before import = 0Number of asset objects unloaded after import = 1

========================================================================
Received Import Request.
  Time since last request: 0.000018 seconds.
  path: Assets/timeline/Timeline_bgmTimeline.playable
  importAddress: Guid(a1453ab93e7ea4840bd3cfd3565e5839) Importer(2089858483,b0f066a214c2f5e87bad3c948f4d605d)
Start importing Assets/timeline/Timeline_bgmTimeline.playable using Guid(a1453ab93e7ea4840bd3cfd3565e5839) Importer(2089858483,b0f066a214c2f5e87bad3c948f4d605d) (ScriptedImporter) -> (Import Result ID: 'b07040982e6f368a06a920177f2fd175') in 0.0055452 seconds [static and dynamic dependencies]. Details - ImportResultOutputID=cdb8288a35df0c14ade79754e41a42ef DependenciesID=b5e1ee6b393e488e3376b6b238d84cf3 StaticDependenciesID=337d13c91b5e68780c18031ecbcc6a6a 
Number of updated asset objects reloaded before import = 0Number of asset objects unloaded after import = 22

========================================================================
Received Import Request.
  Time since last request: 0.000031 seconds.
  path: Assets/TextMesh Pro/Resources/LineBreaking Following Characters.txt
  importAddress: Guid(fade42e8bc714b018fac513c043d323b) Importer(2089858483,b0f066a214c2f5e87bad3c948f4d605d)
Start importing Assets/TextMesh Pro/Resources/LineBreaking Following Characters.txt using Guid(fade42e8bc714b018fac513c043d323b) Importer(2089858483,b0f066a214c2f5e87bad3c948f4d605d) (ScriptedImporter) -> (Import Result ID: 'f55551ca0627b914d50b2f218f1c073e') in 0.0028952 seconds [static and dynamic dependencies]. Details - ImportResultOutputID=47b5bec061ca2c350768acf0fd6c6dbc DependenciesID=9d3b4599c2ade7f202ce423a41765201 StaticDependenciesID=90e18e177f71b5b2ecebe031e5e8ac67 
Number of updated asset objects reloaded before import = 0Number of asset objects unloaded after import = 1

========================================================================
Received Import Request.
  Time since last request: 0.000019 seconds.
  path: Assets/TripoModels/ancient_chinese_statue_3d_model_3/ancient_chinese_statue_3d_model_3.fbm/ancient_chinese_statue_3d_model_basecolor.JPEG
  importAddress: Guid(455a14bf20704b0498d80df7c8b1b8f1) Importer(2089858483,b0f066a214c2f5e87bad3c948f4d605d)
Start importing Assets/TripoModels/ancient_chinese_statue_3d_model_3/ancient_chinese_statue_3d_model_3.fbm/ancient_chinese_statue_3d_model_basecolor.JPEG using Guid(455a14bf20704b0498d80df7c8b1b8f1) Importer(2089858483,b0f066a214c2f5e87bad3c948f4d605d) (ScriptedImporter) -> (Import Result ID: '445ff2d6e780924574aa1ac06f93044f') in 0.0070097 seconds [static and dynamic dependencies]. Details - ImportResultOutputID=b1ad33808b02f272ab1f1349493466cd DependenciesID=4df9bf6072be79dd36479ddb73ed4d3e StaticDependenciesID=f3afebba56f379be03fa6a5070df0a22 
Number of updated asset objects reloaded before import = 0Number of asset objects unloaded after import = 1

========================================================================
Received Import Request.
  Time since last request: 0.000019 seconds.
  path: Assets/materials/Meshy_AI_Cracked_ancient_bottl_0801055100_texture_fbx/Meshy_AI_Cracked_ancient_bottl_0801055100_texture.png
  importAddress: Guid(2e6e004eab949f645930118261d4f1c7) Importer(2089858483,b0f066a214c2f5e87bad3c948f4d605d)
Start importing Assets/materials/Meshy_AI_Cracked_ancient_bottl_0801055100_texture_fbx/Meshy_AI_Cracked_ancient_bottl_0801055100_texture.png using Guid(2e6e004eab949f645930118261d4f1c7) Importer(2089858483,b0f066a214c2f5e87bad3c948f4d605d) (ScriptedImporter) -> (Import Result ID: '4a7ef4e1490187aeb151580315c14b63') in 0.0112464 seconds [static and dynamic dependencies]. Details - ImportResultOutputID=0a759f759150f6979c2bf26ee8d83d14 DependenciesID=1fbd03f247b2d6f8ed612fdbedaf6e4f StaticDependenciesID=c5e0434eccc677dc1221f69b7bf04a83 
Number of updated asset objects reloaded before import = 0Number of asset objects unloaded after import = 1

========================================================================
Received Import Request.
  Time since last request: 0.000024 seconds.
  path: Assets/SunboxGames/ModularDungeonCaves/Models/DungeonProps02.fbx
  importAddress: Guid(288af797a62f50e47a12be967651f245) Importer(2089858483,b0f066a214c2f5e87bad3c948f4d605d)
Start importing Assets/SunboxGames/ModularDungeonCaves/Models/DungeonProps02.fbx using Guid(288af797a62f50e47a12be967651f245) Importer(2089858483,b0f066a214c2f5e87bad3c948f4d605d) (ScriptedImporter) -> (Import Result ID: '7f90cdda9dfb82dd177f9d642b831743') in 0.0140862 seconds [static and dynamic dependencies]. Details - ImportResultOutputID=01ce3d474727c4bcee7c9a95a491e3ce DependenciesID=d0da3542d37b64a77cf50f018696e083 StaticDependenciesID=bfd657ffbb2501ca5f1e8c8e2d593bb9 
Number of updated asset objects reloaded before import = 0Number of asset objects unloaded after import = 64

========================================================================
Received Import Request.
  Time since last request: 0.000017 seconds.
  path: Assets/materials/Mud_1.mat
  importAddress: Guid(f1b050d2681abaf43b4c187491a0fff3) Importer(2089858483,b0f066a214c2f5e87bad3c948f4d605d)
Start importing Assets/materials/Mud_1.mat using Guid(f1b050d2681abaf43b4c187491a0fff3) Importer(2089858483,b0f066a214c2f5e87bad3c948f4d605d) (ScriptedImporter) -> (Import Result ID: '4b3875d51580c1afe46b26f1f4275a39') in 0.0083813 seconds [static and dynamic dependencies]. Details - ImportResultOutputID=0093adbb7e8ea0bfd8d786047887473b DependenciesID=25f054324d6527edf522a09abbd8c22c StaticDependenciesID=c2989db6101ce78a25a9450214e48b24 
Number of updated asset objects reloaded before import = 0Number of asset objects unloaded after import = 5

========================================================================
Received Import Request.
  Time since last request: 0.000021 seconds.
  path: Assets/audio 1/tomb/Character/3/独白8（3）.wav
  importAddress: Guid(38c658b1a40df5d46b6dd989242e9e0d) Importer(2089858483,b0f066a214c2f5e87bad3c948f4d605d)
Start importing Assets/audio 1/tomb/Character/3/独白8（3）.wav using Guid(38c658b1a40df5d46b6dd989242e9e0d) Importer(2089858483,b0f066a214c2f5e87bad3c948f4d605d) (ScriptedImporter) -> (Import Result ID: '1160f274db358cf0c595604a08b317fe') in 0.0040609 seconds [static and dynamic dependencies]. Details - ImportResultOutputID=29a3df5c337c40be0afda31c524fd583 DependenciesID=c6124ec7bda6a119ca8e5520e7353cd0 StaticDependenciesID=07bc942d61ea3661598fbd6430049b62 
Number of updated asset objects reloaded before import = 0Number of asset objects unloaded after import = 1

========================================================================
Received Import Request.
  Time since last request: 0.000030 seconds.
  path: Assets/BefourStudios/AsianDynastyEnvironment/Art/Textures/T_TreeBark_Basecolor.png
  importAddress: Guid(abc00000000001801636942908686803) Importer(2089858483,b0f066a214c2f5e87bad3c948f4d605d)
Start importing Assets/BefourStudios/AsianDynastyEnvironment/Art/Textures/T_TreeBark_Basecolor.png using Guid(abc00000000001801636942908686803) Importer(2089858483,b0f066a214c2f5e87bad3c948f4d605d) (ScriptedImporter) -> (Import Result ID: '74880607ce35231dd73e5bf53e24af35') in 0.0087994 seconds [static and dynamic dependencies]. Details - ImportResultOutputID=f4ced9e5ddde6c994b3ecd688b6c1f75 DependenciesID=51e71074e38c75d3ddf5abb24dd56e4b StaticDependenciesID=0732e63be582079115cc99ebce887d41 
Number of updated asset objects reloaded before import = 0Number of asset objects unloaded after import = 1

========================================================================
Received Import Request.
  Time since last request: 0.000016 seconds.
  path: Assets/audio 1/tomb/Character/2/独白7（1）.wav
  importAddress: Guid(82360e2277caaac49a8578432a4cb66d) Importer(2089858483,b0f066a214c2f5e87bad3c948f4d605d)
Start importing Assets/audio 1/tomb/Character/2/独白7（1）.wav using Guid(82360e2277caaac49a8578432a4cb66d) Importer(2089858483,b0f066a214c2f5e87bad3c948f4d605d) (ScriptedImporter) -> (Import Result ID: '9169f28ea2661d0490f3e896db2d5c34') in 0.0038727 seconds [static and dynamic dependencies]. Details - ImportResultOutputID=ae9909efe59c7cb7887953cda9db36d8 DependenciesID=36773d0ef50dd5e8a6ef60382c9e05ff StaticDependenciesID=4433b33070ee8d1959a37b4733d5569f 
Number of updated asset objects reloaded before import = 0Number of asset objects unloaded after import = 1

========================================================================
Received Import Request.
  Time since last request: 0.000018 seconds.
  path: Assets/audio 1/tomb/Character/3/独白8（2）.wav
  importAddress: Guid(7107079586f902e4ca90f2e024d43daa) Importer(2089858483,b0f066a214c2f5e87bad3c948f4d605d)
Start importing Assets/audio 1/tomb/Character/3/独白8（2）.wav using Guid(7107079586f902e4ca90f2e024d43daa) Importer(2089858483,b0f066a214c2f5e87bad3c948f4d605d) (ScriptedImporter) -> (Import Result ID: 'f21ca0563989d41e1403be569e19912b') in 0.0032797 seconds [static and dynamic dependencies]. Details - ImportResultOutputID=39b9a15482fa544b77877d60706e911b DependenciesID=98096d20b82e45fda275a545131f5a7c StaticDependenciesID=cb7289901b7ff5f2a4a128e60fb31c83 
Number of updated asset objects reloaded before import = 0Number of asset objects unloaded after import = 1

========================================================================
Received Import Request.
  Time since last request: 0.000019 seconds.
  path: Assets/TripoModels/ornate_crown_statue_3d_model/ornate_crown_statue_3d_model.fbm/ornate_crown_statue_3d_model_normal.JPEG
  importAddress: Guid(465b8be6d954f2447b19b3ff0e918940) Importer(2089858483,b0f066a214c2f5e87bad3c948f4d605d)
Start importing Assets/TripoModels/ornate_crown_statue_3d_model/ornate_crown_statue_3d_model.fbm/ornate_crown_statue_3d_model_normal.JPEG using Guid(465b8be6d954f2447b19b3ff0e918940) Importer(2089858483,b0f066a214c2f5e87bad3c948f4d605d) (ScriptedImporter) -> (Import Result ID: 'bfbdbdc4361b96946dade51e52090e74') in 0.0082996 seconds [static and dynamic dependencies]. Details - ImportResultOutputID=2fc42f12f3ba66036a469491ca7df58a DependenciesID=d7a5698d3caa6a625426ffb9be83f9fa StaticDependenciesID=66e0b4a01a8c1f0165ee140758e3edb3 
Number of updated asset objects reloaded before import = 0Number of asset objects unloaded after import = 1

========================================================================
Received Import Request.
  Time since last request: 0.000023 seconds.
  path: Assets/BefourStudios/AsianDynastyEnvironment/Art/Materials/M_BazaarProps.mat
  importAddress: Guid(f3cc72c0d5c587740a2b2f1e5c3f29f9) Importer(2089858483,b0f066a214c2f5e87bad3c948f4d605d)
Start importing Assets/BefourStudios/AsianDynastyEnvironment/Art/Materials/M_BazaarProps.mat using Guid(f3cc72c0d5c587740a2b2f1e5c3f29f9) Importer(2089858483,b0f066a214c2f5e87bad3c948f4d605d) (ScriptedImporter) -> (Import Result ID: 'a911df9ed2a2a75b0389b32fc811f237') in 0.0559953 seconds [static and dynamic dependencies]. Details - ImportResultOutputID=dad96eefeee1dc17e2f37d01e88a8f4d DependenciesID=7087c687adead0567262411aad0d7bb9 StaticDependenciesID=f6380624a2647524791a7dcfd756d773 
Number of updated asset objects reloaded before import = 0Number of asset objects unloaded after import = 9

========================================================================
Received Import Request.
  Time since last request: 0.000028 seconds.
  path: Assets/XR/Animated Hands/Prefabs/Right Hand Model.prefab
  importAddress: Guid(1fd3a7c43c8190f4d8c167ebde694364) Importer(2089858483,e11c23a36db5f54750b8cd40eac0985b)
Start importing Assets/XR/Animated Hands/Prefabs/Right Hand Model.prefab using Guid(1fd3a7c43c8190f4d8c167ebde694364) Importer(2089858483,e11c23a36db5f54750b8cd40eac0985b) (ScriptedImporter) -> (Import Result ID: '0c3faed6e09e9bdb27df45c8668df55d') in 0.0140099 seconds [static and dynamic dependencies]. Details - ImportResultOutputID=ef4a379a99e9cda4d2fb4f5a7788213e DependenciesID=575b3f4baf5361abd2212aca5a4dfb2d StaticDependenciesID=694f09a30b04af3072c147f1c4306b8b 
Number of updated asset objects reloaded before import = 0Number of asset objects unloaded after import = 69

========================================================================
Received Import Request.
  Time since last request: 0.000024 seconds.
  path: Assets/audio 1/tomb/Character/3/独白8（1）.wav
  importAddress: Guid(d8b737072f1eb1b4fbc84acc5a0a59fc) Importer(2089858483,b0f066a214c2f5e87bad3c948f4d605d)
Start importing Assets/audio 1/tomb/Character/3/独白8（1）.wav using Guid(d8b737072f1eb1b4fbc84acc5a0a59fc) Importer(2089858483,b0f066a214c2f5e87bad3c948f4d605d) (ScriptedImporter) -> (Import Result ID: '75265b4ee40aa19b420f5bbbe13b052c') in 0.0041602 seconds [static and dynamic dependencies]. Details - ImportResultOutputID=8fae43dc3066d433203aa7dccd091ad8 DependenciesID=f43273aac4942317829cebec36241e7f StaticDependenciesID=36b0be34034e30bbbbcde60840e0bc89 
Number of updated asset objects reloaded before import = 0Number of asset objects unloaded after import = 1

========================================================================
Received Import Request.
  Time since last request: 0.000017 seconds.
  path: Assets/TripoModels/stone_sculpture_prop_3d_model/stone_sculpture_prop_3d_model.fbm/stone_sculpture_prop_3d_model_normal.JPEG
  importAddress: Guid(f26cedd5d40746346b9e0fab04d59da3) Importer(2089858483,b0f066a214c2f5e87bad3c948f4d605d)
Start importing Assets/TripoModels/stone_sculpture_prop_3d_model/stone_sculpture_prop_3d_model.fbm/stone_sculpture_prop_3d_model_normal.JPEG using Guid(f26cedd5d40746346b9e0fab04d59da3) Importer(2089858483,b0f066a214c2f5e87bad3c948f4d605d) (ScriptedImporter) -> (Import Result ID: 'ed6d326899ee831ab7f9f1c96e8dc6da') in 0.0101435 seconds [static and dynamic dependencies]. Details - ImportResultOutputID=b6f786e11b79724096d145a9655dc700 DependenciesID=5fdca7c1a4b4c1ce1f0fe9427e1839d8 StaticDependenciesID=6fcaf3023a5d9d03c4e1d52ca095cc37 
Number of updated asset objects reloaded before import = 0Number of asset objects unloaded after import = 1

========================================================================
Received Import Request.
  Time since last request: 0.000018 seconds.
  path: Assets/BefourStudios/AsianDynastyEnvironment/Art/Textures/T_BazaarProps_ORM.png
  importAddress: Guid(abc00000000007483550847921340516) Importer(2089858483,b0f066a214c2f5e87bad3c948f4d605d)
Start importing Assets/BefourStudios/AsianDynastyEnvironment/Art/Textures/T_BazaarProps_ORM.png using Guid(abc00000000007483550847921340516) Importer(2089858483,b0f066a214c2f5e87bad3c948f4d605d) (ScriptedImporter) -> (Import Result ID: '9bab399de85d65fee563acd77a05c6a0') in 0.0135364 seconds [static and dynamic dependencies]. Details - ImportResultOutputID=d9fd9efce872cacbcc2b8282a26548f7 DependenciesID=247e59aeb6730602ddc38f00e59837fc StaticDependenciesID=e2e62c68b17dd751af48884a67ec6fbd 
Number of updated asset objects reloaded before import = 0Number of asset objects unloaded after import = 1

========================================================================
Received Import Request.
  Time since last request: 0.000017 seconds.
  path: Assets/BefourStudios/AsianDynastyEnvironment/Art/Shaders/S_Master.shadergraph
  importAddress: Guid(cde3ea9863a64904ca2d44c47884cf50) Importer(2089858483,b0f066a214c2f5e87bad3c948f4d605d)
Start importing Assets/BefourStudios/AsianDynastyEnvironment/Art/Shaders/S_Master.shadergraph using Guid(cde3ea9863a64904ca2d44c47884cf50) Importer(2089858483,b0f066a214c2f5e87bad3c948f4d605d) (ScriptedImporter) -> (Import Result ID: '339dab6ca380bd507d9de0a1fc3610b0') in 0.0072112 seconds [static and dynamic dependencies]. Details - ImportResultOutputID=5bbf0cb55cda72187e19dce7476675b6 DependenciesID=d14b422d231956a108930c24a4aaa541 StaticDependenciesID=8f96943928bae34dbaf276466bb75247 
Number of updated asset objects reloaded before import = 0Number of asset objects unloaded after import = 5

========================================================================
Received Import Request.
  Time since last request: 0.000018 seconds.
  path: Assets/TripoModels/ancient_warrior_statue_3d_model/ancient_warrior_statue_3d_model.fbm/ancient_warrior_statue_3d_model_metallic_Smoothness.png
  importAddress: Guid(1845ed6dcc66e0041a07b93853dcf4ed) Importer(2089858483,b0f066a214c2f5e87bad3c948f4d605d)
Start importing Assets/TripoModels/ancient_warrior_statue_3d_model/ancient_warrior_statue_3d_model.fbm/ancient_warrior_statue_3d_model_metallic_Smoothness.png using Guid(1845ed6dcc66e0041a07b93853dcf4ed) Importer(2089858483,b0f066a214c2f5e87bad3c948f4d605d) (ScriptedImporter) -> (Import Result ID: 'f8940309182475eb39947b164efd8c7f') in 0.0073875 seconds [static and dynamic dependencies]. Details - ImportResultOutputID=2d912121abc47ca56995414aa807d2f0 DependenciesID=49e30ff575372dadb1375a49f24368bb StaticDependenciesID=a65c29df111db0841ca5141e62eb07f6 
Number of updated asset objects reloaded before import = 0Number of asset objects unloaded after import = 1

========================================================================
Received Import Request.
  Time since last request: 0.000023 seconds.
  path: Assets/BefourStudios/AsianDynastyEnvironment/Art/Textures/T_BazaarProps_Normal.png
  importAddress: Guid(abc00000000000005937315632056205) Importer(2089858483,b0f066a214c2f5e87bad3c948f4d605d)
Start importing Assets/BefourStudios/AsianDynastyEnvironment/Art/Textures/T_BazaarProps_Normal.png using Guid(abc00000000000005937315632056205) Importer(2089858483,b0f066a214c2f5e87bad3c948f4d605d) (ScriptedImporter) -> (Import Result ID: '46deb8664ecf0b0fe7cb74ee9e1c4797') in 0.0223376 seconds [static and dynamic dependencies]. Details - ImportResultOutputID=8579814f3835c3c6d7cb32e0fcd4fe7f DependenciesID=a286d953bd5ad897676cceae38ff3120 StaticDependenciesID=662659a7192e7022137df8c153655401 
Number of updated asset objects reloaded before import = 0Number of asset objects unloaded after import = 1

========================================================================
Received Import Request.
  Time since last request: 0.000027 seconds.
  path: Assets/TripoModels/bodhisattva_statue_3d_model_1/bodhisattva_statue_3d_model_1.fbm/bodhisattva_statue_3d_model_basecolor.JPEG
  importAddress: Guid(fa62675f83d8fc14786b76482868bc99) Importer(2089858483,b0f066a214c2f5e87bad3c948f4d605d)
Start importing Assets/TripoModels/bodhisattva_statue_3d_model_1/bodhisattva_statue_3d_model_1.fbm/bodhisattva_statue_3d_model_basecolor.JPEG using Guid(fa62675f83d8fc14786b76482868bc99) Importer(2089858483,b0f066a214c2f5e87bad3c948f4d605d) (ScriptedImporter) -> (Import Result ID: '9185b92d14703781efde4a2c1d1cd2c5') in 0.0075361 seconds [static and dynamic dependencies]. Details - ImportResultOutputID=4c8560aed4e05546b593e059f48cd213 DependenciesID=20b5f21a72624dfb50e356b0437761db StaticDependenciesID=3686ca963541dff3659addf1ed9d5b69 
Number of updated asset objects reloaded before import = 0Number of asset objects unloaded after import = 1

========================================================================
Received Import Request.
  Time since last request: 0.000017 seconds.
  path: Assets/audio 1/tomb/Character/2/独白7（2）.wav
  importAddress: Guid(62eae2bfc1c1a4d41a2ffe39e9e672e1) Importer(2089858483,b0f066a214c2f5e87bad3c948f4d605d)
Start importing Assets/audio 1/tomb/Character/2/独白7（2）.wav using Guid(62eae2bfc1c1a4d41a2ffe39e9e672e1) Importer(2089858483,b0f066a214c2f5e87bad3c948f4d605d) (ScriptedImporter) -> (Import Result ID: '9911cca7baa994a5e323a81404452ace') in 0.0046347 seconds [static and dynamic dependencies]. Details - ImportResultOutputID=d540e48de1cf3ff849946fd3c34ae469 DependenciesID=dbe459564c8a2319be3a9caa89b5ee86 StaticDependenciesID=f088ebfc7b77547359fdc25b1ed11688 
Number of updated asset objects reloaded before import = 0Number of asset objects unloaded after import = 1

========================================================================
Received Import Request.
  Time since last request: 0.000016 seconds.
  path: Assets/TripoModels/ancient_statue_3d_model_4/ancient_statue_3d_model_4.fbm/ancient_statue_3d_model_basecolor.JPEG
  importAddress: Guid(0b83284dc8e9326459e150f0cf217d29) Importer(2089858483,b0f066a214c2f5e87bad3c948f4d605d)
Start importing Assets/TripoModels/ancient_statue_3d_model_4/ancient_statue_3d_model_4.fbm/ancient_statue_3d_model_basecolor.JPEG using Guid(0b83284dc8e9326459e150f0cf217d29) Importer(2089858483,b0f066a214c2f5e87bad3c948f4d605d) (ScriptedImporter) -> (Import Result ID: 'c42e4ef8c49a5f769cb82d03e232d658') in 0.0072766 seconds [static and dynamic dependencies]. Details - ImportResultOutputID=1d241c32cdfbe5a03d2404b447925955 DependenciesID=5bf5709980b887c4509596d56e3f3120 StaticDependenciesID=3b14b920bba73dd2a143ad25a8d806d2 
Number of updated asset objects reloaded before import = 0Number of asset objects unloaded after import = 1

========================================================================
Received Import Request.
  Time since last request: 0.000016 seconds.
  path: Assets/TripoModels/ancient_statue_3d_model_4/ancient_statue_3d_model_4.fbm/ancient_statue_3d_model_metallic_Smoothness.png
  importAddress: Guid(052b32deb92dbf04ea0841c30623d6e0) Importer(2089858483,b0f066a214c2f5e87bad3c948f4d605d)
Start importing Assets/TripoModels/ancient_statue_3d_model_4/ancient_statue_3d_model_4.fbm/ancient_statue_3d_model_metallic_Smoothness.png using Guid(052b32deb92dbf04ea0841c30623d6e0) Importer(2089858483,b0f066a214c2f5e87bad3c948f4d605d) (ScriptedImporter) -> (Import Result ID: '6a9c60af6ac28291b0bc79351b68382b') in 0.0086167 seconds [static and dynamic dependencies]. Details - ImportResultOutputID=4064cfc1cdadd71fdbeb16cab37d9050 DependenciesID=cddf540218fa67d7e959605c3cc27b61 StaticDependenciesID=42f8c0ac353e6102863dc1c079f3945e 
Number of updated asset objects reloaded before import = 0Number of asset objects unloaded after import = 1

========================================================================
Received Import Request.
  Time since last request: 0.000019 seconds.
  path: Assets/BefourStudios/AsianDynastyEnvironment/Art/Textures/T_TreeBranch_Normal.png
  importAddress: Guid(abc00000000008830019286032916214) Importer(2089858483,b0f066a214c2f5e87bad3c948f4d605d)
Start importing Assets/BefourStudios/AsianDynastyEnvironment/Art/Textures/T_TreeBranch_Normal.png using Guid(abc00000000008830019286032916214) Importer(2089858483,b0f066a214c2f5e87bad3c948f4d605d) (ScriptedImporter) -> (Import Result ID: '9b9eddbdd1c7eeb71a70a08f8eac24fe') in 0.0206381 seconds [static and dynamic dependencies]. Details - ImportResultOutputID=a1f09b3434ab0de83a3fc9016ffc269b DependenciesID=8809f080b43a6e15411595354dae895c StaticDependenciesID=a6b9a876695a5be7ffc6fcc6212468d4 
Number of updated asset objects reloaded before import = 0Number of asset objects unloaded after import = 1

========================================================================
Received Import Request.
  Time since last request: 0.000027 seconds.
  path: Assets/TripoModels/ancient_statue_3d_model_5/ancient_statue_3d_model_5.fbm/ancient_statue_3d_model_metallic_Smoothness.png
  importAddress: Guid(db3354d8429ce27439f7b7bfb2146244) Importer(2089858483,b0f066a214c2f5e87bad3c948f4d605d)
Start importing Assets/TripoModels/ancient_statue_3d_model_5/ancient_statue_3d_model_5.fbm/ancient_statue_3d_model_metallic_Smoothness.png using Guid(db3354d8429ce27439f7b7bfb2146244) Importer(2089858483,b0f066a214c2f5e87bad3c948f4d605d) (ScriptedImporter) -> (Import Result ID: 'a2c0767b107a97fce0d3d73d6ef2cc1f') in 0.0100913 seconds [static and dynamic dependencies]. Details - ImportResultOutputID=ba18b00aae49b35717447f7ad06adbbd DependenciesID=34abaf979f34d8e3acef5c66164ec355 StaticDependenciesID=5899a4c6041a768d539877e7e1f68af1 
Number of updated asset objects reloaded before import = 0Number of asset objects unloaded after import = 1

========================================================================
Received Import Request.
  Time since last request: 0.000035 seconds.
  path: Assets/BefourStudios/AsianDynastyEnvironment/Art/Textures/T_TreeBranch_BaseColor.png
  importAddress: Guid(abc00000000007569872621584262025) Importer(2089858483,b0f066a214c2f5e87bad3c948f4d605d)
Start importing Assets/BefourStudios/AsianDynastyEnvironment/Art/Textures/T_TreeBranch_BaseColor.png using Guid(abc00000000007569872621584262025) Importer(2089858483,b0f066a214c2f5e87bad3c948f4d605d) (ScriptedImporter) -> (Import Result ID: '39f0bb67c97513c4ee96c01391019ebb') in 0.0227149 seconds [static and dynamic dependencies]. Details - ImportResultOutputID=eb93a5083258c8c82699bf351d95a47d DependenciesID=b567870a2834d678898e8fa1dc24ce67 StaticDependenciesID=672127f5f6561cfd14afc60f575839ef 
Number of updated asset objects reloaded before import = 0Number of asset objects unloaded after import = 1

========================================================================
Received Import Request.
  Time since last request: 0.000019 seconds.
  path: Assets/TripoModels/ancient_statue_3d_model_5/ancient_statue_3d_model_5.fbm/ancient_statue_3d_model_normal.JPEG
  importAddress: Guid(aacac1d0224751d4697be7a914b8e15a) Importer(2089858483,b0f066a214c2f5e87bad3c948f4d605d)
Start importing Assets/TripoModels/ancient_statue_3d_model_5/ancient_statue_3d_model_5.fbm/ancient_statue_3d_model_normal.JPEG using Guid(aacac1d0224751d4697be7a914b8e15a) Importer(2089858483,b0f066a214c2f5e87bad3c948f4d605d) (ScriptedImporter) -> (Import Result ID: 'a4fbdd5fa360e0f89f6b406fe855253f') in 0.0094798 seconds [static and dynamic dependencies]. Details - ImportResultOutputID=f661edaa8ab495d0500b35149b2a2a45 DependenciesID=aa1166571f1c9f01547f0090324e8653 StaticDependenciesID=973b5becbca9a634798a8db2a535f225 
Number of updated asset objects reloaded before import = 0Number of asset objects unloaded after import = 1

========================================================================
Received Import Request.
  Time since last request: 0.000018 seconds.
  path: Assets/SunboxGames/ModularDungeonCaves/Prefabs/ModularPieces/SmallPlug_01.prefab
  importAddress: Guid(23ea0b64ad6ab3043a470d12c89954b1) Importer(2089858483,e11c23a36db5f54750b8cd40eac0985b)
Start importing Assets/SunboxGames/ModularDungeonCaves/Prefabs/ModularPieces/SmallPlug_01.prefab using Guid(23ea0b64ad6ab3043a470d12c89954b1) Importer(2089858483,e11c23a36db5f54750b8cd40eac0985b) (ScriptedImporter) -> (Import Result ID: '8923034a0ca013d549c0b986fc3d33a7') in 0.0099626 seconds [static and dynamic dependencies]. Details - ImportResultOutputID=40fcf744e7f0d2caefaa0a6bc72e24cf DependenciesID=6390e9560102c92acac73eb865480965 StaticDependenciesID=04b11c3172efbc94dbf7ea4d99eadb48 
Number of updated asset objects reloaded before import = 0Number of asset objects unloaded after import = 14

========================================================================
Received Import Request.
  Time since last request: 0.000018 seconds.
  path: Assets/SunboxGames/ModularDungeonCaves/Prefabs/Roots/RootSmall_03.prefab
  importAddress: Guid(ce2273b04b5575047afe4ea8791571bc) Importer(2089858483,e11c23a36db5f54750b8cd40eac0985b)
Start importing Assets/SunboxGames/ModularDungeonCaves/Prefabs/Roots/RootSmall_03.prefab using Guid(ce2273b04b5575047afe4ea8791571bc) Importer(2089858483,e11c23a36db5f54750b8cd40eac0985b) (ScriptedImporter) -> (Import Result ID: '3ee785fdf05fb7c7a6d81705ea34f7cc') in 0.0068497 seconds [static and dynamic dependencies]. Details - ImportResultOutputID=28866ce911ffed2f8b5fbe8d5319beea DependenciesID=78d69242b30778ef90b71a02089e292d StaticDependenciesID=c3368097a0e6bce18eaf71364a9bf0de 
Number of updated asset objects reloaded before import = 0Number of asset objects unloaded after import = 8

========================================================================
Received Import Request.
  Time since last request: 0.000017 seconds.
  path: Assets/SunboxGames/ModularDungeonCaves/Prefabs/Rocks/Dripstone_04.prefab
  importAddress: Guid(a7c5bfdb4537ec948822531e02bea24f) Importer(2089858483,e11c23a36db5f54750b8cd40eac0985b)
Start importing Assets/SunboxGames/ModularDungeonCaves/Prefabs/Rocks/Dripstone_04.prefab using Guid(a7c5bfdb4537ec948822531e02bea24f) Importer(2089858483,e11c23a36db5f54750b8cd40eac0985b) (ScriptedImporter) -> (Import Result ID: '743c585edd7819e985ca87f3de4dba1d') in 0.0075544 seconds [static and dynamic dependencies]. Details - ImportResultOutputID=3bf37e6aba757e991e7567313f3a7440 DependenciesID=e5c66358e8ee208e94871400dc8cae3b StaticDependenciesID=713bbbfdcf65eb893eb424173e97cd2a 
Number of updated asset objects reloaded before import = 0Number of asset objects unloaded after import = 10

========================================================================
Received Import Request.
  Time since last request: 0.000018 seconds.
  path: Assets/mesh/烧裂甲骨/Meshy_AI_Cracked_Marble_Bust_0801173147_texture_fbx/Materials/Meshy_AI_Cracked_Marble_Bust_0801173147_texture_normal.mat
  importAddress: Guid(7792028f2e5c0eb4d821af9361f24dfe) Importer(2089858483,b0f066a214c2f5e87bad3c948f4d605d)
Start importing Assets/mesh/烧裂甲骨/Meshy_AI_Cracked_Marble_Bust_0801173147_texture_fbx/Materials/Meshy_AI_Cracked_Marble_Bust_0801173147_texture_normal.mat using Guid(7792028f2e5c0eb4d821af9361f24dfe) Importer(2089858483,b0f066a214c2f5e87bad3c948f4d605d) (ScriptedImporter) -> (Import Result ID: 'b60289395e0be5c4f35e90ee7cfaa806') in 0.0065506 seconds [static and dynamic dependencies]. Details - ImportResultOutputID=633f9905f07ecc5c364e44e2c537d9d4 DependenciesID=983cb168a25574f80f2b8caed8ec140c StaticDependenciesID=e6925ed5285f34ed464516219c85d495 
Number of updated asset objects reloaded before import = 0Number of asset objects unloaded after import = 2

========================================================================
Received Import Request.
  Time since last request: 0.000028 seconds.
  path: Assets/SunboxGames/ModularDungeonCaves/Prefabs/Rocks/LargeStone_01.prefab
  importAddress: Guid(3a7ae1c9125e7364c99e01c0172a2717) Importer(2089858483,e11c23a36db5f54750b8cd40eac0985b)
Start importing Assets/SunboxGames/ModularDungeonCaves/Prefabs/Rocks/LargeStone_01.prefab using Guid(3a7ae1c9125e7364c99e01c0172a2717) Importer(2089858483,e11c23a36db5f54750b8cd40eac0985b) (ScriptedImporter) -> (Import Result ID: '886421e478fe57b0708158b2f8d873bc') in 0.006591 seconds [static and dynamic dependencies]. Details - ImportResultOutputID=3140b0f6908fbcb5a2a0781d5286da90 DependenciesID=95e00ba027fed48bc70408fd2584bbf5 StaticDependenciesID=a4c5445ea83c8945a91da1fbd3818793 
Number of updated asset objects reloaded before import = 0Number of asset objects unloaded after import = 10

========================================================================
Received Import Request.
  Time since last request: 0.000017 seconds.
  path: Assets/SunboxGames/ModularDungeonCaves/Prefabs/Particles/TorchFlame.prefab
  importAddress: Guid(dcf762f7ec1701e49bf5077af2823068) Importer(2089858483,e11c23a36db5f54750b8cd40eac0985b)
Start importing Assets/SunboxGames/ModularDungeonCaves/Prefabs/Particles/TorchFlame.prefab using Guid(dcf762f7ec1701e49bf5077af2823068) Importer(2089858483,e11c23a36db5f54750b8cd40eac0985b) (ScriptedImporter) -> (Import Result ID: '07af04f2e313b64a26b8664e2e0dfb2a') in 0.0122776 seconds [static and dynamic dependencies]. Details - ImportResultOutputID=e988adf6c5cda622c2042f54376b4d80 DependenciesID=b4df7d1e1cee90685bd02f38e14feffb StaticDependenciesID=2bebbd5ef153db846450b867de1f7a80 
Number of updated asset objects reloaded before import = 0Number of asset objects unloaded after import = 6

========================================================================
Received Import Request.
  Time since last request: 0.000016 seconds.
  path: Assets/SunboxGames/ModularDungeonCaves/Prefabs/Mushrooms/Mushroom07_Brown.prefab
  importAddress: Guid(a41df69289637dd499ac3f8ff9539bc5) Importer(2089858483,e11c23a36db5f54750b8cd40eac0985b)
Start importing Assets/SunboxGames/ModularDungeonCaves/Prefabs/Mushrooms/Mushroom07_Brown.prefab using Guid(a41df69289637dd499ac3f8ff9539bc5) Importer(2089858483,e11c23a36db5f54750b8cd40eac0985b) (ScriptedImporter) -> (Import Result ID: 'fce3f67c85b9fd32aec56e367326e0c8') in 0.0057681 seconds [static and dynamic dependencies]. Details - ImportResultOutputID=98102ca080056ea5f4b5fd2234bd4a6a DependenciesID=6def78cdccfe6f7f4a8c3a0a94ef166a StaticDependenciesID=494fefec102e10263e1fb902c4c06355 
Number of updated asset objects reloaded before import = 0Number of asset objects unloaded after import = 8

========================================================================
Received Import Request.
  Time since last request: 0.000016 seconds.
  path: Assets/SunboxGames/ModularDungeonCaves/Prefabs/Roots/RootSmall_01.prefab
  importAddress: Guid(5b3c6f9921f42034b83c114323466b50) Importer(2089858483,e11c23a36db5f54750b8cd40eac0985b)
Start importing Assets/SunboxGames/ModularDungeonCaves/Prefabs/Roots/RootSmall_01.prefab using Guid(5b3c6f9921f42034b83c114323466b50) Importer(2089858483,e11c23a36db5f54750b8cd40eac0985b) (ScriptedImporter) -> (Import Result ID: '74354d68e222fe556057a1152de85f99') in 0.0067244 seconds [static and dynamic dependencies]. Details - ImportResultOutputID=753cbea18c1a1057bad12f275fdc28f0 DependenciesID=c35abba72f32922e6cc3b376b4f64a87 StaticDependenciesID=b7dd0904d08e56cc891841dd5d33845f 
Number of updated asset objects reloaded before import = 0Number of asset objects unloaded after import = 8

========================================================================
Received Import Request.
  Time since last request: 0.000020 seconds.
  path: Assets/materials/TextureHaven/wood_4k/wood_4k_materials/WU.mat
  importAddress: Guid(0052bdde8f9708c42bf7c2bb5bfbaf38) Importer(2089858483,b0f066a214c2f5e87bad3c948f4d605d)
Start importing Assets/materials/TextureHaven/wood_4k/wood_4k_materials/WU.mat using Guid(0052bdde8f9708c42bf7c2bb5bfbaf38) Importer(2089858483,b0f066a214c2f5e87bad3c948f4d605d) (ScriptedImporter) -> (Import Result ID: 'c41df5542c4d5018bfa1b17d861805e9') in 0.0530998 seconds [static and dynamic dependencies]. Details - ImportResultOutputID=c38b6601549775dd7f3cd90c18b338ca DependenciesID=a7f86b86780ae4a88fc37bb209efcb4e StaticDependenciesID=f088569cb89437ac42a293fb7b6a768e 
Number of updated asset objects reloaded before import = 0Number of asset objects unloaded after import = 5

========================================================================
Received Import Request.
  Time since last request: 0.000025 seconds.
  path: Assets/SunboxGames/ModularDungeonCaves/Prefabs/Various/MountedTorch01.prefab
  importAddress: Guid(b1fdee6ca5c4f9d4d8f81fc6fa216fcf) Importer(2089858483,e11c23a36db5f54750b8cd40eac0985b)
Start importing Assets/SunboxGames/ModularDungeonCaves/Prefabs/Various/MountedTorch01.prefab using Guid(b1fdee6ca5c4f9d4d8f81fc6fa216fcf) Importer(2089858483,e11c23a36db5f54750b8cd40eac0985b) (ScriptedImporter) -> (Import Result ID: 'd8291efd72acdbfad4d95b204e4368e4') in 0.02316 seconds [static and dynamic dependencies]. Details - ImportResultOutputID=274e6967aaea389da4be8c16061c20df DependenciesID=704d4fd9fba9a0f1b173515fb9d31349 StaticDependenciesID=3c0804cbbde4b575a40568f49403846a 
Number of updated asset objects reloaded before import = 0Number of asset objects unloaded after import = 23

========================================================================
Received Import Request.
  Time since last request: 0.000031 seconds.
  path: Assets/SunboxGames/ModularDungeonCaves/Prefabs/ModularPieces/MediumPlug_01.prefab
  importAddress: Guid(31078bcb9e897cc4883418a9ce5ce5a7) Importer(2089858483,e11c23a36db5f54750b8cd40eac0985b)
Start importing Assets/SunboxGames/ModularDungeonCaves/Prefabs/ModularPieces/MediumPlug_01.prefab using Guid(31078bcb9e897cc4883418a9ce5ce5a7) Importer(2089858483,e11c23a36db5f54750b8cd40eac0985b) (ScriptedImporter) -> (Import Result ID: '02a6bc5532d7f475abb0a6cc4558bdc8') in 0.0068894 seconds [static and dynamic dependencies]. Details - ImportResultOutputID=f3a5d3b381e40d68bd1f84532bb36074 DependenciesID=70341f05f181bfebc1d7a3ecebb468df StaticDependenciesID=fb76b732a91c1e7d15fc4b9a339a2a75 
Number of updated asset objects reloaded before import = 0Number of asset objects unloaded after import = 14

========================================================================
Received Import Request.
  Time since last request: 0.000016 seconds.
  path: Assets/SunboxGames/ModularDungeonCaves/Prefabs/Various/Chest01.prefab
  importAddress: Guid(503cd3fc06a67624f87e34bd456d8136) Importer(2089858483,e11c23a36db5f54750b8cd40eac0985b)
Start importing Assets/SunboxGames/ModularDungeonCaves/Prefabs/Various/Chest01.prefab using Guid(503cd3fc06a67624f87e34bd456d8136) Importer(2089858483,e11c23a36db5f54750b8cd40eac0985b) (ScriptedImporter) -> (Import Result ID: 'bd171dd3a6a59b5413b904d1bc4adcef') in 0.0092825 seconds [static and dynamic dependencies]. Details - ImportResultOutputID=9ecb0396d1b99d42ab4dc98a393e95b1 DependenciesID=511408e2e662700324a8e943f568ca25 StaticDependenciesID=6f481758b0e4b2288c4975c6272a40de 
Number of updated asset objects reloaded before import = 0Number of asset objects unloaded after import = 22

========================================================================
Received Import Request.
  Time since last request: 0.000019 seconds.
  path: Assets/SunboxGames/ModularDungeonCaves/Prefabs/Roots/RootLarge_03.prefab
  importAddress: Guid(575c3671119d70e4b8d77f6ef6512cf1) Importer(2089858483,e11c23a36db5f54750b8cd40eac0985b)
Start importing Assets/SunboxGames/ModularDungeonCaves/Prefabs/Roots/RootLarge_03.prefab using Guid(575c3671119d70e4b8d77f6ef6512cf1) Importer(2089858483,e11c23a36db5f54750b8cd40eac0985b) (ScriptedImporter) -> (Import Result ID: '5525e9a1dad148583a71ceac7eb85e10') in 0.0065275 seconds [static and dynamic dependencies]. Details - ImportResultOutputID=d18304db6a39e689372b8d879c65ca98 DependenciesID=3fc77dfc5716ee3df2d9cbe331bc8829 StaticDependenciesID=1f67be4f3ce3d1abb17a8f815be4947d 
Number of updated asset objects reloaded before import = 0Number of asset objects unloaded after import = 9

========================================================================
Received Import Request.
  Time since last request: 0.000019 seconds.
  path: Assets/SunboxGames/ModularDungeonCaves/Prefabs/Rocks/Dripstone_01.prefab
  importAddress: Guid(fbc23376b156b9c41bba6cb5d064970b) Importer(2089858483,e11c23a36db5f54750b8cd40eac0985b)
Start importing Assets/SunboxGames/ModularDungeonCaves/Prefabs/Rocks/Dripstone_01.prefab using Guid(fbc23376b156b9c41bba6cb5d064970b) Importer(2089858483,e11c23a36db5f54750b8cd40eac0985b) (ScriptedImporter) -> (Import Result ID: '2b1767464d892dec5fbe771e0979097c') in 0.0075147 seconds [static and dynamic dependencies]. Details - ImportResultOutputID=c3a446d1a0bf5cb7b2dad98a5fb954f3 DependenciesID=67608b03910637fc19ce739123f4d8a4 StaticDependenciesID=6101f33c972c7247e476142b609ede75 
Number of updated asset objects reloaded before import = 0Number of asset objects unloaded after import = 10

========================================================================
Received Import Request.
  Time since last request: 0.000020 seconds.
  path: Assets/Samples/XR Interaction Toolkit/3.2.1/Starter Assets/DemoScene.unity
  importAddress: Guid(319dafa5c80f29f428dc1e0d03f04177) Importer(2089858483,e11c23a36db5f54750b8cd40eac0985b)
Start importing Assets/Samples/XR Interaction Toolkit/3.2.1/Starter Assets/DemoScene.unity using Guid(319dafa5c80f29f428dc1e0d03f04177) Importer(2089858483,e11c23a36db5f54750b8cd40eac0985b) (ScriptedImporter)Opening scene 'Assets/Samples/XR Interaction Toolkit/3.2.1/Starter Assets/DemoScene.unity additively'
Loaded scene 'Assets/Samples/XR Interaction Toolkit/3.2.1/Starter Assets/DemoScene.unity'
	Deserialize:            10.630 ms
	Integration:            148.279 ms
	Integration of assets:  0.315 ms
	Thread Wait Time:       0.016 ms
	Total Operation Time:   159.240 ms
 -> (Import Result ID: 'ea950896142a31efea4e263076d9f255') in 1.2168558 seconds [static and dynamic dependencies]. Details - ImportResultOutputID=bf311e2077692b5f3f237adabf0915b8 DependenciesID=f88f55dcfffa37ce14c7409087684997 StaticDependenciesID=35432adbdcd6cadcb3ab745b7134d19c 
Number of updated asset objects reloaded before import = 0Number of asset objects unloaded after import = 3584

========================================================================
Received Import Request.
  Time since last request: 0.000029 seconds.
  path: Assets/SunboxGames/ModularDungeonCaves/Textures/VineLeaves/VineLeaves_Paint_VineLeaves_AlbedoTransparency.png
  importAddress: Guid(c7740bc46ce13034e94e1b907341e56a) Importer(2089858483,b0f066a214c2f5e87bad3c948f4d605d)
Start importing Assets/SunboxGames/ModularDungeonCaves/Textures/VineLeaves/VineLeaves_Paint_VineLeaves_AlbedoTransparency.png using Guid(c7740bc46ce13034e94e1b907341e56a) Importer(2089858483,b0f066a214c2f5e87bad3c948f4d605d) (ScriptedImporter) -> (Import Result ID: '3f43e0291febb879925bd99cb4e04c6f') in 0.0199128 seconds [static and dynamic dependencies]. Details - ImportResultOutputID=13e94de22d12a4756fa716921b966466 DependenciesID=9f8c7b08d77d709c1add6ff40d5f8d46 StaticDependenciesID=cc5a61f07524b7b90a8eeaacf227bdcc 
Number of updated asset objects reloaded before import = 0Number of asset objects unloaded after import = 1

========================================================================
Received Import Request.
  Time since last request: 0.000031 seconds.
  path: Assets/BefourStudios/AsianDynastyEnvironment/Art/Meshes/Materials/MI_TreeBranch2.mat
  importAddress: Guid(37efe7fa32731b1418cd7d94745848e3) Importer(2089858483,b0f066a214c2f5e87bad3c948f4d605d)
Start importing Assets/BefourStudios/AsianDynastyEnvironment/Art/Meshes/Materials/MI_TreeBranch2.mat using Guid(37efe7fa32731b1418cd7d94745848e3) Importer(2089858483,b0f066a214c2f5e87bad3c948f4d605d) (ScriptedImporter) -> (Import Result ID: '099fdbab5d37f5f0e35670aba7311c2a') in 0.012351 seconds [static and dynamic dependencies]. Details - ImportResultOutputID=230b6a874a81b7fb03e64814da54ecad DependenciesID=e99a6e61900d48f20e313e54ed7fc2e2 StaticDependenciesID=696d434a9beaf5919f4f04b554d52d20 
Number of updated asset objects reloaded before import = 0Number of asset objects unloaded after import = 1

========================================================================
Received Import Request.
  Time since last request: 0.000020 seconds.
  path: Assets/fog/Post Processing Assets/Common/Subgraphs/Particles/CameraFading.shadersubgraph
  importAddress: Guid(86bb21324ccc04547bc5afe1394874ac) Importer(2089858483,b0f066a214c2f5e87bad3c948f4d605d)
Start importing Assets/fog/Post Processing Assets/Common/Subgraphs/Particles/CameraFading.shadersubgraph using Guid(86bb21324ccc04547bc5afe1394874ac) Importer(2089858483,b0f066a214c2f5e87bad3c948f4d605d) (ScriptedImporter) -> (Import Result ID: '8347896461aa17af6bd0568bb2c7a9f4') in 0.0080178 seconds [static and dynamic dependencies]. Details - ImportResultOutputID=cf00e6e4c68c7edd995c586c3a0cf675 DependenciesID=58da2c0329bace825b871c656761316b StaticDependenciesID=8de08a2c88b5e568483449289bc004fc 
Number of updated asset objects reloaded before import = 0Number of asset objects unloaded after import = 1

========================================================================
Received Import Request.
  Time since last request: 0.000018 seconds.
  path: Assets/fog/Post Processing Assets/Better Fog/Core/Scripts/BetterFogUtility.cs
  importAddress: Guid(2d0cd1791be252c4a8464510e25121d4) Importer(2089858483,b0f066a214c2f5e87bad3c948f4d605d)
Start importing Assets/fog/Post Processing Assets/Better Fog/Core/Scripts/BetterFogUtility.cs using Guid(2d0cd1791be252c4a8464510e25121d4) Importer(2089858483,b0f066a214c2f5e87bad3c948f4d605d) (ScriptedImporter) -> (Import Result ID: '2f9687957cc22b9553ccf6b5054538d8') in 0.0030338 seconds [static and dynamic dependencies]. Details - ImportResultOutputID=5e0aff3c5d7af74049303d4e82d35f16 DependenciesID=514dabf41fe656648028d60073acc03e StaticDependenciesID=f839cc4333518ab93ddc7ef5380e0c56 
Number of updated asset objects reloaded before import = 0Number of asset objects unloaded after import = 0

========================================================================
Received Import Request.
  Time since last request: 0.000021 seconds.
  path: Assets/SunboxGames/ModularDungeonCaves/Textures/VineStem/VineStems_Paint_VineStem_SpecularSmoothness.png
  importAddress: Guid(5df71ff499c51b24589a5d13646f613d) Importer(2089858483,b0f066a214c2f5e87bad3c948f4d605d)
Start importing Assets/SunboxGames/ModularDungeonCaves/Textures/VineStem/VineStems_Paint_VineStem_SpecularSmoothness.png using Guid(5df71ff499c51b24589a5d13646f613d) Importer(2089858483,b0f066a214c2f5e87bad3c948f4d605d) (ScriptedImporter) -> (Import Result ID: '39e0962a81532e6be2c021fd5d35e3b2') in 0.0227146 seconds [static and dynamic dependencies]. Details - ImportResultOutputID=50e75fd4fa18233df36aa0ab5504d716 DependenciesID=70af3d54c77efa6a641084a65a94fc24 StaticDependenciesID=048e9ae361f14e80def54a20e4d7482c 
Number of updated asset objects reloaded before import = 0Number of asset objects unloaded after import = 1

========================================================================
Received Import Request.
  Time since last request: 0.000019 seconds.
  path: Assets/fog/Demo Assets/INab Studio/Scripts/Highlighters/Camera_Controller.cs
  importAddress: Guid(42dd1a894d85db548a183bdc6a398828) Importer(2089858483,b0f066a214c2f5e87bad3c948f4d605d)
Start importing Assets/fog/Demo Assets/INab Studio/Scripts/Highlighters/Camera_Controller.cs using Guid(42dd1a894d85db548a183bdc6a398828) Importer(2089858483,b0f066a214c2f5e87bad3c948f4d605d) (ScriptedImporter) -> (Import Result ID: 'aa55f70d7354903c137bf1a563d5ddb9') in 0.003658 seconds [static and dynamic dependencies]. Details - ImportResultOutputID=bb94ca3ecdb8dd7dddede6cfc365e31f DependenciesID=3598d432b75d9b2726555dc5954a1640 StaticDependenciesID=61701a01bfe577a17383313988283cb8 
Number of updated asset objects reloaded before import = 0Number of asset objects unloaded after import = 0

========================================================================
Received Import Request.
  Time since last request: 0.000020 seconds.
  path: Assets/SunboxGames/ModularDungeonCaves/Textures/Mushrooms/Mushrooms_SpecularGollsines.png
  importAddress: Guid(a10c713f43a316b4985a0ee3569ddf5d) Importer(2089858483,b0f066a214c2f5e87bad3c948f4d605d)
Start importing Assets/SunboxGames/ModularDungeonCaves/Textures/Mushrooms/Mushrooms_SpecularGollsines.png using Guid(a10c713f43a316b4985a0ee3569ddf5d) Importer(2089858483,b0f066a214c2f5e87bad3c948f4d605d) (ScriptedImporter) -> (Import Result ID: '17da4acb89fe74ee8979c98e2eabd3dc') in 0.0216144 seconds [static and dynamic dependencies]. Details - ImportResultOutputID=e30e63c43fb07b2609a1feeb6d9e1b55 DependenciesID=d62e1a9e090da8e8ea0f3d4af0c223d4 StaticDependenciesID=185942433b329c954d773993fd231b5d 
Number of updated asset objects reloaded before import = 0Number of asset objects unloaded after import = 1

========================================================================
Received Import Request.
  Time since last request: 0.000029 seconds.
  path: Assets/fog/Demo Assets/INab Studio/Scripts/Highlighters/TestSceneManager.cs
  importAddress: Guid(9f8f5864b1fe3a945864e1bef3f537ef) Importer(2089858483,b0f066a214c2f5e87bad3c948f4d605d)
Start importing Assets/fog/Demo Assets/INab Studio/Scripts/Highlighters/TestSceneManager.cs using Guid(9f8f5864b1fe3a945864e1bef3f537ef) Importer(2089858483,b0f066a214c2f5e87bad3c948f4d605d) (ScriptedImporter) -> (Import Result ID: '3521d6b8b89dae53d3cbc64c94230b51') in 0.0043003 seconds [static and dynamic dependencies]. Details - ImportResultOutputID=5034dd13a0e3133c6c1e7dab0da146fb DependenciesID=a2871a2662680c809413ff5a0d3e8445 StaticDependenciesID=ecb177a921835ff5b1780d1c52716d05 
Number of updated asset objects reloaded before import = 0Number of asset objects unloaded after import = 0

========================================================================
Received Import Request.
  Time since last request: 0.000017 seconds.
  path: Assets/fog/Demo Assets/Unity Companion License/Particle Pack/Materials/Flame.mat
  importAddress: Guid(b25dd701bdc692249907c8b4e4b784b2) Importer(2089858483,b0f066a214c2f5e87bad3c948f4d605d)
Start importing Assets/fog/Demo Assets/Unity Companion License/Particle Pack/Materials/Flame.mat using Guid(b25dd701bdc692249907c8b4e4b784b2) Importer(2089858483,b0f066a214c2f5e87bad3c948f4d605d) (ScriptedImporter) -> (Import Result ID: 'a59824dc03b235b031e0738e8219a517') in 0.1837882 seconds [static and dynamic dependencies]. Details - ImportResultOutputID=c0e7e6b7f6f600708fb672d7408ef6a9 DependenciesID=1905c730e2588ce4d023278418c08494 StaticDependenciesID=489d7e65fbb2f3eebe65b34f9943a879 
Number of updated asset objects reloaded before import = 0Number of asset objects unloaded after import = 9

========================================================================
Received Import Request.
  Time since last request: 0.000025 seconds.
  path: Assets/SunboxGames/ModularDungeonCaves/Textures/DungeonProps05/DungeonProps05_MetallicSmoothness.png
  importAddress: Guid(64a272eeefb90474384aa20f4d82a16f) Importer(2089858483,b0f066a214c2f5e87bad3c948f4d605d)
Start importing Assets/SunboxGames/ModularDungeonCaves/Textures/DungeonProps05/DungeonProps05_MetallicSmoothness.png using Guid(64a272eeefb90474384aa20f4d82a16f) Importer(2089858483,b0f066a214c2f5e87bad3c948f4d605d) (ScriptedImporter) -> (Import Result ID: '9d752b275bfadf7ef7d26f857896b98b') in 0.022454 seconds [static and dynamic dependencies]. Details - ImportResultOutputID=eaa1dcc12a5d51bccd4805fe589062a3 DependenciesID=b253674f16ea8f15b57b56b6bb3f1b46 StaticDependenciesID=6370603fae6205f33af3966ff4a6fd6e 
Number of updated asset objects reloaded before import = 0Number of asset objects unloaded after import = 1

========================================================================
Received Import Request.
  Time since last request: 0.000026 seconds.
  path: Assets/SunboxGames/ModularDungeonCaves/Prefabs/Various/Bookshelf01.prefab
  importAddress: Guid(88713783c575b4540b4e74d00e36e413) Importer(2089858483,e11c23a36db5f54750b8cd40eac0985b)
Start importing Assets/SunboxGames/ModularDungeonCaves/Prefabs/Various/Bookshelf01.prefab using Guid(88713783c575b4540b4e74d00e36e413) Importer(2089858483,e11c23a36db5f54750b8cd40eac0985b) (ScriptedImporter) -> (Import Result ID: '297a171fb273222dc55d40d0be293fce') in 0.0073019 seconds [static and dynamic dependencies]. Details - ImportResultOutputID=95ca5f52808f9d4db4001de0e8b06585 DependenciesID=e0c5306819f8c92e88e5f11b562b1f4c StaticDependenciesID=7750b871d8579374c991d55e1c4dcd45 
Number of updated asset objects reloaded before import = 0Number of asset objects unloaded after import = 10

========================================================================
Received Import Request.
  Time since last request: 0.000019 seconds.
  path: Assets/HIVEMIND/CaveOfHiddenTomb/HDRP (Default)/Art/AllTextures1K/T_EuropeanBeech_Bark_01_A.png
  importAddress: Guid(abc00000000012293578066672194862) Importer(2089858483,b0f066a214c2f5e87bad3c948f4d605d)
Start importing Assets/HIVEMIND/CaveOfHiddenTomb/HDRP (Default)/Art/AllTextures1K/T_EuropeanBeech_Bark_01_A.png using Guid(abc00000000012293578066672194862) Importer(2089858483,b0f066a214c2f5e87bad3c948f4d605d) (ScriptedImporter) -> (Import Result ID: 'f77444397a944339ee89e6656852d32a') in 0.0082139 seconds [static and dynamic dependencies]. Details - ImportResultOutputID=5411e7925099c51cfd662035ed30db5d DependenciesID=e61819755cd43d1809cacdd984e14bd5 StaticDependenciesID=f0e8bf9def6a6844b4f4418e733ee244 
Number of updated asset objects reloaded before import = 0Number of asset objects unloaded after import = 1

========================================================================
Received Import Request.
  Time since last request: 0.000016 seconds.
  path: Assets/HIVEMIND/CaveOfHiddenTomb/HDRP (Default)/Art/AllTextures1K/T_MI_Boulder_D_ORD.png
  importAddress: Guid(abc00000000012600186048743921113) Importer(2089858483,b0f066a214c2f5e87bad3c948f4d605d)
Start importing Assets/HIVEMIND/CaveOfHiddenTomb/HDRP (Default)/Art/AllTextures1K/T_MI_Boulder_D_ORD.png using Guid(abc00000000012600186048743921113) Importer(2089858483,b0f066a214c2f5e87bad3c948f4d605d) (ScriptedImporter) -> (Import Result ID: '082ad7be56618154c8be0c50e7ee7f7b') in 0.0091131 seconds [static and dynamic dependencies]. Details - ImportResultOutputID=1235459041801ba82a9312473379c84e DependenciesID=b1c570cbd4627a0be6d0c39b3f3437f4 StaticDependenciesID=eb3ce774e149b761686ff6ef89f961f0 
Number of updated asset objects reloaded before import = 0Number of asset objects unloaded after import = 1

========================================================================
Received Import Request.
  Time since last request: 0.000023 seconds.
  path: Assets/HIVEMIND/CaveOfHiddenTomb/HDRP (Default)/Art/AllTextures1K/T_MI_FireWood_E_002.png
  importAddress: Guid(abc00000000018155344380402586728) Importer(2089858483,b0f066a214c2f5e87bad3c948f4d605d)
Start importing Assets/HIVEMIND/CaveOfHiddenTomb/HDRP (Default)/Art/AllTextures1K/T_MI_FireWood_E_002.png using Guid(abc00000000018155344380402586728) Importer(2089858483,b0f066a214c2f5e87bad3c948f4d605d) (ScriptedImporter) -> (Import Result ID: '7a110b2936e6b81486bafb553bcd37bc') in 0.007599 seconds [static and dynamic dependencies]. Details - ImportResultOutputID=b3d95c599b1cfa6983e4a8eb16a154e0 DependenciesID=4adb7c6b170890bc97c7a199e83a8094 StaticDependenciesID=569e4c26d1a36225574bd95f4e1628e4 
Number of updated asset objects reloaded before import = 0Number of asset objects unloaded after import = 1

========================================================================
Received Import Request.
  Time since last request: 0.000016 seconds.
  path: Assets/HIVEMIND/CaveOfHiddenTomb/HDRP (Default)/Art/AllTextures1K/T_MI_Pillar_D_ORD.png
  importAddress: Guid(abc00000000009585577537151365695) Importer(2089858483,b0f066a214c2f5e87bad3c948f4d605d)
Start importing Assets/HIVEMIND/CaveOfHiddenTomb/HDRP (Default)/Art/AllTextures1K/T_MI_Pillar_D_ORD.png using Guid(abc00000000009585577537151365695) Importer(2089858483,b0f066a214c2f5e87bad3c948f4d605d) (ScriptedImporter) -> (Import Result ID: '5fad02ab1af730c400d9c793abb13c47') in 0.0104395 seconds [static and dynamic dependencies]. Details - ImportResultOutputID=5eec762b69180674702a3a0d4feb6e58 DependenciesID=61a090ce6f85f7691e903f6f24d1d77f StaticDependenciesID=c8a7d7c1463c3cfbd1d71e3dd8e17c65 
Number of updated asset objects reloaded before import = 0Number of asset objects unloaded after import = 1

========================================================================
Received Import Request.
  Time since last request: 0.000020 seconds.
  path: Assets/HIVEMIND/CaveOfHiddenTomb/HDRP (Default)/Art/AllTextures1K/T_MI_FireWood_ORM.png
  importAddress: Guid(abc00000000014439835425349279458) Importer(2089858483,b0f066a214c2f5e87bad3c948f4d605d)
Start importing Assets/HIVEMIND/CaveOfHiddenTomb/HDRP (Default)/Art/AllTextures1K/T_MI_FireWood_ORM.png using Guid(abc00000000014439835425349279458) Importer(2089858483,b0f066a214c2f5e87bad3c948f4d605d) (ScriptedImporter) -> (Import Result ID: 'e01b4eb265516f9b2df03fabadf5d958') in 0.0109745 seconds [static and dynamic dependencies]. Details - ImportResultOutputID=fe62ca69b4ea115519384556d17d8992 DependenciesID=fb5124512dd79c7d84414f38a54e9404 StaticDependenciesID=9440a7d439b10abd9b2cb360a80eb3ad 
Number of updated asset objects reloaded before import = 0Number of asset objects unloaded after import = 1

========================================================================
Received Import Request.
  Time since last request: 0.000027 seconds.
  path: Assets/HIVEMIND/CaveOfHiddenTomb/HDRP (Default)/Art/AllTextures1K/T_EuropeanBeechDetail_02_D.png
  importAddress: Guid(abc00000000012829357639489176154) Importer(2089858483,b0f066a214c2f5e87bad3c948f4d605d)
Start importing Assets/HIVEMIND/CaveOfHiddenTomb/HDRP (Default)/Art/AllTextures1K/T_EuropeanBeechDetail_02_D.png using Guid(abc00000000012829357639489176154) Importer(2089858483,b0f066a214c2f5e87bad3c948f4d605d) (ScriptedImporter) -> (Import Result ID: '6f1e84f542955222fbbe62bcffa8ed30') in 0.0068596 seconds [static and dynamic dependencies]. Details - ImportResultOutputID=cf89bb115bef0e017f6643fc51886b4a DependenciesID=7b7425cb27fe88eb370b70f5ddc94874 StaticDependenciesID=b65098f624c66738a41171c4f44f051d 
Number of updated asset objects reloaded before import = 0Number of asset objects unloaded after import = 1

========================================================================
Received Import Request.
  Time since last request: 0.000017 seconds.
  path: Assets/HIVEMIND/CaveOfHiddenTomb/HDRP (Default)/Art/AllTextures1K/T_Ivy_basecolor.png
  importAddress: Guid(abc00000000013360087351929989254) Importer(2089858483,b0f066a214c2f5e87bad3c948f4d605d)
Start importing Assets/HIVEMIND/CaveOfHiddenTomb/HDRP (Default)/Art/AllTextures1K/T_Ivy_basecolor.png using Guid(abc00000000013360087351929989254) Importer(2089858483,b0f066a214c2f5e87bad3c948f4d605d) (ScriptedImporter) -> (Import Result ID: 'e781b0bd757dcfba393eb7a051cb8528') in 0.0071866 seconds [static and dynamic dependencies]. Details - ImportResultOutputID=6278836393a39830156d4dd4bb0fbde5 DependenciesID=c5d6cf3fdb2f7b31f98be9d3c7b18f3a StaticDependenciesID=a679f6347f10882295e575f759f9d1bf 
Number of updated asset objects reloaded before import = 0Number of asset objects unloaded after import = 1

========================================================================
Received Import Request.
  Time since last request: 0.000017 seconds.
  path: Assets/HIVEMIND/CaveOfHiddenTomb/HDRP (Default)/Art/AllTextures1K/T_MI_Arch_A_ORD.png
  importAddress: Guid(abc00000000008561815711424482295) Importer(2089858483,b0f066a214c2f5e87bad3c948f4d605d)
Start importing Assets/HIVEMIND/CaveOfHiddenTomb/HDRP (Default)/Art/AllTextures1K/T_MI_Arch_A_ORD.png using Guid(abc00000000008561815711424482295) Importer(2089858483,b0f066a214c2f5e87bad3c948f4d605d) (ScriptedImporter) -> (Import Result ID: 'cfd34c151cf4ff12885e24ca825c9e50') in 0.0076657 seconds [static and dynamic dependencies]. Details - ImportResultOutputID=51bb318024572a138f4cbddd80a58ac1 DependenciesID=db381a96ccb3fc2c203fda50f6395d8d StaticDependenciesID=a61755989854e3589ee342d87d384162 
Number of updated asset objects reloaded before import = 0Number of asset objects unloaded after import = 1

========================================================================
Received Import Request.
  Time since last request: 0.000015 seconds.
  path: Assets/HIVEMIND/CaveOfHiddenTomb/HDRP (Default)/Art/AllTextures1K/T_EuropeanBeech_01_N.png
  importAddress: Guid(abc00000000002345256355526394350) Importer(2089858483,b0f066a214c2f5e87bad3c948f4d605d)
Start importing Assets/HIVEMIND/CaveOfHiddenTomb/HDRP (Default)/Art/AllTextures1K/T_EuropeanBeech_01_N.png using Guid(abc00000000002345256355526394350) Importer(2089858483,b0f066a214c2f5e87bad3c948f4d605d) (ScriptedImporter) -> (Import Result ID: '89913b1726f21491d1089f25035b982a') in 0.0107982 seconds [static and dynamic dependencies]. Details - ImportResultOutputID=6870ded150619de25e5a178f0b104d76 DependenciesID=ee9fec8cd20a8011e37ffb4e687cb042 StaticDependenciesID=b4fd44640a338d188e1bb00a7d5a43ae 
Number of updated asset objects reloaded before import = 0Number of asset objects unloaded after import = 1

========================================================================
Received Import Request.
  Time since last request: 0.000023 seconds.
  path: Assets/HIVEMIND/CaveOfHiddenTomb/HDRP (Default)/Art/AllTextures1K/T_MI_Arch_A_BC.png
  importAddress: Guid(abc00000000016756689217887268497) Importer(2089858483,b0f066a214c2f5e87bad3c948f4d605d)
Start importing Assets/HIVEMIND/CaveOfHiddenTomb/HDRP (Default)/Art/AllTextures1K/T_MI_Arch_A_BC.png using Guid(abc00000000016756689217887268497) Importer(2089858483,b0f066a214c2f5e87bad3c948f4d605d) (ScriptedImporter) -> (Import Result ID: '5e293dd8f3f7c0de5f69a409f6a29a8a') in 0.0112303 seconds [static and dynamic dependencies]. Details - ImportResultOutputID=2cade9d9c1c9dfe5ac106d1754baa1a7 DependenciesID=aae77bf41c7d0d1c88f364cbbf84ea43 StaticDependenciesID=09b27e7cc2ecc0b341955a64d9dd41b3 
Number of updated asset objects reloaded before import = 0Number of asset objects unloaded after import = 1

========================================================================
Received Import Request.
  Time since last request: 0.000018 seconds.
  path: Assets/HIVEMIND/CaveOfHiddenTomb/HDRP (Default)/Art/AllTextures1K/T_EagleFern_01_M.png
  importAddress: Guid(abc00000000000226597141155799037) Importer(2089858483,b0f066a214c2f5e87bad3c948f4d605d)
Start importing Assets/HIVEMIND/CaveOfHiddenTomb/HDRP (Default)/Art/AllTextures1K/T_EagleFern_01_M.png using Guid(abc00000000000226597141155799037) Importer(2089858483,b0f066a214c2f5e87bad3c948f4d605d) (ScriptedImporter) -> (Import Result ID: '2dffce50958435853b6b52f9f59aea3c') in 0.011026 seconds [static and dynamic dependencies]. Details - ImportResultOutputID=0548cb1efe0014982588286b0b4c2854 DependenciesID=caeb7e5bfd04133e3c6991816fa6d572 StaticDependenciesID=d84ce299c60502fc680838b551ec73c0 
Number of updated asset objects reloaded before import = 0Number of asset objects unloaded after import = 1

========================================================================
Received Import Request.
  Time since last request: 0.000031 seconds.
  path: Assets/HIVEMIND/CaveOfHiddenTomb/HDRP (Default)/Art/AllTextures1K/T_Boulder_N02.png
  importAddress: Guid(abc00000000000490403177081319858) Importer(2089858483,b0f066a214c2f5e87bad3c948f4d605d)
Start importing Assets/HIVEMIND/CaveOfHiddenTomb/HDRP (Default)/Art/AllTextures1K/T_Boulder_N02.png using Guid(abc00000000000490403177081319858) Importer(2089858483,b0f066a214c2f5e87bad3c948f4d605d) (ScriptedImporter) -> (Import Result ID: 'e8e66f8adcf05dff06c2e29e7f924f78') in 0.0082562 seconds [static and dynamic dependencies]. Details - ImportResultOutputID=8df8e83f97b4d0c22804d50c7d34f741 DependenciesID=84457a26de86a001bd6883cc22ea9ac2 StaticDependenciesID=3fbf1072eb7d3a0e20e8ffd03bb0ddfc 
Number of updated asset objects reloaded before import = 0Number of asset objects unloaded after import = 1

========================================================================
Received Import Request.
  Time since last request: 0.000016 seconds.
  path: Assets/HIVEMIND/CaveOfHiddenTomb/HDRP (Default)/Art/AllTextures1K/T_MI_Pillar_Mural_N.png
  importAddress: Guid(abc00000000017251679531910013433) Importer(2089858483,b0f066a214c2f5e87bad3c948f4d605d)
Start importing Assets/HIVEMIND/CaveOfHiddenTomb/HDRP (Default)/Art/AllTextures1K/T_MI_Pillar_Mural_N.png using Guid(abc00000000017251679531910013433) Importer(2089858483,b0f066a214c2f5e87bad3c948f4d605d) (ScriptedImporter) -> (Import Result ID: '02dbe2003e6caf77a2f95022d0214f47') in 0.0079504 seconds [static and dynamic dependencies]. Details - ImportResultOutputID=d394b73b7b241c5cf33ff5a6bf71ec2c DependenciesID=76a155d252a76a660364b93e7acde9e5 StaticDependenciesID=d4f984c7ba3f210a7b8372aba121462e 
Number of updated asset objects reloaded before import = 0Number of asset objects unloaded after import = 1

========================================================================
Received Import Request.
  Time since last request: 0.000015 seconds.
  path: Assets/HIVEMIND/CaveOfHiddenTomb/HDRP (Default)/Art/AllTextures1K/T_MI_Boulder_D_N.png
  importAddress: Guid(abc00000000009227503680402942368) Importer(2089858483,b0f066a214c2f5e87bad3c948f4d605d)
Start importing Assets/HIVEMIND/CaveOfHiddenTomb/HDRP (Default)/Art/AllTextures1K/T_MI_Boulder_D_N.png using Guid(abc00000000009227503680402942368) Importer(2089858483,b0f066a214c2f5e87bad3c948f4d605d) (ScriptedImporter) -> (Import Result ID: 'f32cf1c524d90ca1da5af1ba85b93bdc') in 0.0088565 seconds [static and dynamic dependencies]. Details - ImportResultOutputID=eeeea83f6da81ffd6b417ed094a6e72f DependenciesID=5c3daf1b4387d3718050328a83211fe0 StaticDependenciesID=b80b9ceb0437d60be517cfdbcb627e4e 
Number of updated asset objects reloaded before import = 0Number of asset objects unloaded after import = 1

========================================================================
Received Import Request.
  Time since last request: 0.000017 seconds.
  path: Assets/TripoModels/ancient_statue_3d_model_5/ancient_statue_3d_model_5.fbm/ancient_statue_3d_model_basecolor.JPEG
  importAddress: Guid(784c54fb1afdb2d448526f3e924c1c0c) Importer(2089858483,b0f066a214c2f5e87bad3c948f4d605d)
Start importing Assets/TripoModels/ancient_statue_3d_model_5/ancient_statue_3d_model_5.fbm/ancient_statue_3d_model_basecolor.JPEG using Guid(784c54fb1afdb2d448526f3e924c1c0c) Importer(2089858483,b0f066a214c2f5e87bad3c948f4d605d) (ScriptedImporter) -> (Import Result ID: '167bc75f5fa657747bc649d6e7caf66f') in 0.0082976 seconds [static and dynamic dependencies]. Details - ImportResultOutputID=222f6587a9f1493535b6557234289f6e DependenciesID=6f54aa6881a67c679a0889a5a30daa24 StaticDependenciesID=b5b4faefeb2adb8ce2ee156bbc9b1ff2 
Number of updated asset objects reloaded before import = 0Number of asset objects unloaded after import = 1

========================================================================
Received Import Request.
  Time since last request: 0.000019 seconds.
  path: Assets/TutorialInfo/Scripts/Editor/ReadmeEditor.cs
  importAddress: Guid(476cc7d7cd9874016adc216baab94a0a) Importer(2089858483,b0f066a214c2f5e87bad3c948f4d605d)
Start importing Assets/TutorialInfo/Scripts/Editor/ReadmeEditor.cs using Guid(476cc7d7cd9874016adc216baab94a0a) Importer(2089858483,b0f066a214c2f5e87bad3c948f4d605d) (ScriptedImporter) -> (Import Result ID: '1a10e78a61ac0067ffe3367be5929297') in 0.0032575 seconds [static and dynamic dependencies]. Details - ImportResultOutputID=2a1b1b0d1235bc93ab8106ca47250f26 DependenciesID=dab32ae9db7aa8f81e28ab6493c80237 StaticDependenciesID=8cb0a1612bbed2eba2dc6cbe056fc305 
Number of updated asset objects reloaded before import = 0Number of asset objects unloaded after import = 0

========================================================================
Received Import Request.
  Time since last request: 0.000024 seconds.
  path: Assets/XR/Animated Hands/Animations/l_hand_pinch_anim.fbx
  importAddress: Guid(a91ff20f7450bf446a6bf0bfb5e932ae) Importer(2089858483,b0f066a214c2f5e87bad3c948f4d605d)
Start importing Assets/XR/Animated Hands/Animations/l_hand_pinch_anim.fbx using Guid(a91ff20f7450bf446a6bf0bfb5e932ae) Importer(2089858483,b0f066a214c2f5e87bad3c948f4d605d) (ScriptedImporter) -> (Import Result ID: '31e9da002bc9faa50de62d6de2dee8a9') in 0.0075171 seconds [static and dynamic dependencies]. Details - ImportResultOutputID=26ddbfd0fe895d71f062eedc41e34b8b DependenciesID=f361d0af01809cb86a4100bce3b9fda0 StaticDependenciesID=1ffa266304d70c6606da6036bacb76fd 
Number of updated asset objects reloaded before import = 0Number of asset objects unloaded after import = 57

========================================================================
Received Import Request.
  Time since last request: 0.000039 seconds.
  path: Assets/HIVEMIND/CaveOfHiddenTomb/HDRP (Default)/Art/AllTextures1K/T_MI_Stalacite_N05.png
  importAddress: Guid(abc00000000010323476208424991590) Importer(2089858483,b0f066a214c2f5e87bad3c948f4d605d)
Start importing Assets/HIVEMIND/CaveOfHiddenTomb/HDRP (Default)/Art/AllTextures1K/T_MI_Stalacite_N05.png using Guid(abc00000000010323476208424991590) Importer(2089858483,b0f066a214c2f5e87bad3c948f4d605d) (ScriptedImporter) -> (Import Result ID: '533667c9fdc3c15e6ae4b3aff29f9dec') in 0.007485 seconds [static and dynamic dependencies]. Details - ImportResultOutputID=c1371eb757f724fda088505c88009651 DependenciesID=0aac3a1cdd186fc9c3d9c3e2d6129c8c StaticDependenciesID=6dfe529bd25368808f7144ee5412306c 
Number of updated asset objects reloaded before import = 0Number of asset objects unloaded after import = 1

========================================================================
Received Import Request.
  Time since last request: 0.000021 seconds.
  path: Assets/HIVEMIND/CaveOfHiddenTomb/HDRP (Default)/Art/AllTextures1K/T_RockWall_ORD.png
  importAddress: Guid(abc00000000004708901192272988096) Importer(2089858483,b0f066a214c2f5e87bad3c948f4d605d)
Start importing Assets/HIVEMIND/CaveOfHiddenTomb/HDRP (Default)/Art/AllTextures1K/T_RockWall_ORD.png using Guid(abc00000000004708901192272988096) Importer(2089858483,b0f066a214c2f5e87bad3c948f4d605d) (ScriptedImporter) -> (Import Result ID: '81ebb0fd9947eca46d3d610948860893') in 0.011806 seconds [static and dynamic dependencies]. Details - ImportResultOutputID=1924d5851b1cf904cbaf0860ef1ee600 DependenciesID=e11f143d5ff6f410198f70e6b8b2447f StaticDependenciesID=18c24c5ac4d35aa4b00db9d3be1a7d3d 
Number of updated asset objects reloaded before import = 0Number of asset objects unloaded after import = 1

========================================================================
Received Import Request.
  Time since last request: 0.000016 seconds.
  path: Assets/HIVEMIND/CaveOfHiddenTomb/HDRP (Default)/Art/AllTextures1K/T_MI_StonePattern_BC02.png
  importAddress: Guid(abc00000000012817761967889527645) Importer(2089858483,b0f066a214c2f5e87bad3c948f4d605d)
Start importing Assets/HIVEMIND/CaveOfHiddenTomb/HDRP (Default)/Art/AllTextures1K/T_MI_StonePattern_BC02.png using Guid(abc00000000012817761967889527645) Importer(2089858483,b0f066a214c2f5e87bad3c948f4d605d) (ScriptedImporter) -> (Import Result ID: '6ed0ed5301487b611dda21aa6a85e2c0') in 0.0069158 seconds [static and dynamic dependencies]. Details - ImportResultOutputID=42b1c52ff898902e4dd66b935a957f1d DependenciesID=39057be7c85da6e89af8e28d6974a441 StaticDependenciesID=08e9614025cf7363327149848da0f07f 
Number of updated asset objects reloaded before import = 0Number of asset objects unloaded after import = 1

========================================================================
Received Import Request.
  Time since last request: 0.000015 seconds.
  path: Assets/HIVEMIND/CaveOfHiddenTomb/HDRP (Default)/Art/AllTextures1K/T_MI_Wall_Aztec_N.png
  importAddress: Guid(abc00000000008153424696890339963) Importer(2089858483,b0f066a214c2f5e87bad3c948f4d605d)
Start importing Assets/HIVEMIND/CaveOfHiddenTomb/HDRP (Default)/Art/AllTextures1K/T_MI_Wall_Aztec_N.png using Guid(abc00000000008153424696890339963) Importer(2089858483,b0f066a214c2f5e87bad3c948f4d605d) (ScriptedImporter) -> (Import Result ID: 'ecdc9e25376e9e9f9b15be0bf71bfd3a') in 0.0078275 seconds [static and dynamic dependencies]. Details - ImportResultOutputID=b122fb08d762fb7656bb0248776ac83b DependenciesID=ad34514d991a7e100ec0b8132aed2943 StaticDependenciesID=c5093a4c90fcc7c1453d9d54feba1650 
Number of updated asset objects reloaded before import = 0Number of asset objects unloaded after import = 1

========================================================================
Received Import Request.
  Time since last request: 0.000034 seconds.
  path: Assets/HIVEMIND/CaveOfHiddenTomb/HDRP (Default)/Art/AllTextures1K/T_MI_Stone_B_BC.png
  importAddress: Guid(abc00000000014530925422827392635) Importer(2089858483,b0f066a214c2f5e87bad3c948f4d605d)
Start importing Assets/HIVEMIND/CaveOfHiddenTomb/HDRP (Default)/Art/AllTextures1K/T_MI_Stone_B_BC.png using Guid(abc00000000014530925422827392635) Importer(2089858483,b0f066a214c2f5e87bad3c948f4d605d) (ScriptedImporter) -> (Import Result ID: '8f9ae97b359e879e59278d8df388f3e8') in 0.0080396 seconds [static and dynamic dependencies]. Details - ImportResultOutputID=177a9300b9b156862d8d90cdb0a288ea DependenciesID=5fceeaf9bc778e08a993f3f898d9bd96 StaticDependenciesID=cb51bb82788c5a0bcbcd93eb50f7d746 
Number of updated asset objects reloaded before import = 0Number of asset objects unloaded after import = 1

========================================================================
Received Import Request.
  Time since last request: 0.000022 seconds.
  path: Assets/HIVEMIND/CaveOfHiddenTomb/HDRP (Default)/Art/AllTextures1K/T_NoiseMask_RGB.png
  importAddress: Guid(abc00000000006333444808994489234) Importer(2089858483,b0f066a214c2f5e87bad3c948f4d605d)
Start importing Assets/HIVEMIND/CaveOfHiddenTomb/HDRP (Default)/Art/AllTextures1K/T_NoiseMask_RGB.png using Guid(abc00000000006333444808994489234) Importer(2089858483,b0f066a214c2f5e87bad3c948f4d605d) (ScriptedImporter) -> (Import Result ID: 'ac1cbba70758028aabf3af7059a37cd1') in 0.0078409 seconds [static and dynamic dependencies]. Details - ImportResultOutputID=fb430f09e0850273e05d983e203f287d DependenciesID=c5fa1c82acc6b35cc8236b3d066b1739 StaticDependenciesID=044f980b5585b6aa0985f843864d0a0b 
Number of updated asset objects reloaded before import = 0Number of asset objects unloaded after import = 1

========================================================================
Received Import Request.
  Time since last request: 0.000040 seconds.
  path: Assets/HIVEMIND/CaveOfHiddenTomb/HDRP (Default)/Art/AllTextures1K/T_RockWall_BC02.png
  importAddress: Guid(abc00000000012931472132439333189) Importer(2089858483,b0f066a214c2f5e87bad3c948f4d605d)
Start importing Assets/HIVEMIND/CaveOfHiddenTomb/HDRP (Default)/Art/AllTextures1K/T_RockWall_BC02.png using Guid(abc00000000012931472132439333189) Importer(2089858483,b0f066a214c2f5e87bad3c948f4d605d) (ScriptedImporter) -> (Import Result ID: 'c1f6e73495c6ed264bae768307fb607c') in 0.0083343 seconds [static and dynamic dependencies]. Details - ImportResultOutputID=afda0416eb3a254f728f1c596e0b2420 DependenciesID=fa44a4bc254caa40f5db4687dc47b9b7 StaticDependenciesID=94182fbb4d4cbb6dfdad5f1b5b630d6f 
Number of updated asset objects reloaded before import = 0Number of asset objects unloaded after import = 1

========================================================================
Received Import Request.
  Time since last request: 0.000019 seconds.
  path: Assets/HIVEMIND/CaveOfHiddenTomb/HDRP (Default)/Art/AllTextures1K/T_MI_Stalacite_BC.png
  importAddress: Guid(abc00000000016994307577539128177) Importer(2089858483,b0f066a214c2f5e87bad3c948f4d605d)
Start importing Assets/HIVEMIND/CaveOfHiddenTomb/HDRP (Default)/Art/AllTextures1K/T_MI_Stalacite_BC.png using Guid(abc00000000016994307577539128177) Importer(2089858483,b0f066a214c2f5e87bad3c948f4d605d) (ScriptedImporter) -> (Import Result ID: '96b8d7c699db616f1a595b8a32417c20') in 0.0086089 seconds [static and dynamic dependencies]. Details - ImportResultOutputID=7df424d8ad120f63dd9ff8d33d5fee10 DependenciesID=22a74cf1d54004ce9fd35354f40b8e41 StaticDependenciesID=5f51c512ab05778222bcbfd3dff3ecb2 
Number of updated asset objects reloaded before import = 0Number of asset objects unloaded after import = 1

========================================================================
Received Import Request.
  Time since last request: 0.000015 seconds.
  path: Assets/HIVEMIND/CaveOfHiddenTomb/HDRP (Default)/Art/AllTextures1K/T_MI_Rock_ORD.png
  importAddress: Guid(abc00000000009639044232960860977) Importer(2089858483,b0f066a214c2f5e87bad3c948f4d605d)
Start importing Assets/HIVEMIND/CaveOfHiddenTomb/HDRP (Default)/Art/AllTextures1K/T_MI_Rock_ORD.png using Guid(abc00000000009639044232960860977) Importer(2089858483,b0f066a214c2f5e87bad3c948f4d605d) (ScriptedImporter) -> (Import Result ID: 'e8c956d2c9a8ed27e5a5fb50e37ec728') in 0.0152813 seconds [static and dynamic dependencies]. Details - ImportResultOutputID=c735b73a6da0339f9687669f0974e9ef DependenciesID=d6d81261a950f161514ff91d7168d214 StaticDependenciesID=226a1bd7121e39484e526fa20b165e4d 
Number of updated asset objects reloaded before import = 0Number of asset objects unloaded after import = 1

========================================================================
Received Import Request.
  Time since last request: 0.000019 seconds.
  path: Assets/HIVEMIND/CaveOfHiddenTomb/HDRP (Default)/Art/AllTextures1K/T_RockWall_N04.png
  importAddress: Guid(abc00000000005983588358578684704) Importer(2089858483,b0f066a214c2f5e87bad3c948f4d605d)
Start importing Assets/HIVEMIND/CaveOfHiddenTomb/HDRP (Default)/Art/AllTextures1K/T_RockWall_N04.png using Guid(abc00000000005983588358578684704) Importer(2089858483,b0f066a214c2f5e87bad3c948f4d605d) (ScriptedImporter) -> (Import Result ID: '1188f1e3a64e315e423e87e3cb80b51d') in 0.0137802 seconds [static and dynamic dependencies]. Details - ImportResultOutputID=03a6cb2dd6ee5fd7e405d9ceaf14a0a2 DependenciesID=1a9d7929724d1aa4f05c497dcf5e7a0a StaticDependenciesID=c472bc2d7df60117358bb1c290311975 
Number of updated asset objects reloaded before import = 0Number of asset objects unloaded after import = 1

========================================================================
Received Import Request.
  Time since last request: 0.000022 seconds.
  path: Assets/HIVEMIND/CaveOfHiddenTomb/HDRP (Default)/Art/AllTextures1K/T_MI_Stalacite_BC03.png
  importAddress: Guid(abc00000000005784402785277090299) Importer(2089858483,b0f066a214c2f5e87bad3c948f4d605d)
Start importing Assets/HIVEMIND/CaveOfHiddenTomb/HDRP (Default)/Art/AllTextures1K/T_MI_Stalacite_BC03.png using Guid(abc00000000005784402785277090299) Importer(2089858483,b0f066a214c2f5e87bad3c948f4d605d) (ScriptedImporter) -> (Import Result ID: '3a6b331ad89f6e34e58c4ca24be7cf9b') in 0.0072629 seconds [static and dynamic dependencies]. Details - ImportResultOutputID=fb2aa666bfe85740463f2e74331576b2 DependenciesID=98b2152007e2c6559622ff05275844ea StaticDependenciesID=e7c2c75f3090d9982b069fc425cf98b6 
Number of updated asset objects reloaded before import = 0Number of asset objects unloaded after import = 1

========================================================================
Received Import Request.
  Time since last request: 0.000020 seconds.
  path: Assets/HIVEMIND/CaveOfHiddenTomb/HDRP (Default)/Art/AllTextures1K/T_Mud_N.png
  importAddress: Guid(abc00000000008902796377141949428) Importer(2089858483,b0f066a214c2f5e87bad3c948f4d605d)
Start importing Assets/HIVEMIND/CaveOfHiddenTomb/HDRP (Default)/Art/AllTextures1K/T_Mud_N.png using Guid(abc00000000008902796377141949428) Importer(2089858483,b0f066a214c2f5e87bad3c948f4d605d) (ScriptedImporter) -> (Import Result ID: 'd6cdeb406d2f39a057a27e619d09789d') in 0.0087216 seconds [static and dynamic dependencies]. Details - ImportResultOutputID=a74ab5fee4a5a5e9d28d137df91994bc DependenciesID=8857dce8234551c1ab4995da92be2d5a StaticDependenciesID=353ee45b7996ead8491a8d61f5185020 
Number of updated asset objects reloaded before import = 0Number of asset objects unloaded after import = 1

========================================================================
Received Import Request.
  Time since last request: 0.000026 seconds.
  path: Assets/HIVEMIND/CaveOfHiddenTomb/HDRP (Default)/Art/AllTextures1K/T_MI_Stalacite_BC06.png
  importAddress: Guid(abc00000000000423320257502238100) Importer(2089858483,b0f066a214c2f5e87bad3c948f4d605d)
Start importing Assets/HIVEMIND/CaveOfHiddenTomb/HDRP (Default)/Art/AllTextures1K/T_MI_Stalacite_BC06.png using Guid(abc00000000000423320257502238100) Importer(2089858483,b0f066a214c2f5e87bad3c948f4d605d) (ScriptedImporter) -> (Import Result ID: '9941e30ea24dc99f81caefebbc0accee') in 0.0072622 seconds [static and dynamic dependencies]. Details - ImportResultOutputID=fc55a6318ee9efa240dea8339d87a32a DependenciesID=03b7171a5d16fe3e1e0b93917a20abed StaticDependenciesID=571fec680a445e422f03a8e8e9ec9e75 
Number of updated asset objects reloaded before import = 0Number of asset objects unloaded after import = 1

========================================================================
Received Import Request.
  Time since last request: 0.000020 seconds.
  path: Assets/HIVEMIND/CaveOfHiddenTomb/HDRP (Default)/Art/AllTextures1K/T_MI_StonePattern_ORD02.png
  importAddress: Guid(abc00000000013849339848800884891) Importer(2089858483,b0f066a214c2f5e87bad3c948f4d605d)
Start importing Assets/HIVEMIND/CaveOfHiddenTomb/HDRP (Default)/Art/AllTextures1K/T_MI_StonePattern_ORD02.png using Guid(abc00000000013849339848800884891) Importer(2089858483,b0f066a214c2f5e87bad3c948f4d605d) (ScriptedImporter) -> (Import Result ID: '9abed0adf98dcd9209d6197bb678da15') in 0.0113544 seconds [static and dynamic dependencies]. Details - ImportResultOutputID=2861c928bf9f59b85b9871eae26ce99d DependenciesID=a0d0b2f7437b9d6a153b86280144e98e StaticDependenciesID=d81135789dce57b4760397c43d0ee56d 
Number of updated asset objects reloaded before import = 0Number of asset objects unloaded after import = 1

========================================================================
Received Import Request.
  Time since last request: 0.000018 seconds.
  path: Assets/HIVEMIND/CaveOfHiddenTomb/HDRP (Default)/Art/AllTextures1K/T_StonePlate_AORD.png
  importAddress: Guid(abc00000000000333501260365233701) Importer(2089858483,b0f066a214c2f5e87bad3c948f4d605d)
Start importing Assets/HIVEMIND/CaveOfHiddenTomb/HDRP (Default)/Art/AllTextures1K/T_StonePlate_AORD.png using Guid(abc00000000000333501260365233701) Importer(2089858483,b0f066a214c2f5e87bad3c948f4d605d) (ScriptedImporter) -> (Import Result ID: '3393a98f802d02324f52f34db37c1d72') in 0.0120623 seconds [static and dynamic dependencies]. Details - ImportResultOutputID=823e03cc5be21e589d7f7a233c409af0 DependenciesID=462c37e2422ad59b672aa7277804e4fc StaticDependenciesID=88f4567a981b2be2c249ec387843dc1c 
Number of updated asset objects reloaded before import = 0Number of asset objects unloaded after import = 1

========================================================================
Received Import Request.
  Time since last request: 0.000019 seconds.
  path: Assets/HIVEMIND/CaveOfHiddenTomb/HDRP (Default)/Art/AllTextures1K/T_stoneplate_g_BC.PNG
  importAddress: Guid(de7b514c592613d4d89d23cb47270fe8) Importer(2089858483,b0f066a214c2f5e87bad3c948f4d605d)
Start importing Assets/HIVEMIND/CaveOfHiddenTomb/HDRP (Default)/Art/AllTextures1K/T_stoneplate_g_BC.PNG using Guid(de7b514c592613d4d89d23cb47270fe8) Importer(2089858483,b0f066a214c2f5e87bad3c948f4d605d) (ScriptedImporter) -> (Import Result ID: '6a8bd532d1e6ca126ae01e8a042add74') in 0.0072335 seconds [static and dynamic dependencies]. Details - ImportResultOutputID=f44d4e0503f1a99bd1d5e47493e6994d DependenciesID=df0d97ba8cd5a5bafcd26442b5a8a88f StaticDependenciesID=e9f055a104e1b08f8c6b71df1b2a4a57 
Number of updated asset objects reloaded before import = 0Number of asset objects unloaded after import = 1

========================================================================
Received Import Request.
  Time since last request: 0.000016 seconds.
  path: Assets/HIVEMIND/CaveOfHiddenTomb/HDRP (Default)/Art/AllTextures1K/T_Temple_Floor_N.png
  importAddress: Guid(22935a62d97dfd749925c17c59489fb5) Importer(2089858483,b0f066a214c2f5e87bad3c948f4d605d)
Start importing Assets/HIVEMIND/CaveOfHiddenTomb/HDRP (Default)/Art/AllTextures1K/T_Temple_Floor_N.png using Guid(22935a62d97dfd749925c17c59489fb5) Importer(2089858483,b0f066a214c2f5e87bad3c948f4d605d) (ScriptedImporter) -> (Import Result ID: '641179377bb9f29c992fa9de2d1386b6') in 0.0081363 seconds [static and dynamic dependencies]. Details - ImportResultOutputID=f4f3d4b997d303bf7752d2de52c330a7 DependenciesID=c897967a548997cf771c98934cc8f6f1 StaticDependenciesID=c3da6154f6ba1104affbf7e4fb267f7b 
Number of updated asset objects reloaded before import = 0Number of asset objects unloaded after import = 1

========================================================================
Received Import Request.
  Time since last request: 0.000019 seconds.
  path: Assets/HIVEMIND/CaveOfHiddenTomb/HDRP (Default)/Art/AllTextures1K/T_Smoke.png
  importAddress: Guid(43ee1dcc1b10be74989a73179c48be92) Importer(2089858483,b0f066a214c2f5e87bad3c948f4d605d)
Start importing Assets/HIVEMIND/CaveOfHiddenTomb/HDRP (Default)/Art/AllTextures1K/T_Smoke.png using Guid(43ee1dcc1b10be74989a73179c48be92) Importer(2089858483,b0f066a214c2f5e87bad3c948f4d605d) (ScriptedImporter) -> (Import Result ID: 'eafdc2aef3078ce6be0079b01ff3ba51') in 0.0079903 seconds [static and dynamic dependencies]. Details - ImportResultOutputID=39e22dbefb510fcdd911cae90fc67e70 DependenciesID=f7e35b461a07426b8fead955f37a7634 StaticDependenciesID=477191287913136c972729957c17828e 
Number of updated asset objects reloaded before import = 0Number of asset objects unloaded after import = 1

========================================================================
Received Import Request.
  Time since last request: 0.000032 seconds.
  path: Assets/HIVEMIND/CaveOfHiddenTomb/HDRP (Default)/Art/AllTextures1K/T_RockWall_ORD04.png
  importAddress: Guid(abc00000000012915813790737836889) Importer(2089858483,b0f066a214c2f5e87bad3c948f4d605d)
Start importing Assets/HIVEMIND/CaveOfHiddenTomb/HDRP (Default)/Art/AllTextures1K/T_RockWall_ORD04.png using Guid(abc00000000012915813790737836889) Importer(2089858483,b0f066a214c2f5e87bad3c948f4d605d) (ScriptedImporter) -> (Import Result ID: '1e7f1680f9916cf82f63f8739d3c0bce') in 0.0121296 seconds [static and dynamic dependencies]. Details - ImportResultOutputID=bf79f2b835849159047bd37886a2c61e DependenciesID=07eeeab759d5180fc6487c8437a28453 StaticDependenciesID=551222278969575d9d6d12c5c854b25f 
Number of updated asset objects reloaded before import = 0Number of asset objects unloaded after import = 1

========================================================================
Received Import Request.
  Time since last request: 0.000015 seconds.
  path: Assets/HIVEMIND/CaveOfHiddenTomb/HDRP (Default)/Art/AllTextures1K/T_stoneplate_g_ORD.PNG
  importAddress: Guid(36b9041cbe9a44047a07b32f024035fc) Importer(2089858483,b0f066a214c2f5e87bad3c948f4d605d)
Start importing Assets/HIVEMIND/CaveOfHiddenTomb/HDRP (Default)/Art/AllTextures1K/T_stoneplate_g_ORD.PNG using Guid(36b9041cbe9a44047a07b32f024035fc) Importer(2089858483,b0f066a214c2f5e87bad3c948f4d605d) (ScriptedImporter) -> (Import Result ID: '239030519befac60602f4a18d5e5330e') in 0.0078684 seconds [static and dynamic dependencies]. Details - ImportResultOutputID=a58cf2310128c2e6388d5d6054badced DependenciesID=25ed6d2806f736f5a34551fe616f27c0 StaticDependenciesID=1ff0dffb61380c0bf20ab5221c1ab12e 
Number of updated asset objects reloaded before import = 0Number of asset objects unloaded after import = 1

========================================================================
Received Import Request.
  Time since last request: 0.000020 seconds.
  path: Assets/HIVEMIND/CaveOfHiddenTomb/HDRP (Default)/Art/AllTextures1K/T_VineLeaf_N.png
  importAddress: Guid(abc00000000016785632136527885906) Importer(2089858483,b0f066a214c2f5e87bad3c948f4d605d)
Start importing Assets/HIVEMIND/CaveOfHiddenTomb/HDRP (Default)/Art/AllTextures1K/T_VineLeaf_N.png using Guid(abc00000000016785632136527885906) Importer(2089858483,b0f066a214c2f5e87bad3c948f4d605d) (ScriptedImporter) -> (Import Result ID: '5613800db39049d2cc4c4809dbee10d5') in 0.0073754 seconds [static and dynamic dependencies]. Details - ImportResultOutputID=4df7c573798fae64fba72487f4de5fd8 DependenciesID=0ce0f43868a7bdb9d9b983f75116260c StaticDependenciesID=c4a617552b11147366bcbbac0edeef03 
Number of updated asset objects reloaded before import = 0Number of asset objects unloaded after import = 1

========================================================================
Received Import Request.
  Time since last request: 0.000016 seconds.
  path: Assets/HIVEMIND/CaveOfHiddenTomb/HDRP (Default)/Art/AllTextures1K/T_stonepattern_f_edge_BC.PNG
  importAddress: Guid(4b3eafed20f62af43957f2efd2bfdbeb) Importer(2089858483,b0f066a214c2f5e87bad3c948f4d605d)
Start importing Assets/HIVEMIND/CaveOfHiddenTomb/HDRP (Default)/Art/AllTextures1K/T_stonepattern_f_edge_BC.PNG using Guid(4b3eafed20f62af43957f2efd2bfdbeb) Importer(2089858483,b0f066a214c2f5e87bad3c948f4d605d) (ScriptedImporter) -> (Import Result ID: '7fcfb422f805f4ff8972b5b353fe8b05') in 0.0074929 seconds [static and dynamic dependencies]. Details - ImportResultOutputID=3fbc23b81bdd310acb1fd59bea1b6863 DependenciesID=8708a0d927fc4308d39176f71d943a3d StaticDependenciesID=85f1de8b9ae72b1f08755121e6b571b2 
Number of updated asset objects reloaded before import = 0Number of asset objects unloaded after import = 1

========================================================================
Received Import Request.
  Time since last request: 0.000033 seconds.
  path: Assets/HIVEMIND/CaveOfHiddenTomb/HDRP (Default)/Art/AllTextures1K/T_Rock_ORD06.png
  importAddress: Guid(abc00000000008389581568907452235) Importer(2089858483,b0f066a214c2f5e87bad3c948f4d605d)
Start importing Assets/HIVEMIND/CaveOfHiddenTomb/HDRP (Default)/Art/AllTextures1K/T_Rock_ORD06.png using Guid(abc00000000008389581568907452235) Importer(2089858483,b0f066a214c2f5e87bad3c948f4d605d) (ScriptedImporter) -> (Import Result ID: '2d5834b03d8d626c6a004690b49e2001') in 0.0119805 seconds [static and dynamic dependencies]. Details - ImportResultOutputID=d25730fadfa26cb5b361544d1cd21ab2 DependenciesID=8faf6a1cef8760d5d6713cc0e612e952 StaticDependenciesID=1ce27cd005ceb77b4261cb1eaa425b0f 
Number of updated asset objects reloaded before import = 0Number of asset objects unloaded after import = 1

========================================================================
Received Import Request.
  Time since last request: 0.000017 seconds.
  path: Assets/HIVEMIND/CaveOfHiddenTomb/HDRP (Default)/Art/AllTextures1K/T_SM_Pillar_B_ORD.png
  importAddress: Guid(abc00000000013855648843364803961) Importer(2089858483,b0f066a214c2f5e87bad3c948f4d605d)
Start importing Assets/HIVEMIND/CaveOfHiddenTomb/HDRP (Default)/Art/AllTextures1K/T_SM_Pillar_B_ORD.png using Guid(abc00000000013855648843364803961) Importer(2089858483,b0f066a214c2f5e87bad3c948f4d605d) (ScriptedImporter) -> (Import Result ID: '926870dd7c46680150ee0e1192460afe') in 0.0107418 seconds [static and dynamic dependencies]. Details - ImportResultOutputID=64a021d30669dafe346fc220fe81fe3d DependenciesID=d123f310e331c8a70c0d75b1651a3ad9 StaticDependenciesID=29fe864711d8dad02ea0a13d59bcbad3 
Number of updated asset objects reloaded before import = 0Number of asset objects unloaded after import = 1

========================================================================
Received Import Request.
  Time since last request: 0.000024 seconds.
  path: Assets/HIVEMIND/CaveOfHiddenTomb/HDRP (Default)/Art/AllTextures1K/T_stonepattern_g_BC.PNG
  importAddress: Guid(b00f55c4acddae5498d9422811f7b99c) Importer(2089858483,b0f066a214c2f5e87bad3c948f4d605d)
Start importing Assets/HIVEMIND/CaveOfHiddenTomb/HDRP (Default)/Art/AllTextures1K/T_stonepattern_g_BC.PNG using Guid(b00f55c4acddae5498d9422811f7b99c) Importer(2089858483,b0f066a214c2f5e87bad3c948f4d605d) (ScriptedImporter) -> (Import Result ID: '3c60896ec192764cbbd7013909755ab3') in 0.0067553 seconds [static and dynamic dependencies]. Details - ImportResultOutputID=b4daf4cdf9f918897962e4f300433e43 DependenciesID=d1469e21f59d7d38f23ab6c9862e3eeb StaticDependenciesID=ae217855e85760a508e387610ab310fd 
Number of updated asset objects reloaded before import = 0Number of asset objects unloaded after import = 1

========================================================================
Received Import Request.
  Time since last request: 0.000017 seconds.
  path: Assets/HIVEMIND/CaveOfHiddenTomb/HDRP (Default)/Art/AllTextures1K/T_TempleStoneGround_Albedo.png
  importAddress: Guid(abc00000000016478012287979876196) Importer(2089858483,b0f066a214c2f5e87bad3c948f4d605d)
Start importing Assets/HIVEMIND/CaveOfHiddenTomb/HDRP (Default)/Art/AllTextures1K/T_TempleStoneGround_Albedo.png using Guid(abc00000000016478012287979876196) Importer(2089858483,b0f066a214c2f5e87bad3c948f4d605d) (ScriptedImporter) -> (Import Result ID: '8baac70900351ec75702b83652de656a') in 0.0105905 seconds [static and dynamic dependencies]. Details - ImportResultOutputID=3b1cfbf6f83ffca23b49126a399a0bc1 DependenciesID=be04a58d7dd00859cecf605d2cee90c5 StaticDependenciesID=c49b1bf5d2e3cb971a521c88569a1ccb 
Number of updated asset objects reloaded before import = 0Number of asset objects unloaded after import = 1

========================================================================
Received Import Request.
  Time since last request: 0.000017 seconds.
  path: Assets/HIVEMIND/CaveOfHiddenTomb/HDRP (Default)/Art/AllTextures1K/T_stonepattern_f_edge_ORD.PNG
  importAddress: Guid(6e0eba750d3538649b072f6e8d99ba7e) Importer(2089858483,b0f066a214c2f5e87bad3c948f4d605d)
Start importing Assets/HIVEMIND/CaveOfHiddenTomb/HDRP (Default)/Art/AllTextures1K/T_stonepattern_f_edge_ORD.PNG using Guid(6e0eba750d3538649b072f6e8d99ba7e) Importer(2089858483,b0f066a214c2f5e87bad3c948f4d605d) (ScriptedImporter) -> (Import Result ID: '577e75787c00d349b5255a3bd0515da2') in 0.0117083 seconds [static and dynamic dependencies]. Details - ImportResultOutputID=bb62d2273fb47e2f7f5d11e2cf173b20 DependenciesID=52a3a8500367dc091626332b5b3dec0f StaticDependenciesID=d7863ad2a136a2838759747d53591ffc 
Number of updated asset objects reloaded before import = 0Number of asset objects unloaded after import = 1

========================================================================
Received Import Request.
  Time since last request: 0.000016 seconds.
  path: Assets/HIVEMIND/CaveOfHiddenTomb/HDRP (Default)/Art/AllTextures1K/T_VineLeaf_BC.png
  importAddress: Guid(abc00000000013532189630073809321) Importer(2089858483,b0f066a214c2f5e87bad3c948f4d605d)
Start importing Assets/HIVEMIND/CaveOfHiddenTomb/HDRP (Default)/Art/AllTextures1K/T_VineLeaf_BC.png using Guid(abc00000000013532189630073809321) Importer(2089858483,b0f066a214c2f5e87bad3c948f4d605d) (ScriptedImporter) -> (Import Result ID: '0206cf347023f6e8324d2a9ba88b0772') in 0.0076432 seconds [static and dynamic dependencies]. Details - ImportResultOutputID=543a0940cd9f0b208d836d0a770817e9 DependenciesID=3d7781333b04d80f27a1dbf1eb3841af StaticDependenciesID=c38e761727365ac3ff890f0c8b24dacc 
Number of updated asset objects reloaded before import = 0Number of asset objects unloaded after import = 1

========================================================================
Received Import Request.
  Time since last request: 0.000016 seconds.
  path: Assets/HIVEMIND/CaveOfHiddenTomb/HDRP (Default)/Art/Prefabs/SM_Boulder_D.prefab
  importAddress: Guid(abc00000000001488256242141954089) Importer(2089858483,e11c23a36db5f54750b8cd40eac0985b)
Start importing Assets/HIVEMIND/CaveOfHiddenTomb/HDRP (Default)/Art/Prefabs/SM_Boulder_D.prefab using Guid(abc00000000001488256242141954089) Importer(2089858483,e11c23a36db5f54750b8cd40eac0985b) (ScriptedImporter) -> (Import Result ID: '4eec2b65035b1c622c04ab9b4b02113b') in 0.018236 seconds [static and dynamic dependencies]. Details - ImportResultOutputID=4f155e454bf93431fea87bb0cbbddfbc DependenciesID=26f39bceb7834b456fb1c77832e85983 StaticDependenciesID=16c19cbaa8418e7f5ff7680e65efb24c 
Number of updated asset objects reloaded before import = 0Number of asset objects unloaded after import = 34

========================================================================
Received Import Request.
  Time since last request: 0.000018 seconds.
  path: Assets/HIVEMIND/CaveOfHiddenTomb/HDRP (Default)/Art/AllTextures1K/T_Wall_CobbleStone_A_BC.png
  importAddress: Guid(abc00000000001430877179751517336) Importer(2089858483,b0f066a214c2f5e87bad3c948f4d605d)
Start importing Assets/HIVEMIND/CaveOfHiddenTomb/HDRP (Default)/Art/AllTextures1K/T_Wall_CobbleStone_A_BC.png using Guid(abc00000000001430877179751517336) Importer(2089858483,b0f066a214c2f5e87bad3c948f4d605d) (ScriptedImporter) -> (Import Result ID: '38c70e2f5283a4c42cda6d63c6862887') in 0.0086133 seconds [static and dynamic dependencies]. Details - ImportResultOutputID=b3a828f84410e00d594db80d6147d12c DependenciesID=5dd9cd42137cb39c3e5db9666605c498 StaticDependenciesID=cbd2b88cc632faa1a60c278753725c79 
Number of updated asset objects reloaded before import = 0Number of asset objects unloaded after import = 1

========================================================================
Received Import Request.
  Time since last request: 0.000031 seconds.
  path: Assets/HIVEMIND/CaveOfHiddenTomb/HDRP (Default)/Art/Prefabs/SM_Ground_B_2.prefab
  importAddress: Guid(abc00000000016198649341005960792) Importer(2089858483,e11c23a36db5f54750b8cd40eac0985b)
Start importing Assets/HIVEMIND/CaveOfHiddenTomb/HDRP (Default)/Art/Prefabs/SM_Ground_B_2.prefab using Guid(abc00000000016198649341005960792) Importer(2089858483,e11c23a36db5f54750b8cd40eac0985b) (ScriptedImporter) -> (Import Result ID: '1cdcd6e6bb44787edd37a63b57cbf8b1') in 0.0152 seconds [static and dynamic dependencies]. Details - ImportResultOutputID=8df2df8a4a5d5dc68d947d2f07a0888b DependenciesID=734a317889fc00894856fcf4cfdc2343 StaticDependenciesID=beabebb41780a389379fb525a25f256d 
Number of updated asset objects reloaded before import = 0Number of asset objects unloaded after import = 33

========================================================================
Received Import Request.
  Time since last request: 0.000022 seconds.
  path: Assets/HIVEMIND/CaveOfHiddenTomb/HDRP (Default)/Art/Prefabs/SM_EagleFern_M_01.prefab
  importAddress: Guid(abc00000000011039618699719396850) Importer(2089858483,e11c23a36db5f54750b8cd40eac0985b)
Start importing Assets/HIVEMIND/CaveOfHiddenTomb/HDRP (Default)/Art/Prefabs/SM_EagleFern_M_01.prefab using Guid(abc00000000011039618699719396850) Importer(2089858483,e11c23a36db5f54750b8cd40eac0985b) (ScriptedImporter) -> (Import Result ID: '400abf27c179818b8239afce165c2fc3') in 0.0163023 seconds [static and dynamic dependencies]. Details - ImportResultOutputID=253196d256f4c9223ad3d87db1ca8cf2 DependenciesID=04a3b2ccba21c88ae5cecc26b77c768f StaticDependenciesID=86fa00830ed059db71747eabc0008d8f 
Number of updated asset objects reloaded before import = 0Number of asset objects unloaded after import = 32

========================================================================
Received Import Request.
  Time since last request: 0.000017 seconds.
  path: Assets/HIVEMIND/CaveOfHiddenTomb/HDRP (Default)/Art/AllTextures1K/T_Wall_CobbleStone_A_N.png
  importAddress: Guid(abc00000000011518601354385901245) Importer(2089858483,b0f066a214c2f5e87bad3c948f4d605d)
Start importing Assets/HIVEMIND/CaveOfHiddenTomb/HDRP (Default)/Art/AllTextures1K/T_Wall_CobbleStone_A_N.png using Guid(abc00000000011518601354385901245) Importer(2089858483,b0f066a214c2f5e87bad3c948f4d605d) (ScriptedImporter) -> (Import Result ID: 'ffe099c2cdb14a955d78d463216039b2') in 0.0084075 seconds [static and dynamic dependencies]. Details - ImportResultOutputID=773e3194325ac981c8552bd18d4f023d DependenciesID=2f6277fd2b26c3814a4367e8fa28ee28 StaticDependenciesID=8515de1ffeed16467dc5c45ee6101c7b 
Number of updated asset objects reloaded before import = 0Number of asset objects unloaded after import = 1

========================================================================
Received Import Request.
  Time since last request: 0.000024 seconds.
  path: Assets/HIVEMIND/CaveOfHiddenTomb/HDRP (Default)/Art/Prefabs/SM_FireWood.prefab
  importAddress: Guid(abc00000000009532008561416526890) Importer(2089858483,e11c23a36db5f54750b8cd40eac0985b)
Start importing Assets/HIVEMIND/CaveOfHiddenTomb/HDRP (Default)/Art/Prefabs/SM_FireWood.prefab using Guid(abc00000000009532008561416526890) Importer(2089858483,e11c23a36db5f54750b8cd40eac0985b) (ScriptedImporter) -> (Import Result ID: '80bac0cdbbd341b65fd55afba6cb3969') in 0.0301859 seconds [static and dynamic dependencies]. Details - ImportResultOutputID=aff92e5586e40288c0fa8249e83664f1 DependenciesID=fe1f20f5c54da56b31c686f4778f861a StaticDependenciesID=6dce1aa59b9161030ce6c288115a9e82 
Number of updated asset objects reloaded before import = 0Number of asset objects unloaded after import = 34

========================================================================
Received Import Request.
  Time since last request: 0.000020 seconds.
  path: Assets/HIVEMIND/CaveOfHiddenTomb/HDRP (Default)/Art/Prefabs/SM_Arch_B.prefab
  importAddress: Guid(abc00000000013122705845475440050) Importer(2089858483,e11c23a36db5f54750b8cd40eac0985b)
Start importing Assets/HIVEMIND/CaveOfHiddenTomb/HDRP (Default)/Art/Prefabs/SM_Arch_B.prefab using Guid(abc00000000013122705845475440050) Importer(2089858483,e11c23a36db5f54750b8cd40eac0985b) (ScriptedImporter) -> (Import Result ID: '45da95fb7391ff91ff00af8cccd18a1c') in 0.0186882 seconds [static and dynamic dependencies]. Details - ImportResultOutputID=4619eecd49d7c25e39fbde1c03ae845c DependenciesID=9249a1681ba3b1cf1161e548219eb105 StaticDependenciesID=22a965bcc7b985f2e27e1373f88d33da 
Number of updated asset objects reloaded before import = 0Number of asset objects unloaded after import = 38

========================================================================
Received Import Request.
  Time since last request: 0.000038 seconds.
  path: Assets/HIVEMIND/CaveOfHiddenTomb/HDRP (Default)/Art/Prefabs/SM_Rock_A.prefab
  importAddress: Guid(abc00000000004595663221840188358) Importer(2089858483,e11c23a36db5f54750b8cd40eac0985b)
Start importing Assets/HIVEMIND/CaveOfHiddenTomb/HDRP (Default)/Art/Prefabs/SM_Rock_A.prefab using Guid(abc00000000004595663221840188358) Importer(2089858483,e11c23a36db5f54750b8cd40eac0985b) (ScriptedImporter) -> (Import Result ID: '8e537d675b2f8656f584576e8baa06d0') in 0.0167699 seconds [static and dynamic dependencies]. Details - ImportResultOutputID=81fcbeb68d19d5e3ce54e1ddeabf4617 DependenciesID=f7bd5c2c2e2da26052d627953c8ccf3d StaticDependenciesID=6d89dbafddfd32932f45a1d16eccdd51 
Number of updated asset objects reloaded before import = 0Number of asset objects unloaded after import = 33

========================================================================
Received Import Request.
  Time since last request: 0.000020 seconds.
  path: Assets/HIVEMIND/CaveOfHiddenTomb/HDRP (Default)/Art/Prefabs/SM_EagleFern_S_02.prefab
  importAddress: Guid(abc00000000009116345104430325707) Importer(2089858483,e11c23a36db5f54750b8cd40eac0985b)
Start importing Assets/HIVEMIND/CaveOfHiddenTomb/HDRP (Default)/Art/Prefabs/SM_EagleFern_S_02.prefab using Guid(abc00000000009116345104430325707) Importer(2089858483,e11c23a36db5f54750b8cd40eac0985b) (ScriptedImporter) -> (Import Result ID: 'a2f172986cf509a5a9c88296c3c10871') in 0.0194353 seconds [static and dynamic dependencies]. Details - ImportResultOutputID=d4868d5302a9f59b622dd29bafbfa54e DependenciesID=0eec6eece2dda34439fa0d4daf95da97 StaticDependenciesID=fbf08c547e6cafaae3f187d0bf6d5173 
Number of updated asset objects reloaded before import = 0Number of asset objects unloaded after import = 32

========================================================================
Received Import Request.
  Time since last request: 0.000018 seconds.
  path: Assets/HIVEMIND/CaveOfHiddenTomb/HDRP (Default)/Art/Prefabs/SM_Boulder_B.prefab
  importAddress: Guid(abc00000000014621462514801664999) Importer(2089858483,e11c23a36db5f54750b8cd40eac0985b)
Start importing Assets/HIVEMIND/CaveOfHiddenTomb/HDRP (Default)/Art/Prefabs/SM_Boulder_B.prefab using Guid(abc00000000014621462514801664999) Importer(2089858483,e11c23a36db5f54750b8cd40eac0985b) (ScriptedImporter) -> (Import Result ID: '4712c84ceb97d12273111bb7768639dd') in 0.0200504 seconds [static and dynamic dependencies]. Details - ImportResultOutputID=8712b41b2728cf3280e3a596b193366e DependenciesID=95797dc2ccd6635be25c2cb27fbc0215 StaticDependenciesID=28cf7d9d9176347a0043a673ec6e68a2 
Number of updated asset objects reloaded before import = 0Number of asset objects unloaded after import = 33

========================================================================
Received Import Request.
  Time since last request: 0.000017 seconds.
  path: Assets/HIVEMIND/CaveOfHiddenTomb/HDRP (Default)/Art/Prefabs/SM_Ground_A_2.prefab
  importAddress: Guid(abc00000000003639299895211850663) Importer(2089858483,e11c23a36db5f54750b8cd40eac0985b)
Start importing Assets/HIVEMIND/CaveOfHiddenTomb/HDRP (Default)/Art/Prefabs/SM_Ground_A_2.prefab using Guid(abc00000000003639299895211850663) Importer(2089858483,e11c23a36db5f54750b8cd40eac0985b) (ScriptedImporter) -> (Import Result ID: '4cee050ebbd17aa808c5af66e4792fa0') in 0.0177484 seconds [static and dynamic dependencies]. Details - ImportResultOutputID=fb20168c4a2c7929919c1efd05a89f02 DependenciesID=a5be7b64fc94a1604e887f3450b00032 StaticDependenciesID=5f5e3b860d088659bad3ab3b085b03fd 
Number of updated asset objects reloaded before import = 0Number of asset objects unloaded after import = 33

========================================================================
Received Import Request.
  Time since last request: 0.000018 seconds.
  path: Assets/SunboxGames/ModularDungeonCaves/Textures/CaveStone_01/Stones_01_Paint_CaveStone_01_AlbedoTransparency.png
  importAddress: Guid(54a05f7063e314d4680695794ad642e9) Importer(2089858483,b0f066a214c2f5e87bad3c948f4d605d)
Start importing Assets/SunboxGames/ModularDungeonCaves/Textures/CaveStone_01/Stones_01_Paint_CaveStone_01_AlbedoTransparency.png using Guid(54a05f7063e314d4680695794ad642e9) Importer(2089858483,b0f066a214c2f5e87bad3c948f4d605d) (ScriptedImporter) -> (Import Result ID: 'd900145ce4cdf9ed05f944cb5e9ceeed') in 0.0113324 seconds [static and dynamic dependencies]. Details - ImportResultOutputID=0ea0b2aeb136b735d8afa86aadddb75e DependenciesID=e66dee70ad9c8a179a17a713b0f81def StaticDependenciesID=532e29735bf21407f0ca91204ece7534 
Number of updated asset objects reloaded before import = 0Number of asset objects unloaded after import = 1

========================================================================
Received Import Request.
  Time since last request: 0.000030 seconds.
  path: Assets/HIVEMIND/CaveOfHiddenTomb/HDRP (Default)/Art/Prefabs/SM_StonePattern_G.prefab
  importAddress: Guid(abc00000000003598539309462340072) Importer(2089858483,e11c23a36db5f54750b8cd40eac0985b)
Start importing Assets/HIVEMIND/CaveOfHiddenTomb/HDRP (Default)/Art/Prefabs/SM_StonePattern_G.prefab using Guid(abc00000000003598539309462340072) Importer(2089858483,e11c23a36db5f54750b8cd40eac0985b) (ScriptedImporter) -> (Import Result ID: '743d728237cd12e85cc2d6fcd87e9264') in 0.0185518 seconds [static and dynamic dependencies]. Details - ImportResultOutputID=c3461a7367a747d90c724df833a2f4ac DependenciesID=d7b940ebeb6a1d8aab9f033ab9e6c508 StaticDependenciesID=e59f1ce582663b59da42682060b3e4ef 
Number of updated asset objects reloaded before import = 0Number of asset objects unloaded after import = 35

========================================================================
Received Import Request.
  Time since last request: 0.000019 seconds.
  path: Assets/HIVEMIND/CaveOfHiddenTomb/HDRP (Default)/Art/Prefabs/SM_Rock_G.prefab
  importAddress: Guid(abc00000000008089024361489229336) Importer(2089858483,e11c23a36db5f54750b8cd40eac0985b)
Start importing Assets/HIVEMIND/CaveOfHiddenTomb/HDRP (Default)/Art/Prefabs/SM_Rock_G.prefab using Guid(abc00000000008089024361489229336) Importer(2089858483,e11c23a36db5f54750b8cd40eac0985b) (ScriptedImporter) -> (Import Result ID: 'b06b4f54e9c9ab21728c3d8a68830c06') in 0.0239993 seconds [static and dynamic dependencies]. Details - ImportResultOutputID=986beb7c4d4493cf5893684a4b0ba802 DependenciesID=d19501e1e0560e5cf664858f304365a5 StaticDependenciesID=387b3832b30f68fe248682e94399fd23 
Number of updated asset objects reloaded before import = 0Number of asset objects unloaded after import = 33

========================================================================
Received Import Request.
  Time since last request: 0.000019 seconds.
  path: Assets/HIVEMIND/CaveOfHiddenTomb/HDRP (Default)/Art/Prefabs/SM_Vine_Long.prefab
  importAddress: Guid(abc00000000016739180046719785502) Importer(2089858483,e11c23a36db5f54750b8cd40eac0985b)
Start importing Assets/HIVEMIND/CaveOfHiddenTomb/HDRP (Default)/Art/Prefabs/SM_Vine_Long.prefab using Guid(abc00000000016739180046719785502) Importer(2089858483,e11c23a36db5f54750b8cd40eac0985b) (ScriptedImporter) -> (Import Result ID: '8facfaefc632ad6ea2be541862c6733b') in 0.0197203 seconds [static and dynamic dependencies]. Details - ImportResultOutputID=0fc7827ead0fd1ac6df09fd92f74c83a DependenciesID=33dd969deaa88255d662c498db2297a3 StaticDependenciesID=f366390ed6c193ace570352c216f5c71 
Number of updated asset objects reloaded before import = 0Number of asset objects unloaded after import = 34

========================================================================
Received Import Request.
  Time since last request: 0.000018 seconds.
  path: Assets/HIVEMIND/CaveOfHiddenTomb/HDRP (Default)/Art/Prefabs/SM_StonePattern_D.prefab
  importAddress: Guid(abc00000000001420823762789386931) Importer(2089858483,e11c23a36db5f54750b8cd40eac0985b)
Start importing Assets/HIVEMIND/CaveOfHiddenTomb/HDRP (Default)/Art/Prefabs/SM_StonePattern_D.prefab using Guid(abc00000000001420823762789386931) Importer(2089858483,e11c23a36db5f54750b8cd40eac0985b) (ScriptedImporter) -> (Import Result ID: 'aefbd0880b052a9907eb3118be5b63c1') in 0.0164084 seconds [static and dynamic dependencies]. Details - ImportResultOutputID=30d97e98bc89d5797db696444e03d8cc DependenciesID=cefd75e5ee268a262d93a3362eadb526 StaticDependenciesID=829f0b7729e4c4edcf8f0a0b503c987a 
Number of updated asset objects reloaded before import = 0Number of asset objects unloaded after import = 33

========================================================================
Received Import Request.
  Time since last request: 0.000023 seconds.
  path: Assets/HIVEMIND/CaveOfHiddenTomb/HDRP (Default)/Art/Prefabs/SM_Vine_F.prefab
  importAddress: Guid(abc00000000007575383183622210866) Importer(2089858483,e11c23a36db5f54750b8cd40eac0985b)
Start importing Assets/HIVEMIND/CaveOfHiddenTomb/HDRP (Default)/Art/Prefabs/SM_Vine_F.prefab using Guid(abc00000000007575383183622210866) Importer(2089858483,e11c23a36db5f54750b8cd40eac0985b) (ScriptedImporter) -> (Import Result ID: '5f292cab03674d2ca2c693dc9ac52a4d') in 0.0240296 seconds [static and dynamic dependencies]. Details - ImportResultOutputID=ea3cfa709ebd7ff7e110a70dbbb0a848 DependenciesID=9a3d0744eecf65d4312c58b84bbbeb2e StaticDependenciesID=c548ba368c21e0ef1e00f9396ae4f2db 
Number of updated asset objects reloaded before import = 0Number of asset objects unloaded after import = 34

========================================================================
Received Import Request.
  Time since last request: 0.000036 seconds.
  path: Assets/HIVEMIND/CaveOfHiddenTomb/HDRP (Default)/Art/Prefabs/SM_Stalacite_F.prefab
  importAddress: Guid(abc00000000016812434727121727578) Importer(2089858483,e11c23a36db5f54750b8cd40eac0985b)
Start importing Assets/HIVEMIND/CaveOfHiddenTomb/HDRP (Default)/Art/Prefabs/SM_Stalacite_F.prefab using Guid(abc00000000016812434727121727578) Importer(2089858483,e11c23a36db5f54750b8cd40eac0985b) (ScriptedImporter) -> (Import Result ID: '4d2c96fc2a70842c19be716382cc2e33') in 0.0216385 seconds [static and dynamic dependencies]. Details - ImportResultOutputID=151464801df8ff6fd374426e600cb776 DependenciesID=3d29518de58be9bdd95b7040464928a6 StaticDependenciesID=4c997a2cb679a23ee716faaaf995f950 
Number of updated asset objects reloaded before import = 0Number of asset objects unloaded after import = 34

========================================================================
Received Import Request.
  Time since last request: 0.000019 seconds.
  path: Assets/HIVEMIND/CaveOfHiddenTomb/HDRP (Default)/Art/Prefabs/SM_Rock_F.prefab
  importAddress: Guid(abc00000000003429954581696290785) Importer(2089858483,e11c23a36db5f54750b8cd40eac0985b)
Start importing Assets/HIVEMIND/CaveOfHiddenTomb/HDRP (Default)/Art/Prefabs/SM_Rock_F.prefab using Guid(abc00000000003429954581696290785) Importer(2089858483,e11c23a36db5f54750b8cd40eac0985b) (ScriptedImporter) -> (Import Result ID: 'f4032f0f84a6bd4ade78f459c891463c') in 0.0166888 seconds [static and dynamic dependencies]. Details - ImportResultOutputID=5203b4f0f4615016885c0c15708c8b3b DependenciesID=43d310135f1308ddff09b7c6bc58cf50 StaticDependenciesID=16e7a1f9457db3169269ccca1098548e 
Number of updated asset objects reloaded before import = 0Number of asset objects unloaded after import = 33

========================================================================
Received Import Request.
  Time since last request: 0.000019 seconds.
  path: Assets/HIVEMIND/CaveOfHiddenTomb/HDRP (Default)/Art/Prefabs/SM_StonePlate_H.prefab
  importAddress: Guid(abc00000000015994446993723110233) Importer(2089858483,e11c23a36db5f54750b8cd40eac0985b)
Start importing Assets/HIVEMIND/CaveOfHiddenTomb/HDRP (Default)/Art/Prefabs/SM_StonePlate_H.prefab using Guid(abc00000000015994446993723110233) Importer(2089858483,e11c23a36db5f54750b8cd40eac0985b) (ScriptedImporter) -> (Import Result ID: 'be2102f7bfab9d3fccf85246c38c4cf2') in 0.0173112 seconds [static and dynamic dependencies]. Details - ImportResultOutputID=3961bcf92d28761481629374c3ec8703 DependenciesID=2daae0a325686a0a1e115ea7cd6b487b StaticDependenciesID=2797d5336af64502bf8cace216e923a1 
Number of updated asset objects reloaded before import = 0Number of asset objects unloaded after import = 35

========================================================================
Received Import Request.
  Time since last request: 0.000018 seconds.
  path: Assets/Samples/XR Interaction Toolkit/3.2.1/Starter Assets/Materials/Controller_White.mat
  importAddress: Guid(9f12d299d16099343a3c5c0d7285822a) Importer(2089858483,b0f066a214c2f5e87bad3c948f4d605d)
Start importing Assets/Samples/XR Interaction Toolkit/3.2.1/Starter Assets/Materials/Controller_White.mat using Guid(9f12d299d16099343a3c5c0d7285822a) Importer(2089858483,b0f066a214c2f5e87bad3c948f4d605d) (ScriptedImporter) -> (Import Result ID: '215f05d60917610aa01182a5e7482f44') in 0.0076536 seconds [static and dynamic dependencies]. Details - ImportResultOutputID=2ba1401f93080bf790c5018e6519408b DependenciesID=377575c6695032e659747d8aec7ad6bc StaticDependenciesID=e8cf110df36bfa4c568a503fa73b151c 
Number of updated asset objects reloaded before import = 0Number of asset objects unloaded after import = 2

========================================================================
Received Import Request.
  Time since last request: 0.000024 seconds.
  path: Assets/Samples/XR Interaction Toolkit/3.2.1/Starter Assets/Materials/MaterialPipelineHandler.asset
  importAddress: Guid(dbe8dcb68b75cd2498ab6c1d96e072a4) Importer(2089858483,b0f066a214c2f5e87bad3c948f4d605d)
Start importing Assets/Samples/XR Interaction Toolkit/3.2.1/Starter Assets/Materials/MaterialPipelineHandler.asset using Guid(dbe8dcb68b75cd2498ab6c1d96e072a4) Importer(2089858483,b0f066a214c2f5e87bad3c948f4d605d) (ScriptedImporter) -> (Import Result ID: '8bc70eb97bfa0d5573b59b893d8ed405') in 0.0102408 seconds [static and dynamic dependencies]. Details - ImportResultOutputID=7f560454c36716ea5778902b246648c3 DependenciesID=edf732fb96f425e7913979716fc925e6 StaticDependenciesID=532918f8dfa26df66f03b52db9982aed 
Number of updated asset objects reloaded before import = 0Number of asset objects unloaded after import = 9

========================================================================
Received Import Request.
  Time since last request: 0.000026 seconds.
  path: Assets/HIVEMIND/CaveOfHiddenTomb/HDRP (Default)/Art/ShaderGraphs/S_Movement.shadersubgraph
  importAddress: Guid(27667dc9122cb524aa72371e8e4c3d5a) Importer(2089858483,b0f066a214c2f5e87bad3c948f4d605d)
Start importing Assets/HIVEMIND/CaveOfHiddenTomb/HDRP (Default)/Art/ShaderGraphs/S_Movement.shadersubgraph using Guid(27667dc9122cb524aa72371e8e4c3d5a) Importer(2089858483,b0f066a214c2f5e87bad3c948f4d605d) (ScriptedImporter) -> (Import Result ID: 'f310d2b170cb658565744ffa3fc2893f') in 0.0094611 seconds [static and dynamic dependencies]. Details - ImportResultOutputID=123f9a522a128b9fb9f540fc6ddf93cf DependenciesID=581dd511b5a61719920fb87af1a81f47 StaticDependenciesID=048d274ab3578548909ddd498fa00e56 
Number of updated asset objects reloaded before import = 0Number of asset objects unloaded after import = 1

========================================================================
Received Import Request.
  Time since last request: 0.000021 seconds.
  path: Assets/materials/TextureHaven/wood_4k/wood_4k_textures/brown_planks_04/brown_planks_04_disp_4k.png
  importAddress: Guid(1f47f459d76b8ae48b10cb2d06034428) Importer(2089858483,b0f066a214c2f5e87bad3c948f4d605d)
Start importing Assets/materials/TextureHaven/wood_4k/wood_4k_textures/brown_planks_04/brown_planks_04_disp_4k.png using Guid(1f47f459d76b8ae48b10cb2d06034428) Importer(2089858483,b0f066a214c2f5e87bad3c948f4d605d) (ScriptedImporter) -> (Import Result ID: '95d668bbf709c47a3a87e2e2c34553eb') in 0.0222506 seconds [static and dynamic dependencies]. Details - ImportResultOutputID=91b6b5996756f7435b71f5fb18d85344 DependenciesID=97ae2ee6350dc3b3b52279b614123128 StaticDependenciesID=619e8a4f787537659e37c33bd57b64ac 
Number of updated asset objects reloaded before import = 0Number of asset objects unloaded after import = 1

========================================================================
Received Import Request.
  Time since last request: 0.000021 seconds.
  path: Assets/Samples/XR Interaction Toolkit/3.2.1/Starter Assets/Materials/Telport Anchor.mat
  importAddress: Guid(fd3c5d8fce991e04f9c11109dde95b3b) Importer(2089858483,b0f066a214c2f5e87bad3c948f4d605d)
Start importing Assets/Samples/XR Interaction Toolkit/3.2.1/Starter Assets/Materials/Telport Anchor.mat using Guid(fd3c5d8fce991e04f9c11109dde95b3b) Importer(2089858483,b0f066a214c2f5e87bad3c948f4d605d) (ScriptedImporter) -> (Import Result ID: '121565b5088a9333f143e1eaa1d761d3') in 0.0055582 seconds [static and dynamic dependencies]. Details - ImportResultOutputID=6aaa55d3d3d0ad907e3889482e35e1a8 DependenciesID=1e12bd37308d0fa941612e0dd9dc9b80 StaticDependenciesID=7ea7dea1f5e8bb9f41217878d121fd09 
Number of updated asset objects reloaded before import = 0Number of asset objects unloaded after import = 2

========================================================================
Received Import Request.
  Time since last request: 0.000019 seconds.
  path: Assets/HIVEMIND/CaveOfHiddenTomb/HDRP (Default)/Art/ShaderGraphs/S_Foliage.shadergraph
  importAddress: Guid(e46666baefee42d478dca37212f57b56) Importer(2089858483,b0f066a214c2f5e87bad3c948f4d605d)
Start importing Assets/HIVEMIND/CaveOfHiddenTomb/HDRP (Default)/Art/ShaderGraphs/S_Foliage.shadergraph using Guid(e46666baefee42d478dca37212f57b56) Importer(2089858483,b0f066a214c2f5e87bad3c948f4d605d) (ScriptedImporter) -> (Import Result ID: '3b340c806bd064938aa8a713203bced2') in 0.0080034 seconds [static and dynamic dependencies]. Details - ImportResultOutputID=71d942d36f2f77a321302050b2fb7bbe DependenciesID=fcdd0efca5c5fcd2c442efd7a8104757 StaticDependenciesID=772a0ca6951b956c3cf9fcacc9a6f9c2 
Number of updated asset objects reloaded before import = 0Number of asset objects unloaded after import = 5

========================================================================
Received Import Request.
  Time since last request: 0.000019 seconds.
  path: Assets/materials/TextureHaven/wood_4k/wood_4k_textures/plywood/plywood_nor_4k.png
  importAddress: Guid(3ebcf2da2302cbd4a9acce2f65a5ad26) Importer(2089858483,b0f066a214c2f5e87bad3c948f4d605d)
Start importing Assets/materials/TextureHaven/wood_4k/wood_4k_textures/plywood/plywood_nor_4k.png using Guid(3ebcf2da2302cbd4a9acce2f65a5ad26) Importer(2089858483,b0f066a214c2f5e87bad3c948f4d605d) (ScriptedImporter) -> (Import Result ID: 'bf66d1a1f94e15783c07a15d7e6edcc7') in 0.0233357 seconds [static and dynamic dependencies]. Details - ImportResultOutputID=c37193d5c9d5267e904bacbed10caa5f DependenciesID=172216ca18d3eda07d7af05d7d7a119d StaticDependenciesID=17432a51eb75909f2035158d569dab39 
Number of updated asset objects reloaded before import = 0Number of asset objects unloaded after import = 1

========================================================================
Received Import Request.
  Time since last request: 0.000020 seconds.
  path: Assets/materials/TextureHaven/wood_4k/wood_4k_textures/brown_planks_04/68ba0a1b971d9ed461c47c1b10bf16d2.jpg
  importAddress: Guid(4bdf1679be6b3c24fa33137c0aebf77a) Importer(2089858483,b0f066a214c2f5e87bad3c948f4d605d)
Start importing Assets/materials/TextureHaven/wood_4k/wood_4k_textures/brown_planks_04/68ba0a1b971d9ed461c47c1b10bf16d2.jpg using Guid(4bdf1679be6b3c24fa33137c0aebf77a) Importer(2089858483,b0f066a214c2f5e87bad3c948f4d605d) (ScriptedImporter) -> (Import Result ID: 'd950b569b8efe0a020681de242b8b47b') in 0.0076222 seconds [static and dynamic dependencies]. Details - ImportResultOutputID=652599114816df3aefb96fc599d2e9cc DependenciesID=2b28a4b04bfa9daade91d5a7d5aa97ca StaticDependenciesID=8943b87215bd5c3651e14b151c28fa64 
Number of updated asset objects reloaded before import = 0Number of asset objects unloaded after import = 1

========================================================================
Received Import Request.
  Time since last request: 0.000038 seconds.
  path: Assets/Samples/XR Interaction Toolkit/3.2.1/Starter Assets/Editor/StarterAssets.Editor.asmdef
  importAddress: Guid(9233538b711383d449a485633568d17c) Importer(2089858483,b0f066a214c2f5e87bad3c948f4d605d)
Start importing Assets/Samples/XR Interaction Toolkit/3.2.1/Starter Assets/Editor/StarterAssets.Editor.asmdef using Guid(9233538b711383d449a485633568d17c) Importer(2089858483,b0f066a214c2f5e87bad3c948f4d605d) (ScriptedImporter) -> (Import Result ID: 'ecdddac092ff2736e3f3d4f3fa76d9a5') in 0.0043813 seconds [static and dynamic dependencies]. Details - ImportResultOutputID=3c46225a7dc2a469eea7e38b1f1e9d03 DependenciesID=2457a5beb903cde28d4332a035769698 StaticDependenciesID=e7d47c65729c101b5a4ee9aa2f8f673c 
Number of updated asset objects reloaded before import = 0Number of asset objects unloaded after import = 1

========================================================================
Received Import Request.
  Time since last request: 0.000020 seconds.
  path: Assets/Samples/XR Interaction Toolkit/3.2.1/Starter Assets/AffordanceThemes/ControllerPokeSphereScale.asset
  importAddress: Guid(fd784a23f6ef7774a8998adf6e979d04) Importer(2089858483,b0f066a214c2f5e87bad3c948f4d605d)
Start importing Assets/Samples/XR Interaction Toolkit/3.2.1/Starter Assets/AffordanceThemes/ControllerPokeSphereScale.asset using Guid(fd784a23f6ef7774a8998adf6e979d04) Importer(2089858483,b0f066a214c2f5e87bad3c948f4d605d) (ScriptedImporter) -> (Import Result ID: '11e9ae3428dfa733a3468e7bf413ddcb') in 0.0051913 seconds [static and dynamic dependencies]. Details - ImportResultOutputID=1159611a37498f51e8aea1b4a1916831 DependenciesID=f6161afd4a14c1e476ad063be9e6638b StaticDependenciesID=88884513b137fd4551068302fdaa634f 
Number of updated asset objects reloaded before import = 0Number of asset objects unloaded after import = 1

========================================================================
Received Import Request.
  Time since last request: 0.000030 seconds.
  path: Assets/HIVEMIND/CaveOfHiddenTomb/HDRP (Default)/Art/Prefabs/SM_EuropeanBeech_XL_03.prefab
  importAddress: Guid(abc00000000015641339167181143738) Importer(2089858483,e11c23a36db5f54750b8cd40eac0985b)
Start importing Assets/HIVEMIND/CaveOfHiddenTomb/HDRP (Default)/Art/Prefabs/SM_EuropeanBeech_XL_03.prefab using Guid(abc00000000015641339167181143738) Importer(2089858483,e11c23a36db5f54750b8cd40eac0985b) (ScriptedImporter) -> (Import Result ID: '300c5fd5d556c4f10f163c14da46bf7d') in 0.0202178 seconds [static and dynamic dependencies]. Details - ImportResultOutputID=bacb34b99b18605d0f50a366cf725138 DependenciesID=b8ada826e659a7c5702bf1fbb385c445 StaticDependenciesID=8f0fa1baf7b1f5ba3771f6ebe6f8ae1f 
Number of updated asset objects reloaded before import = 0Number of asset objects unloaded after import = 43

========================================================================
Received Import Request.
  Time since last request: 0.000018 seconds.
  path: Assets/Samples/XR Interaction Toolkit/3.2.1/Starter Assets/Materials/UI-NoZTest.mat
  importAddress: Guid(6f3d696f7c3365846b6dc2402afb3d3e) Importer(2089858483,b0f066a214c2f5e87bad3c948f4d605d)
Start importing Assets/Samples/XR Interaction Toolkit/3.2.1/Starter Assets/Materials/UI-NoZTest.mat using Guid(6f3d696f7c3365846b6dc2402afb3d3e) Importer(2089858483,b0f066a214c2f5e87bad3c948f4d605d) (ScriptedImporter) -> (Import Result ID: 'a5a7b8ea215e0f519a138553640b3136') in 0.0082617 seconds [static and dynamic dependencies]. Details - ImportResultOutputID=be2487d91a298a9ef08f809cf627395c DependenciesID=cc6c20f8d35525ed83aef2073dd085ee StaticDependenciesID=a1f2bc9ec38c1d7cf691932702877ead 
Number of updated asset objects reloaded before import = 0Number of asset objects unloaded after import = 1

========================================================================
Received Import Request.
  Time since last request: 0.000023 seconds.
  path: Assets/Samples/XR Interaction Toolkit/3.2.1/Starter Assets/Scripts/DestroySelf.cs
  importAddress: Guid(717c12e2a4cfe764ab2580b1135e10fd) Importer(2089858483,b0f066a214c2f5e87bad3c948f4d605d)
Start importing Assets/Samples/XR Interaction Toolkit/3.2.1/Starter Assets/Scripts/DestroySelf.cs using Guid(717c12e2a4cfe764ab2580b1135e10fd) Importer(2089858483,b0f066a214c2f5e87bad3c948f4d605d) (ScriptedImporter) -> (Import Result ID: 'd79c57f6da53ea727ce2a3234b7f204a') in 0.0029131 seconds [static and dynamic dependencies]. Details - ImportResultOutputID=d87964691985d444fb8e0595bc375469 DependenciesID=677e8b3fd714fbaa8ea4abd91e7afb9a StaticDependenciesID=4ce7cd5120fc3f464a50b89768d92c24 
Number of updated asset objects reloaded before import = 0Number of asset objects unloaded after import = 0

========================================================================
Received Import Request.
  Time since last request: 0.000024 seconds.
  path: Assets/Samples/XR Interaction Toolkit/3.2.1/Starter Assets/Scripts/XRPokeFollowAffordance.cs
  importAddress: Guid(07b3638c2f5db5b479ff24c2859713d4) Importer(2089858483,b0f066a214c2f5e87bad3c948f4d605d)
Start importing Assets/Samples/XR Interaction Toolkit/3.2.1/Starter Assets/Scripts/XRPokeFollowAffordance.cs using Guid(07b3638c2f5db5b479ff24c2859713d4) Importer(2089858483,b0f066a214c2f5e87bad3c948f4d605d) (ScriptedImporter) -> (Import Result ID: 'd82a7dcea09367d8cbcbc824be393d5b') in 0.0027227 seconds [static and dynamic dependencies]. Details - ImportResultOutputID=a60cc268e2e8485f64143cda65dd0b36 DependenciesID=b0f5fecbe5585cde7fade6256e23cad7 StaticDependenciesID=c1a5d1a73731a6af53b04a9b7c9b2154 
Number of updated asset objects reloaded before import = 0Number of asset objects unloaded after import = 0

========================================================================
Received Import Request.
  Time since last request: 0.000034 seconds.
  path: Assets/Samples/XR Interaction Toolkit/3.2.1/Starter Assets/Scripts/PlatformUnderstanding.cs
  importAddress: Guid(3ce213c1f32595b4888e78a36e017d3e) Importer(2089858483,b0f066a214c2f5e87bad3c948f4d605d)
Start importing Assets/Samples/XR Interaction Toolkit/3.2.1/Starter Assets/Scripts/PlatformUnderstanding.cs using Guid(3ce213c1f32595b4888e78a36e017d3e) Importer(2089858483,b0f066a214c2f5e87bad3c948f4d605d) (ScriptedImporter) -> (Import Result ID: 'b8e78d14677dee5db7e29b09c2d374fd') in 0.0031275 seconds [static and dynamic dependencies]. Details - ImportResultOutputID=8068a88871901780dc493bbb5fa5de9d DependenciesID=31e816555efc20a5aea91acaec49df72 StaticDependenciesID=446c4b5ce9d40cdd2bc9cff13712a474 
Number of updated asset objects reloaded before import = 0Number of asset objects unloaded after import = 0

========================================================================
Received Import Request.
  Time since last request: 0.000020 seconds.
  path: Assets/Samples/XR Interaction Toolkit/3.2.1/Starter Assets/Presets/XRI Default Snap Turn.preset
  importAddress: Guid(5d3a60dbf2f04694f9060712df89debb) Importer(2089858483,b0f066a214c2f5e87bad3c948f4d605d)
Start importing Assets/Samples/XR Interaction Toolkit/3.2.1/Starter Assets/Presets/XRI Default Snap Turn.preset using Guid(5d3a60dbf2f04694f9060712df89debb) Importer(2089858483,b0f066a214c2f5e87bad3c948f4d605d) (ScriptedImporter) -> (Import Result ID: '4e6934a5174fc8213e709b26494a99c4') in 0.0081266 seconds [static and dynamic dependencies]. Details - ImportResultOutputID=f9c0d012593945eaa74d0d96f4a08990 DependenciesID=e636401b9fa4a196d5e7fc58c68fe586 StaticDependenciesID=1750f3f5da0bb30d5ef0988b3b9bd98b 
Number of updated asset objects reloaded before import = 0Number of asset objects unloaded after import = 4

========================================================================
Received Import Request.
  Time since last request: 0.000019 seconds.
  path: Assets/Samples/XR Interaction Toolkit/3.2.1/Starter Assets/Scripts/ControllerAnimator.cs
  importAddress: Guid(4a5f76f9ea8c80547973ab01877f9567) Importer(2089858483,b0f066a214c2f5e87bad3c948f4d605d)
Start importing Assets/Samples/XR Interaction Toolkit/3.2.1/Starter Assets/Scripts/ControllerAnimator.cs using Guid(4a5f76f9ea8c80547973ab01877f9567) Importer(2089858483,b0f066a214c2f5e87bad3c948f4d605d) (ScriptedImporter) -> (Import Result ID: 'a5b97e8f0e1e9923034f5c86e51a1b13') in 0.0037398 seconds [static and dynamic dependencies]. Details - ImportResultOutputID=e41f277b30a1994591dd8a1073f69a5c DependenciesID=2638004459ce185282858636c0cb3987 StaticDependenciesID=c292c047137086d5b88aacdbc2aebd62 
Number of updated asset objects reloaded before import = 0Number of asset objects unloaded after import = 0

========================================================================
Received Import Request.
  Time since last request: 0.000019 seconds.
  path: Assets/Samples/XR Interaction Toolkit/3.2.1/Starter Assets/Presets/XRI Default Continuous Move.preset
  importAddress: Guid(27c5945ad36f6f147bc402250679a228) Importer(2089858483,b0f066a214c2f5e87bad3c948f4d605d)
Start importing Assets/Samples/XR Interaction Toolkit/3.2.1/Starter Assets/Presets/XRI Default Continuous Move.preset using Guid(27c5945ad36f6f147bc402250679a228) Importer(2089858483,b0f066a214c2f5e87bad3c948f4d605d) (ScriptedImporter) -> (Import Result ID: '9e68a7b570ece5c19fb085774eb1bba2') in 0.0093897 seconds [static and dynamic dependencies]. Details - ImportResultOutputID=3e77e729e33763a2755f8dbe36c2cf35 DependenciesID=b3f3abb2637c720c52419230c9882940 StaticDependenciesID=9eb36730371670f8ccef8856c526b6bc 
Number of updated asset objects reloaded before import = 0Number of asset objects unloaded after import = 4

========================================================================
Received Import Request.
  Time since last request: 0.000019 seconds.
  path: Assets/Samples/XR Interaction Toolkit/3.2.1/Starter Assets/Scripts/PermissionsManager.cs
  importAddress: Guid(4f62c7b7418ee024aa16285921e63d56) Importer(2089858483,b0f066a214c2f5e87bad3c948f4d605d)
Start importing Assets/Samples/XR Interaction Toolkit/3.2.1/Starter Assets/Scripts/PermissionsManager.cs using Guid(4f62c7b7418ee024aa16285921e63d56) Importer(2089858483,b0f066a214c2f5e87bad3c948f4d605d) (ScriptedImporter) -> (Import Result ID: 'ba1fc1c837069d088e63ddc9dc6e4287') in 0.0044894 seconds [static and dynamic dependencies]. Details - ImportResultOutputID=f1e353ffe48ced98cac6c2cce0e50874 DependenciesID=93e97498e219957e6da528db686a1564 StaticDependenciesID=d3ebe2e538e6377adea4ebd0f7f1a2c9 
Number of updated asset objects reloaded before import = 0Number of asset objects unloaded after import = 0

========================================================================
Received Import Request.
  Time since last request: 0.000020 seconds.
  path: Assets/Samples/XR Interaction Toolkit/3.2.1/Starter Assets/Scripts/ControllerInputActionManager.cs
  importAddress: Guid(f9ac216f0eb04754b1d938aac6380b31) Importer(2089858483,b0f066a214c2f5e87bad3c948f4d605d)
Start importing Assets/Samples/XR Interaction Toolkit/3.2.1/Starter Assets/Scripts/ControllerInputActionManager.cs using Guid(f9ac216f0eb04754b1d938aac6380b31) Importer(2089858483,b0f066a214c2f5e87bad3c948f4d605d) (ScriptedImporter) -> (Import Result ID: '556aa5224961195ee5cc36800b504e35') in 0.0028849 seconds [static and dynamic dependencies]. Details - ImportResultOutputID=6c70204e6d2fa6df0557bff8ae854047 DependenciesID=5021cecd9171626a98597952152d636e StaticDependenciesID=4f315b325014238e863dc427a857d8d9 
Number of updated asset objects reloaded before import = 0Number of asset objects unloaded after import = 0

========================================================================
Received Import Request.
  Time since last request: 0.000021 seconds.
  path: Assets/HIVEMIND/CaveOfHiddenTomb/HDRP (Default)/Art/Prefabs/SM_Ground_A_1.prefab
  importAddress: Guid(abc00000000006432070233321751276) Importer(2089858483,e11c23a36db5f54750b8cd40eac0985b)
Start importing Assets/HIVEMIND/CaveOfHiddenTomb/HDRP (Default)/Art/Prefabs/SM_Ground_A_1.prefab using Guid(abc00000000006432070233321751276) Importer(2089858483,e11c23a36db5f54750b8cd40eac0985b) (ScriptedImporter) -> (Import Result ID: 'b87b3f1ef57ea5d0116a48cff0817086') in 0.0188805 seconds [static and dynamic dependencies]. Details - ImportResultOutputID=c6350290568ec5b4526be797e1126e82 DependenciesID=2a1287bc1473af54930edb298abd293c StaticDependenciesID=c2cd49b48e490bb4a3462e4ff27ed3c5 
Number of updated asset objects reloaded before import = 0Number of asset objects unloaded after import = 33

========================================================================
Received Import Request.
  Time since last request: 0.000040 seconds.
  path: Assets/HIVEMIND/CaveOfHiddenTomb/HDRP (Default)/Art/Prefabs/SM_EuropeanBeech_Log_01.prefab
  importAddress: Guid(abc00000000003769744192487942334) Importer(2089858483,e11c23a36db5f54750b8cd40eac0985b)
Start importing Assets/HIVEMIND/CaveOfHiddenTomb/HDRP (Default)/Art/Prefabs/SM_EuropeanBeech_Log_01.prefab using Guid(abc00000000003769744192487942334) Importer(2089858483,e11c23a36db5f54750b8cd40eac0985b) (ScriptedImporter) -> (Import Result ID: '70ce39601c3952fc104c7b7b11e3e94f') in 0.0226182 seconds [static and dynamic dependencies]. Details - ImportResultOutputID=38d945957ed984e5da2aaf8885f1bbe7 DependenciesID=1ef89e8d101cc21657152d3f4b3fe9c2 StaticDependenciesID=c0800b07f1a0646e64b3152091d37b26 
Number of updated asset objects reloaded before import = 0Number of asset objects unloaded after import = 43

========================================================================
Received Import Request.
  Time since last request: 0.000020 seconds.
  path: Assets/Samples/XR Interaction Toolkit/3.2.1/Starter Assets/Shaders/UI-NoZTest.shader
  importAddress: Guid(a661e7516de55c047905f40ca76fe701) Importer(2089858483,b0f066a214c2f5e87bad3c948f4d605d)
Start importing Assets/Samples/XR Interaction Toolkit/3.2.1/Starter Assets/Shaders/UI-NoZTest.shader using Guid(a661e7516de55c047905f40ca76fe701) Importer(2089858483,b0f066a214c2f5e87bad3c948f4d605d) (ScriptedImporter) -> (Import Result ID: '377186c0760469abd482838c3af8b5a9') in 0.0051171 seconds [static and dynamic dependencies]. Details - ImportResultOutputID=36247aa807dcf51bfbe3700de43eb5e2 DependenciesID=558c0d4d332ee1833233bcb746133fc0 StaticDependenciesID=4ef6ba3a8d36cc4666016f7f513ef75e 
Number of updated asset objects reloaded before import = 0Number of asset objects unloaded after import = 1

========================================================================
Received Import Request.
  Time since last request: 0.000019 seconds.
  path: Assets/HIVEMIND/CaveOfHiddenTomb/HDRP (Default)/Art/Assets/Ground/SM_Ground_B.fbx
  importAddress: Guid(abc00000000001174252938978032712) Importer(2089858483,b0f066a214c2f5e87bad3c948f4d605d)
Start importing Assets/HIVEMIND/CaveOfHiddenTomb/HDRP (Default)/Art/Assets/Ground/SM_Ground_B.fbx using Guid(abc00000000001174252938978032712) Importer(2089858483,b0f066a214c2f5e87bad3c948f4d605d) (ScriptedImporter)MaterialLocation.External is obsolete. External Material Location is no longer supported. (Assets/HIVEMIND/CaveOfHiddenTomb/HDRP (Default)/Art/Assets/Ground/SM_Ground_B.fbx)
 -> (Import Result ID: 'b4fc42de53cc2fdcc008dc111f5f7aea') in 0.0101299 seconds [static and dynamic dependencies]. Details - ImportResultOutputID=59e69cad635d6df15c70f8124adfaa61 DependenciesID=beaf68e95a5ee2a827282c3b5ec0b9fb StaticDependenciesID=ca8fcb905f187c77822d9122289c8399 
Number of updated asset objects reloaded before import = 0Number of asset objects unloaded after import = 32

========================================================================
Received Import Request.
  Time since last request: 0.000019 seconds.
  path: Assets/HIVEMIND/CaveOfHiddenTomb/HDRP (Default)/Art/Assets/Ground/SM_TempleFloor.fbx
  importAddress: Guid(abc00000000012991211219685271959) Importer(2089858483,b0f066a214c2f5e87bad3c948f4d605d)
Start importing Assets/HIVEMIND/CaveOfHiddenTomb/HDRP (Default)/Art/Assets/Ground/SM_TempleFloor.fbx using Guid(abc00000000012991211219685271959) Importer(2089858483,b0f066a214c2f5e87bad3c948f4d605d) (ScriptedImporter)MaterialLocation.External is obsolete. External Material Location is no longer supported. (Assets/HIVEMIND/CaveOfHiddenTomb/HDRP (Default)/Art/Assets/Ground/SM_TempleFloor.fbx)
 -> (Import Result ID: '60a0bbdfd7833a7cbc6264de2f8a490c') in 0.0142706 seconds [static and dynamic dependencies]. Details - ImportResultOutputID=b39b21cded5fe5b8332842535b14dbaf DependenciesID=bf1024c30ec28945165d20752f4fcd30 StaticDependenciesID=1bd30eb9e932ee08dc965230ddd301b6 
Number of updated asset objects reloaded before import = 0Number of asset objects unloaded after import = 37

========================================================================
Received Import Request.
  Time since last request: 0.000019 seconds.
  path: Assets/Samples/XR Interaction Toolkit/3.2.1/Starter Assets/TunnelingVignette/TunnelingVignette.shader
  importAddress: Guid(e51b4af1e50be764e8de46e07d4e3f3f) Importer(2089858483,b0f066a214c2f5e87bad3c948f4d605d)
Start importing Assets/Samples/XR Interaction Toolkit/3.2.1/Starter Assets/TunnelingVignette/TunnelingVignette.shader using Guid(e51b4af1e50be764e8de46e07d4e3f3f) Importer(2089858483,b0f066a214c2f5e87bad3c948f4d605d) (ScriptedImporter) -> (Import Result ID: '16cf95239e73fb77775bc0df296d4c11') in 0.0044878 seconds [static and dynamic dependencies]. Details - ImportResultOutputID=ee72be37ad31d560c2d506044dc2b0cd DependenciesID=43be651e5a3973e7d7ca6dfd1c546d6d StaticDependenciesID=5a5cbe66cce9fd17203cb05fd253b92c 
Number of updated asset objects reloaded before import = 0Number of asset objects unloaded after import = 1

========================================================================
Received Import Request.
  Time since last request: 0.000021 seconds.
  path: Assets/HIVEMIND/CaveOfHiddenTomb/HDRP (Default)/Art/Assets/BasicShapes/Plane.fbx
  importAddress: Guid(abc00000000017822585110962714169) Importer(2089858483,b0f066a214c2f5e87bad3c948f4d605d)
Start importing Assets/HIVEMIND/CaveOfHiddenTomb/HDRP (Default)/Art/Assets/BasicShapes/Plane.fbx using Guid(abc00000000017822585110962714169) Importer(2089858483,b0f066a214c2f5e87bad3c948f4d605d) (ScriptedImporter)MaterialLocation.External is obsolete. External Material Location is no longer supported. (Assets/HIVEMIND/CaveOfHiddenTomb/HDRP (Default)/Art/Assets/BasicShapes/Plane.fbx)
 -> (Import Result ID: '8bf30727f08d393ca0307e593a87901c') in 0.0119458 seconds [static and dynamic dependencies]. Details - ImportResultOutputID=44bcd6ae8d30e5945c3fcb708d966178 DependenciesID=3d93579595391770a3c2c1970fc4b102 StaticDependenciesID=1746b7433288aca1db3302d1dc245038 
Number of updated asset objects reloaded before import = 0Number of asset objects unloaded after import = 13

========================================================================
Received Import Request.
  Time since last request: 0.000041 seconds.
  path: Assets/HIVEMIND/CaveOfHiddenTomb/HDRP (Default)/Art/Assets/Vines/SM_Vine_C.fbx
  importAddress: Guid(abc00000000004012959434225037964) Importer(2089858483,b0f066a214c2f5e87bad3c948f4d605d)
Start importing Assets/HIVEMIND/CaveOfHiddenTomb/HDRP (Default)/Art/Assets/Vines/SM_Vine_C.fbx using Guid(abc00000000004012959434225037964) Importer(2089858483,b0f066a214c2f5e87bad3c948f4d605d) (ScriptedImporter)MaterialLocation.External is obsolete. External Material Location is no longer supported. (Assets/HIVEMIND/CaveOfHiddenTomb/HDRP (Default)/Art/Assets/Vines/SM_Vine_C.fbx)
 -> (Import Result ID: 'f56ede966a573a4ac84cbbed1e4bb909') in 0.0122042 seconds [static and dynamic dependencies]. Details - ImportResultOutputID=8c4438e8698ff7651be41f34b95d0ee4 DependenciesID=ed77b638a5aaf08a00d6695174553b46 StaticDependenciesID=568d95b2a4fe6b05d4a847808e81b273 
Number of updated asset objects reloaded before import = 0Number of asset objects unloaded after import = 37

========================================================================
Received Import Request.
  Time since last request: 0.000018 seconds.
  path: Assets/fog/Post Processing Assets/Better Fog/Core/GradientCreator/Editor/GradientTextureEditor.cs
  importAddress: Guid(04f697b1a5b78ec48a62901b35f69097) Importer(2089858483,b0f066a214c2f5e87bad3c948f4d605d)
Start importing Assets/fog/Post Processing Assets/Better Fog/Core/GradientCreator/Editor/GradientTextureEditor.cs using Guid(04f697b1a5b78ec48a62901b35f69097) Importer(2089858483,b0f066a214c2f5e87bad3c948f4d605d) (ScriptedImporter) -> (Import Result ID: 'bff64a8056e570c2cb28367fbfb19b2d') in 0.0029544 seconds [static and dynamic dependencies]. Details - ImportResultOutputID=5f38e4261fffb8aa63df38833374f291 DependenciesID=025069908cd8e55cbef8be15befcd7ef StaticDependenciesID=53847a90d80c44797adb9625e6f9ea66 
Number of updated asset objects reloaded before import = 0Number of asset objects unloaded after import = 0

========================================================================
Received Import Request.
  Time since last request: 0.000018 seconds.
  path: Assets/Samples/XR Interaction Toolkit/3.2.1/Starter Assets/Shaders/Unlit_ShaderGraph.shadergraph
  importAddress: Guid(740445f1490c01e4b8feacf8d9ab5e7f) Importer(2089858483,b0f066a214c2f5e87bad3c948f4d605d)
Start importing Assets/Samples/XR Interaction Toolkit/3.2.1/Starter Assets/Shaders/Unlit_ShaderGraph.shadergraph using Guid(740445f1490c01e4b8feacf8d9ab5e7f) Importer(2089858483,b0f066a214c2f5e87bad3c948f4d605d) (ScriptedImporter) -> (Import Result ID: 'b00955b5378c090f736d2c7b91d92e8e') in 0.1368684 seconds [static and dynamic dependencies]. Details - ImportResultOutputID=96fdac73bc30b8b8538d581ec88bfa90 DependenciesID=2c6c6f963a2950894ce5e1436a787412 StaticDependenciesID=fbbcd63edf32438964fb3f5f57ae659d 
Number of updated asset objects reloaded before import = 0Number of asset objects unloaded after import = 6

========================================================================
Received Import Request.
  Time since last request: 0.000023 seconds.
  path: Assets/HIVEMIND/CaveOfHiddenTomb/HDRP (Default)/Art/Assets/Ground/M_Ground_WA_Mud_002.mat
  importAddress: Guid(abc00000000004571287995539567655) Importer(2089858483,b0f066a214c2f5e87bad3c948f4d605d)
Start importing Assets/HIVEMIND/CaveOfHiddenTomb/HDRP (Default)/Art/Assets/Ground/M_Ground_WA_Mud_002.mat using Guid(abc00000000004571287995539567655) Importer(2089858483,b0f066a214c2f5e87bad3c948f4d605d) (ScriptedImporter) -> (Import Result ID: '9534ffa68c3257ccad77cc93341eaa9c') in 0.0118883 seconds [static and dynamic dependencies]. Details - ImportResultOutputID=87d854c5ed7d4380a9023da40442e868 DependenciesID=db22a9ecb8d1af1042a02338da567342 StaticDependenciesID=42ca5ea0aa9e9fa798a9bb1bd33866fa 
Number of updated asset objects reloaded before import = 0Number of asset objects unloaded after import = 11

========================================================================
Received Import Request.
  Time since last request: 0.000034 seconds.
  path: Assets/Samples/XR Interaction Toolkit/3.2.1/Starter Assets/DemoSceneAssets/Models/Primitive_Blaster.fbx
  importAddress: Guid(e8cf87fef9298444ca38948b2c8a4073) Importer(2089858483,b0f066a214c2f5e87bad3c948f4d605d)
Start importing Assets/Samples/XR Interaction Toolkit/3.2.1/Starter Assets/DemoSceneAssets/Models/Primitive_Blaster.fbx using Guid(e8cf87fef9298444ca38948b2c8a4073) Importer(2089858483,b0f066a214c2f5e87bad3c948f4d605d) (ScriptedImporter) -> (Import Result ID: '1524365120bc6ef3c2caed9e5fa1883f') in 0.0089847 seconds [static and dynamic dependencies]. Details - ImportResultOutputID=10b7ed19399fd23ca764cd09542b1b97 DependenciesID=9f60728e67e1edbb11595018d4729f0f StaticDependenciesID=9453325560d227d6a7a9268a294098f6 
Number of updated asset objects reloaded before import = 0Number of asset objects unloaded after import = 9

========================================================================
Received Import Request.
  Time since last request: 0.000017 seconds.
  path: Assets/Samples/XR Interaction Toolkit/3.2.1/Starter Assets/DemoSceneAssets/Models/Primitive_Cylinder.fbx
  importAddress: Guid(73b694bb0f61cd14e9e1ed7b578ac09a) Importer(2089858483,b0f066a214c2f5e87bad3c948f4d605d)
Start importing Assets/Samples/XR Interaction Toolkit/3.2.1/Starter Assets/DemoSceneAssets/Models/Primitive_Cylinder.fbx using Guid(73b694bb0f61cd14e9e1ed7b578ac09a) Importer(2089858483,b0f066a214c2f5e87bad3c948f4d605d) (ScriptedImporter) -> (Import Result ID: '78f8f54e9b05dfce1a52a1fc89f639e4') in 0.0106351 seconds [static and dynamic dependencies]. Details - ImportResultOutputID=a3c4fc5e53223ca86dc9e93c2e0c7ae5 DependenciesID=e2c9497489748bcf95d7b794b82a3df4 StaticDependenciesID=ac9b2c531b3b76a4fd7f8fde752947be 
Number of updated asset objects reloaded before import = 0Number of asset objects unloaded after import = 9

========================================================================
Received Import Request.
  Time since last request: 0.000018 seconds.
  path: Assets/Samples/XR Interaction Toolkit/3.2.1/Starter Assets/DemoSceneAssets/AffordanceThemes/InteractionColor.asset
  importAddress: Guid(3ec238cb3e80e274c844d7b56f585392) Importer(2089858483,b0f066a214c2f5e87bad3c948f4d605d)
Start importing Assets/Samples/XR Interaction Toolkit/3.2.1/Starter Assets/DemoSceneAssets/AffordanceThemes/InteractionColor.asset using Guid(3ec238cb3e80e274c844d7b56f585392) Importer(2089858483,b0f066a214c2f5e87bad3c948f4d605d) (ScriptedImporter) -> (Import Result ID: '342a8406213f119968495079aecfeac5') in 0.0044735 seconds [static and dynamic dependencies]. Details - ImportResultOutputID=467e1338b4860da8b1bac3f927c6e8d1 DependenciesID=37a3cfb80c3cad9a20d55859e5acbfe6 StaticDependenciesID=026457b4b07b5cd438099acbc4b57fde 
Number of updated asset objects reloaded before import = 0Number of asset objects unloaded after import = 1

========================================================================
Received Import Request.
  Time since last request: 0.000020 seconds.
  path: Assets/HIVEMIND/CaveOfHiddenTomb/HDRP (Default)/Art/VFX/Materials/M_Smoke.mat
  importAddress: Guid(251f329e9f65944409f96791dedb09b0) Importer(2089858483,b0f066a214c2f5e87bad3c948f4d605d)
Start importing Assets/HIVEMIND/CaveOfHiddenTomb/HDRP (Default)/Art/VFX/Materials/M_Smoke.mat using Guid(251f329e9f65944409f96791dedb09b0) Importer(2089858483,b0f066a214c2f5e87bad3c948f4d605d) (ScriptedImporter) -> (Import Result ID: '5dd6e99cb9b29924c8dda8d5e87666df') in 0.0078007 seconds [static and dynamic dependencies]. Details - ImportResultOutputID=91d6c355ae5f3f610e5301a18e405af5 DependenciesID=d00aa9fea9999da42fb63bf334c32da6 StaticDependenciesID=6edd22525c38fc40543cce1a7300d463 
Number of updated asset objects reloaded before import = 0Number of asset objects unloaded after import = 2

========================================================================
Received Import Request.
  Time since last request: 0.000023 seconds.
  path: Assets/HIVEMIND/CaveOfHiddenTomb/HDRP (Default)/Art/Assets/Vines/SM_Vine_Long.fbx
  importAddress: Guid(abc00000000010436270799304245313) Importer(2089858483,b0f066a214c2f5e87bad3c948f4d605d)
Start importing Assets/HIVEMIND/CaveOfHiddenTomb/HDRP (Default)/Art/Assets/Vines/SM_Vine_Long.fbx using Guid(abc00000000010436270799304245313) Importer(2089858483,b0f066a214c2f5e87bad3c948f4d605d) (ScriptedImporter)MaterialLocation.External is obsolete. External Material Location is no longer supported. (Assets/HIVEMIND/CaveOfHiddenTomb/HDRP (Default)/Art/Assets/Vines/SM_Vine_Long.fbx)
 -> (Import Result ID: '024b650441eebc138ac2b4626bebdaa6') in 0.0113554 seconds [static and dynamic dependencies]. Details - ImportResultOutputID=ebdf5ded99ec87e68285ebc316d2a359 DependenciesID=afd7d71b8239286644ed1746d52840db StaticDependenciesID=5d3ead6cc1d7c1546fd4533a30d2c03e 
Number of updated asset objects reloaded before import = 0Number of asset objects unloaded after import = 37

========================================================================
Received Import Request.
  Time since last request: 0.000021 seconds.
  path: Assets/Samples/XR Interaction Toolkit/3.2.1/Starter Assets/DemoSceneAssets/Models/Primitive_Pyramid.fbx
  importAddress: Guid(63e02ddb08ce42da868504e1333d48ae) Importer(2089858483,b0f066a214c2f5e87bad3c948f4d605d)
Start importing Assets/Samples/XR Interaction Toolkit/3.2.1/Starter Assets/DemoSceneAssets/Models/Primitive_Pyramid.fbx using Guid(63e02ddb08ce42da868504e1333d48ae) Importer(2089858483,b0f066a214c2f5e87bad3c948f4d605d) (ScriptedImporter) -> (Import Result ID: '4cb35501d517018a16e1a2c7fcddf2ad') in 0.0122342 seconds [static and dynamic dependencies]. Details - ImportResultOutputID=75aa1c865ddddd822b8e4adaf61a2478 DependenciesID=8220130640711750ff91821fb8247119 StaticDependenciesID=76e036024e5fd9966cb6e8a6d2de0d51 
Number of updated asset objects reloaded before import = 0Number of asset objects unloaded after import = 9

========================================================================
Received Import Request.
  Time since last request: 0.000033 seconds.
  path: Assets/HIVEMIND/CaveOfHiddenTomb/HDRP (Default)/Art/Assets/Vines/SM_Vine_F.fbx
  importAddress: Guid(abc00000000001200021861398317803) Importer(2089858483,b0f066a214c2f5e87bad3c948f4d605d)
Start importing Assets/HIVEMIND/CaveOfHiddenTomb/HDRP (Default)/Art/Assets/Vines/SM_Vine_F.fbx using Guid(abc00000000001200021861398317803) Importer(2089858483,b0f066a214c2f5e87bad3c948f4d605d) (ScriptedImporter)MaterialLocation.External is obsolete. External Material Location is no longer supported. (Assets/HIVEMIND/CaveOfHiddenTomb/HDRP (Default)/Art/Assets/Vines/SM_Vine_F.fbx)
 -> (Import Result ID: '165747036dce9696719868ba29c0fe2f') in 0.0150753 seconds [static and dynamic dependencies]. Details - ImportResultOutputID=7432e9f867bf408aeda6b66797e453a6 DependenciesID=c8f4b2c6a9a8da1c48ac64cd19cec3d2 StaticDependenciesID=5a1e2829e9b213a39d33b08026dbba24 
Number of updated asset objects reloaded before import = 0Number of asset objects unloaded after import = 37

========================================================================
Received Import Request.
  Time since last request: 0.000021 seconds.
  path: Assets/HIVEMIND/CaveOfHiddenTomb/HDRP (Default)/Art/Assets/Vines/SM_Vine_A.fbx
  importAddress: Guid(abc00000000008849727688132438586) Importer(2089858483,b0f066a214c2f5e87bad3c948f4d605d)
Start importing Assets/HIVEMIND/CaveOfHiddenTomb/HDRP (Default)/Art/Assets/Vines/SM_Vine_A.fbx using Guid(abc00000000008849727688132438586) Importer(2089858483,b0f066a214c2f5e87bad3c948f4d605d) (ScriptedImporter)MaterialLocation.External is obsolete. External Material Location is no longer supported. (Assets/HIVEMIND/CaveOfHiddenTomb/HDRP (Default)/Art/Assets/Vines/SM_Vine_A.fbx)
 -> (Import Result ID: '429ab7b9de6af6286af8f3cf373c5528') in 0.0111265 seconds [static and dynamic dependencies]. Details - ImportResultOutputID=4ec914aa46310c47c83ddcfaed2d32c2 DependenciesID=2281a9375d138ffd1e0f6e55aebc2d3b StaticDependenciesID=a89c6693b8614d9fd5562849db1ea00f 
Number of updated asset objects reloaded before import = 0Number of asset objects unloaded after import = 37

========================================================================
Received Import Request.
  Time since last request: 0.000022 seconds.
  path: Assets/HIVEMIND/CaveOfHiddenTomb/HDRP (Default)/Art/Assets/Vines/SM_Vine_D.fbx
  importAddress: Guid(abc00000000009348621259188360961) Importer(2089858483,b0f066a214c2f5e87bad3c948f4d605d)
Start importing Assets/HIVEMIND/CaveOfHiddenTomb/HDRP (Default)/Art/Assets/Vines/SM_Vine_D.fbx using Guid(abc00000000009348621259188360961) Importer(2089858483,b0f066a214c2f5e87bad3c948f4d605d) (ScriptedImporter)MaterialLocation.External is obsolete. External Material Location is no longer supported. (Assets/HIVEMIND/CaveOfHiddenTomb/HDRP (Default)/Art/Assets/Vines/SM_Vine_D.fbx)
 -> (Import Result ID: '580576fa7081a57edfcd166bb50380c2') in 0.0099619 seconds [static and dynamic dependencies]. Details - ImportResultOutputID=c434b301b144e97655caa28ab2f8afbb DependenciesID=d861546a9c8960dcb202a9af3cfaeaca StaticDependenciesID=28c339c57e510a32ac8fb5c5e23f031f 
Number of updated asset objects reloaded before import = 0Number of asset objects unloaded after import = 37

========================================================================
Received Import Request.
  Time since last request: 0.000019 seconds.
  path: Assets/Samples/XR Interaction Toolkit/3.2.1/Starter Assets/TunnelingVignette/TunnelingVignette.prefab
  importAddress: Guid(6c8af5c8012f01440af6cb2bc3eb987c) Importer(2089858483,e11c23a36db5f54750b8cd40eac0985b)
Start importing Assets/Samples/XR Interaction Toolkit/3.2.1/Starter Assets/TunnelingVignette/TunnelingVignette.prefab using Guid(6c8af5c8012f01440af6cb2bc3eb987c) Importer(2089858483,e11c23a36db5f54750b8cd40eac0985b) (ScriptedImporter) -> (Import Result ID: 'f633214c746cca4d0ab1b3429390179e') in 0.0083293 seconds [static and dynamic dependencies]. Details - ImportResultOutputID=83519486aedf3c6b2eafda6dd2b4501a DependenciesID=6381ad74123d60bb71b2ae1f28655440 StaticDependenciesID=83ce811aea773e6744c3bea235909970 
Number of updated asset objects reloaded before import = 0Number of asset objects unloaded after import = 10

========================================================================
Received Import Request.
  Time since last request: 0.000019 seconds.
  path: Assets/HIVEMIND/CaveOfHiddenTomb/HDRP (Default)/Art/Assets/Vines/M_Vinewood.mat
  importAddress: Guid(abc00000000010816262849069528230) Importer(2089858483,b0f066a214c2f5e87bad3c948f4d605d)
Start importing Assets/HIVEMIND/CaveOfHiddenTomb/HDRP (Default)/Art/Assets/Vines/M_Vinewood.mat using Guid(abc00000000010816262849069528230) Importer(2089858483,b0f066a214c2f5e87bad3c948f4d605d) (ScriptedImporter) -> (Import Result ID: 'ab9d05513b64b150da40d3ab59fcb729') in 0.0140503 seconds [static and dynamic dependencies]. Details - ImportResultOutputID=b002307810392d8f5d73ee809e47ad1c DependenciesID=52f65b7eda47de8ff803cb824135e3f7 StaticDependenciesID=4ac2392af3dee8200d1c0ee0d14a913f 
Number of updated asset objects reloaded before import = 0Number of asset objects unloaded after import = 11

========================================================================
Received Import Request.
  Time since last request: 0.000024 seconds.
  path: Assets/Samples/XR Interaction Toolkit/3.2.1/Starter Assets/Prefabs/Affordances/PokePointerAffordance.prefab
  importAddress: Guid(bb91fcbcb3cc896468b372b1c762bfab) Importer(2089858483,e11c23a36db5f54750b8cd40eac0985b)
Start importing Assets/Samples/XR Interaction Toolkit/3.2.1/Starter Assets/Prefabs/Affordances/PokePointerAffordance.prefab using Guid(bb91fcbcb3cc896468b372b1c762bfab) Importer(2089858483,e11c23a36db5f54750b8cd40eac0985b) (ScriptedImporter) -> (Import Result ID: 'abb82f80b87515777d6c1e0574a38cae') in 0.0164349 seconds [static and dynamic dependencies]. Details - ImportResultOutputID=eff809e9db0b3235d83acd0fa4501df0 DependenciesID=d31f9e4c594b8a56081cb24fc2d7bfc6 StaticDependenciesID=9d3d58ff899d5e840f5f20b95ecf8cde 
Number of updated asset objects reloaded before import = 0Number of asset objects unloaded after import = 15

========================================================================
Received Import Request.
  Time since last request: 0.000047 seconds.
  path: Assets/Samples/XR Interaction Toolkit/3.2.1/Starter Assets/DemoSceneAssets/Sprites/LegibilityMask.png
  importAddress: Guid(a85d80c1edb5d2f458d42e79f78055b9) Importer(2089858483,b0f066a214c2f5e87bad3c948f4d605d)
Start importing Assets/Samples/XR Interaction Toolkit/3.2.1/Starter Assets/DemoSceneAssets/Sprites/LegibilityMask.png using Guid(a85d80c1edb5d2f458d42e79f78055b9) Importer(2089858483,b0f066a214c2f5e87bad3c948f4d605d) (ScriptedImporter) -> (Import Result ID: 'f4a84f0f71555f39dda0c0af814b4cf0') in 0.018247 seconds [static and dynamic dependencies]. Details - ImportResultOutputID=300c4c82b6d4bc6257a42bbc4b6b7b5f DependenciesID=e22a1a0160faa3f2dc25e254e0af2017 StaticDependenciesID=00d54fe333311dff15fd3975ac5adb4a 
Number of updated asset objects reloaded before import = 0Number of asset objects unloaded after import = 3

========================================================================
Received Import Request.
  Time since last request: 0.000021 seconds.
  path: Assets/Samples/XR Interaction Toolkit/3.2.1/Starter Assets/DemoSceneAssets/Settings/TeleportDestinationSettings.asset
  importAddress: Guid(8d66c9762e1587643a1164368c8a2c58) Importer(2089858483,b0f066a214c2f5e87bad3c948f4d605d)
Start importing Assets/Samples/XR Interaction Toolkit/3.2.1/Starter Assets/DemoSceneAssets/Settings/TeleportDestinationSettings.asset using Guid(8d66c9762e1587643a1164368c8a2c58) Importer(2089858483,b0f066a214c2f5e87bad3c948f4d605d) (ScriptedImporter) -> (Import Result ID: '49337124ae1e3e0656a2542a7c6003ea') in 0.0054956 seconds [static and dynamic dependencies]. Details - ImportResultOutputID=5baf1353b0b0e7f820c8b941b932244e DependenciesID=68e2d81d676a85f54d0a155be43a8964 StaticDependenciesID=3cccf47922b2d5ee1b2d8396003fc518 
Number of updated asset objects reloaded before import = 0Number of asset objects unloaded after import = 2

========================================================================
Received Import Request.
  Time since last request: 0.000021 seconds.
  path: Assets/Samples/XR Interaction Toolkit/3.2.1/Starter Assets/Prefabs/Interactors/Ray Interactor.prefab
  importAddress: Guid(ad818c36731146e994540a1896ad8f24) Importer(2089858483,e11c23a36db5f54750b8cd40eac0985b)
Start importing Assets/Samples/XR Interaction Toolkit/3.2.1/Starter Assets/Prefabs/Interactors/Ray Interactor.prefab using Guid(ad818c36731146e994540a1896ad8f24) Importer(2089858483,e11c23a36db5f54750b8cd40eac0985b) (ScriptedImporter) -> (Import Result ID: '634e4b48ce4b5d61c9b84bcf282f8a3a') in 0.025039 seconds [static and dynamic dependencies]. Details - ImportResultOutputID=dbc9d951b7fac3c85311541098ffba05 DependenciesID=de430ea6e9897107c88015ee3fe9ad07 StaticDependenciesID=f8b9af9d09de38332d0b4c29cad8d43d 
Number of updated asset objects reloaded before import = 0Number of asset objects unloaded after import = 10

========================================================================
Received Import Request.
  Time since last request: 0.000023 seconds.
  path: Assets/HIVEMIND/CaveOfHiddenTomb/HDRP (Default)/Art/Assets/Arch/A/M_Arch_A.mat
  importAddress: Guid(abc00000000010297854215313782917) Importer(2089858483,b0f066a214c2f5e87bad3c948f4d605d)
Start importing Assets/HIVEMIND/CaveOfHiddenTomb/HDRP (Default)/Art/Assets/Arch/A/M_Arch_A.mat using Guid(abc00000000010297854215313782917) Importer(2089858483,b0f066a214c2f5e87bad3c948f4d605d) (ScriptedImporter) -> (Import Result ID: '7d1c12c7f3afe8fb8d08805d4fc46612') in 0.0133008 seconds [static and dynamic dependencies]. Details - ImportResultOutputID=82e0df8e324b84b7750269a9a8c1454e DependenciesID=ccac492bb59e721d26bbaf408d952967 StaticDependenciesID=a0650b910ae79ed332981f707b1f313f 
Number of updated asset objects reloaded before import = 0Number of asset objects unloaded after import = 11

========================================================================
Received Import Request.
  Time since last request: 0.000028 seconds.
  path: Assets/Samples/XR Interaction Toolkit/3.2.1/Starter Assets/DemoSceneAssets/Prefabs/Poke Interactions Sample.prefab
  importAddress: Guid(88246f8e9c3765d49be8da34eca3c630) Importer(2089858483,e11c23a36db5f54750b8cd40eac0985b)
Start importing Assets/Samples/XR Interaction Toolkit/3.2.1/Starter Assets/DemoSceneAssets/Prefabs/Poke Interactions Sample.prefab using Guid(88246f8e9c3765d49be8da34eca3c630) Importer(2089858483,e11c23a36db5f54750b8cd40eac0985b) (ScriptedImporter) -> (Import Result ID: '87f47969f299887ed2f618729fcdea5c') in 0.0603325 seconds [static and dynamic dependencies]. Details - ImportResultOutputID=16cba4713204164998ca6e26e08ecdc2 DependenciesID=03ccbeb5d23c374e030584ecf65e0934 StaticDependenciesID=3c069eaf489e85fec623f8e67161ebab 
Number of updated asset objects reloaded before import = 0Number of asset objects unloaded after import = 152

========================================================================
Received Import Request.
  Time since last request: 0.000034 seconds.
  path: Assets/Samples/XR Interaction Toolkit/3.2.1/Starter Assets/DemoSceneAssets/Scripts/IncrementUIText.cs
  importAddress: Guid(ba6ff5e7c92519444bc2a7ca46558963) Importer(2089858483,b0f066a214c2f5e87bad3c948f4d605d)
Start importing Assets/Samples/XR Interaction Toolkit/3.2.1/Starter Assets/DemoSceneAssets/Scripts/IncrementUIText.cs using Guid(ba6ff5e7c92519444bc2a7ca46558963) Importer(2089858483,b0f066a214c2f5e87bad3c948f4d605d) (ScriptedImporter) -> (Import Result ID: 'f9a5eed0938cdc606a2745a386d9e0ae') in 0.0035213 seconds [static and dynamic dependencies]. Details - ImportResultOutputID=66fb7e5fa044476c1d5c6805ad06bf9a DependenciesID=dcae5c109252ba9e2c27ee89edadb7d9 StaticDependenciesID=17cb5f2c62d74973b2aba6ca995ef400 
Number of updated asset objects reloaded before import = 0Number of asset objects unloaded after import = 0

========================================================================
Received Import Request.
  Time since last request: 0.000022 seconds.
  path: Assets/Samples/XR Interaction Toolkit/3.2.1/Starter Assets/Prefabs/Teleport/Climb Teleport Arrow.prefab
  importAddress: Guid(ae1968658b9687b47976fe86c062168f) Importer(2089858483,e11c23a36db5f54750b8cd40eac0985b)
Start importing Assets/Samples/XR Interaction Toolkit/3.2.1/Starter Assets/Prefabs/Teleport/Climb Teleport Arrow.prefab using Guid(ae1968658b9687b47976fe86c062168f) Importer(2089858483,e11c23a36db5f54750b8cd40eac0985b) (ScriptedImporter) -> (Import Result ID: '9a26f762197610228275121ef9b65921') in 0.0146803 seconds [static and dynamic dependencies]. Details - ImportResultOutputID=15f3577cdd02f6590d44506dc7bddd95 DependenciesID=5eb7527d91d3364e39fe61c509d47c30 StaticDependenciesID=176741b4ee7e5c4fdb3ac2b71bb5c965 
Number of updated asset objects reloaded before import = 0Number of asset objects unloaded after import = 27

========================================================================
Received Import Request.
  Time since last request: 0.000017 seconds.
  path: Assets/Samples/XR Interaction Toolkit/3.2.1/Starter Assets/DemoSceneAssets/Sprites/Circle_60x60 Outline 4.png
  importAddress: Guid(2f8349570a152884fb6cf7ebdc8c18b3) Importer(2089858483,b0f066a214c2f5e87bad3c948f4d605d)
Start importing Assets/Samples/XR Interaction Toolkit/3.2.1/Starter Assets/DemoSceneAssets/Sprites/Circle_60x60 Outline 4.png using Guid(2f8349570a152884fb6cf7ebdc8c18b3) Importer(2089858483,b0f066a214c2f5e87bad3c948f4d605d) (ScriptedImporter) -> (Import Result ID: 'fcfbb2030e3c9838a99a2e0a64b1723a') in 0.0107602 seconds [static and dynamic dependencies]. Details - ImportResultOutputID=cbfe5e95fcb1497da67028a383d65568 DependenciesID=cffa448afb979bec06a455e4b8222eb0 StaticDependenciesID=903f4d7beb41fd9cfc6ae187fc288ff2 
Number of updated asset objects reloaded before import = 0Number of asset objects unloaded after import = 3

========================================================================
Received Import Request.
  Time since last request: 0.000018 seconds.
  path: Assets/HIVEMIND/CaveOfHiddenTomb/HDRP (Default)/Art/Assets/AztecMuralWall/AztecMural/M_Wall_Aztec.mat
  importAddress: Guid(abc00000000015292572251621140021) Importer(2089858483,b0f066a214c2f5e87bad3c948f4d605d)
Start importing Assets/HIVEMIND/CaveOfHiddenTomb/HDRP (Default)/Art/Assets/AztecMuralWall/AztecMural/M_Wall_Aztec.mat using Guid(abc00000000015292572251621140021) Importer(2089858483,b0f066a214c2f5e87bad3c948f4d605d) (ScriptedImporter) -> (Import Result ID: '83c73db68b4969ce921e06062b13a15c') in 0.0120291 seconds [static and dynamic dependencies]. Details - ImportResultOutputID=15545151eb51cb14ed861f65d0d28d6b DependenciesID=4c80b4db54a0eaa15a5463ba4f532ff5 StaticDependenciesID=33e9f58e3ca6c7f394846f5b8c1bbbf6 
Number of updated asset objects reloaded before import = 0Number of asset objects unloaded after import = 11

========================================================================
Received Import Request.
  Time since last request: 0.000024 seconds.
  path: Assets/HIVEMIND/CaveOfHiddenTomb/HDRP (Default)/Art/Assets/Boulder/D/SM_Boulder_D.fbx
  importAddress: Guid(abc00000000012739410529998232977) Importer(2089858483,b0f066a214c2f5e87bad3c948f4d605d)
Start importing Assets/HIVEMIND/CaveOfHiddenTomb/HDRP (Default)/Art/Assets/Boulder/D/SM_Boulder_D.fbx using Guid(abc00000000012739410529998232977) Importer(2089858483,b0f066a214c2f5e87bad3c948f4d605d) (ScriptedImporter)MaterialLocation.External is obsolete. External Material Location is no longer supported. (Assets/HIVEMIND/CaveOfHiddenTomb/HDRP (Default)/Art/Assets/Boulder/D/SM_Boulder_D.fbx)
 -> (Import Result ID: '520ad1d690c2e0377d210d098a58e1f5') in 0.0104532 seconds [static and dynamic dependencies]. Details - ImportResultOutputID=e4a3e4dd1dc086a22d45b3c5fc1c8207 DependenciesID=bf3a2ff8feebe0950a45d8c1d848654e StaticDependenciesID=7d5ce3f584353f443ec69dd8e2172c01 
Number of updated asset objects reloaded before import = 0Number of asset objects unloaded after import = 37

========================================================================
Received Import Request.
  Time since last request: 0.000020 seconds.
  path: Assets/HIVEMIND/CaveOfHiddenTomb/HDRP (Default)/Art/Assets/Boulder/B/SM_Boulder_B.fbx
  importAddress: Guid(abc00000000017018448517434442589) Importer(2089858483,b0f066a214c2f5e87bad3c948f4d605d)
Start importing Assets/HIVEMIND/CaveOfHiddenTomb/HDRP (Default)/Art/Assets/Boulder/B/SM_Boulder_B.fbx using Guid(abc00000000017018448517434442589) Importer(2089858483,b0f066a214c2f5e87bad3c948f4d605d) (ScriptedImporter)MaterialLocation.External is obsolete. External Material Location is no longer supported. (Assets/HIVEMIND/CaveOfHiddenTomb/HDRP (Default)/Art/Assets/Boulder/B/SM_Boulder_B.fbx)
 -> (Import Result ID: '82d08715023a31b283bd4d04d6e29355') in 0.0096265 seconds [static and dynamic dependencies]. Details - ImportResultOutputID=0e7ae7048882d35acf052645f5241d52 DependenciesID=b295889c7aad2381d1e1b2fa2a7e8743 StaticDependenciesID=17925c4a96eae1ba1806eaa7d2663335 
Number of updated asset objects reloaded before import = 0Number of asset objects unloaded after import = 37

========================================================================
Received Import Request.
  Time since last request: 0.000032 seconds.
  path: Assets/HIVEMIND/CaveOfHiddenTomb/HDRP (Default)/Art/Assets/Pillar/B/M_Pillar_B_Mural_Simple.mat
  importAddress: Guid(abc00000000010472373195867067400) Importer(2089858483,b0f066a214c2f5e87bad3c948f4d605d)
Start importing Assets/HIVEMIND/CaveOfHiddenTomb/HDRP (Default)/Art/Assets/Pillar/B/M_Pillar_B_Mural_Simple.mat using Guid(abc00000000010472373195867067400) Importer(2089858483,b0f066a214c2f5e87bad3c948f4d605d) (ScriptedImporter) -> (Import Result ID: '145246e676e496dc2cd142891cadb0f5') in 0.0135901 seconds [static and dynamic dependencies]. Details - ImportResultOutputID=4d1b6be0d4fd7ce336ebae312eca5441 DependenciesID=d4417d7da4d329e431b4f397ecd69e33 StaticDependenciesID=4fab5384215ed46d65c7ab8bfdc56554 
Number of updated asset objects reloaded before import = 0Number of asset objects unloaded after import = 11

========================================================================
Received Import Request.
  Time since last request: 0.000021 seconds.
  path: Assets/HIVEMIND/CaveOfHiddenTomb/HDRP (Default)/Art/Assets/Pillar/C/SM_Pillar_C.fbx
  importAddress: Guid(abc00000000003771029102605887189) Importer(2089858483,b0f066a214c2f5e87bad3c948f4d605d)
Start importing Assets/HIVEMIND/CaveOfHiddenTomb/HDRP (Default)/Art/Assets/Pillar/C/SM_Pillar_C.fbx using Guid(abc00000000003771029102605887189) Importer(2089858483,b0f066a214c2f5e87bad3c948f4d605d) (ScriptedImporter)MaterialLocation.External is obsolete. External Material Location is no longer supported. (Assets/HIVEMIND/CaveOfHiddenTomb/HDRP (Default)/Art/Assets/Pillar/C/SM_Pillar_C.fbx)
 -> (Import Result ID: 'ec7fc15b1b1b2f877475b3763246c9f4') in 0.0108944 seconds [static and dynamic dependencies]. Details - ImportResultOutputID=5afb5df6981ade4da11ed83a9d3ea12f DependenciesID=f499db652bf40f218aee468ca8ff3812 StaticDependenciesID=0763ad568d8c43716f7e2936a1cd4aa0 
Number of updated asset objects reloaded before import = 0Number of asset objects unloaded after import = 37

========================================================================
Received Import Request.
  Time since last request: 0.000016 seconds.
  path: Assets/HIVEMIND/CaveOfHiddenTomb/HDRP (Default)/Art/Assets/Boulder/C/SM_Boulder_C.fbx
  importAddress: Guid(abc00000000017328185262280041839) Importer(2089858483,b0f066a214c2f5e87bad3c948f4d605d)
Start importing Assets/HIVEMIND/CaveOfHiddenTomb/HDRP (Default)/Art/Assets/Boulder/C/SM_Boulder_C.fbx using Guid(abc00000000017328185262280041839) Importer(2089858483,b0f066a214c2f5e87bad3c948f4d605d) (ScriptedImporter)MaterialLocation.External is obsolete. External Material Location is no longer supported. (Assets/HIVEMIND/CaveOfHiddenTomb/HDRP (Default)/Art/Assets/Boulder/C/SM_Boulder_C.fbx)
 -> (Import Result ID: 'f9bb71d702094f71fb82da2e4e73acee') in 0.0112958 seconds [static and dynamic dependencies]. Details - ImportResultOutputID=94354d5134da57bb6cdfd9f4ad4d2528 DependenciesID=8047dfd15a6c6188733a6bee945b25f6 StaticDependenciesID=f4320ceaf17410cc230ebdf845be04ad 
Number of updated asset objects reloaded before import = 0Number of asset objects unloaded after import = 39

========================================================================
Received Import Request.
  Time since last request: 0.000018 seconds.
  path: Assets/HIVEMIND/CaveOfHiddenTomb/HDRP (Default)/Art/Assets/AztecMuralWall/AztecMural/SM_Wall_Aztec_E.fbx
  importAddress: Guid(abc00000000011522037284801755904) Importer(2089858483,b0f066a214c2f5e87bad3c948f4d605d)
Start importing Assets/HIVEMIND/CaveOfHiddenTomb/HDRP (Default)/Art/Assets/AztecMuralWall/AztecMural/SM_Wall_Aztec_E.fbx using Guid(abc00000000011522037284801755904) Importer(2089858483,b0f066a214c2f5e87bad3c948f4d605d) (ScriptedImporter)MaterialLocation.External is obsolete. External Material Location is no longer supported. (Assets/HIVEMIND/CaveOfHiddenTomb/HDRP (Default)/Art/Assets/AztecMuralWall/AztecMural/SM_Wall_Aztec_E.fbx)
 -> (Import Result ID: 'b6dd0873859636e93e87682ba0ec51fb') in 0.0185374 seconds [static and dynamic dependencies]. Details - ImportResultOutputID=ea31e170978f29bcf3674e08868551f0 DependenciesID=4bf74945a5f90f9e2d034a44c7588907 StaticDependenciesID=13f47d8941aefd98c6482b3dc464cdf6 
Number of updated asset objects reloaded before import = 0Number of asset objects unloaded after import = 37

========================================================================
Received Import Request.
  Time since last request: 0.000016 seconds.
  path: Assets/HIVEMIND/CaveOfHiddenTomb/HDRP (Default)/Art/Assets/Ground/Materials/MI_Ground_WA.mat
  importAddress: Guid(4115858d50ead4b4f959f3ebea31eac5) Importer(2089858483,b0f066a214c2f5e87bad3c948f4d605d)
Start importing Assets/HIVEMIND/CaveOfHiddenTomb/HDRP (Default)/Art/Assets/Ground/Materials/MI_Ground_WA.mat using Guid(4115858d50ead4b4f959f3ebea31eac5) Importer(2089858483,b0f066a214c2f5e87bad3c948f4d605d) (ScriptedImporter) -> (Import Result ID: '6da9c89f8d092d37842bf3ffae88db94') in 0.0045585 seconds [static and dynamic dependencies]. Details - ImportResultOutputID=3000e47b682a10269ba184dd956fe722 DependenciesID=32ab8ae1e213798dbacd5af19210d31d StaticDependenciesID=9246b7db73dadd3502f11b0d30e5d6b7 
Number of updated asset objects reloaded before import = 0Number of asset objects unloaded after import = 1

========================================================================
Received Import Request.
  Time since last request: 0.000022 seconds.
  path: Assets/HIVEMIND/CaveOfHiddenTomb/HDRP (Default)/Art/Assets/Arch/A/SM_Arch_A.fbx
  importAddress: Guid(abc00000000016760550058911875097) Importer(2089858483,b0f066a214c2f5e87bad3c948f4d605d)
Start importing Assets/HIVEMIND/CaveOfHiddenTomb/HDRP (Default)/Art/Assets/Arch/A/SM_Arch_A.fbx using Guid(abc00000000016760550058911875097) Importer(2089858483,b0f066a214c2f5e87bad3c948f4d605d) (ScriptedImporter)MaterialLocation.External is obsolete. External Material Location is no longer supported. (Assets/HIVEMIND/CaveOfHiddenTomb/HDRP (Default)/Art/Assets/Arch/A/SM_Arch_A.fbx)
 -> (Import Result ID: '68cb1fffb7e5208d13bab11aedf9d42a') in 0.0126189 seconds [static and dynamic dependencies]. Details - ImportResultOutputID=6a1a24f9ecca306963f50d5629152816 DependenciesID=2b7e7694d4956f637e15998497d84566 StaticDependenciesID=f766541209cb6eed5adce26293eeadaf 
Number of updated asset objects reloaded before import = 0Number of asset objects unloaded after import = 37

========================================================================
Received Import Request.
  Time since last request: 0.000048 seconds.
  path: Assets/HIVEMIND/CaveOfHiddenTomb/HDRP (Default)/Art/Assets/AztecMuralWall/AztecMural/SM_Wall_Aztec_C.fbx
  importAddress: Guid(abc00000000005913604250935479498) Importer(2089858483,b0f066a214c2f5e87bad3c948f4d605d)
Start importing Assets/HIVEMIND/CaveOfHiddenTomb/HDRP (Default)/Art/Assets/AztecMuralWall/AztecMural/SM_Wall_Aztec_C.fbx using Guid(abc00000000005913604250935479498) Importer(2089858483,b0f066a214c2f5e87bad3c948f4d605d) (ScriptedImporter)MaterialLocation.External is obsolete. External Material Location is no longer supported. (Assets/HIVEMIND/CaveOfHiddenTomb/HDRP (Default)/Art/Assets/AztecMuralWall/AztecMural/SM_Wall_Aztec_C.fbx)
 -> (Import Result ID: 'cd88f0f767e769d79a7009fe35b3c746') in 0.0108278 seconds [static and dynamic dependencies]. Details - ImportResultOutputID=f55fa75da17db2fac7d10fa6d9c61eb5 DependenciesID=757db12400e6a15fe543d8e780ec0a35 StaticDependenciesID=b6ea85d059a05ea4b072194c535dadb1 
Number of updated asset objects reloaded before import = 0Number of asset objects unloaded after import = 37

========================================================================
Received Import Request.
  Time since last request: 0.000018 seconds.
  path: Assets/Samples/XR Interaction Toolkit/3.2.1/Starter Assets/DemoSceneAssets/Sprites/Asset.png
  importAddress: Guid(17d565bb4a7744b41b7e4dc7e3a09e35) Importer(2089858483,b0f066a214c2f5e87bad3c948f4d605d)
Start importing Assets/Samples/XR Interaction Toolkit/3.2.1/Starter Assets/DemoSceneAssets/Sprites/Asset.png using Guid(17d565bb4a7744b41b7e4dc7e3a09e35) Importer(2089858483,b0f066a214c2f5e87bad3c948f4d605d) (ScriptedImporter) -> (Import Result ID: '3eeafa22ea153dbb54ba3211b037258d') in 0.0075699 seconds [static and dynamic dependencies]. Details - ImportResultOutputID=d33b500a3559c9a61c162788cb662c6d DependenciesID=d9a3b85c682f3e05332853cf1f4971c7 StaticDependenciesID=0a5bd979f453b4116bb5f7c867b82709 
Number of updated asset objects reloaded before import = 0Number of asset objects unloaded after import = 3

========================================================================
Received Import Request.
  Time since last request: 0.000020 seconds.
  path: Assets/HIVEMIND/CaveOfHiddenTomb/HDRP (Default)/Art/Assets/stalactite/B/SM_Stalacite_B.fbx
  importAddress: Guid(abc00000000000581833867405933809) Importer(2089858483,b0f066a214c2f5e87bad3c948f4d605d)
Start importing Assets/HIVEMIND/CaveOfHiddenTomb/HDRP (Default)/Art/Assets/stalactite/B/SM_Stalacite_B.fbx using Guid(abc00000000000581833867405933809) Importer(2089858483,b0f066a214c2f5e87bad3c948f4d605d) (ScriptedImporter)MaterialLocation.External is obsolete. External Material Location is no longer supported. (Assets/HIVEMIND/CaveOfHiddenTomb/HDRP (Default)/Art/Assets/stalactite/B/SM_Stalacite_B.fbx)
 -> (Import Result ID: '3e533d989f304745c874de08a704f745') in 0.0113057 seconds [static and dynamic dependencies]. Details - ImportResultOutputID=f14ceeb320c1dbb7f682a0bc2c0274ab DependenciesID=18038c6895e2c38829ce6eae85cc08ca StaticDependenciesID=228e22c1dd4cd677d9f6fba896b0830f 
Number of updated asset objects reloaded before import = 0Number of asset objects unloaded after import = 37

========================================================================
Received Import Request.
  Time since last request: 0.000023 seconds.
  path: Assets/HIVEMIND/CaveOfHiddenTomb/HDRP (Default)/Art/Assets/RockWall/A/SM_RockWall_A.fbx
  importAddress: Guid(abc00000000015498440094643512501) Importer(2089858483,b0f066a214c2f5e87bad3c948f4d605d)
Start importing Assets/HIVEMIND/CaveOfHiddenTomb/HDRP (Default)/Art/Assets/RockWall/A/SM_RockWall_A.fbx using Guid(abc00000000015498440094643512501) Importer(2089858483,b0f066a214c2f5e87bad3c948f4d605d) (ScriptedImporter)MaterialLocation.External is obsolete. External Material Location is no longer supported. (Assets/HIVEMIND/CaveOfHiddenTomb/HDRP (Default)/Art/Assets/RockWall/A/SM_RockWall_A.fbx)
 -> (Import Result ID: '530b2d867081624cfbb2a467ec3fe30a') in 0.0122731 seconds [static and dynamic dependencies]. Details - ImportResultOutputID=a851de789ffbdfa9bd467b1a09efc1b7 DependenciesID=93e57477d9d2ef48e2424e5c61f1e5a4 StaticDependenciesID=4e6f3a3d12869b74d69508429322f7a6 
Number of updated asset objects reloaded before import = 0Number of asset objects unloaded after import = 37

========================================================================
Received Import Request.
  Time since last request: 0.000021 seconds.
  path: Assets/HIVEMIND/CaveOfHiddenTomb/HDRP (Default)/Art/Assets/Pillar/D/SM_Pillar_D.fbx
  importAddress: Guid(abc00000000001989692109280151821) Importer(2089858483,b0f066a214c2f5e87bad3c948f4d605d)
Start importing Assets/HIVEMIND/CaveOfHiddenTomb/HDRP (Default)/Art/Assets/Pillar/D/SM_Pillar_D.fbx using Guid(abc00000000001989692109280151821) Importer(2089858483,b0f066a214c2f5e87bad3c948f4d605d) (ScriptedImporter)MaterialLocation.External is obsolete. External Material Location is no longer supported. (Assets/HIVEMIND/CaveOfHiddenTomb/HDRP (Default)/Art/Assets/Pillar/D/SM_Pillar_D.fbx)
 -> (Import Result ID: 'bf2ec65cb70f39ac95d529f964539b40') in 0.0177605 seconds [static and dynamic dependencies]. Details - ImportResultOutputID=95d285a9da8a24dbb88b5f4553c99663 DependenciesID=bbb33f7a38104bc48d7d4f66dc2ab323 StaticDependenciesID=e305a66bf5c9b38f8a4294a5e734f268 
Number of updated asset objects reloaded before import = 0Number of asset objects unloaded after import = 37

========================================================================
Received Import Request.
  Time since last request: 0.000023 seconds.
  path: Assets/HIVEMIND/CaveOfHiddenTomb/HDRP (Default)/Art/Assets/stalactite/C/SM_Stalacite_C.fbx
  importAddress: Guid(abc00000000005702893226053742071) Importer(2089858483,b0f066a214c2f5e87bad3c948f4d605d)
Start importing Assets/HIVEMIND/CaveOfHiddenTomb/HDRP (Default)/Art/Assets/stalactite/C/SM_Stalacite_C.fbx using Guid(abc00000000005702893226053742071) Importer(2089858483,b0f066a214c2f5e87bad3c948f4d605d) (ScriptedImporter)MaterialLocation.External is obsolete. External Material Location is no longer supported. (Assets/HIVEMIND/CaveOfHiddenTomb/HDRP (Default)/Art/Assets/stalactite/C/SM_Stalacite_C.fbx)
 -> (Import Result ID: '662efab407dfba5528e9edc798322049') in 0.0133632 seconds [static and dynamic dependencies]. Details - ImportResultOutputID=d256210433c5bad7a7302bebb373aa20 DependenciesID=b43aacf7e2bfdae04215e99752bff4c5 StaticDependenciesID=802f1539935b1087eab6eb79cea1168c 
Number of updated asset objects reloaded before import = 0Number of asset objects unloaded after import = 37

========================================================================
Received Import Request.
  Time since last request: 0.000035 seconds.
  path: Assets/HIVEMIND/CaveOfHiddenTomb/HDRP (Default)/Art/Assets/stalactite/D/SM_Stalacite_D.fbx
  importAddress: Guid(abc00000000014551812729580116493) Importer(2089858483,b0f066a214c2f5e87bad3c948f4d605d)
Start importing Assets/HIVEMIND/CaveOfHiddenTomb/HDRP (Default)/Art/Assets/stalactite/D/SM_Stalacite_D.fbx using Guid(abc00000000014551812729580116493) Importer(2089858483,b0f066a214c2f5e87bad3c948f4d605d) (ScriptedImporter)MaterialLocation.External is obsolete. External Material Location is no longer supported. (Assets/HIVEMIND/CaveOfHiddenTomb/HDRP (Default)/Art/Assets/stalactite/D/SM_Stalacite_D.fbx)
 -> (Import Result ID: 'e8ff1d43365cfcd56f23d0611b85f439') in 0.0131953 seconds [static and dynamic dependencies]. Details - ImportResultOutputID=c78de56a63e3b26d9fa1cc204c51ac10 DependenciesID=5f5bb4b7e4f4986f113b1fd72f095691 StaticDependenciesID=1454efc56857ed651582c6470bba9a71 
Number of updated asset objects reloaded before import = 0Number of asset objects unloaded after import = 37

========================================================================
Received Import Request.
  Time since last request: 0.000021 seconds.
  path: Assets/HIVEMIND/CaveOfHiddenTomb/HDRP (Default)/Art/Assets/Sculpt/B/SM_Sculpt_B.fbx
  importAddress: Guid(abc00000000014009619472119612501) Importer(2089858483,b0f066a214c2f5e87bad3c948f4d605d)
Start importing Assets/HIVEMIND/CaveOfHiddenTomb/HDRP (Default)/Art/Assets/Sculpt/B/SM_Sculpt_B.fbx using Guid(abc00000000014009619472119612501) Importer(2089858483,b0f066a214c2f5e87bad3c948f4d605d) (ScriptedImporter)MaterialLocation.External is obsolete. External Material Location is no longer supported. (Assets/HIVEMIND/CaveOfHiddenTomb/HDRP (Default)/Art/Assets/Sculpt/B/SM_Sculpt_B.fbx)
 -> (Import Result ID: 'd4fc313bfc9541bcec40a3a761b0b5d1') in 0.0129242 seconds [static and dynamic dependencies]. Details - ImportResultOutputID=5c0bdbe5792f89a07e645ee92db4e065 DependenciesID=211e816ceabbf02d600227a471f6ecf3 StaticDependenciesID=010582bf46d29747e0382d6d7ff1937a 
Number of updated asset objects reloaded before import = 0Number of asset objects unloaded after import = 37

========================================================================
Received Import Request.
  Time since last request: 0.000021 seconds.
  path: Assets/HIVEMIND/CaveOfHiddenTomb/HDRP (Default)/Art/Assets/RockWall/E/M_RockWall_E_Simple.mat
  importAddress: Guid(abc00000000002288178230991224033) Importer(2089858483,b0f066a214c2f5e87bad3c948f4d605d)
Start importing Assets/HIVEMIND/CaveOfHiddenTomb/HDRP (Default)/Art/Assets/RockWall/E/M_RockWall_E_Simple.mat using Guid(abc00000000002288178230991224033) Importer(2089858483,b0f066a214c2f5e87bad3c948f4d605d) (ScriptedImporter) -> (Import Result ID: 'a80f24c53d499579291c80a215c63179') in 0.015157 seconds [static and dynamic dependencies]. Details - ImportResultOutputID=bc03ed4085f4a307fff2a11eb2610f29 DependenciesID=0c1f467903578aeb052fa40e0965e482 StaticDependenciesID=6fc3808e5ae2a1e38371bcc2f46f314a 
Number of updated asset objects reloaded before import = 0Number of asset objects unloaded after import = 11

========================================================================
Received Import Request.
  Time since last request: 0.000025 seconds.
  path: Assets/HIVEMIND/CaveOfHiddenTomb/HDRP (Default)/Art/Assets/stalactite/B/M_Stalacite_B.mat
  importAddress: Guid(abc00000000012870159102985386296) Importer(2089858483,b0f066a214c2f5e87bad3c948f4d605d)
Start importing Assets/HIVEMIND/CaveOfHiddenTomb/HDRP (Default)/Art/Assets/stalactite/B/M_Stalacite_B.mat using Guid(abc00000000012870159102985386296) Importer(2089858483,b0f066a214c2f5e87bad3c948f4d605d) (ScriptedImporter) -> (Import Result ID: '825e777bf9dc41bf736b255fd52e6815') in 0.0147731 seconds [static and dynamic dependencies]. Details - ImportResultOutputID=3ece40827fa02b947fbdb684a8a42dad DependenciesID=2b13ad459aa155df4367eb5dd2e13529 StaticDependenciesID=32613415d3c517eae3cfb684e3220436 
Number of updated asset objects reloaded before import = 0Number of asset objects unloaded after import = 11

========================================================================
Received Import Request.
  Time since last request: 0.000024 seconds.
  path: Assets/HIVEMIND/CaveOfHiddenTomb/HDRP (Default)/Art/Assets/stalactite/E/M_Stalacite_E.mat
  importAddress: Guid(abc00000000009416100869348883680) Importer(2089858483,b0f066a214c2f5e87bad3c948f4d605d)
Start importing Assets/HIVEMIND/CaveOfHiddenTomb/HDRP (Default)/Art/Assets/stalactite/E/M_Stalacite_E.mat using Guid(abc00000000009416100869348883680) Importer(2089858483,b0f066a214c2f5e87bad3c948f4d605d) (ScriptedImporter) -> (Import Result ID: '5e3626a5a3886880905dff73095084be') in 0.0130852 seconds [static and dynamic dependencies]. Details - ImportResultOutputID=409d5c2af986a95c9da46b0578d43afa DependenciesID=5d3464c147dc8a4eff7a0c5f464a9635 StaticDependenciesID=8629ea293a559d616207c4a3492b391d 
Number of updated asset objects reloaded before import = 0Number of asset objects unloaded after import = 11

========================================================================
Received Import Request.
  Time since last request: 0.000027 seconds.
  path: Assets/HIVEMIND/CaveOfHiddenTomb/HDRP (Default)/Art/Assets/Ground/Materials/MI_Ground_WA_TempleFloor.mat
  importAddress: Guid(021637ce41a4e944396b71333e9b2e06) Importer(2089858483,b0f066a214c2f5e87bad3c948f4d605d)
Start importing Assets/HIVEMIND/CaveOfHiddenTomb/HDRP (Default)/Art/Assets/Ground/Materials/MI_Ground_WA_TempleFloor.mat using Guid(021637ce41a4e944396b71333e9b2e06) Importer(2089858483,b0f066a214c2f5e87bad3c948f4d605d) (ScriptedImporter) -> (Import Result ID: '495c1a12998752aeb418b9ba2e08745c') in 0.0050052 seconds [static and dynamic dependencies]. Details - ImportResultOutputID=b06d88702c1cfb0901ff786a71a0ea14 DependenciesID=6115ff6ba6b7bcd47af79aa84156842b StaticDependenciesID=a795ddfec9eaefd2ae2fcef2800f7990 
Number of updated asset objects reloaded before import = 0Number of asset objects unloaded after import = 1

========================================================================
Received Import Request.
  Time since last request: 0.000034 seconds.
  path: Assets/HIVEMIND/CaveOfHiddenTomb/HDRP (Default)/Art/Assets/Stone/D/M_Stone_D.mat
  importAddress: Guid(abc00000000005966445236322790245) Importer(2089858483,b0f066a214c2f5e87bad3c948f4d605d)
Start importing Assets/HIVEMIND/CaveOfHiddenTomb/HDRP (Default)/Art/Assets/Stone/D/M_Stone_D.mat using Guid(abc00000000005966445236322790245) Importer(2089858483,b0f066a214c2f5e87bad3c948f4d605d) (ScriptedImporter) -> (Import Result ID: 'aa2d0bef6faa7ad470519f6b026fdf8e') in 0.0143245 seconds [static and dynamic dependencies]. Details - ImportResultOutputID=532025ce9746531247cf1253642635ae DependenciesID=85b3a974bb23a47c0061371f7cc5526e StaticDependenciesID=430781a2d101e5690971b4db8903040a 
Number of updated asset objects reloaded before import = 0Number of asset objects unloaded after import = 11

========================================================================
Received Import Request.
  Time since last request: 0.000025 seconds.
  path: Assets/HIVEMIND/CaveOfHiddenTomb/HDRP (Default)/Art/Assets/StonePlate/G/M_StonePlate_G.mat
  importAddress: Guid(abc00000000010026213581158072013) Importer(2089858483,b0f066a214c2f5e87bad3c948f4d605d)
Start importing Assets/HIVEMIND/CaveOfHiddenTomb/HDRP (Default)/Art/Assets/StonePlate/G/M_StonePlate_G.mat using Guid(abc00000000010026213581158072013) Importer(2089858483,b0f066a214c2f5e87bad3c948f4d605d) (ScriptedImporter) -> (Import Result ID: 'eaaa72467b78c0beaf1cf8b130f0d981') in 0.0130414 seconds [static and dynamic dependencies]. Details - ImportResultOutputID=fd0fc75c9e13e1dc7787d72ee2503767 DependenciesID=f2bd989daa4f1441c828489e0440c889 StaticDependenciesID=2a27e15613fa110921c18aea9061c752 
Number of updated asset objects reloaded before import = 0Number of asset objects unloaded after import = 11

========================================================================
Received Import Request.
  Time since last request: 0.000027 seconds.
  path: Assets/HIVEMIND/CaveOfHiddenTomb/HDRP (Default)/Art/Assets/Stone/B/SM_Stone_B.fbx
  importAddress: Guid(abc00000000015219837688740450565) Importer(2089858483,b0f066a214c2f5e87bad3c948f4d605d)
Start importing Assets/HIVEMIND/CaveOfHiddenTomb/HDRP (Default)/Art/Assets/Stone/B/SM_Stone_B.fbx using Guid(abc00000000015219837688740450565) Importer(2089858483,b0f066a214c2f5e87bad3c948f4d605d) (ScriptedImporter)MaterialLocation.External is obsolete. External Material Location is no longer supported. (Assets/HIVEMIND/CaveOfHiddenTomb/HDRP (Default)/Art/Assets/Stone/B/SM_Stone_B.fbx)
 -> (Import Result ID: '68722dc45dacead0723c3b56d6bc9f78') in 0.0181157 seconds [static and dynamic dependencies]. Details - ImportResultOutputID=546368fcb385247004cd37dbc43f74c6 DependenciesID=7a74269c3ad6b5d972015873e31d18ab StaticDependenciesID=3e77fb6ca73fb880d271561c7161738b 
Number of updated asset objects reloaded before import = 0Number of asset objects unloaded after import = 37

========================================================================
Received Import Request.
  Time since last request: 0.000018 seconds.
  path: Assets/HIVEMIND/CaveOfHiddenTomb/HDRP (Default)/Art/Assets/StonePattern/TempleStoneGround/SM_StonePattern_F.fbx
  importAddress: Guid(abc00000000013469348577612311898) Importer(2089858483,b0f066a214c2f5e87bad3c948f4d605d)
Start importing Assets/HIVEMIND/CaveOfHiddenTomb/HDRP (Default)/Art/Assets/StonePattern/TempleStoneGround/SM_StonePattern_F.fbx using Guid(abc00000000013469348577612311898) Importer(2089858483,b0f066a214c2f5e87bad3c948f4d605d) (ScriptedImporter)MaterialLocation.External is obsolete. External Material Location is no longer supported. (Assets/HIVEMIND/CaveOfHiddenTomb/HDRP (Default)/Art/Assets/StonePattern/TempleStoneGround/SM_StonePattern_F.fbx)
 -> (Import Result ID: '9c364aff14e98f05fb007a8fb4f28b74') in 0.0131065 seconds [static and dynamic dependencies]. Details - ImportResultOutputID=231eb7dd8824b2a8108a62a022f10f8e DependenciesID=dde56850fcfe4c7589b8961ef855ffee StaticDependenciesID=6c85d396aa82a16d7e25437c399ea355 
Number of updated asset objects reloaded before import = 0Number of asset objects unloaded after import = 39

========================================================================
Received Import Request.
  Time since last request: 0.000019 seconds.
  path: Assets/HIVEMIND/CaveOfHiddenTomb/HDRP (Default)/Art/Assets/StonePattern/G/M_StonePattern_G_simple.mat
  importAddress: Guid(abc00000000002725651365600199256) Importer(2089858483,b0f066a214c2f5e87bad3c948f4d605d)
Start importing Assets/HIVEMIND/CaveOfHiddenTomb/HDRP (Default)/Art/Assets/StonePattern/G/M_StonePattern_G_simple.mat using Guid(abc00000000002725651365600199256) Importer(2089858483,b0f066a214c2f5e87bad3c948f4d605d) (ScriptedImporter) -> (Import Result ID: '566c82a66a2b7ec63526e23284df068c') in 0.0109758 seconds [static and dynamic dependencies]. Details - ImportResultOutputID=c6e1bed92d72a3f627d1db8ed508e9d8 DependenciesID=7298548ca87d7f23a90802551c00d757 StaticDependenciesID=3386404765ece5f30eb08438e608d12d 
Number of updated asset objects reloaded before import = 0Number of asset objects unloaded after import = 11

========================================================================
Received Import Request.
  Time since last request: 0.000035 seconds.
  path: Assets/HIVEMIND/CaveOfHiddenTomb/HDRP (Default)/Art/Assets/StonePlate/A/M_StonePlate_A.mat
  importAddress: Guid(abc00000000010148959050139590028) Importer(2089858483,b0f066a214c2f5e87bad3c948f4d605d)
Start importing Assets/HIVEMIND/CaveOfHiddenTomb/HDRP (Default)/Art/Assets/StonePlate/A/M_StonePlate_A.mat using Guid(abc00000000010148959050139590028) Importer(2089858483,b0f066a214c2f5e87bad3c948f4d605d) (ScriptedImporter) -> (Import Result ID: 'e36cd318f47656ff35a5faecb940e920') in 0.015327 seconds [static and dynamic dependencies]. Details - ImportResultOutputID=ada50152e6f64761418e3838cb7ba2ac DependenciesID=8dd66d14523d5735024e9f4adeadf143 StaticDependenciesID=b94182150efcbe37000fb4cdc6020351 
Number of updated asset objects reloaded before import = 0Number of asset objects unloaded after import = 11

========================================================================
Received Import Request.
  Time since last request: 0.000024 seconds.
  path: Assets/HIVEMIND/CaveOfHiddenTomb/HDRP (Default)/Art/Assets/StonePlate/D/SM_StonePlate_D.fbx
  importAddress: Guid(abc00000000003679599998966590445) Importer(2089858483,b0f066a214c2f5e87bad3c948f4d605d)
Start importing Assets/HIVEMIND/CaveOfHiddenTomb/HDRP (Default)/Art/Assets/StonePlate/D/SM_StonePlate_D.fbx using Guid(abc00000000003679599998966590445) Importer(2089858483,b0f066a214c2f5e87bad3c948f4d605d) (ScriptedImporter)MaterialLocation.External is obsolete. External Material Location is no longer supported. (Assets/HIVEMIND/CaveOfHiddenTomb/HDRP (Default)/Art/Assets/StonePlate/D/SM_StonePlate_D.fbx)
 -> (Import Result ID: 'c92d330d1318deb55c807161d75e77a0') in 0.0093328 seconds [static and dynamic dependencies]. Details - ImportResultOutputID=7600841cfa9d7f2967677a0f7b79ee3f DependenciesID=ea594972ceb3c6f78d6d27e5726d0ac2 StaticDependenciesID=04402a0e5b5290bbf834f863f4fb8485 
Number of updated asset objects reloaded before import = 0Number of asset objects unloaded after import = 32

========================================================================
Received Import Request.
  Time since last request: 0.000018 seconds.
  path: Assets/HIVEMIND/CaveOfHiddenTomb/HDRP (Default)/Art/Assets/Stone/D/SM_Stone_D.fbx
  importAddress: Guid(abc00000000012561417246883345593) Importer(2089858483,b0f066a214c2f5e87bad3c948f4d605d)
Start importing Assets/HIVEMIND/CaveOfHiddenTomb/HDRP (Default)/Art/Assets/Stone/D/SM_Stone_D.fbx using Guid(abc00000000012561417246883345593) Importer(2089858483,b0f066a214c2f5e87bad3c948f4d605d) (ScriptedImporter)MaterialLocation.External is obsolete. External Material Location is no longer supported. (Assets/HIVEMIND/CaveOfHiddenTomb/HDRP (Default)/Art/Assets/Stone/D/SM_Stone_D.fbx)
 -> (Import Result ID: 'b71be8e3196e66ed21345261feb98254') in 0.0107041 seconds [static and dynamic dependencies]. Details - ImportResultOutputID=88220587c2ebb8486bed3819d7d8a325 DependenciesID=0e32b339991b565a74eee79b6bceef01 StaticDependenciesID=438ce7550041734b583be498c28702ef 
Number of updated asset objects reloaded before import = 0Number of asset objects unloaded after import = 37

========================================================================
Received Import Request.
  Time since last request: 0.000019 seconds.
  path: Assets/HIVEMIND/CaveOfHiddenTomb/HDRP (Default)/Art/Assets/StonePattern/G/SM_StonePattern_G.fbx
  importAddress: Guid(abc00000000000212559290010529977) Importer(2089858483,b0f066a214c2f5e87bad3c948f4d605d)
Start importing Assets/HIVEMIND/CaveOfHiddenTomb/HDRP (Default)/Art/Assets/StonePattern/G/SM_StonePattern_G.fbx using Guid(abc00000000000212559290010529977) Importer(2089858483,b0f066a214c2f5e87bad3c948f4d605d) (ScriptedImporter)MaterialLocation.External is obsolete. External Material Location is no longer supported. (Assets/HIVEMIND/CaveOfHiddenTomb/HDRP (Default)/Art/Assets/StonePattern/G/SM_StonePattern_G.fbx)
 -> (Import Result ID: 'b0e909cab2ad0af5a387b9f4ea13e81e') in 0.0116431 seconds [static and dynamic dependencies]. Details - ImportResultOutputID=ba10ad639ab1fdd166247bf4acdf135f DependenciesID=2effb7cf03416e5f5b9e0f1dc866e0ac StaticDependenciesID=f154ec42be23ebfec28d46d3eeb3a037 
Number of updated asset objects reloaded before import = 0Number of asset objects unloaded after import = 39

========================================================================
Received Import Request.
  Time since last request: 0.000018 seconds.
  path: Assets/HIVEMIND/CaveOfHiddenTomb/HDRP (Default)/Art/Assets/StonePattern/TempleStoneGround/M_StonePattern_F_Edge.mat
  importAddress: Guid(abc00000000016491108832980827150) Importer(2089858483,b0f066a214c2f5e87bad3c948f4d605d)
Start importing Assets/HIVEMIND/CaveOfHiddenTomb/HDRP (Default)/Art/Assets/StonePattern/TempleStoneGround/M_StonePattern_F_Edge.mat using Guid(abc00000000016491108832980827150) Importer(2089858483,b0f066a214c2f5e87bad3c948f4d605d) (ScriptedImporter) -> (Import Result ID: 'ec4b5479f5ef3c0bb7f68490913754db') in 0.0126687 seconds [static and dynamic dependencies]. Details - ImportResultOutputID=470bda25abf958caa0bfa45548ede25b DependenciesID=665a956a418454b4cb71a75a0c187032 StaticDependenciesID=58a952a5b564eef0007f95eb0a7810eb 
Number of updated asset objects reloaded before import = 0Number of asset objects unloaded after import = 11

========================================================================
Received Import Request.
  Time since last request: 0.000029 seconds.
  path: Assets/fog/Demo Assets/INab Studio/Scripts/Highlighters/ObjectOscilate.cs
  importAddress: Guid(f3673f63a6b49dc4c9ebcb2cf0f2d6b8) Importer(2089858483,b0f066a214c2f5e87bad3c948f4d605d)
Start importing Assets/fog/Demo Assets/INab Studio/Scripts/Highlighters/ObjectOscilate.cs using Guid(f3673f63a6b49dc4c9ebcb2cf0f2d6b8) Importer(2089858483,b0f066a214c2f5e87bad3c948f4d605d) (ScriptedImporter) -> (Import Result ID: '4249d07dce0d4fa073a5e79068a9087f') in 0.0063027 seconds [static and dynamic dependencies]. Details - ImportResultOutputID=e1b9f0f38c34f2b2092ffb8cae7acd4c DependenciesID=55a5196c12044cb0dd65cca36fa26304 StaticDependenciesID=96cee35eba05f116fe6813c086146bdd 
Number of updated asset objects reloaded before import = 0Number of asset objects unloaded after import = 0

========================================================================
Received Import Request.
  Time since last request: 0.000033 seconds.
  path: Assets/SunboxGames/ModularDungeonCaves/Scenes/CaveDemoScene02/ReflectionProbe-5.exr
  importAddress: Guid(0330db908a7179848b2ff9ae63a3d2ac) Importer(2089858483,b0f066a214c2f5e87bad3c948f4d605d)
Start importing Assets/SunboxGames/ModularDungeonCaves/Scenes/CaveDemoScene02/ReflectionProbe-5.exr using Guid(0330db908a7179848b2ff9ae63a3d2ac) Importer(2089858483,b0f066a214c2f5e87bad3c948f4d605d) (ScriptedImporter) -> (Import Result ID: '144269f4dcbfe1f4ca40953cf872b6a7') in 0.0089121 seconds [static and dynamic dependencies]. Details - ImportResultOutputID=189746e6b8c6361b614447b26c5a0d80 DependenciesID=3ca9be4a4348ac4d97d6562153247774 StaticDependenciesID=ddc31f5b021e68166eaf0d7acabcc3f4 
Number of updated asset objects reloaded before import = 0Number of asset objects unloaded after import = 1

========================================================================
Received Import Request.
  Time since last request: 0.000021 seconds.
  path: Assets/Samples/XR Interaction Toolkit/3.2.1/Starter Assets/DemoSceneAssets/Prefabs/UI/Icon Toggle.prefab
  importAddress: Guid(541ed11e270c6994ca5910042c7e04da) Importer(2089858483,e11c23a36db5f54750b8cd40eac0985b)
Start importing Assets/Samples/XR Interaction Toolkit/3.2.1/Starter Assets/DemoSceneAssets/Prefabs/UI/Icon Toggle.prefab using Guid(541ed11e270c6994ca5910042c7e04da) Importer(2089858483,e11c23a36db5f54750b8cd40eac0985b) (ScriptedImporter) -> (Import Result ID: '997b997f94f784df1f1db76406e45f50') in 0.0118415 seconds [static and dynamic dependencies]. Details - ImportResultOutputID=511051ab42891763abd5d0d0c6691b58 DependenciesID=3d327eabf4762f9f4eb81b2446d3b5cb StaticDependenciesID=480c49a3040704b2215ae45669f4652c 
Number of updated asset objects reloaded before import = 0Number of asset objects unloaded after import = 21

========================================================================
Received Import Request.
  Time since last request: 0.000020 seconds.
  path: Assets/Samples/XR Interaction Toolkit/3.2.1/Starter Assets/DemoSceneAssets/Prefabs/Interactables/Pot.prefab
  importAddress: Guid(d5615d616019430d9c2e8727e71c97fb) Importer(2089858483,e11c23a36db5f54750b8cd40eac0985b)
Start importing Assets/Samples/XR Interaction Toolkit/3.2.1/Starter Assets/DemoSceneAssets/Prefabs/Interactables/Pot.prefab using Guid(d5615d616019430d9c2e8727e71c97fb) Importer(2089858483,e11c23a36db5f54750b8cd40eac0985b) (ScriptedImporter) -> (Import Result ID: '82f8d5c9b2e5e04201b78465318585a9') in 0.0166896 seconds [static and dynamic dependencies]. Details - ImportResultOutputID=618babd3c11eb0c3c9f54fa249fcbaf8 DependenciesID=ce7c12c73047a35fc38d12538588c7e2 StaticDependenciesID=59b46815dc35240490839b6a0b58877e 
Number of updated asset objects reloaded before import = 0Number of asset objects unloaded after import = 36

========================================================================
Received Import Request.
  Time since last request: 0.000017 seconds.
  path: Assets/Samples/XR Interaction Toolkit/3.2.1/Starter Assets/DemoSceneAssets/Prefabs/Climb/Single Floor Ladder.prefab
  importAddress: Guid(1f62bdd0e59688d4bb754afe89fa2f5a) Importer(2089858483,e11c23a36db5f54750b8cd40eac0985b)
Start importing Assets/Samples/XR Interaction Toolkit/3.2.1/Starter Assets/DemoSceneAssets/Prefabs/Climb/Single Floor Ladder.prefab using Guid(1f62bdd0e59688d4bb754afe89fa2f5a) Importer(2089858483,e11c23a36db5f54750b8cd40eac0985b) (ScriptedImporter) -> (Import Result ID: '238d13c9caa32c2e87dadfbc24df6ff9') in 0.0805805 seconds [static and dynamic dependencies]. Details - ImportResultOutputID=dde8d3ac7871fa1744ded63c38a164f2 DependenciesID=4428dc15fdbecf02481de06eaf4b5f7e StaticDependenciesID=a4156d12a28bbf8ea2eca5e4685fd2c7 
Number of updated asset objects reloaded before import = 0Number of asset objects unloaded after import = 350

========================================================================
Received Import Request.
  Time since last request: 0.000024 seconds.
  path: Assets/HIVEMIND/CaveOfHiddenTomb/HDRP (Default)/Art/Assets/Boulder/A/Materials/MI_Boulder_A.mat
  importAddress: Guid(80f6cb4f26bedee40b16fa3838f8b4c5) Importer(2089858483,b0f066a214c2f5e87bad3c948f4d605d)
Start importing Assets/HIVEMIND/CaveOfHiddenTomb/HDRP (Default)/Art/Assets/Boulder/A/Materials/MI_Boulder_A.mat using Guid(80f6cb4f26bedee40b16fa3838f8b4c5) Importer(2089858483,b0f066a214c2f5e87bad3c948f4d605d) (ScriptedImporter) -> (Import Result ID: '1ee39a0a8115a7ea94dbd590d17f3bb7') in 0.0042146 seconds [static and dynamic dependencies]. Details - ImportResultOutputID=7aa4c71ed47004af55e592ec938953ee DependenciesID=2177115b0abe9322db56b0776b81c465 StaticDependenciesID=8a684dc6d59b5b1eb99bf5ecd05a2664 
Number of updated asset objects reloaded before import = 0Number of asset objects unloaded after import = 1

========================================================================
Received Import Request.
  Time since last request: 0.000029 seconds.
  path: Assets/HIVEMIND/CaveOfHiddenTomb/HDRP (Default)/Art/Assets/Boulder/A/Materials/No Name.mat
  importAddress: Guid(f680265545cc0a74896ced8cc84342db) Importer(2089858483,b0f066a214c2f5e87bad3c948f4d605d)
Start importing Assets/HIVEMIND/CaveOfHiddenTomb/HDRP (Default)/Art/Assets/Boulder/A/Materials/No Name.mat using Guid(f680265545cc0a74896ced8cc84342db) Importer(2089858483,b0f066a214c2f5e87bad3c948f4d605d) (ScriptedImporter) -> (Import Result ID: '01bac40165dabd55e569d5bcce37523f') in 0.0053959 seconds [static and dynamic dependencies]. Details - ImportResultOutputID=e2eb0cb8710a6974165d35109476be8c DependenciesID=26803f6717580c66ebf62a0769d62bc9 StaticDependenciesID=1039ffee1fd3bee78799047bfd9bd5db 
Number of updated asset objects reloaded before import = 0Number of asset objects unloaded after import = 1

========================================================================
Received Import Request.
  Time since last request: 0.000023 seconds.
  path: Assets/Samples/XR Interaction Toolkit/3.2.1/Starter Assets/DemoSceneAssets/Prefabs/Interactables/Blaser.prefab
  importAddress: Guid(3549fdaf258e11846b85a316c16c699c) Importer(2089858483,e11c23a36db5f54750b8cd40eac0985b)
Start importing Assets/Samples/XR Interaction Toolkit/3.2.1/Starter Assets/DemoSceneAssets/Prefabs/Interactables/Blaser.prefab using Guid(3549fdaf258e11846b85a316c16c699c) Importer(2089858483,e11c23a36db5f54750b8cd40eac0985b) (ScriptedImporter) -> (Import Result ID: '7c48336aac4e30ffa745ec7fc3fc9130') in 0.0275242 seconds [static and dynamic dependencies]. Details - ImportResultOutputID=cd436ca1044e285daf5eca81cfbf3e44 DependenciesID=585e289311d81a2b672d15bb9a80603c StaticDependenciesID=eca78794c79d5b663d16f57bbf82a9d6 
Number of updated asset objects reloaded before import = 0Number of asset objects unloaded after import = 49

========================================================================
Received Import Request.
  Time since last request: 0.000022 seconds.
  path: Assets/HIVEMIND/CaveOfHiddenTomb/HDRP (Default)/Art/Assets/Boulder/D/Materials/No Name.mat
  importAddress: Guid(02047fb8b52621946a9da8208ff932b7) Importer(2089858483,b0f066a214c2f5e87bad3c948f4d605d)
Start importing Assets/HIVEMIND/CaveOfHiddenTomb/HDRP (Default)/Art/Assets/Boulder/D/Materials/No Name.mat using Guid(02047fb8b52621946a9da8208ff932b7) Importer(2089858483,b0f066a214c2f5e87bad3c948f4d605d) (ScriptedImporter) -> (Import Result ID: '4f12086a675dc8ac25a7bfe1e183f236') in 0.0060584 seconds [static and dynamic dependencies]. Details - ImportResultOutputID=da601739bda0f4de0c6f853a979685a2 DependenciesID=df80d57ca8395c7c35af9b0323be795a StaticDependenciesID=384781cf2b17059de029d52d201f85bf 
Number of updated asset objects reloaded before import = 0Number of asset objects unloaded after import = 1

========================================================================
Received Import Request.
  Time since last request: 0.000020 seconds.
  path: Assets/HIVEMIND/CaveOfHiddenTomb/HDRP (Default)/Art/Assets/Pillar/D/Materials/MI_Pillar_D.mat
  importAddress: Guid(ec463d950457e8c44be8a9f0ac64e014) Importer(2089858483,b0f066a214c2f5e87bad3c948f4d605d)
Start importing Assets/HIVEMIND/CaveOfHiddenTomb/HDRP (Default)/Art/Assets/Pillar/D/Materials/MI_Pillar_D.mat using Guid(ec463d950457e8c44be8a9f0ac64e014) Importer(2089858483,b0f066a214c2f5e87bad3c948f4d605d) (ScriptedImporter) -> (Import Result ID: '1b7285521c4e7d661e8768d03dcb23d3') in 0.0052245 seconds [static and dynamic dependencies]. Details - ImportResultOutputID=ad218b583f632de4e0d3f5023080b21a DependenciesID=b1d0dd9b959c2fb19c8316eea9d8a23c StaticDependenciesID=b2e8d14ba11c80d61c86d394a2cc655b 
Number of updated asset objects reloaded before import = 0Number of asset objects unloaded after import = 1

========================================================================
Received Import Request.
  Time since last request: 0.000020 seconds.
  path: Assets/HIVEMIND/CaveOfHiddenTomb/HDRP (Default)/Art/Assets/Pillar/C/Materials/No Name.mat
  importAddress: Guid(0832ff97fc54bba47a598369ee29f475) Importer(2089858483,b0f066a214c2f5e87bad3c948f4d605d)
Start importing Assets/HIVEMIND/CaveOfHiddenTomb/HDRP (Default)/Art/Assets/Pillar/C/Materials/No Name.mat using Guid(0832ff97fc54bba47a598369ee29f475) Importer(2089858483,b0f066a214c2f5e87bad3c948f4d605d) (ScriptedImporter) -> (Import Result ID: 'a48d38deb7ab2f472ebeeff5d8cb82be') in 0.0051242 seconds [static and dynamic dependencies]. Details - ImportResultOutputID=3907d171e30848ad8136344e62761592 DependenciesID=fc96a6e9cfd12f130744e0b790bcb08b StaticDependenciesID=a439a259879e710872369c5b52ffdbb9 
Number of updated asset objects reloaded before import = 0Number of asset objects unloaded after import = 1

========================================================================
Received Import Request.
  Time since last request: 0.000021 seconds.
  path: Assets/HIVEMIND/CaveOfHiddenTomb/HDRP (Default)/Art/Assets/RockWall/B/Materials/No Name.mat
  importAddress: Guid(7a6b9f5bb5b11b54ca2fb8aa3acbcd6c) Importer(2089858483,b0f066a214c2f5e87bad3c948f4d605d)
Start importing Assets/HIVEMIND/CaveOfHiddenTomb/HDRP (Default)/Art/Assets/RockWall/B/Materials/No Name.mat using Guid(7a6b9f5bb5b11b54ca2fb8aa3acbcd6c) Importer(2089858483,b0f066a214c2f5e87bad3c948f4d605d) (ScriptedImporter) -> (Import Result ID: '3bf21d1a3eebc2185cf769adcb2ce5f3') in 0.0049727 seconds [static and dynamic dependencies]. Details - ImportResultOutputID=27a1b4872fd96202d891c9ca74a29143 DependenciesID=9fb13fe63e34de66839eff5185c7917d StaticDependenciesID=2e83451ce744de72c94423e8c3beb0d6 
Number of updated asset objects reloaded before import = 0Number of asset objects unloaded after import = 1

========================================================================
Received Import Request.
  Time since last request: 0.000033 seconds.
  path: Assets/HIVEMIND/CaveOfHiddenTomb/HDRP (Default)/Art/Assets/RockWall/D/Materials/MI_RockWall_D_Simple.mat
  importAddress: Guid(9f18f0c50c104d44ea6984f4e1c8f0ff) Importer(2089858483,b0f066a214c2f5e87bad3c948f4d605d)
Start importing Assets/HIVEMIND/CaveOfHiddenTomb/HDRP (Default)/Art/Assets/RockWall/D/Materials/MI_RockWall_D_Simple.mat using Guid(9f18f0c50c104d44ea6984f4e1c8f0ff) Importer(2089858483,b0f066a214c2f5e87bad3c948f4d605d) (ScriptedImporter) -> (Import Result ID: '5f19fc31f8917f35de7e6c543c1c4acf') in 0.0053639 seconds [static and dynamic dependencies]. Details - ImportResultOutputID=5e4b489f53432eb658dd26541e527491 DependenciesID=493f5f969905d86033fcbb4f104309be StaticDependenciesID=961f258614f2f1ad3ca95f6bf9d90f9a 
Number of updated asset objects reloaded before import = 0Number of asset objects unloaded after import = 1

========================================================================
Received Import Request.
  Time since last request: 0.000022 seconds.
  path: Assets/HIVEMIND/CaveOfHiddenTomb/HDRP (Default)/Art/Assets/Pillar/B/Materials/MI_Pillar_B_Simple.mat
  importAddress: Guid(13ceb132d31312e4cbf7ee4a0643a7c3) Importer(2089858483,b0f066a214c2f5e87bad3c948f4d605d)
Start importing Assets/HIVEMIND/CaveOfHiddenTomb/HDRP (Default)/Art/Assets/Pillar/B/Materials/MI_Pillar_B_Simple.mat using Guid(13ceb132d31312e4cbf7ee4a0643a7c3) Importer(2089858483,b0f066a214c2f5e87bad3c948f4d605d) (ScriptedImporter) -> (Import Result ID: 'be3560c1da9f3ff79ee4b6b22bb8241c') in 0.0053309 seconds [static and dynamic dependencies]. Details - ImportResultOutputID=c3e0d701814385ee02178a10e38115b2 DependenciesID=4d7cb8b64bcb64ad27f58a01cbac8c52 StaticDependenciesID=942290400d356c31f69a219e84e73ad0 
Number of updated asset objects reloaded before import = 0Number of asset objects unloaded after import = 1

========================================================================
Received Import Request.
  Time since last request: 0.000022 seconds.
  path: Assets/Samples/XR Interaction Toolkit/3.2.1/Starter Assets/DemoSceneAssets/Prefabs/UI/Scroll UI Sample.prefab
  importAddress: Guid(0cbc0856f0fb8d84a81be5dea463c369) Importer(2089858483,e11c23a36db5f54750b8cd40eac0985b)
Start importing Assets/Samples/XR Interaction Toolkit/3.2.1/Starter Assets/DemoSceneAssets/Prefabs/UI/Scroll UI Sample.prefab using Guid(0cbc0856f0fb8d84a81be5dea463c369) Importer(2089858483,e11c23a36db5f54750b8cd40eac0985b) (ScriptedImporter) -> (Import Result ID: '83642e5f02f800d943d7f7952a428443') in 0.0361264 seconds [static and dynamic dependencies]. Details - ImportResultOutputID=692f8c6291349be4b229c38132f102c4 DependenciesID=49786138223b40ad1556d0d1802795e5 StaticDependenciesID=0f2ac076372b7076010806c3eb03ce6d 
Number of updated asset objects reloaded before import = 0Number of asset objects unloaded after import = 72

========================================================================
Received Import Request.
  Time since last request: 0.000018 seconds.
  path: Assets/HIVEMIND/CaveOfHiddenTomb/HDRP (Default)/Art/Assets/Boulder/B/Materials/No Name.mat
  importAddress: Guid(29fabc06913c38042bff98766d382dc5) Importer(2089858483,b0f066a214c2f5e87bad3c948f4d605d)
Start importing Assets/HIVEMIND/CaveOfHiddenTomb/HDRP (Default)/Art/Assets/Boulder/B/Materials/No Name.mat using Guid(29fabc06913c38042bff98766d382dc5) Importer(2089858483,b0f066a214c2f5e87bad3c948f4d605d) (ScriptedImporter) -> (Import Result ID: '634a60320248ab6c812415ac9a12d13e') in 0.0046569 seconds [static and dynamic dependencies]. Details - ImportResultOutputID=f62fbe62ad6614d01ec6ff979a5d89a4 DependenciesID=2f731c3a75d4bfc782d9c4df06523172 StaticDependenciesID=b9c29001fa9218006cbde77267db6b75 
Number of updated asset objects reloaded before import = 0Number of asset objects unloaded after import = 1

========================================================================
Received Import Request.
  Time since last request: 0.000017 seconds.
  path: Assets/Samples/XR Interaction Toolkit/3.2.1/Starter Assets/DemoSceneAssets/Prefabs/UI/ModalSingleButton.prefab
  importAddress: Guid(c24a7635b5761984d81cf6c4aac26e0d) Importer(2089858483,e11c23a36db5f54750b8cd40eac0985b)
Start importing Assets/Samples/XR Interaction Toolkit/3.2.1/Starter Assets/DemoSceneAssets/Prefabs/UI/ModalSingleButton.prefab using Guid(c24a7635b5761984d81cf6c4aac26e0d) Importer(2089858483,e11c23a36db5f54750b8cd40eac0985b) (ScriptedImporter) -> (Import Result ID: '807b14aa506bd78424b5b3846316b3a8') in 0.019632 seconds [static and dynamic dependencies]. Details - ImportResultOutputID=069ddb22cf9a95b9c92e17204ebb6194 DependenciesID=5d1c17ae8ce3073438d0553759c4b56e StaticDependenciesID=c54bcfa70bbdb32b4fd5183d0f9d3092 
Number of updated asset objects reloaded before import = 0Number of asset objects unloaded after import = 62

========================================================================
Received Import Request.
  Time since last request: 0.000026 seconds.
  path: Assets/HIVEMIND/CaveOfHiddenTomb/HDRP (Default)/Art/Assets/Vines/Materials/No Name.mat
  importAddress: Guid(60fba128dada2c147b1e291590b8cb60) Importer(2089858483,b0f066a214c2f5e87bad3c948f4d605d)
Start importing Assets/HIVEMIND/CaveOfHiddenTomb/HDRP (Default)/Art/Assets/Vines/Materials/No Name.mat using Guid(60fba128dada2c147b1e291590b8cb60) Importer(2089858483,b0f066a214c2f5e87bad3c948f4d605d) (ScriptedImporter) -> (Import Result ID: 'e86fa74db79b80e705b558f4097af551') in 0.0043013 seconds [static and dynamic dependencies]. Details - ImportResultOutputID=4bd83ce364bfce61fdb3583d75c19895 DependenciesID=2c8691598484204a62aa924e23d9f229 StaticDependenciesID=d51abbf00b7ee21a717691e308df5aad 
Number of updated asset objects reloaded before import = 0Number of asset objects unloaded after import = 1

========================================================================
Received Import Request.
  Time since last request: 0.000027 seconds.
  path: Assets/Samples/XR Interaction Toolkit/3.2.1/Starter Assets/DemoSceneAssets/Prefabs/Interactables/Push Button.prefab
  importAddress: Guid(76f3439a0ae796e4b81bee3f91f888ee) Importer(2089858483,e11c23a36db5f54750b8cd40eac0985b)
Start importing Assets/Samples/XR Interaction Toolkit/3.2.1/Starter Assets/DemoSceneAssets/Prefabs/Interactables/Push Button.prefab using Guid(76f3439a0ae796e4b81bee3f91f888ee) Importer(2089858483,e11c23a36db5f54750b8cd40eac0985b) (ScriptedImporter) -> (Import Result ID: '9161173b7f1d3657a9f6c085b20a8c8d') in 0.014833 seconds [static and dynamic dependencies]. Details - ImportResultOutputID=33305bb0a48731bf5c69d1dff4a671ec DependenciesID=54def0d9bd24f0e4766528588d99dcb8 StaticDependenciesID=88994350090c2ed5b239572fbd625b2c 
Number of updated asset objects reloaded before import = 0Number of asset objects unloaded after import = 45

========================================================================
Received Import Request.
  Time since last request: 0.000018 seconds.
  path: Assets/Samples/XR Interaction Toolkit/3.2.1/Starter Assets/Filters/AnyGazedAtTeleportAnchorFilter.asset
  importAddress: Guid(0f906c94e2aa0c3488832acc1db04295) Importer(2089858483,b0f066a214c2f5e87bad3c948f4d605d)
Start importing Assets/Samples/XR Interaction Toolkit/3.2.1/Starter Assets/Filters/AnyGazedAtTeleportAnchorFilter.asset using Guid(0f906c94e2aa0c3488832acc1db04295) Importer(2089858483,b0f066a214c2f5e87bad3c948f4d605d) (ScriptedImporter) -> (Import Result ID: '6fed529dac50371cdf5e0808754462b3') in 0.0037781 seconds [static and dynamic dependencies]. Details - ImportResultOutputID=b5d3deef6d5171c1a2d25a0706c6a42e DependenciesID=e950d8a837515cfd0d22efcbc0ebf3f2 StaticDependenciesID=299d6adafbb429ae16b6496cad88f540 
Number of updated asset objects reloaded before import = 0Number of asset objects unloaded after import = 1

========================================================================
Received Import Request.
  Time since last request: 0.000022 seconds.
  path: Assets/HIVEMIND/CaveOfHiddenTomb/HDRP (Default)/Art/Assets/Rock/A/Materials/MI_Rock_A.mat
  importAddress: Guid(43773f14472f27f45a41f7996588a7ed) Importer(2089858483,b0f066a214c2f5e87bad3c948f4d605d)
Start importing Assets/HIVEMIND/CaveOfHiddenTomb/HDRP (Default)/Art/Assets/Rock/A/Materials/MI_Rock_A.mat using Guid(43773f14472f27f45a41f7996588a7ed) Importer(2089858483,b0f066a214c2f5e87bad3c948f4d605d) (ScriptedImporter) -> (Import Result ID: 'cf2f1bb58cb67a3c2d80d77c3774cf59') in 0.0040307 seconds [static and dynamic dependencies]. Details - ImportResultOutputID=4cbcfa5eb8938d63925d4e1363852681 DependenciesID=49e874f21758f27271d16aa3f899c2c0 StaticDependenciesID=4a8aacc07313aeb373f74612c61527c9 
Number of updated asset objects reloaded before import = 0Number of asset objects unloaded after import = 1

========================================================================
Received Import Request.
  Time since last request: 0.000018 seconds.
  path: Assets/HIVEMIND/CaveOfHiddenTomb/HDRP (Default)/Art/Assets/Sculpt/A/Materials/MI_Sculpt_A.mat
  importAddress: Guid(8220264a93c72c5458cfab1198d79451) Importer(2089858483,b0f066a214c2f5e87bad3c948f4d605d)
Start importing Assets/HIVEMIND/CaveOfHiddenTomb/HDRP (Default)/Art/Assets/Sculpt/A/Materials/MI_Sculpt_A.mat using Guid(8220264a93c72c5458cfab1198d79451) Importer(2089858483,b0f066a214c2f5e87bad3c948f4d605d) (ScriptedImporter) -> (Import Result ID: 'f24efa7e3275dc342f0f7249ec7c200d') in 0.0041298 seconds [static and dynamic dependencies]. Details - ImportResultOutputID=d314ae294be3d8e1f05ef6a77bfc1b9a DependenciesID=0b4f7b09637501157ab4509c3ee90466 StaticDependenciesID=192bd7d864923f23355facb79dadb5c2 
Number of updated asset objects reloaded before import = 0Number of asset objects unloaded after import = 1

========================================================================
Received Import Request.
  Time since last request: 0.000017 seconds.
  path: Assets/HIVEMIND/CaveOfHiddenTomb/HDRP (Default)/Art/Assets/stalactite/E/Materials/No Name.mat
  importAddress: Guid(43508dce31e474349986a612c13df143) Importer(2089858483,b0f066a214c2f5e87bad3c948f4d605d)
Start importing Assets/HIVEMIND/CaveOfHiddenTomb/HDRP (Default)/Art/Assets/stalactite/E/Materials/No Name.mat using Guid(43508dce31e474349986a612c13df143) Importer(2089858483,b0f066a214c2f5e87bad3c948f4d605d) (ScriptedImporter) -> (Import Result ID: '376dd6db97be616130cfe8b04e02720b') in 0.0042607 seconds [static and dynamic dependencies]. Details - ImportResultOutputID=a52cc72cfc3184dbad5cb04553a2b714 DependenciesID=3dcce9c07811a0b517ddff5494c6fcf2 StaticDependenciesID=715ed27eceec50bed44a15ecd19dbd08 
Number of updated asset objects reloaded before import = 0Number of asset objects unloaded after import = 1

========================================================================
Received Import Request.
  Time since last request: 0.000022 seconds.
  path: Assets/HIVEMIND/CaveOfHiddenTomb/HDRP (Default)/Art/Assets/StonePattern/StonePattern/Materials/MI_MineWall.mat
  importAddress: Guid(d2bfd435af08738448324ed14861c98b) Importer(2089858483,b0f066a214c2f5e87bad3c948f4d605d)
Start importing Assets/HIVEMIND/CaveOfHiddenTomb/HDRP (Default)/Art/Assets/StonePattern/StonePattern/Materials/MI_MineWall.mat using Guid(d2bfd435af08738448324ed14861c98b) Importer(2089858483,b0f066a214c2f5e87bad3c948f4d605d) (ScriptedImporter) -> (Import Result ID: 'dba8161aeddd331b7084efc0a3b2dc22') in 0.0046416 seconds [static and dynamic dependencies]. Details - ImportResultOutputID=0043ee28472affd4b0f69a00ebb8436b DependenciesID=37d3010341ae387de4d86a37f4d4dd61 StaticDependenciesID=d2c885390d0a7c8f6e90ffcbb1cc6615 
Number of updated asset objects reloaded before import = 0Number of asset objects unloaded after import = 1

========================================================================
Received Import Request.
  Time since last request: 0.000037 seconds.
  path: Assets/HIVEMIND/CaveOfHiddenTomb/HDRP (Default)/Art/Assets/StonePattern/TempleStoneGround/Materials/MI_StonePattern_F_simple.mat
  importAddress: Guid(3c0cef68406d6cd4b9761ef0cbc54c25) Importer(2089858483,b0f066a214c2f5e87bad3c948f4d605d)
Start importing Assets/HIVEMIND/CaveOfHiddenTomb/HDRP (Default)/Art/Assets/StonePattern/TempleStoneGround/Materials/MI_StonePattern_F_simple.mat using Guid(3c0cef68406d6cd4b9761ef0cbc54c25) Importer(2089858483,b0f066a214c2f5e87bad3c948f4d605d) (ScriptedImporter) -> (Import Result ID: '7c0fe153a789a763fe7d189c29f48ee1') in 0.0083626 seconds [static and dynamic dependencies]. Details - ImportResultOutputID=c53118b761177e7183ed976158e66a46 DependenciesID=5100e0b3efaf6056596f39b4780de8da StaticDependenciesID=0e4ad42ac483a0a350de5014d2c78079 
Number of updated asset objects reloaded before import = 0Number of asset objects unloaded after import = 1

========================================================================
Received Import Request.
  Time since last request: 0.000019 seconds.
  path: Assets/HIVEMIND/CaveOfHiddenTomb/HDRP (Default)/Art/Assets/StonePlate/H/Materials/No Name.mat
  importAddress: Guid(47b1f13764d9dee459c8ab1ac6e6c67a) Importer(2089858483,b0f066a214c2f5e87bad3c948f4d605d)
Start importing Assets/HIVEMIND/CaveOfHiddenTomb/HDRP (Default)/Art/Assets/StonePlate/H/Materials/No Name.mat using Guid(47b1f13764d9dee459c8ab1ac6e6c67a) Importer(2089858483,b0f066a214c2f5e87bad3c948f4d605d) (ScriptedImporter) -> (Import Result ID: '8df6417ce766357cfa846469d97d8aeb') in 0.0048376 seconds [static and dynamic dependencies]. Details - ImportResultOutputID=4b06f0c1042c925c980dc0cd091f175f DependenciesID=2b17d87844561b2a94c3dead7979c34a StaticDependenciesID=e09fe544d834ebfc2e6f7856ee4322ff 
Number of updated asset objects reloaded before import = 0Number of asset objects unloaded after import = 1

========================================================================
Received Import Request.
  Time since last request: 0.000015 seconds.
  path: Assets/HIVEMIND/CaveOfHiddenTomb/HDRP (Default)/Art/Assets/Stone/A/Materials/MI_Stone_A.mat
  importAddress: Guid(4e48b12b92c0566449a0dc616bd91b5f) Importer(2089858483,b0f066a214c2f5e87bad3c948f4d605d)
Start importing Assets/HIVEMIND/CaveOfHiddenTomb/HDRP (Default)/Art/Assets/Stone/A/Materials/MI_Stone_A.mat using Guid(4e48b12b92c0566449a0dc616bd91b5f) Importer(2089858483,b0f066a214c2f5e87bad3c948f4d605d) (ScriptedImporter) -> (Import Result ID: '46219d3571991fc01409f0d17568ff1e') in 0.0046455 seconds [static and dynamic dependencies]. Details - ImportResultOutputID=f6a8d09860624a3345358d37f2cea273 DependenciesID=b5c7bdf8a3ed42df3ed098c3ae4dae5b StaticDependenciesID=acbefeba9a08b050d38aa8e612b84c94 
Number of updated asset objects reloaded before import = 0Number of asset objects unloaded after import = 1

========================================================================
Received Import Request.
  Time since last request: 0.000017 seconds.
  path: Assets/HIVEMIND/CaveOfHiddenTomb/HDRP (Default)/Art/Assets/StonePlate/H/Materials/MI_StonePlate_H.mat
  importAddress: Guid(2222900610bb897468797a07c7d9dbb4) Importer(2089858483,b0f066a214c2f5e87bad3c948f4d605d)
Start importing Assets/HIVEMIND/CaveOfHiddenTomb/HDRP (Default)/Art/Assets/StonePlate/H/Materials/MI_StonePlate_H.mat using Guid(2222900610bb897468797a07c7d9dbb4) Importer(2089858483,b0f066a214c2f5e87bad3c948f4d605d) (ScriptedImporter) -> (Import Result ID: 'fff296cfb5b1389876733f04b42246fe') in 0.0043418 seconds [static and dynamic dependencies]. Details - ImportResultOutputID=3cdb35f15a274da98893709f1ec6eea1 DependenciesID=049e6fb209347ac729b216bd0ccbb4f7 StaticDependenciesID=186d69eb790a7d21f11dc2a677967eec 
Number of updated asset objects reloaded before import = 0Number of asset objects unloaded after import = 1

========================================================================
Received Import Request.
  Time since last request: 0.000016 seconds.
  path: Assets/HIVEMIND/CaveOfHiddenTomb/HDRP (Default)/Art/Assets/StonePlate/C/Materials/MI_StonePlate_C.mat
  importAddress: Guid(e32caff525ebc454f9a8299175bed202) Importer(2089858483,b0f066a214c2f5e87bad3c948f4d605d)
Start importing Assets/HIVEMIND/CaveOfHiddenTomb/HDRP (Default)/Art/Assets/StonePlate/C/Materials/MI_StonePlate_C.mat using Guid(e32caff525ebc454f9a8299175bed202) Importer(2089858483,b0f066a214c2f5e87bad3c948f4d605d) (ScriptedImporter) -> (Import Result ID: 'ea37a84daa0eba3fb7971d90c85ae387') in 0.0048765 seconds [static and dynamic dependencies]. Details - ImportResultOutputID=edb4c1840cabd6b25409b1479f63b1a1 DependenciesID=acc4cb3ec40fb8a9f84de7a658c8f212 StaticDependenciesID=3a6d5791c1ec4ae9b0795e699cef9ace 
Number of updated asset objects reloaded before import = 0Number of asset objects unloaded after import = 1

========================================================================
Received Import Request.
  Time since last request: 0.000016 seconds.
  path: Assets/HIVEMIND/CaveOfHiddenTomb/HDRP (Default)/Art/Assets/Stone/D/Materials/MI_Stone_D.mat
  importAddress: Guid(5c0cfe9b3dd9d334da3d341072e88870) Importer(2089858483,b0f066a214c2f5e87bad3c948f4d605d)
Start importing Assets/HIVEMIND/CaveOfHiddenTomb/HDRP (Default)/Art/Assets/Stone/D/Materials/MI_Stone_D.mat using Guid(5c0cfe9b3dd9d334da3d341072e88870) Importer(2089858483,b0f066a214c2f5e87bad3c948f4d605d) (ScriptedImporter) -> (Import Result ID: '3bad6477a931f9c43a7f9e5f3465e1fd') in 0.004895 seconds [static and dynamic dependencies]. Details - ImportResultOutputID=961f1bf2b197a8fe5551705b4d06bfc8 DependenciesID=adfe4c9de65c54acec3736b19bd004f5 StaticDependenciesID=ebdfded53121e17242e9cb7de6298693 
Number of updated asset objects reloaded before import = 0Number of asset objects unloaded after import = 1

========================================================================
Received Import Request.
  Time since last request: 0.000019 seconds.
  path: Assets/HIVEMIND/CaveOfHiddenTomb/HDRP (Default)/Art/Assets/StonePattern/StonePattern/Materials/No Name.mat
  importAddress: Guid(64b15d11c089581488fd36d1ad19a1a1) Importer(2089858483,b0f066a214c2f5e87bad3c948f4d605d)
Start importing Assets/HIVEMIND/CaveOfHiddenTomb/HDRP (Default)/Art/Assets/StonePattern/StonePattern/Materials/No Name.mat using Guid(64b15d11c089581488fd36d1ad19a1a1) Importer(2089858483,b0f066a214c2f5e87bad3c948f4d605d) (ScriptedImporter) -> (Import Result ID: '90de8513e30d79877c67a929de21990b') in 0.0044578 seconds [static and dynamic dependencies]. Details - ImportResultOutputID=57baa6a8c91660999356b1a493f459ab DependenciesID=7e14fe5a9e011628ded479275d3e2072 StaticDependenciesID=d390e8197880e96d4f43ebd22bc32126 
Number of updated asset objects reloaded before import = 0Number of asset objects unloaded after import = 1

========================================================================
Received Import Request.
  Time since last request: 0.000033 seconds.
  path: Assets/HIVEMIND/CaveOfHiddenTomb/HDRP (Default)/Art/Assets/Sculpt/B/Materials/MI_Sculpt_B.mat
  importAddress: Guid(40e25ceedfff86c47bae0e831dd5fad7) Importer(2089858483,b0f066a214c2f5e87bad3c948f4d605d)
Start importing Assets/HIVEMIND/CaveOfHiddenTomb/HDRP (Default)/Art/Assets/Sculpt/B/Materials/MI_Sculpt_B.mat using Guid(40e25ceedfff86c47bae0e831dd5fad7) Importer(2089858483,b0f066a214c2f5e87bad3c948f4d605d) (ScriptedImporter) -> (Import Result ID: '3d8710ade8dba48902cf6421b5b7fc9c') in 0.0085795 seconds [static and dynamic dependencies]. Details - ImportResultOutputID=785376e7eb4d38a01d899a2bcca3c05a DependenciesID=177fa07cd47821f2867146b60110aaef StaticDependenciesID=f472dc87d015f81c521186b23647acdf 
Number of updated asset objects reloaded before import = 0Number of asset objects unloaded after import = 1

========================================================================
Received Import Request.
  Time since last request: 0.000016 seconds.
  path: Assets/HIVEMIND/CaveOfHiddenTomb/HDRP (Default)/Art/Assets/Sculpt/B/Materials/No Name.mat
  importAddress: Guid(fed25a4d06a58f740a068b4b9cb38b5e) Importer(2089858483,b0f066a214c2f5e87bad3c948f4d605d)
Start importing Assets/HIVEMIND/CaveOfHiddenTomb/HDRP (Default)/Art/Assets/Sculpt/B/Materials/No Name.mat using Guid(fed25a4d06a58f740a068b4b9cb38b5e) Importer(2089858483,b0f066a214c2f5e87bad3c948f4d605d) (ScriptedImporter) -> (Import Result ID: '116d610acbb3bd82c46e368904b21248') in 0.003924 seconds [static and dynamic dependencies]. Details - ImportResultOutputID=bcd1adbc10cbf78c3f83040f3b69f69d DependenciesID=284da43860212da31c90874998b51498 StaticDependenciesID=b4b3a609b82e480132220b7f2a039845 
Number of updated asset objects reloaded before import = 0Number of asset objects unloaded after import = 1

========================================================================
Received Import Request.
  Time since last request: 0.000018 seconds.
  path: Assets/HIVEMIND/CaveOfHiddenTomb/HDRP (Default)/Art/Assets/Scanned_Foliage/Foliage/EuropeanBeech/Materials/M_EuropeanBeech_Detail_01.mat
  importAddress: Guid(abc00000000000933830981474488139) Importer(2089858483,b0f066a214c2f5e87bad3c948f4d605d)
Start importing Assets/HIVEMIND/CaveOfHiddenTomb/HDRP (Default)/Art/Assets/Scanned_Foliage/Foliage/EuropeanBeech/Materials/M_EuropeanBeech_Detail_01.mat using Guid(abc00000000000933830981474488139) Importer(2089858483,b0f066a214c2f5e87bad3c948f4d605d) (ScriptedImporter) -> (Import Result ID: 'acf19ea1d2d2ee0d3e2d03703f27e29d') in 0.0109406 seconds [static and dynamic dependencies]. Details - ImportResultOutputID=29253a2069a6211622b77cc7cc02cd31 DependenciesID=b6cd352413adfd94759d89d5b0c2c910 StaticDependenciesID=869d8c2d158be49a5a125664b8ba3f6e 
Number of updated asset objects reloaded before import = 0Number of asset objects unloaded after import = 9

========================================================================
Received Import Request.
  Time since last request: 0.000019 seconds.
  path: Assets/HIVEMIND/CaveOfHiddenTomb/HDRP (Default)/Art/Assets/Scanned_Foliage/Foliage/EuropeanBeech/Meshes/SM_EuropeanBeech_XL_02.fbx
  importAddress: Guid(abc00000000015631754348132308635) Importer(2089858483,b0f066a214c2f5e87bad3c948f4d605d)
Start importing Assets/HIVEMIND/CaveOfHiddenTomb/HDRP (Default)/Art/Assets/Scanned_Foliage/Foliage/EuropeanBeech/Meshes/SM_EuropeanBeech_XL_02.fbx using Guid(abc00000000015631754348132308635) Importer(2089858483,b0f066a214c2f5e87bad3c948f4d605d) (ScriptedImporter)MaterialLocation.External is obsolete. External Material Location is no longer supported. (Assets/HIVEMIND/CaveOfHiddenTomb/HDRP (Default)/Art/Assets/Scanned_Foliage/Foliage/EuropeanBeech/Meshes/SM_EuropeanBeech_XL_02.fbx)
 -> (Import Result ID: '8d5705aeaccca8ada4f206674071d612') in 0.0152763 seconds [static and dynamic dependencies]. Details - ImportResultOutputID=06b87670fb37b4b1554d04695006341e DependenciesID=685737547ffca1982e37cc7599df406b StaticDependenciesID=3229caab4285f1f5c955df49c25c1be0 
Number of updated asset objects reloaded before import = 0Number of asset objects unloaded after import = 34

========================================================================
Received Import Request.
  Time since last request: 0.000019 seconds.
  path: Assets/HIVEMIND/CaveOfHiddenTomb/HDRP (Default)/Art/Assets/Scanned_Foliage/Foliage/Ivy/Meshes/SM_Ivy_Wall_C.fbx
  importAddress: Guid(abc00000000007446650500114842682) Importer(2089858483,b0f066a214c2f5e87bad3c948f4d605d)
Start importing Assets/HIVEMIND/CaveOfHiddenTomb/HDRP (Default)/Art/Assets/Scanned_Foliage/Foliage/Ivy/Meshes/SM_Ivy_Wall_C.fbx using Guid(abc00000000007446650500114842682) Importer(2089858483,b0f066a214c2f5e87bad3c948f4d605d) (ScriptedImporter)MaterialLocation.External is obsolete. External Material Location is no longer supported. (Assets/HIVEMIND/CaveOfHiddenTomb/HDRP (Default)/Art/Assets/Scanned_Foliage/Foliage/Ivy/Meshes/SM_Ivy_Wall_C.fbx)
 -> (Import Result ID: 'bebb52833bfccc7121dbda5624973f64') in 0.0131106 seconds [static and dynamic dependencies]. Details - ImportResultOutputID=f5b1c317d974926ea5e53e534d0676af DependenciesID=81d14c17b04e5233eb2a13ba407d73d0 StaticDependenciesID=d407de2fe5bc4028db4672d998e05bba 
Number of updated asset objects reloaded before import = 0Number of asset objects unloaded after import = 37

========================================================================
Received Import Request.
  Time since last request: 0.000028 seconds.
  path: Assets/HIVEMIND/CaveOfHiddenTomb/HDRP (Default)/Art/Assets/Scanned_Foliage/Foliage/EuropeanBeech/Meshes/SM_EuropeanBeech_L_02.fbx
  importAddress: Guid(abc00000000000424760652055931471) Importer(2089858483,b0f066a214c2f5e87bad3c948f4d605d)
Start importing Assets/HIVEMIND/CaveOfHiddenTomb/HDRP (Default)/Art/Assets/Scanned_Foliage/Foliage/EuropeanBeech/Meshes/SM_EuropeanBeech_L_02.fbx using Guid(abc00000000000424760652055931471) Importer(2089858483,b0f066a214c2f5e87bad3c948f4d605d) (ScriptedImporter)MaterialLocation.External is obsolete. External Material Location is no longer supported. (Assets/HIVEMIND/CaveOfHiddenTomb/HDRP (Default)/Art/Assets/Scanned_Foliage/Foliage/EuropeanBeech/Meshes/SM_EuropeanBeech_L_02.fbx)
 -> (Import Result ID: '9df88691587c6520c093b0dce78972d4') in 0.013178 seconds [static and dynamic dependencies]. Details - ImportResultOutputID=f692b9d56f4a68f08386d851a8627938 DependenciesID=e6b967dca48630c9386ad435b31e9df4 StaticDependenciesID=82b34d6228d82d84acaa11b26ca858ce 
Number of updated asset objects reloaded before import = 0Number of asset objects unloaded after import = 34

========================================================================
Received Import Request.
  Time since last request: 0.000031 seconds.
  path: Assets/HIVEMIND/CaveOfHiddenTomb/HDRP (Default)/Art/Assets/Scanned_Foliage/Foliage/EuropeanBeech/Meshes/SM_EuropeanBeech_Stump_01.fbx
  importAddress: Guid(abc00000000006324546516393124403) Importer(2089858483,b0f066a214c2f5e87bad3c948f4d605d)
Start importing Assets/HIVEMIND/CaveOfHiddenTomb/HDRP (Default)/Art/Assets/Scanned_Foliage/Foliage/EuropeanBeech/Meshes/SM_EuropeanBeech_Stump_01.fbx using Guid(abc00000000006324546516393124403) Importer(2089858483,b0f066a214c2f5e87bad3c948f4d605d) (ScriptedImporter)MaterialLocation.External is obsolete. External Material Location is no longer supported. (Assets/HIVEMIND/CaveOfHiddenTomb/HDRP (Default)/Art/Assets/Scanned_Foliage/Foliage/EuropeanBeech/Meshes/SM_EuropeanBeech_Stump_01.fbx)
 -> (Import Result ID: '097326847ef0ae239bbc21a8300f8fc2') in 0.0108058 seconds [static and dynamic dependencies]. Details - ImportResultOutputID=fd6f55be4e662f96f34b73ed1461e8f6 DependenciesID=57bc3bc518266f8129b5db97263317e2 StaticDependenciesID=cd7d2854e23b079f4341b8e751946ce2 
Number of updated asset objects reloaded before import = 0Number of asset objects unloaded after import = 34

========================================================================
Received Import Request.
  Time since last request: 0.000017 seconds.
  path: Assets/HIVEMIND/CaveOfHiddenTomb/HDRP (Default)/Art/Assets/Scanned_Foliage/Foliage/EuropeanBeech/Meshes/Materials/MI_EuropeanBeech_Bark_01.mat
  importAddress: Guid(bac1a1321e3df194da116407d5c7863e) Importer(2089858483,b0f066a214c2f5e87bad3c948f4d605d)
Start importing Assets/HIVEMIND/CaveOfHiddenTomb/HDRP (Default)/Art/Assets/Scanned_Foliage/Foliage/EuropeanBeech/Meshes/Materials/MI_EuropeanBeech_Bark_01.mat using Guid(bac1a1321e3df194da116407d5c7863e) Importer(2089858483,b0f066a214c2f5e87bad3c948f4d605d) (ScriptedImporter) -> (Import Result ID: 'b0ef1b86d2aeeb8323782987ecae7e45') in 0.0048044 seconds [static and dynamic dependencies]. Details - ImportResultOutputID=d6d8ab2117e09c84738c8a2eb8b232c9 DependenciesID=c54bb3f472dde6c6e35bdcb69f6742d5 StaticDependenciesID=1de96fc134b86aa9ab30376ea5cbcf88 
Number of updated asset objects reloaded before import = 0Number of asset objects unloaded after import = 1

========================================================================
Received Import Request.
  Time since last request: 0.000020 seconds.
  path: Assets/HIVEMIND/CaveOfHiddenTomb/HDRP (Default)/Art/Assets/Scanned_Foliage/Foliage/EagleFern/Meshes/Materials/MI_EagleFern_Atlas_01.mat
  importAddress: Guid(26056263d36943245a92040a351b41de) Importer(2089858483,b0f066a214c2f5e87bad3c948f4d605d)
Start importing Assets/HIVEMIND/CaveOfHiddenTomb/HDRP (Default)/Art/Assets/Scanned_Foliage/Foliage/EagleFern/Meshes/Materials/MI_EagleFern_Atlas_01.mat using Guid(26056263d36943245a92040a351b41de) Importer(2089858483,b0f066a214c2f5e87bad3c948f4d605d) (ScriptedImporter) -> (Import Result ID: '75339fde9d46aed9b5ae73e96f33aac3') in 0.0056125 seconds [static and dynamic dependencies]. Details - ImportResultOutputID=e9946b46bcd9e11da7b7ba5a6bd133f3 DependenciesID=5bf1fa1226218e3b0fdf72febc42800c StaticDependenciesID=af78a86fea3d9a347414a8d71c6aa44a 
Number of updated asset objects reloaded before import = 0Number of asset objects unloaded after import = 1

========================================================================
Received Import Request.
  Time since last request: 0.000021 seconds.
  path: Assets/HIVEMIND/CaveOfHiddenTomb/HDRP (Default)/Art/Assets/Scanned_Foliage/Foliage/Ivy/Meshes/Materials/No Name.mat
  importAddress: Guid(31465a7a97b0d8a42a546c573faceb76) Importer(2089858483,b0f066a214c2f5e87bad3c948f4d605d)
Start importing Assets/HIVEMIND/CaveOfHiddenTomb/HDRP (Default)/Art/Assets/Scanned_Foliage/Foliage/Ivy/Meshes/Materials/No Name.mat using Guid(31465a7a97b0d8a42a546c573faceb76) Importer(2089858483,b0f066a214c2f5e87bad3c948f4d605d) (ScriptedImporter) -> (Import Result ID: 'dc7e7f3c443c56f4c9c993a3d0c4c481') in 0.005228 seconds [static and dynamic dependencies]. Details - ImportResultOutputID=b78df53452ec1e04b6b397dc2f3b1343 DependenciesID=5adf8e3be61262a638ac3435d0aaf7d8 StaticDependenciesID=d8960008184c7b4373e4a32b3a8ae4a0 
Number of updated asset objects reloaded before import = 0Number of asset objects unloaded after import = 1

========================================================================
Received Import Request.
  Time since last request: 0.000019 seconds.
  path: Assets/HIVEMIND/CaveOfHiddenTomb/HDRP (Default)/Art/Assets/Scanned_Foliage/Foliage/EuropeanBeech/Meshes/Materials/MI_EuropeanBeech_Atlas_01.mat
  importAddress: Guid(6cc3b3c18a7ed1a4da5c5f2b8e024284) Importer(2089858483,b0f066a214c2f5e87bad3c948f4d605d)
Start importing Assets/HIVEMIND/CaveOfHiddenTomb/HDRP (Default)/Art/Assets/Scanned_Foliage/Foliage/EuropeanBeech/Meshes/Materials/MI_EuropeanBeech_Atlas_01.mat using Guid(6cc3b3c18a7ed1a4da5c5f2b8e024284) Importer(2089858483,b0f066a214c2f5e87bad3c948f4d605d) (ScriptedImporter) -> (Import Result ID: '71cbfb926c52fb69f42ad55215e7cc61') in 0.0078372 seconds [static and dynamic dependencies]. Details - ImportResultOutputID=6f9d5f931168ff615b7cd9eec3268fa4 DependenciesID=6ba38b88568b94277a59c47bb65504ae StaticDependenciesID=3e1ebea544c985283686181c7092917d 
Number of updated asset objects reloaded before import = 0Number of asset objects unloaded after import = 1

========================================================================
Received Import Request.
  Time since last request: 0.000020 seconds.
  path: Assets/HIVEMIND/CaveOfHiddenTomb/HDRP (Default)/Art/AllTextures1K/T_MI_Stone_D_N.png
  importAddress: Guid(abc00000000010446647293766136848) Importer(2089858483,b0f066a214c2f5e87bad3c948f4d605d)
Start importing Assets/HIVEMIND/CaveOfHiddenTomb/HDRP (Default)/Art/AllTextures1K/T_MI_Stone_D_N.png using Guid(abc00000000010446647293766136848) Importer(2089858483,b0f066a214c2f5e87bad3c948f4d605d) (ScriptedImporter) -> (Import Result ID: 'd7f5be91bd8d4b6bac7e45cdc394f403') in 0.006436 seconds [static and dynamic dependencies]. Details - ImportResultOutputID=caccc1fd96018791e57f607dc5305112 DependenciesID=75f0b5486c34716a618d4268158c5bec StaticDependenciesID=bf048a4b80562d0a1f740cc028cdc424 
Number of updated asset objects reloaded before import = 0Number of asset objects unloaded after import = 1

========================================================================
Received Import Request.
  Time since last request: 0.000031 seconds.
  path: Assets/Samples/XR Interaction Toolkit/3.2.1/Starter Assets/Scripts/ToggleColorToggler.cs
  importAddress: Guid(cb280e627cedda749b93045b8dd8d327) Importer(2089858483,b0f066a214c2f5e87bad3c948f4d605d)
Start importing Assets/Samples/XR Interaction Toolkit/3.2.1/Starter Assets/Scripts/ToggleColorToggler.cs using Guid(cb280e627cedda749b93045b8dd8d327) Importer(2089858483,b0f066a214c2f5e87bad3c948f4d605d) (ScriptedImporter) -> (Import Result ID: '6b350202e6699482f24b4cb4ea6605b5') in 0.0035514 seconds [static and dynamic dependencies]. Details - ImportResultOutputID=0eb3f441794b60ec108c2072b1537ce1 DependenciesID=1ddfcaff769c2eea884d3da697f4555f StaticDependenciesID=e11337909835e03af36a2a62585c43c4 
Number of updated asset objects reloaded before import = 0Number of asset objects unloaded after import = 0

========================================================================
Received Import Request.
  Time since last request: 0.000017 seconds.
  path: Assets/HIVEMIND/CaveOfHiddenTomb/HDRP (Default)/Art/Assets/Ground/M_MineWall.mat
  importAddress: Guid(abc00000000015985974238975796434) Importer(2089858483,b0f066a214c2f5e87bad3c948f4d605d)
Start importing Assets/HIVEMIND/CaveOfHiddenTomb/HDRP (Default)/Art/Assets/Ground/M_MineWall.mat using Guid(abc00000000015985974238975796434) Importer(2089858483,b0f066a214c2f5e87bad3c948f4d605d) (ScriptedImporter) -> (Import Result ID: '106faa4cb8e6c53144de2a0b13b2e143') in 0.0166914 seconds [static and dynamic dependencies]. Details - ImportResultOutputID=b8ad175c1549f45754e66e42a391d44b DependenciesID=5e963ffb01502a0df81159a67c276b94 StaticDependenciesID=b3407073e388bc97ead8e3e5c76e8992 
Number of updated asset objects reloaded before import = 0Number of asset objects unloaded after import = 12

========================================================================
Received Import Request.
  Time since last request: 0.000024 seconds.
  path: Assets/HIVEMIND/CaveOfHiddenTomb/HDRP (Default)/Art/AllTextures1K/T_StonePlate_Albedo.png
  importAddress: Guid(abc00000000005266645508424448838) Importer(2089858483,b0f066a214c2f5e87bad3c948f4d605d)
Start importing Assets/HIVEMIND/CaveOfHiddenTomb/HDRP (Default)/Art/AllTextures1K/T_StonePlate_Albedo.png using Guid(abc00000000005266645508424448838) Importer(2089858483,b0f066a214c2f5e87bad3c948f4d605d) (ScriptedImporter) -> (Import Result ID: '2716d56940d4ab38041964a9366ffd36') in 0.0071565 seconds [static and dynamic dependencies]. Details - ImportResultOutputID=18984ed652ee470dfbf7b98355afdedc DependenciesID=79e6adbd9e7ee403bea2c86e8b4366cf StaticDependenciesID=bd9f13498a3749282cb4703983f5027b 
Number of updated asset objects reloaded before import = 0Number of asset objects unloaded after import = 1

========================================================================
Received Import Request.
  Time since last request: 0.000018 seconds.
  path: Assets/HIVEMIND/CaveOfHiddenTomb/HDRP (Default)/Art/AllTextures1K/T_StonePlate_Albedo02.png
  importAddress: Guid(abc00000000001475971319133348755) Importer(2089858483,b0f066a214c2f5e87bad3c948f4d605d)
Start importing Assets/HIVEMIND/CaveOfHiddenTomb/HDRP (Default)/Art/AllTextures1K/T_StonePlate_Albedo02.png using Guid(abc00000000001475971319133348755) Importer(2089858483,b0f066a214c2f5e87bad3c948f4d605d) (ScriptedImporter) -> (Import Result ID: 'ec9691326319a09a589596ef3933724f') in 0.0067218 seconds [static and dynamic dependencies]. Details - ImportResultOutputID=2d46e4d267ec350698583b5f2933d950 DependenciesID=a95fdabcd5ffbf6c966c7ff4617760db StaticDependenciesID=f5f6fa5f04b04430e095f2d3c4327482 
Number of updated asset objects reloaded before import = 0Number of asset objects unloaded after import = 1

========================================================================
Received Import Request.
  Time since last request: 0.000020 seconds.
  path: Assets/fog/Demo Assets/Unity Companion License/Particle Pack/Materials/Embers.mat
  importAddress: Guid(776677ab3818fb249adaca05f4e04545) Importer(2089858483,b0f066a214c2f5e87bad3c948f4d605d)
Start importing Assets/fog/Demo Assets/Unity Companion License/Particle Pack/Materials/Embers.mat using Guid(776677ab3818fb249adaca05f4e04545) Importer(2089858483,b0f066a214c2f5e87bad3c948f4d605d) (ScriptedImporter) -> (Import Result ID: '6437bf337ae7892555b4742b45df6aa8') in 0.1465213 seconds [static and dynamic dependencies]. Details - ImportResultOutputID=6720a7ba4e5c073d242e93e52222b569 DependenciesID=edee8d30685e1246c5c0568b48610357 StaticDependenciesID=74b423632a49cf465f2c8f88af266e39 
Number of updated asset objects reloaded before import = 0Number of asset objects unloaded after import = 8

========================================================================
Received Import Request.
  Time since last request: 0.000021 seconds.
  path: Assets/SunboxGames/ModularDungeonCaves/Prefabs/Various/ClayPot01.prefab
  importAddress: Guid(13adfb60b4f1a42408dec51086c05283) Importer(2089858483,e11c23a36db5f54750b8cd40eac0985b)
Start importing Assets/SunboxGames/ModularDungeonCaves/Prefabs/Various/ClayPot01.prefab using Guid(13adfb60b4f1a42408dec51086c05283) Importer(2089858483,e11c23a36db5f54750b8cd40eac0985b) (ScriptedImporter) -> (Import Result ID: 'e38d24d8265231af1946cbe523512d80') in 0.0069423 seconds [static and dynamic dependencies]. Details - ImportResultOutputID=7c9aa260278a5ec2a907531f48b255a2 DependenciesID=05de52558db324c76cdd1e077ac3b871 StaticDependenciesID=d6407a27b42796586d56890995adc406 
Number of updated asset objects reloaded before import = 0Number of asset objects unloaded after import = 10

========================================================================
Received Import Request.
  Time since last request: 0.000029 seconds.
  path: Assets/materials/TextureHaven/wood_4k/wood_4k_materials/brown_planks_04.mat
  importAddress: Guid(b1906119684821e4d8af446f6dec6b60) Importer(2089858483,b0f066a214c2f5e87bad3c948f4d605d)
Start importing Assets/materials/TextureHaven/wood_4k/wood_4k_materials/brown_planks_04.mat using Guid(b1906119684821e4d8af446f6dec6b60) Importer(2089858483,b0f066a214c2f5e87bad3c948f4d605d) (ScriptedImporter) -> (Import Result ID: 'e8110d3c63295d85bb719386875eeee5') in 0.0257712 seconds [static and dynamic dependencies]. Details - ImportResultOutputID=16667977593f90c35258837222385d4f DependenciesID=84a8ce2a6b03f2115d9e9250e8b381b2 StaticDependenciesID=07cb4e10b8f8903d97d57d3edd2dffa7 
Number of updated asset objects reloaded before import = 0Number of asset objects unloaded after import = 5

========================================================================
Received Import Request.
  Time since last request: 0.000023 seconds.
  path: Assets/SunboxGames/ModularDungeonCaves/Prefabs/Rocks/SmallStone_01.prefab
  importAddress: Guid(5d9cba9a0e20da8468564d6a6ded4c3e) Importer(2089858483,e11c23a36db5f54750b8cd40eac0985b)
Start importing Assets/SunboxGames/ModularDungeonCaves/Prefabs/Rocks/SmallStone_01.prefab using Guid(5d9cba9a0e20da8468564d6a6ded4c3e) Importer(2089858483,e11c23a36db5f54750b8cd40eac0985b) (ScriptedImporter) -> (Import Result ID: '99ae2e095501c2acb52916bcb3d1da3b') in 0.0081715 seconds [static and dynamic dependencies]. Details - ImportResultOutputID=0ce5654d8433590766942b9e334fce5f DependenciesID=1782ac722baa43115abb45f34355b85c StaticDependenciesID=7a0b4cb1f00b29dae909868ecd526013 
Number of updated asset objects reloaded before import = 0Number of asset objects unloaded after import = 10

========================================================================
Received Import Request.
  Time since last request: 0.000027 seconds.
  path: Assets/HIVEMIND/CaveOfHiddenTomb/HDRP (Default)/Art/AllTextures1K/T_SM_Pillar_B_BC.png
  importAddress: Guid(abc00000000008698749875617141903) Importer(2089858483,b0f066a214c2f5e87bad3c948f4d605d)
Start importing Assets/HIVEMIND/CaveOfHiddenTomb/HDRP (Default)/Art/AllTextures1K/T_SM_Pillar_B_BC.png using Guid(abc00000000008698749875617141903) Importer(2089858483,b0f066a214c2f5e87bad3c948f4d605d) (ScriptedImporter) -> (Import Result ID: '2679baed9698dca3b73376a7c13a58b8') in 0.0071826 seconds [static and dynamic dependencies]. Details - ImportResultOutputID=e1b0055ea38bd4e534c332765e72cefe DependenciesID=c434e8360c41194ce89e18b38d257ba8 StaticDependenciesID=e60071fce049a9cea000a9d64b6fa549 
Number of updated asset objects reloaded before import = 0Number of asset objects unloaded after import = 1

========================================================================
Received Import Request.
  Time since last request: 0.000018 seconds.
  path: Assets/SunboxGames/ModularDungeonCaves/Scenes/CaveDemoScene02/ReflectionProbe-9.exr
  importAddress: Guid(2f809591d7ab6bb44b7891cd4f4d9722) Importer(2089858483,b0f066a214c2f5e87bad3c948f4d605d)
Start importing Assets/SunboxGames/ModularDungeonCaves/Scenes/CaveDemoScene02/ReflectionProbe-9.exr using Guid(2f809591d7ab6bb44b7891cd4f4d9722) Importer(2089858483,b0f066a214c2f5e87bad3c948f4d605d) (ScriptedImporter) -> (Import Result ID: '3d1aa6f483b699db4d7753b7c1b700e0') in 0.0074559 seconds [static and dynamic dependencies]. Details - ImportResultOutputID=48549a958dec6e8f34d650d73af14d27 DependenciesID=05552f3da1d40d327975bdb75223b3b9 StaticDependenciesID=44cc8881290cf60f16a25b70f379657e 
Number of updated asset objects reloaded before import = 0Number of asset objects unloaded after import = 1

========================================================================
Received Import Request.
  Time since last request: 0.000017 seconds.
  path: Assets/SunboxGames/ModularDungeonCaves/Textures/DungeonProps02/DungeonProps02_AO.png
  importAddress: Guid(d01a5fdeef9d7b845b87e211ab31ca1c) Importer(2089858483,b0f066a214c2f5e87bad3c948f4d605d)
Start importing Assets/SunboxGames/ModularDungeonCaves/Textures/DungeonProps02/DungeonProps02_AO.png using Guid(d01a5fdeef9d7b845b87e211ab31ca1c) Importer(2089858483,b0f066a214c2f5e87bad3c948f4d605d) (ScriptedImporter) -> (Import Result ID: 'b63f541a60df3c9606a46dc111dfb05a') in 0.0212516 seconds [static and dynamic dependencies]. Details - ImportResultOutputID=441aaaaa8ced13a55004606a63e5a2d2 DependenciesID=37193387073832fe75d8881b100bb8f3 StaticDependenciesID=38aa709c7e6a3fab22b63c940e766ea7 
Number of updated asset objects reloaded before import = 0Number of asset objects unloaded after import = 1

Editor requested this worker to shutdown with reason: Scaling down because of idle timeout
AssetImportWorker is now disconnected from the server
Process exiting
Exiting without the bug reporter. Application will terminate with return code 0